identity	surface	tier	status	target	owner	limits	proof	subgroup
NSR-REJ-001	|>	EXCLUDED_1_0	CONTRACT_ONLY_NOT_COUNTED_AS_PUBLIC	x86_64-systemv-elf-linux	docs/specifications/nebo-language/NEBO-SYMBOL-AND-OPERATOR-REGISTRY-v1.0.tsv	Explicit REJECTED registry class	NO_STABLE_RUNTIME_CLAIM	G178-S08
NSR-REJ-002	<->	EXCLUDED_1_0	CONTRACT_ONLY_NOT_COUNTED_AS_PUBLIC	x86_64-systemv-elf-linux	docs/specifications/nebo-language/NEBO-SYMBOL-AND-OPERATOR-REGISTRY-v1.0.tsv	Explicit REJECTED registry class	NO_STABLE_RUNTIME_CLAIM	G178-S08
NSR-REJ-003	**	EXCLUDED_1_0	CONTRACT_ONLY_NOT_COUNTED_AS_PUBLIC	x86_64-systemv-elf-linux	docs/specifications/nebo-language/NEBO-SYMBOL-AND-OPERATOR-REGISTRY-v1.0.tsv	Explicit REJECTED registry class	NO_STABLE_RUNTIME_CLAIM	G178-S08
NSR-REJ-004	^ as XOR	EXCLUDED_1_0	CONTRACT_ONLY_NOT_COUNTED_AS_PUBLIC	x86_64-systemv-elf-linux	docs/specifications/nebo-language/NEBO-SYMBOL-AND-OPERATOR-REGISTRY-v1.0.tsv	Explicit REJECTED registry class	NO_STABLE_RUNTIME_CLAIM	G178-S08
NSR-REJ-005	++	EXCLUDED_1_0	CONTRACT_ONLY_NOT_COUNTED_AS_PUBLIC	x86_64-systemv-elf-linux	docs/specifications/nebo-language/NEBO-SYMBOL-AND-OPERATOR-REGISTRY-v1.0.tsv	Explicit REJECTED registry class	NO_STABLE_RUNTIME_CLAIM	G178-S08
NSR-REJ-006	--	EXCLUDED_1_0	CONTRACT_ONLY_NOT_COUNTED_AS_PUBLIC	x86_64-systemv-elf-linux	docs/specifications/nebo-language/NEBO-SYMBOL-AND-OPERATOR-REGISTRY-v1.0.tsv	Explicit REJECTED registry class	NO_STABLE_RUNTIME_CLAIM	G178-S08
NSR-REJ-007	cond ? a : b	EXCLUDED_1_0	CONTRACT_ONLY_NOT_COUNTED_AS_PUBLIC	x86_64-systemv-elf-linux	docs/specifications/nebo-language/NEBO-SYMBOL-AND-OPERATOR-REGISTRY-v1.0.tsv	Explicit REJECTED registry class	NO_STABLE_RUNTIME_CLAIM	G178-S08
NSR-REJ-008	a ?: b	EXCLUDED_1_0	CONTRACT_ONLY_NOT_COUNTED_AS_PUBLIC	x86_64-systemv-elf-linux	docs/specifications/nebo-language/NEBO-SYMBOL-AND-OPERATOR-REGISTRY-v1.0.tsv	Explicit REJECTED registry class	NO_STABLE_RUNTIME_CLAIM	G178-S08
NSR-REJ-009	:=	EXCLUDED_1_0	CONTRACT_ONLY_NOT_COUNTED_AS_PUBLIC	x86_64-systemv-elf-linux	docs/specifications/nebo-language/NEBO-SYMBOL-AND-OPERATOR-REGISTRY-v1.0.tsv	Explicit REJECTED registry class	NO_STABLE_RUNTIME_CLAIM	G178-S08
NSR-REJ-010	(a, b, c) as comma operator	EXCLUDED_1_0	CONTRACT_ONLY_NOT_COUNTED_AS_PUBLIC	x86_64-systemv-elf-linux	docs/specifications/nebo-language/NEBO-SYMBOL-AND-OPERATOR-REGISTRY-v1.0.tsv	Explicit REJECTED registry class	NO_STABLE_RUNTIME_CLAIM	G178-S08
NSR-REJ-011	= as equality	EXCLUDED_1_0	CONTRACT_ONLY_NOT_COUNTED_AS_PUBLIC	x86_64-systemv-elf-linux	docs/specifications/nebo-language/NEBO-SYMBOL-AND-OPERATOR-REGISTRY-v1.0.tsv	Explicit REJECTED registry class	NO_STABLE_RUNTIME_CLAIM	G178-S08
NSR-REJ-012	<>	EXCLUDED_1_0	CONTRACT_ONLY_NOT_COUNTED_AS_PUBLIC	x86_64-systemv-elf-linux	docs/specifications/nebo-language/NEBO-SYMBOL-AND-OPERATOR-REGISTRY-v1.0.tsv	Explicit REJECTED registry class	NO_STABLE_RUNTIME_CLAIM	G178-S08
NSR-REJ-013	and / or / not	EXCLUDED_1_0	CONTRACT_ONLY_NOT_COUNTED_AS_PUBLIC	x86_64-systemv-elf-linux	docs/specifications/nebo-language/NEBO-SYMBOL-AND-OPERATOR-REGISTRY-v1.0.tsv	Explicit REJECTED registry class	NO_STABLE_RUNTIME_CLAIM	G178-S08
NSR-REJ-014	!!	EXCLUDED_1_0	CONTRACT_ONLY_NOT_COUNTED_AS_PUBLIC	x86_64-systemv-elf-linux	docs/specifications/nebo-language/NEBO-SYMBOL-AND-OPERATOR-REGISTRY-v1.0.tsv	Explicit REJECTED registry class	NO_STABLE_RUNTIME_CLAIM	G178-S08
NSR-REJ-015	// as integer division	EXCLUDED_1_0	CONTRACT_ONLY_NOT_COUNTED_AS_PUBLIC	x86_64-systemv-elf-linux	docs/specifications/nebo-language/NEBO-SYMBOL-AND-OPERATOR-REGISTRY-v1.0.tsv	Explicit REJECTED registry class	NO_STABLE_RUNTIME_CLAIM	G178-S08
NSR-REJ-016	=>	EXCLUDED_1_0	CONTRACT_ONLY_NOT_COUNTED_AS_PUBLIC	x86_64-systemv-elf-linux	docs/specifications/nebo-language/NEBO-SYMBOL-AND-OPERATOR-REGISTRY-v1.0.tsv	Explicit REJECTED registry class	NO_STABLE_RUNTIME_CLAIM	G178-S08
NSR-REJ-017	1..10	EXCLUDED_1_0	CONTRACT_ONLY_NOT_COUNTED_AS_PUBLIC	x86_64-systemv-elf-linux	docs/specifications/nebo-language/NEBO-SYMBOL-AND-OPERATOR-REGISTRY-v1.0.tsv	Explicit REJECTED registry class	NO_STABLE_RUNTIME_CLAIM	G178-S08
NSR-REJ-018	ptr->field	EXCLUDED_1_0	CONTRACT_ONLY_NOT_COUNTED_AS_PUBLIC	x86_64-systemv-elf-linux	docs/specifications/nebo-language/NEBO-SYMBOL-AND-OPERATOR-REGISTRY-v1.0.tsv	Explicit REJECTED registry class	NO_STABLE_RUNTIME_CLAIM	G178-S08
NSR-REJ-019	100 + 10%	EXCLUDED_1_0	CONTRACT_ONLY_NOT_COUNTED_AS_PUBLIC	x86_64-systemv-elf-linux	docs/specifications/nebo-language/NEBO-SYMBOL-AND-OPERATOR-REGISTRY-v1.0.tsv	Explicit REJECTED registry class	NO_STABLE_RUNTIME_CLAIM	G178-S08
NSR-REJ-020	a ≈ b without tolerance	EXCLUDED_1_0	CONTRACT_ONLY_NOT_COUNTED_AS_PUBLIC	x86_64-systemv-elf-linux	docs/specifications/nebo-language/NEBO-SYMBOL-AND-OPERATOR-REGISTRY-v1.0.tsv	Explicit REJECTED registry class	NO_STABLE_RUNTIME_CLAIM	G178-S08
NSR-REJ-021	∫ returning bare Float	EXCLUDED_1_0	CONTRACT_ONLY_NOT_COUNTED_AS_PUBLIC	x86_64-systemv-elf-linux	docs/specifications/nebo-language/NEBO-SYMBOL-AND-OPERATOR-REGISTRY-v1.0.tsv	Explicit REJECTED registry class	NO_STABLE_RUNTIME_CLAIM	G178-S08
NSR-REJ-022	a ± b as implicit Tuple	EXCLUDED_1_0	CONTRACT_ONLY_NOT_COUNTED_AS_PUBLIC	x86_64-systemv-elf-linux	docs/specifications/nebo-language/NEBO-SYMBOL-AND-OPERATOR-REGISTRY-v1.0.tsv	Explicit REJECTED registry class	NO_STABLE_RUNTIME_CLAIM	G178-S08
NSR-REJ-023	Text + Number	EXCLUDED_1_0	CONTRACT_ONLY_NOT_COUNTED_AS_PUBLIC	x86_64-systemv-elf-linux	docs/specifications/nebo-language/NEBO-SYMBOL-AND-OPERATOR-REGISTRY-v1.0.tsv	Explicit REJECTED registry class	NO_STABLE_RUNTIME_CLAIM	G178-S08
NSR-REJ-024	user-defined new operator lexeme	EXCLUDED_1_0	CONTRACT_ONLY_NOT_COUNTED_AS_PUBLIC	x86_64-systemv-elf-linux	docs/specifications/nebo-language/NEBO-SYMBOL-AND-OPERATOR-REGISTRY-v1.0.tsv	Explicit REJECTED registry class	NO_STABLE_RUNTIME_CLAIM	G178-S08
NSR-REJ-025	fullwidth/confusable operator forms	EXCLUDED_1_0	CONTRACT_ONLY_NOT_COUNTED_AS_PUBLIC	x86_64-systemv-elf-linux	docs/specifications/nebo-language/NEBO-SYMBOL-AND-OPERATOR-REGISTRY-v1.0.tsv	Explicit REJECTED registry class	NO_STABLE_RUNTIME_CLAIM	G178-S08
NSR-REJ-026	%% in expression	EXCLUDED_1_0	CONTRACT_ONLY_NOT_COUNTED_AS_PUBLIC	x86_64-systemv-elf-linux	docs/specifications/nebo-language/NEBO-SYMBOL-AND-OPERATOR-REGISTRY-v1.0.tsv	Explicit REJECTED registry class	NO_STABLE_RUNTIME_CLAIM	G178-S08
NSR-RES-001	<.	EXCLUDED_1_0	CONTRACT_ONLY_NOT_COUNTED_AS_PUBLIC	x86_64-systemv-elf-linux	docs/specifications/nebo-language/NEBO-SYMBOL-AND-OPERATOR-REGISTRY-v1.0.tsv	Explicit RESERVED registry class	NO_STABLE_RUNTIME_CLAIM	G178-S08
NSR-RES-002	<.>	EXCLUDED_1_0	CONTRACT_ONLY_NOT_COUNTED_AS_PUBLIC	x86_64-systemv-elf-linux	docs/specifications/nebo-language/NEBO-SYMBOL-AND-OPERATOR-REGISTRY-v1.0.tsv	Explicit RESERVED registry class	NO_STABLE_RUNTIME_CLAIM	G178-S08
NSR-RES-003	...	EXCLUDED_1_0	CONTRACT_ONLY_NOT_COUNTED_AS_PUBLIC	x86_64-systemv-elf-linux	docs/specifications/nebo-language/NEBO-SYMBOL-AND-OPERATOR-REGISTRY-v1.0.tsv	Explicit RESERVED registry class	NO_STABLE_RUNTIME_CLAIM	G178-S08
NSR-RES-004	::	EXCLUDED_1_0	CONTRACT_ONLY_NOT_COUNTED_AS_PUBLIC	x86_64-systemv-elf-linux	docs/specifications/nebo-language/NEBO-SYMBOL-AND-OPERATOR-REGISTRY-v1.0.tsv	Explicit RESERVED registry class	NO_STABLE_RUNTIME_CLAIM	G178-S08
NSR-RES-005	#	EXCLUDED_1_0	CONTRACT_ONLY_NOT_COUNTED_AS_PUBLIC	x86_64-systemv-elf-linux	docs/specifications/nebo-language/NEBO-SYMBOL-AND-OPERATOR-REGISTRY-v1.0.tsv	Explicit RESERVED registry class	NO_STABLE_RUNTIME_CLAIM	G178-S08
NSR-RES-006	#RRGGBB	EXCLUDED_1_0	CONTRACT_ONLY_NOT_COUNTED_AS_PUBLIC	x86_64-systemv-elf-linux	docs/specifications/nebo-language/NEBO-SYMBOL-AND-OPERATOR-REGISTRY-v1.0.tsv	Explicit RESERVED registry class	NO_STABLE_RUNTIME_CLAIM	G178-S08
NSR-RES-007	$	EXCLUDED_1_0	CONTRACT_ONLY_NOT_COUNTED_AS_PUBLIC	x86_64-systemv-elf-linux	docs/specifications/nebo-language/NEBO-SYMBOL-AND-OPERATOR-REGISTRY-v1.0.tsv	Explicit RESERVED registry class	NO_STABLE_RUNTIME_CLAIM	G178-S08
NSR-RES-008	`...`	EXCLUDED_1_0	CONTRACT_ONLY_NOT_COUNTED_AS_PUBLIC	x86_64-systemv-elf-linux	docs/specifications/nebo-language/NEBO-SYMBOL-AND-OPERATOR-REGISTRY-v1.0.tsv	Explicit RESERVED registry class	NO_STABLE_RUNTIME_CLAIM	G178-S08
NSR-RES-009	/*...*/	EXCLUDED_1_0	CONTRACT_ONLY_NOT_COUNTED_AS_PUBLIC	x86_64-systemv-elf-linux	docs/specifications/nebo-language/NEBO-SYMBOL-AND-OPERATOR-REGISTRY-v1.0.tsv	Explicit RESERVED registry class	NO_STABLE_RUNTIME_CLAIM	G178-S08
NSR-RES-010	&	EXCLUDED_1_0	CONTRACT_ONLY_NOT_COUNTED_AS_PUBLIC	x86_64-systemv-elf-linux	docs/specifications/nebo-language/NEBO-SYMBOL-AND-OPERATOR-REGISTRY-v1.0.tsv	Explicit RESERVED registry class	NO_STABLE_RUNTIME_CLAIM	G178-S08
NSR-RES-011	|	EXCLUDED_1_0	CONTRACT_ONLY_NOT_COUNTED_AS_PUBLIC	x86_64-systemv-elf-linux	docs/specifications/nebo-language/NEBO-SYMBOL-AND-OPERATOR-REGISTRY-v1.0.tsv	Explicit RESERVED registry class	NO_STABLE_RUNTIME_CLAIM	G178-S08
NSR-RES-012	~	EXCLUDED_1_0	CONTRACT_ONLY_NOT_COUNTED_AS_PUBLIC	x86_64-systemv-elf-linux	docs/specifications/nebo-language/NEBO-SYMBOL-AND-OPERATOR-REGISTRY-v1.0.tsv	Explicit RESERVED registry class	NO_STABLE_RUNTIME_CLAIM	G178-S08
NSR-RES-013	<<	EXCLUDED_1_0	CONTRACT_ONLY_NOT_COUNTED_AS_PUBLIC	x86_64-systemv-elf-linux	docs/specifications/nebo-language/NEBO-SYMBOL-AND-OPERATOR-REGISTRY-v1.0.tsv	Explicit RESERVED registry class	NO_STABLE_RUNTIME_CLAIM	G178-S08
NSR-RES-014	>>	EXCLUDED_1_0	CONTRACT_ONLY_NOT_COUNTED_AS_PUBLIC	x86_64-systemv-elf-linux	docs/specifications/nebo-language/NEBO-SYMBOL-AND-OPERATOR-REGISTRY-v1.0.tsv	Explicit RESERVED registry class	NO_STABLE_RUNTIME_CLAIM	G178-S08
NSR-RES-015	expr[index]	EXCLUDED_1_0	CONTRACT_ONLY_NOT_COUNTED_AS_PUBLIC	x86_64-systemv-elf-linux	docs/specifications/nebo-language/NEBO-SYMBOL-AND-OPERATOR-REGISTRY-v1.0.tsv	Explicit RESERVED registry class	NO_STABLE_RUNTIME_CLAIM	G178-S08
NSR-RES-016	a:b	EXCLUDED_1_0	CONTRACT_ONLY_NOT_COUNTED_AS_PUBLIC	x86_64-systemv-elf-linux	docs/specifications/nebo-language/NEBO-SYMBOL-AND-OPERATOR-REGISTRY-v1.0.tsv	Explicit RESERVED registry class	NO_STABLE_RUNTIME_CLAIM	G178-S08
NSR-RES-017	&expr	EXCLUDED_1_0	CONTRACT_ONLY_NOT_COUNTED_AS_PUBLIC	x86_64-systemv-elf-linux	docs/specifications/nebo-language/NEBO-SYMBOL-AND-OPERATOR-REGISTRY-v1.0.tsv	Explicit RESERVED registry class	NO_STABLE_RUNTIME_CLAIM	G178-S08
NSR-RES-018	*expr	EXCLUDED_1_0	CONTRACT_ONLY_NOT_COUNTED_AS_PUBLIC	x86_64-systemv-elf-linux	docs/specifications/nebo-language/NEBO-SYMBOL-AND-OPERATOR-REGISTRY-v1.0.tsv	Explicit RESERVED registry class	NO_STABLE_RUNTIME_CLAIM	G178-S08
NSR-RES-019	λ	EXCLUDED_1_0	CONTRACT_ONLY_NOT_COUNTED_AS_PUBLIC	x86_64-systemv-elf-linux	docs/specifications/nebo-language/NEBO-SYMBOL-AND-OPERATOR-REGISTRY-v1.0.tsv	Explicit RESERVED registry class	NO_STABLE_RUNTIME_CLAIM	G178-S08
NSR-RES-020	↦	EXCLUDED_1_0	CONTRACT_ONLY_NOT_COUNTED_AS_PUBLIC	x86_64-systemv-elf-linux	docs/specifications/nebo-language/NEBO-SYMBOL-AND-OPERATOR-REGISTRY-v1.0.tsv	Explicit RESERVED registry class	NO_STABLE_RUNTIME_CLAIM	G178-S08
NSR-RES-021	|x|	EXCLUDED_1_0	CONTRACT_ONLY_NOT_COUNTED_AS_PUBLIC	x86_64-systemv-elf-linux	docs/specifications/nebo-language/NEBO-SYMBOL-AND-OPERATOR-REGISTRY-v1.0.tsv	Explicit RESERVED registry class	NO_STABLE_RUNTIME_CLAIM	G178-S08
NSR-RES-022	≔	EXCLUDED_1_0	CONTRACT_ONLY_NOT_COUNTED_AS_PUBLIC	x86_64-systemv-elf-linux	docs/specifications/nebo-language/NEBO-SYMBOL-AND-OPERATOR-REGISTRY-v1.0.tsv	Explicit RESERVED registry class	NO_STABLE_RUNTIME_CLAIM	G178-S08
NSR-RES-023	∴ / ∵	EXCLUDED_1_0	CONTRACT_ONLY_NOT_COUNTED_AS_PUBLIC	x86_64-systemv-elf-linux	docs/specifications/nebo-language/NEBO-SYMBOL-AND-OPERATOR-REGISTRY-v1.0.tsv	Explicit RESERVED registry class	NO_STABLE_RUNTIME_CLAIM	G178-S08
claim:0165b7b80d4fe488475d0e91	zeros	EXPERIMENTAL	BOUNDED_PUBLIC_EXECUTED_WITHIN_LIMITS	x86_64-systemv-elf-linux	compiler/semantic/tensor/g016_source_vertical.inc	Actual Bool/Int64/binary64 operands and native rank/shape/stride/root descriptors; Bool storage is packed bytes; CPU rank 0..6 and 4096 elements; Int construction/arithmetic retains C12 rank 0..3, dimensions 0..8 and 64 elements; index tensors from argMax retain full result geometry. Shape inputs are constant Int Tuples or material Int Vectors. fromBuffer copies exact typed Int/Float Vector, live Int Slice or checked 0/1 Bytes for Bool. Float selection uses equal shapes or explicit broadcastTo; map uses a typed noncapturing Float function and preserves ordered effects. Float reductions reject empty/nonfinite inputs and invalid axes; first argMax tie. Structural methods compose native owners; peers are 1..6 immutable Tensor names in a Tuple, split takes 1..6 exact sizes, padding has two entries per axis. Readonly function borrows and caller-owned result copies preserve lifetimes. Every cited oracle executes real source, including negatives and bounded-domain failures.	NO_STABLE_RUNTIME_CLAIM	G178-S08
claim:01c8466cc14b4a8ab40b7544	slice	EXPERIMENTAL	BOUNDED_PUBLIC_EXECUTED_WITHIN_LIMITS	x86_64-systemv-elf-linux	compiler/semantic/matrix/g015_source_vertical.inc	Canonical native descriptor, actual Int64 (dimensions 0..8) / binary64 (0..64) operands; independent owned results and root-provenance views; row-major fromBuffer copies live Int Slice or typed Int/Float Vector, exact count/dtype and lexical release gates; native Float LU returns (compact factors, permutation), QR returns (thin Q, R), using existing Tuple projections; finite factorization dimensions at most 32 with singular/domain rejection; readonly Matrix parameter borrows and caller-owned hidden-result copies preserve lifetimes and ordered arguments; scalar calls reclaim temporaries; runtime-shaped axis Vectors reuse native Vector/statistics and Random consumers; checked Int axis sums publish atomically; no whole-source projection or fixed report	NO_STABLE_RUNTIME_CLAIM	G178-S08
claim:03a0c75cf0c28529e1b2af67	at	EXPERIMENTAL	BOUNDED_PUBLIC_EXECUTED_WITHIN_LIMITS	x86_64-systemv-elf-linux	compiler/semantic/matrix/g015_source_vertical.inc	Canonical native descriptor, actual Int64 (dimensions 0..8) / binary64 (0..64) operands; independent owned results and root-provenance views; row-major fromBuffer copies live Int Slice or typed Int/Float Vector, exact count/dtype and lexical release gates; native Float LU returns (compact factors, permutation), QR returns (thin Q, R), using existing Tuple projections; finite factorization dimensions at most 32 with singular/domain rejection; readonly Matrix parameter borrows and caller-owned hidden-result copies preserve lifetimes and ordered arguments; scalar calls reclaim temporaries; runtime-shaped axis Vectors reuse native Vector/statistics and Random consumers; checked Int axis sums publish atomically; no whole-source projection or fixed report	NO_STABLE_RUNTIME_CLAIM	G178-S08
claim:04d9cb92cf67087f56a3bfff	lu	EXPERIMENTAL	BOUNDED_PUBLIC_EXECUTED_WITHIN_LIMITS	x86_64-systemv-elf-linux	compiler/semantic/matrix/g015_source_vertical.inc	Canonical native descriptor, actual Int64 (dimensions 0..8) / binary64 (0..64) operands; independent owned results and root-provenance views; row-major fromBuffer copies live Int Slice or typed Int/Float Vector, exact count/dtype and lexical release gates; native Float LU returns (compact factors, permutation), QR returns (thin Q, R), using existing Tuple projections; finite factorization dimensions at most 32 with singular/domain rejection; readonly Matrix parameter borrows and caller-owned hidden-result copies preserve lifetimes and ordered arguments; scalar calls reclaim temporaries; runtime-shaped axis Vectors reuse native Vector/statistics and Random consumers; checked Int axis sums publish atomically; no whole-source projection or fixed report	NO_STABLE_RUNTIME_CLAIM	G178-S08
claim:09b7c1054e741b8a444f9092	inverse	EXPERIMENTAL	BOUNDED_PUBLIC_EXECUTED_WITHIN_LIMITS	x86_64-systemv-elf-linux	compiler/semantic/matrix/g015_source_vertical.inc	Canonical native descriptor, actual Int64 (dimensions 0..8) / binary64 (0..64) operands; independent owned results and root-provenance views; row-major fromBuffer copies live Int Slice or typed Int/Float Vector, exact count/dtype and lexical release gates; native Float LU returns (compact factors, permutation), QR returns (thin Q, R), using existing Tuple projections; finite factorization dimensions at most 32 with singular/domain rejection; readonly Matrix parameter borrows and caller-owned hidden-result copies preserve lifetimes and ordered arguments; scalar calls reclaim temporaries; runtime-shaped axis Vectors reuse native Vector/statistics and Random consumers; checked Int axis sums publish atomically; no whole-source projection or fixed report	NO_STABLE_RUNTIME_CLAIM	G178-S08
claim:0acf91593123cad6cc387a4c	slice	EXPERIMENTAL	BOUNDED_PUBLIC_EXECUTED_WITHIN_LIMITS	x86_64-systemv-elf-linux	compiler/semantic/tensor/g016_source_vertical.inc	Actual Bool/Int64/binary64 operands and native rank/shape/stride/root descriptors; Bool storage is packed bytes; CPU rank 0..6 and 4096 elements; Int construction/arithmetic retains C12 rank 0..3, dimensions 0..8 and 64 elements; index tensors from argMax retain full result geometry. Shape inputs are constant Int Tuples or material Int Vectors. fromBuffer copies exact typed Int/Float Vector, live Int Slice or checked 0/1 Bytes for Bool. Float selection uses equal shapes or explicit broadcastTo; map uses a typed noncapturing Float function and preserves ordered effects. Float reductions reject empty/nonfinite inputs and invalid axes; first argMax tie. Structural methods compose native owners; peers are 1..6 immutable Tensor names in a Tuple, split takes 1..6 exact sizes, padding has two entries per axis. Readonly function borrows and caller-owned result copies preserve lifetimes. Every cited oracle executes real source, including negatives and bounded-domain failures.	NO_STABLE_RUNTIME_CLAIM	G178-S08
claim:0b4ad9588cd7eba6c21f0e7f	circle	EXCLUDED_1_0	CONTRACT_ONLY_NOT_COUNTED_AS_PUBLIC	x86_64-systemv-elf-linux	compiler/semantic/visual/g018_source_vertical.inc	Spelling alias only; inspect every qualified declaration: g018-declaration:canvas.circle(center, radius, paint)	NO_STABLE_RUNTIME_CLAIM	G178-S08
claim:0bf5769d51869fd828126901	clamp	EXPERIMENTAL	BOUNDED_PUBLIC_EXECUTED_WITHIN_LIMITS	x86_64-systemv-elf-linux	compiler/semantic/matrix/g015_source_vertical.inc	Canonical native descriptor, actual Int64 (dimensions 0..8) / binary64 (0..64) operands; independent owned results and root-provenance views; row-major fromBuffer copies live Int Slice or typed Int/Float Vector, exact count/dtype and lexical release gates; native Float LU returns (compact factors, permutation), QR returns (thin Q, R), using existing Tuple projections; finite factorization dimensions at most 32 with singular/domain rejection; readonly Matrix parameter borrows and caller-owned hidden-result copies preserve lifetimes and ordered arguments; scalar calls reclaim temporaries; runtime-shaped axis Vectors reuse native Vector/statistics and Random consumers; checked Int axis sums publish atomically; no whole-source projection or fixed report	NO_STABLE_RUNTIME_CLAIM	G178-S08
claim:0e3f6200245dc2c955e72022	subtract	EXPERIMENTAL	BOUNDED_PUBLIC_EXECUTED_WITHIN_LIMITS	x86_64-systemv-elf-linux	compiler/semantic/matrix/g015_source_vertical.inc	Canonical native descriptor, actual Int64 (dimensions 0..8) / binary64 (0..64) operands; independent owned results and root-provenance views; row-major fromBuffer copies live Int Slice or typed Int/Float Vector, exact count/dtype and lexical release gates; native Float LU returns (compact factors, permutation), QR returns (thin Q, R), using existing Tuple projections; finite factorization dimensions at most 32 with singular/domain rejection; readonly Matrix parameter borrows and caller-owned hidden-result copies preserve lifetimes and ordered arguments; scalar calls reclaim temporaries; runtime-shaped axis Vectors reuse native Vector/statistics and Random consumers; checked Int axis sums publish atomically; no whole-source projection or fixed report	NO_STABLE_RUNTIME_CLAIM	G178-S08
claim:0f0cb5010e3e0372225edc90	conditionEstimate	EXPERIMENTAL	BOUNDED_PUBLIC_EXECUTED_WITHIN_LIMITS	x86_64-systemv-elf-linux	compiler/semantic/matrix/g015_source_vertical.inc	Canonical native descriptor, actual Int64 (dimensions 0..8) / binary64 (0..64) operands; independent owned results and root-provenance views; row-major fromBuffer copies live Int Slice or typed Int/Float Vector, exact count/dtype and lexical release gates; native Float LU returns (compact factors, permutation), QR returns (thin Q, R), using existing Tuple projections; finite factorization dimensions at most 32 with singular/domain rejection; readonly Matrix parameter borrows and caller-owned hidden-result copies preserve lifetimes and ordered arguments; scalar calls reclaim temporaries; runtime-shaped axis Vectors reuse native Vector/statistics and Random consumers; checked Int axis sums publish atomically; no whole-source projection or fixed report	NO_STABLE_RUNTIME_CLAIM	G178-S08
claim:0fc1035de821e52a0f4589f7	isContiguous	EXPERIMENTAL	BOUNDED_PUBLIC_EXECUTED_WITHIN_LIMITS	x86_64-systemv-elf-linux	compiler/semantic/tensor/g016_source_vertical.inc	Actual Bool/Int64/binary64 operands and native rank/shape/stride/root descriptors; Bool storage is packed bytes; CPU rank 0..6 and 4096 elements; Int construction/arithmetic retains C12 rank 0..3, dimensions 0..8 and 64 elements; index tensors from argMax retain full result geometry. Shape inputs are constant Int Tuples or material Int Vectors. fromBuffer copies exact typed Int/Float Vector, live Int Slice or checked 0/1 Bytes for Bool. Float selection uses equal shapes or explicit broadcastTo; map uses a typed noncapturing Float function and preserves ordered effects. Float reductions reject empty/nonfinite inputs and invalid axes; first argMax tie. Structural methods compose native owners; peers are 1..6 immutable Tensor names in a Tuple, split takes 1..6 exact sizes, padding has two entries per axis. Readonly function borrows and caller-owned result copies preserve lifetimes. Every cited oracle executes real source, including negatives and bounded-domain failures.	NO_STABLE_RUNTIME_CLAIM	G178-S08
claim:128a9fa1bc34f7feff448ad9	matmul	EXPERIMENTAL	BOUNDED_PUBLIC_EXECUTED_WITHIN_LIMITS	x86_64-systemv-elf-linux	compiler/semantic/tensor/g016_source_vertical.inc	Actual Bool/Int64/binary64 operands and native rank/shape/stride/root descriptors; Bool storage is packed bytes; CPU rank 0..6 and 4096 elements; Int construction/arithmetic retains C12 rank 0..3, dimensions 0..8 and 64 elements; index tensors from argMax retain full result geometry. Shape inputs are constant Int Tuples or material Int Vectors. fromBuffer copies exact typed Int/Float Vector, live Int Slice or checked 0/1 Bytes for Bool. Float selection uses equal shapes or explicit broadcastTo; map uses a typed noncapturing Float function and preserves ordered effects. Float reductions reject empty/nonfinite inputs and invalid axes; first argMax tie. Structural methods compose native owners; peers are 1..6 immutable Tensor names in a Tuple, split takes 1..6 exact sizes, padding has two entries per axis. Readonly function borrows and caller-owned result copies preserve lifetimes. Every cited oracle executes real source, including negatives and bounded-domain failures.	NO_STABLE_RUNTIME_CLAIM	G178-S08
claim:17cad357c790a900c955f40f	transposeView	EXPERIMENTAL	BOUNDED_PUBLIC_EXECUTED_WITHIN_LIMITS	x86_64-systemv-elf-linux	compiler/semantic/matrix/g015_source_vertical.inc	Canonical native descriptor, actual Int64 (dimensions 0..8) / binary64 (0..64) operands; independent owned results and root-provenance views; row-major fromBuffer copies live Int Slice or typed Int/Float Vector, exact count/dtype and lexical release gates; native Float LU returns (compact factors, permutation), QR returns (thin Q, R), using existing Tuple projections; finite factorization dimensions at most 32 with singular/domain rejection; readonly Matrix parameter borrows and caller-owned hidden-result copies preserve lifetimes and ordered arguments; scalar calls reclaim temporaries; runtime-shaped axis Vectors reuse native Vector/statistics and Random consumers; checked Int axis sums publish atomically; no whole-source projection or fixed report	NO_STABLE_RUNTIME_CLAIM	G178-S08
claim:196f6628e44b25ab3e4eb406	sum	EXPERIMENTAL	BOUNDED_PUBLIC_EXECUTED_WITHIN_LIMITS	x86_64-systemv-elf-linux	compiler/semantic/matrix/g015_source_vertical.inc	Canonical native descriptor, actual Int64 (dimensions 0..8) / binary64 (0..64) operands; independent owned results and root-provenance views; row-major fromBuffer copies live Int Slice or typed Int/Float Vector, exact count/dtype and lexical release gates; native Float LU returns (compact factors, permutation), QR returns (thin Q, R), using existing Tuple projections; finite factorization dimensions at most 32 with singular/domain rejection; readonly Matrix parameter borrows and caller-owned hidden-result copies preserve lifetimes and ordered arguments; scalar calls reclaim temporaries; runtime-shaped axis Vectors reuse native Vector/statistics and Random consumers; checked Int axis sums publish atomically; no whole-source projection or fixed report	NO_STABLE_RUNTIME_CLAIM	G178-S08
claim:1c0b6d07949f6c3902798b1c	narrow	EXPERIMENTAL	BOUNDED_PUBLIC_EXECUTED_WITHIN_LIMITS	x86_64-systemv-elf-linux	compiler/semantic/tensor/g016_source_vertical.inc	Actual Bool/Int64/binary64 operands and native rank/shape/stride/root descriptors; Bool storage is packed bytes; CPU rank 0..6 and 4096 elements; Int construction/arithmetic retains C12 rank 0..3, dimensions 0..8 and 64 elements; index tensors from argMax retain full result geometry. Shape inputs are constant Int Tuples or material Int Vectors. fromBuffer copies exact typed Int/Float Vector, live Int Slice or checked 0/1 Bytes for Bool. Float selection uses equal shapes or explicit broadcastTo; map uses a typed noncapturing Float function and preserves ordered effects. Float reductions reject empty/nonfinite inputs and invalid axes; first argMax tie. Structural methods compose native owners; peers are 1..6 immutable Tensor names in a Tuple, split takes 1..6 exact sizes, padding has two entries per axis. Readonly function borrows and caller-owned result copies preserve lifetimes. Every cited oracle executes real source, including negatives and bounded-domain failures.	NO_STABLE_RUNTIME_CLAIM	G178-S08
claim:1e2ceb2abb0cfcdb3c0f6970	reshape	EXPERIMENTAL	BOUNDED_PUBLIC_EXECUTED_WITHIN_LIMITS	x86_64-systemv-elf-linux	compiler/semantic/tensor/g016_source_vertical.inc	Actual Bool/Int64/binary64 operands and native rank/shape/stride/root descriptors; Bool storage is packed bytes; CPU rank 0..6 and 4096 elements; Int construction/arithmetic retains C12 rank 0..3, dimensions 0..8 and 64 elements; index tensors from argMax retain full result geometry. Shape inputs are constant Int Tuples or material Int Vectors. fromBuffer copies exact typed Int/Float Vector, live Int Slice or checked 0/1 Bytes for Bool. Float selection uses equal shapes or explicit broadcastTo; map uses a typed noncapturing Float function and preserves ordered effects. Float reductions reject empty/nonfinite inputs and invalid axes; first argMax tie. Structural methods compose native owners; peers are 1..6 immutable Tensor names in a Tuple, split takes 1..6 exact sizes, padding has two entries per axis. Readonly function borrows and caller-owned result copies preserve lifetimes. Every cited oracle executes real source, including negatives and bounded-domain failures.	NO_STABLE_RUNTIME_CLAIM	G178-S08
claim:1ef963e0024e9ad27f329bd9	batchedMatmul	POST_1_0	CONTRACT_ONLY_NOT_COUNTED_AS_PUBLIC	UNDECLARED	compiler/semantic/matrix/g015_source_vertical.inc	Current corrected G015 explicitly reserves matrix.batchedMatmul(other) for the later Tensor phase; internal native entry is not counted as public source proof. Contract SHA256=aa1557fa0dc47a0e55b16aa4fc1e1b3c50832ad40a2cbe3f9af459fad51822df	NO_STABLE_RUNTIME_CLAIM	G178-S08
claim:1f712c919eafba30e5481135	columns	EXPERIMENTAL	BOUNDED_PUBLIC_EXECUTED_WITHIN_LIMITS	x86_64-systemv-elf-linux	compiler/semantic/matrix/g015_source_vertical.inc	Canonical native descriptor, actual Int64 (dimensions 0..8) / binary64 (0..64) operands; independent owned results and root-provenance views; row-major fromBuffer copies live Int Slice or typed Int/Float Vector, exact count/dtype and lexical release gates; native Float LU returns (compact factors, permutation), QR returns (thin Q, R), using existing Tuple projections; finite factorization dimensions at most 32 with singular/domain rejection; readonly Matrix parameter borrows and caller-owned hidden-result copies preserve lifetimes and ordered arguments; scalar calls reclaim temporaries; runtime-shaped axis Vectors reuse native Vector/statistics and Random consumers; checked Int axis sums publish atomically; no whole-source projection or fixed report	NO_STABLE_RUNTIME_CLAIM	G178-S08
claim:2222ce9586c7f405cb99ba1f	hide	EXCLUDED_1_0	CONTRACT_ONLY_NOT_COUNTED_AS_PUBLIC	x86_64-systemv-elf-linux	compiler/semantic/visual/g018_source_vertical.inc	Spelling alias only; inspect every qualified declaration: g018-declaration:window.hide()	NO_STABLE_RUNTIME_CLAIM	G178-S08
claim:246b4088ae9157f21a5429bb	map	EXPERIMENTAL	BOUNDED_PUBLIC_EXECUTED_WITHIN_LIMITS	x86_64-systemv-elf-linux	compiler/semantic/matrix/g015_source_vertical.inc	Canonical native descriptor, actual Int64 (dimensions 0..8) / binary64 (0..64) operands; independent owned results and root-provenance views; row-major fromBuffer copies live Int Slice or typed Int/Float Vector, exact count/dtype and lexical release gates; native Float LU returns (compact factors, permutation), QR returns (thin Q, R), using existing Tuple projections; finite factorization dimensions at most 32 with singular/domain rejection; readonly Matrix parameter borrows and caller-owned hidden-result copies preserve lifetimes and ordered arguments; scalar calls reclaim temporaries; runtime-shaped axis Vectors reuse native Vector/statistics and Random consumers; checked Int axis sums publish atomically; no whole-source projection or fixed report	NO_STABLE_RUNTIME_CLAIM	G178-S08
claim:308db77473c4a1d1ce671a47	einsum	POST_1_0	CONTRACT_ONLY_NOT_COUNTED_AS_PUBLIC	UNDECLARED	compiler/semantic/tensor/g016_source_vertical.inc	Corrected G016 conditions this advanced operation on a stable einsum planner; the current native owner explicitly rejects it and no stable planner is declared. The conditional operation is not counted as an executed public API. Contract SHA256=2729003e7dc1b5c7c39ab2d1e1eaeef54b85fbda5da2935309f3aa7877ac0f6d	NO_STABLE_RUNTIME_CLAIM	G178-S08
claim:30ab41839ccd12d5db3e40b8	mean	EXPERIMENTAL	BOUNDED_PUBLIC_EXECUTED_WITHIN_LIMITS	x86_64-systemv-elf-linux	compiler/semantic/tensor/g016_source_vertical.inc	Actual Bool/Int64/binary64 operands and native rank/shape/stride/root descriptors; Bool storage is packed bytes; CPU rank 0..6 and 4096 elements; Int construction/arithmetic retains C12 rank 0..3, dimensions 0..8 and 64 elements; index tensors from argMax retain full result geometry. Shape inputs are constant Int Tuples or material Int Vectors. fromBuffer copies exact typed Int/Float Vector, live Int Slice or checked 0/1 Bytes for Bool. Float selection uses equal shapes or explicit broadcastTo; map uses a typed noncapturing Float function and preserves ordered effects. Float reductions reject empty/nonfinite inputs and invalid axes; first argMax tie. Structural methods compose native owners; peers are 1..6 immutable Tensor names in a Tuple, split takes 1..6 exact sizes, padding has two entries per axis. Readonly function borrows and caller-owned result copies preserve lifetimes. Every cited oracle executes real source, including negatives and bounded-domain failures.	NO_STABLE_RUNTIME_CLAIM	G178-S08
claim:328b5470276534ad3c491fd7	device	EXPERIMENTAL	BOUNDED_PUBLIC_EXECUTED_WITHIN_LIMITS	x86_64-systemv-elf-linux	compiler/semantic/tensor/g016_source_vertical.inc	Actual Bool/Int64/binary64 operands and native rank/shape/stride/root descriptors; Bool storage is packed bytes; CPU rank 0..6 and 4096 elements; Int construction/arithmetic retains C12 rank 0..3, dimensions 0..8 and 64 elements; index tensors from argMax retain full result geometry. Shape inputs are constant Int Tuples or material Int Vectors. fromBuffer copies exact typed Int/Float Vector, live Int Slice or checked 0/1 Bytes for Bool. Float selection uses equal shapes or explicit broadcastTo; map uses a typed noncapturing Float function and preserves ordered effects. Float reductions reject empty/nonfinite inputs and invalid axes; first argMax tie. Structural methods compose native owners; peers are 1..6 immutable Tensor names in a Tuple, split takes 1..6 exact sizes, padding has two entries per axis. Readonly function borrows and caller-owned result copies preserve lifetimes. Every cited oracle executes real source, including negatives and bounded-domain failures.	NO_STABLE_RUNTIME_CLAIM	G178-S08
claim:33db5857b437f41d4535fef3	contiguous	EXPERIMENTAL	BOUNDED_PUBLIC_EXECUTED_WITHIN_LIMITS	x86_64-systemv-elf-linux	compiler/semantic/matrix/g015_source_vertical.inc	Canonical native descriptor, actual Int64 (dimensions 0..8) / binary64 (0..64) operands; independent owned results and root-provenance views; row-major fromBuffer copies live Int Slice or typed Int/Float Vector, exact count/dtype and lexical release gates; native Float LU returns (compact factors, permutation), QR returns (thin Q, R), using existing Tuple projections; finite factorization dimensions at most 32 with singular/domain rejection; readonly Matrix parameter borrows and caller-owned hidden-result copies preserve lifetimes and ordered arguments; scalar calls reclaim temporaries; runtime-shaped axis Vectors reuse native Vector/statistics and Random consumers; checked Int axis sums publish atomically; no whole-source projection or fixed report	NO_STABLE_RUNTIME_CLAIM	G178-S08
claim:35879b9ed477bfa66506f0aa	max	EXPERIMENTAL	BOUNDED_PUBLIC_EXECUTED_WITHIN_LIMITS	x86_64-systemv-elf-linux	compiler/semantic/matrix/g015_source_vertical.inc	Canonical native descriptor, actual Int64 (dimensions 0..8) / binary64 (0..64) operands; independent owned results and root-provenance views; row-major fromBuffer copies live Int Slice or typed Int/Float Vector, exact count/dtype and lexical release gates; native Float LU returns (compact factors, permutation), QR returns (thin Q, R), using existing Tuple projections; finite factorization dimensions at most 32 with singular/domain rejection; readonly Matrix parameter borrows and caller-owned hidden-result copies preserve lifetimes and ordered arguments; scalar calls reclaim temporaries; runtime-shaped axis Vectors reuse native Vector/statistics and Random consumers; checked Int axis sums publish atomically; no whole-source projection or fixed report	NO_STABLE_RUNTIME_CLAIM	G178-S08
claim:3610c3c4724f161aa6c933d1	scale	EXPERIMENTAL	BOUNDED_PUBLIC_EXECUTED_WITHIN_LIMITS	x86_64-systemv-elf-linux	compiler/semantic/matrix/g015_source_vertical.inc	Canonical native descriptor, actual Int64 (dimensions 0..8) / binary64 (0..64) operands; independent owned results and root-provenance views; row-major fromBuffer copies live Int Slice or typed Int/Float Vector, exact count/dtype and lexical release gates; native Float LU returns (compact factors, permutation), QR returns (thin Q, R), using existing Tuple projections; finite factorization dimensions at most 32 with singular/domain rejection; readonly Matrix parameter borrows and caller-owned hidden-result copies preserve lifetimes and ordered arguments; scalar calls reclaim temporaries; runtime-shaped axis Vectors reuse native Vector/statistics and Random consumers; checked Int axis sums publish atomically; no whole-source projection or fixed report	NO_STABLE_RUNTIME_CLAIM	G178-S08
claim:391a3b0abc5fcfaa25f32931	TextInput	EXCLUDED_1_0	CONTRACT_ONLY_NOT_COUNTED_AS_PUBLIC	x86_64-systemv-elf-linux	compiler/semantic/visual/g018_source_vertical.inc	Spelling alias only; inspect every qualified declaration: g018-declaration:TextInput.new(value)	NO_STABLE_RUNTIME_CLAIM	G178-S08
claim:396c5d91694f7d7b4554b190	row	EXPERIMENTAL	BOUNDED_PUBLIC_EXECUTED_WITHIN_LIMITS	x86_64-systemv-elf-linux	compiler/semantic/matrix/g015_source_vertical.inc	Canonical native descriptor, actual Int64 (dimensions 0..8) / binary64 (0..64) operands; independent owned results and root-provenance views; row-major fromBuffer copies live Int Slice or typed Int/Float Vector, exact count/dtype and lexical release gates; native Float LU returns (compact factors, permutation), QR returns (thin Q, R), using existing Tuple projections; finite factorization dimensions at most 32 with singular/domain rejection; readonly Matrix parameter borrows and caller-owned hidden-result copies preserve lifetimes and ordered arguments; scalar calls reclaim temporaries; runtime-shaped axis Vectors reuse native Vector/statistics and Random consumers; checked Int axis sums publish atomically; no whole-source projection or fixed report	NO_STABLE_RUNTIME_CLAIM	G178-S08
claim:39dce5a057a05eb6474a8f3e	bar	EXCLUDED_1_0	CONTRACT_ONLY_NOT_COUNTED_AS_PUBLIC	x86_64-systemv-elf-linux	compiler/semantic/visual/g018_source_vertical.inc	Spelling alias only; inspect every qualified declaration: g018-declaration:Chart.bar(categories, values)	NO_STABLE_RUNTIME_CLAIM	G178-S08
claim:3b924b1bec519c3e9195ddeb	create	EXCLUDED_1_0	CONTRACT_ONLY_NOT_COUNTED_AS_PUBLIC	x86_64-systemv-elf-linux	compiler/semantic/visual/g018_source_vertical.inc	Spelling alias only; inspect every qualified declaration: g018-declaration:Window.create(options); g018-declaration:Canvas.create(width, height)	NO_STABLE_RUNTIME_CLAIM	G178-S08
claim:3bba4d389da20f40e643e706	Tensor	EXPERIMENTAL	BOUNDED_PUBLIC_EXECUTED_WITHIN_LIMITS	x86_64-systemv-elf-linux	sdk/interfaces/prelude/stdlib-registry.json	Authenticated selective std.scientific import reaches the current typed native constructor and method owner in default and no-prelude compilation. Exact shape/value/native boundaries remain those of the receiver-qualified Matrix/Tensor rows. The visibility host consumes import declarations only; native code compiles and executes all remaining statements and the explicit return.	NO_STABLE_RUNTIME_CLAIM	G178-S08
claim:3be127c3cbd95d126f09179b	requestRedraw	EXCLUDED_1_0	CONTRACT_ONLY_NOT_COUNTED_AS_PUBLIC	x86_64-systemv-elf-linux	compiler/semantic/visual/g018_source_vertical.inc	Spelling alias only; inspect every qualified declaration: g018-declaration:window.requestRedraw()	NO_STABLE_RUNTIME_CLAIM	G178-S08
claim:3dc7f795239e6002434501e3	any	EXPERIMENTAL	BOUNDED_PUBLIC_EXECUTED_WITHIN_LIMITS	x86_64-systemv-elf-linux	compiler/semantic/tensor/g016_source_vertical.inc	Actual Bool/Int64/binary64 operands and native rank/shape/stride/root descriptors; Bool storage is packed bytes; CPU rank 0..6 and 4096 elements; Int construction/arithmetic retains C12 rank 0..3, dimensions 0..8 and 64 elements; index tensors from argMax retain full result geometry. Shape inputs are constant Int Tuples or material Int Vectors. fromBuffer copies exact typed Int/Float Vector, live Int Slice or checked 0/1 Bytes for Bool. Float selection uses equal shapes or explicit broadcastTo; map uses a typed noncapturing Float function and preserves ordered effects. Float reductions reject empty/nonfinite inputs and invalid axes; first argMax tie. Structural methods compose native owners; peers are 1..6 immutable Tensor names in a Tuple, split takes 1..6 exact sizes, padding has two entries per axis. Readonly function borrows and caller-owned result copies preserve lifetimes. Every cited oracle executes real source, including negatives and bounded-domain failures.	NO_STABLE_RUNTIME_CLAIM	G178-S08
claim:40a755e1065b71062d2a0963	filled	EXPERIMENTAL	BOUNDED_PUBLIC_EXECUTED_WITHIN_LIMITS	x86_64-systemv-elf-linux	compiler/semantic/tensor/g016_source_vertical.inc	Actual Bool/Int64/binary64 operands and native rank/shape/stride/root descriptors; Bool storage is packed bytes; CPU rank 0..6 and 4096 elements; Int construction/arithmetic retains C12 rank 0..3, dimensions 0..8 and 64 elements; index tensors from argMax retain full result geometry. Shape inputs are constant Int Tuples or material Int Vectors. fromBuffer copies exact typed Int/Float Vector, live Int Slice or checked 0/1 Bytes for Bool. Float selection uses equal shapes or explicit broadcastTo; map uses a typed noncapturing Float function and preserves ordered effects. Float reductions reject empty/nonfinite inputs and invalid axes; first argMax tie. Structural methods compose native owners; peers are 1..6 immutable Tensor names in a Tuple, split takes 1..6 exact sizes, padding has two entries per axis. Readonly function borrows and caller-owned result copies preserve lifetimes. Every cited oracle executes real source, including negatives and bounded-domain failures.	NO_STABLE_RUNTIME_CLAIM	G178-S08
claim:40c477c7a1ba40dffe257647	Window	EXCLUDED_1_0	CONTRACT_ONLY_NOT_COUNTED_AS_PUBLIC	x86_64-systemv-elf-linux	compiler/semantic/visual/g018_source_vertical.inc	Spelling alias only; inspect every qualified declaration: g018-declaration:Window.create(options)	NO_STABLE_RUNTIME_CLAIM	G178-S08
claim:4745617a708b26eef70d1b3f	grid	EXCLUDED_1_0	CONTRACT_ONLY_NOT_COUNTED_AS_PUBLIC	x86_64-systemv-elf-linux	compiler/semantic/visual/g018_source_vertical.inc	Spelling alias only; inspect every qualified declaration: g018-declaration:Layout.grid(spec, children)	NO_STABLE_RUNTIME_CLAIM	G178-S08
claim:494131e4d2c9cc53391e7e16	determinant	EXPERIMENTAL	BOUNDED_PUBLIC_EXECUTED_WITHIN_LIMITS	x86_64-systemv-elf-linux	compiler/semantic/matrix/g015_source_vertical.inc	Canonical native descriptor, actual Int64 (dimensions 0..8) / binary64 (0..64) operands; independent owned results and root-provenance views; row-major fromBuffer copies live Int Slice or typed Int/Float Vector, exact count/dtype and lexical release gates; native Float LU returns (compact factors, permutation), QR returns (thin Q, R), using existing Tuple projections; finite factorization dimensions at most 32 with singular/domain rejection; readonly Matrix parameter borrows and caller-owned hidden-result copies preserve lifetimes and ordered arguments; scalar calls reclaim temporaries; runtime-shaped axis Vectors reuse native Vector/statistics and Random consumers; checked Int axis sums publish atomically; no whole-source projection or fixed report	NO_STABLE_RUNTIME_CLAIM	G178-S08
claim:4e804ddf984a1313d447907c	outer	EXPERIMENTAL	BOUNDED_PUBLIC_EXECUTED_WITHIN_LIMITS	x86_64-systemv-elf-linux	compiler/semantic/matrix/g015_source_vertical.inc	Canonical native descriptor, actual Int64 (dimensions 0..8) / binary64 (0..64) operands; independent owned results and root-provenance views; row-major fromBuffer copies live Int Slice or typed Int/Float Vector, exact count/dtype and lexical release gates; native Float LU returns (compact factors, permutation), QR returns (thin Q, R), using existing Tuple projections; finite factorization dimensions at most 32 with singular/domain rejection; readonly Matrix parameter borrows and caller-owned hidden-result copies preserve lifetimes and ordered arguments; scalar calls reclaim temporaries; runtime-shaped axis Vectors reuse native Vector/statistics and Random consumers; checked Int axis sums publish atomically; no whole-source projection or fixed report	NO_STABLE_RUNTIME_CLAIM	G178-S08
claim:510923a7355e17893064b946	resize	EXCLUDED_1_0	CONTRACT_ONLY_NOT_COUNTED_AS_PUBLIC	x86_64-systemv-elf-linux	compiler/semantic/visual/g018_source_vertical.inc	Spelling alias only; inspect every qualified declaration: g018-declaration:window.resize(width, height); g018-declaration:event.resize()	NO_STABLE_RUNTIME_CLAIM	G178-S08
claim:556c54b8ded54df938b60ba8	Canvas	EXCLUDED_1_0	CONTRACT_ONLY_NOT_COUNTED_AS_PUBLIC	x86_64-systemv-elf-linux	compiler/semantic/visual/g018_source_vertical.inc	Spelling alias only; inspect every qualified declaration: g018-declaration:Canvas.create(width, height)	NO_STABLE_RUNTIME_CLAIM	G178-S08
claim:5633d6573c2350c7aa43c6cb	add	EXPERIMENTAL	BOUNDED_PUBLIC_EXECUTED_WITHIN_LIMITS	x86_64-systemv-elf-linux	compiler/semantic/matrix/g015_source_vertical.inc	Canonical native descriptor, actual Int64 (dimensions 0..8) / binary64 (0..64) operands; independent owned results and root-provenance views; row-major fromBuffer copies live Int Slice or typed Int/Float Vector, exact count/dtype and lexical release gates; native Float LU returns (compact factors, permutation), QR returns (thin Q, R), using existing Tuple projections; finite factorization dimensions at most 32 with singular/domain rejection; readonly Matrix parameter borrows and caller-owned hidden-result copies preserve lifetimes and ordered arguments; scalar calls reclaim temporaries; runtime-shaped axis Vectors reuse native Vector/statistics and Random consumers; checked Int axis sums publish atomically; no whole-source projection or fixed report	NO_STABLE_RUNTIME_CLAIM	G178-S08
claim:56697641d57dfe7da951c074	image	EXCLUDED_1_0	CONTRACT_ONLY_NOT_COUNTED_AS_PUBLIC	x86_64-systemv-elf-linux	compiler/semantic/visual/g018_source_vertical.inc	Spelling alias only; inspect every qualified declaration: g018-declaration:canvas.image(image, destination)	NO_STABLE_RUNTIME_CLAIM	G178-S08
claim:59a22aacdf82300702c5de58	histogram	EXCLUDED_1_0	CONTRACT_ONLY_NOT_COUNTED_AS_PUBLIC	x86_64-systemv-elf-linux	compiler/semantic/visual/g018_source_vertical.inc	Spelling alias only; inspect every qualified declaration: g018-declaration:Chart.histogram(values, bins)	NO_STABLE_RUNTIME_CLAIM	G178-S08
claim:59ccdea5ea58f7a8dd068f63	filled	EXPERIMENTAL	BOUNDED_PUBLIC_EXECUTED_WITHIN_LIMITS	x86_64-systemv-elf-linux	compiler/semantic/matrix/g015_source_vertical.inc	Canonical native descriptor, actual Int64 (dimensions 0..8) / binary64 (0..64) operands; independent owned results and root-provenance views; row-major fromBuffer copies live Int Slice or typed Int/Float Vector, exact count/dtype and lexical release gates; native Float LU returns (compact factors, permutation), QR returns (thin Q, R), using existing Tuple projections; finite factorization dimensions at most 32 with singular/domain rejection; readonly Matrix parameter borrows and caller-owned hidden-result copies preserve lifetimes and ordered arguments; scalar calls reclaim temporaries; runtime-shaped axis Vectors reuse native Vector/statistics and Random consumers; checked Int axis sums publish atomically; no whole-source projection or fixed report	NO_STABLE_RUNTIME_CLAIM	G178-S08
claim:5bcdf84b44551d9af2a795db	where	EXPERIMENTAL	BOUNDED_PUBLIC_EXECUTED_WITHIN_LIMITS	x86_64-systemv-elf-linux	compiler/semantic/tensor/g016_source_vertical.inc	Actual Bool/Int64/binary64 operands and native rank/shape/stride/root descriptors; Bool storage is packed bytes; CPU rank 0..6 and 4096 elements; Int construction/arithmetic retains C12 rank 0..3, dimensions 0..8 and 64 elements; index tensors from argMax retain full result geometry. Shape inputs are constant Int Tuples or material Int Vectors. fromBuffer copies exact typed Int/Float Vector, live Int Slice or checked 0/1 Bytes for Bool. Float selection uses equal shapes or explicit broadcastTo; map uses a typed noncapturing Float function and preserves ordered effects. Float reductions reject empty/nonfinite inputs and invalid axes; first argMax tie. Structural methods compose native owners; peers are 1..6 immutable Tensor names in a Tuple, split takes 1..6 exact sizes, padding has two entries per axis. Readonly function borrows and caller-owned result copies preserve lifetimes. Every cited oracle executes real source, including negatives and bounded-domain failures.	NO_STABLE_RUNTIME_CLAIM	G178-S08
claim:6164f7e068b79f1e4385edbf	select	EXPERIMENTAL	BOUNDED_PUBLIC_EXECUTED_WITHIN_LIMITS	x86_64-systemv-elf-linux	compiler/semantic/tensor/g016_source_vertical.inc	Actual Bool/Int64/binary64 operands and native rank/shape/stride/root descriptors; Bool storage is packed bytes; CPU rank 0..6 and 4096 elements; Int construction/arithmetic retains C12 rank 0..3, dimensions 0..8 and 64 elements; index tensors from argMax retain full result geometry. Shape inputs are constant Int Tuples or material Int Vectors. fromBuffer copies exact typed Int/Float Vector, live Int Slice or checked 0/1 Bytes for Bool. Float selection uses equal shapes or explicit broadcastTo; map uses a typed noncapturing Float function and preserves ordered effects. Float reductions reject empty/nonfinite inputs and invalid axes; first argMax tie. Structural methods compose native owners; peers are 1..6 immutable Tensor names in a Tuple, split takes 1..6 exact sizes, padding has two entries per axis. Readonly function borrows and caller-owned result copies preserve lifetimes. Every cited oracle executes real source, including negatives and bounded-domain failures.	NO_STABLE_RUNTIME_CLAIM	G178-S08
claim:622ac741502c1a3d2d330126	Button	EXCLUDED_1_0	CONTRACT_ONLY_NOT_COUNTED_AS_PUBLIC	x86_64-systemv-elf-linux	compiler/semantic/visual/g018_source_vertical.inc	Spelling alias only; inspect every qualified declaration: g018-declaration:Button.new(label)	NO_STABLE_RUNTIME_CLAIM	G178-S08
claim:639b827943cf93320a390064	Layout	EXCLUDED_1_0	CONTRACT_ONLY_NOT_COUNTED_AS_PUBLIC	x86_64-systemv-elf-linux	compiler/semantic/visual/g018_source_vertical.inc	Spelling alias only; inspect every qualified declaration: g018-declaration:Layout.row(children); g018-declaration:Layout.column(children); g018-declaration:Layout.grid(spec, children)	NO_STABLE_RUNTIME_CLAIM	G178-S08
claim:65ff22ffc645e9075bbcb75b	ScanPlan	EXCLUDED_1_0	INTERNAL_ONLY_NOT_COUNTED_AS_PUBLIC	UNDECLARED	compiler/semantic/visual/g105_source_vertical.inc	The actual corrected G105 public surface table lists contextual methods, not a ScanPlan value constructor or print alias. The old internal plan marker/seed program is rejected; real source values reach the typed plan through Text.scan. No public API is inferred from this parser atom.	NO_STABLE_RUNTIME_CLAIM	G178-S08
claim:6a7b70ff03a3ba66ed67a7bf	print	EXCLUDED_1_0	CONTRACT_ONLY_NOT_COUNTED_AS_PUBLIC	UNDECLARED	compiler/semantic/visual/g105_source_vertical.inc	The actual corrected G105 public surface table lists contextual methods, not a ScanPlan value constructor or print alias. The old internal plan marker/seed program is rejected; real source values reach the typed plan through Text.scan. No public API is inferred from this parser atom.	NO_STABLE_RUNTIME_CLAIM	G178-S08
claim:6b2570ce2d55e0ff653836c1	divide	EXPERIMENTAL	BOUNDED_PUBLIC_EXECUTED_WITHIN_LIMITS	x86_64-systemv-elf-linux	compiler/semantic/tensor/g016_source_vertical.inc	Actual Bool/Int64/binary64 operands and native rank/shape/stride/root descriptors; Bool storage is packed bytes; CPU rank 0..6 and 4096 elements; Int construction/arithmetic retains C12 rank 0..3, dimensions 0..8 and 64 elements; index tensors from argMax retain full result geometry. Shape inputs are constant Int Tuples or material Int Vectors. fromBuffer copies exact typed Int/Float Vector, live Int Slice or checked 0/1 Bytes for Bool. Float selection uses equal shapes or explicit broadcastTo; map uses a typed noncapturing Float function and preserves ordered effects. Float reductions reject empty/nonfinite inputs and invalid axes; first argMax tie. Structural methods compose native owners; peers are 1..6 immutable Tensor names in a Tuple, split takes 1..6 exact sizes, padding has two entries per axis. Readonly function borrows and caller-owned result copies preserve lifetimes. Every cited oracle executes real source, including negatives and bounded-domain failures.	NO_STABLE_RUNTIME_CLAIM	G178-S08
claim:6e9ee62093071ea7bc7fc4b4	pointer	EXCLUDED_1_0	CONTRACT_ONLY_NOT_COUNTED_AS_PUBLIC	x86_64-systemv-elf-linux	compiler/semantic/visual/g018_source_vertical.inc	Spelling alias only; inspect every qualified declaration: g018-declaration:event.pointer()	NO_STABLE_RUNTIME_CLAIM	G178-S08
claim:6f8f7fcb6bf03e2546e42615	cholesky	EXPERIMENTAL	BOUNDED_PUBLIC_EXECUTED_WITHIN_LIMITS	x86_64-systemv-elf-linux	compiler/semantic/matrix/g015_source_vertical.inc	Canonical native descriptor, actual Int64 (dimensions 0..8) / binary64 (0..64) operands; independent owned results and root-provenance views; row-major fromBuffer copies live Int Slice or typed Int/Float Vector, exact count/dtype and lexical release gates; native Float LU returns (compact factors, permutation), QR returns (thin Q, R), using existing Tuple projections; finite factorization dimensions at most 32 with singular/domain rejection; readonly Matrix parameter borrows and caller-owned hidden-result copies preserve lifetimes and ordered arguments; scalar calls reclaim temporaries; runtime-shaped axis Vectors reuse native Vector/statistics and Random consumers; checked Int axis sums publish atomically; no whole-source projection or fixed report	NO_STABLE_RUNTIME_CLAIM	G178-S08
claim:6fc9b39228aa1659ef6c3eb3	setTitle	EXCLUDED_1_0	CONTRACT_ONLY_NOT_COUNTED_AS_PUBLIC	x86_64-systemv-elf-linux	compiler/semantic/visual/g018_source_vertical.inc	Spelling alias only; inspect every qualified declaration: g018-declaration:window.setTitle(text)	NO_STABLE_RUNTIME_CLAIM	G178-S08
claim:70e6cace1143cc733604c11d	permute	EXPERIMENTAL	BOUNDED_PUBLIC_EXECUTED_WITHIN_LIMITS	x86_64-systemv-elf-linux	compiler/semantic/tensor/g016_source_vertical.inc	Actual Bool/Int64/binary64 operands and native rank/shape/stride/root descriptors; Bool storage is packed bytes; CPU rank 0..6 and 4096 elements; Int construction/arithmetic retains C12 rank 0..3, dimensions 0..8 and 64 elements; index tensors from argMax retain full result geometry. Shape inputs are constant Int Tuples or material Int Vectors. fromBuffer copies exact typed Int/Float Vector, live Int Slice or checked 0/1 Bytes for Bool. Float selection uses equal shapes or explicit broadcastTo; map uses a typed noncapturing Float function and preserves ordered effects. Float reductions reject empty/nonfinite inputs and invalid axes; first argMax tie. Structural methods compose native owners; peers are 1..6 immutable Tensor names in a Tuple, split takes 1..6 exact sizes, padding has two entries per axis. Readonly function borrows and caller-owned result copies preserve lifetimes. Every cited oracle executes real source, including negatives and bounded-domain failures.	NO_STABLE_RUNTIME_CLAIM	G178-S08
claim:71f1aaac0442431cfea63328	column	EXCLUDED_1_0	CONTRACT_ONLY_NOT_COUNTED_AS_PUBLIC	x86_64-systemv-elf-linux	compiler/semantic/visual/g018_source_vertical.inc	Spelling alias only; inspect every qualified declaration: g018-declaration:Layout.column(children)	NO_STABLE_RUNTIME_CLAIM	G178-S08
claim:72f3482aa6e2821e3e7eab21	preventDefault	EXCLUDED_1_0	CONTRACT_ONLY_NOT_COUNTED_AS_PUBLIC	x86_64-systemv-elf-linux	compiler/semantic/visual/g018_source_vertical.inc	Spelling alias only; inspect every qualified declaration: g018-declaration:event.preventDefault()	NO_STABLE_RUNTIME_CLAIM	G178-S08
claim:73edaeee7af8fba821251f30	fromRows	EXPERIMENTAL	BOUNDED_PUBLIC_EXECUTED_WITHIN_LIMITS	x86_64-systemv-elf-linux	compiler/semantic/matrix/g015_source_vertical.inc	Canonical native descriptor, actual Int64 (dimensions 0..8) / binary64 (0..64) operands; independent owned results and root-provenance views; row-major fromBuffer copies live Int Slice or typed Int/Float Vector, exact count/dtype and lexical release gates; native Float LU returns (compact factors, permutation), QR returns (thin Q, R), using existing Tuple projections; finite factorization dimensions at most 32 with singular/domain rejection; readonly Matrix parameter borrows and caller-owned hidden-result copies preserve lifetimes and ordered arguments; scalar calls reclaim temporaries; runtime-shaped axis Vectors reuse native Vector/statistics and Random consumers; checked Int axis sums publish atomically; no whole-source projection or fixed report	NO_STABLE_RUNTIME_CLAIM	G178-S08
claim:744b5bfb1b31f9747ca28d51	at	EXPERIMENTAL	BOUNDED_PUBLIC_EXECUTED_WITHIN_LIMITS	x86_64-systemv-elf-linux	compiler/semantic/tensor/g016_source_vertical.inc	Actual Bool/Int64/binary64 operands and native rank/shape/stride/root descriptors; Bool storage is packed bytes; CPU rank 0..6 and 4096 elements; Int construction/arithmetic retains C12 rank 0..3, dimensions 0..8 and 64 elements; index tensors from argMax retain full result geometry. Shape inputs are constant Int Tuples or material Int Vectors. fromBuffer copies exact typed Int/Float Vector, live Int Slice or checked 0/1 Bytes for Bool. Float selection uses equal shapes or explicit broadcastTo; map uses a typed noncapturing Float function and preserves ordered effects. Float reductions reject empty/nonfinite inputs and invalid axes; first argMax tie. Structural methods compose native owners; peers are 1..6 immutable Tensor names in a Tuple, split takes 1..6 exact sizes, padding has two entries per axis. Readonly function borrows and caller-owned result copies preserve lifetimes. Every cited oracle executes real source, including negatives and bounded-domain failures.	NO_STABLE_RUNTIME_CLAIM	G178-S08
claim:746fe6635d32db7df7847bf0	RED	EXCLUDED_1_0	CONTRACT_ONLY_NOT_COUNTED_AS_PUBLIC	x86_64-systemv-elf-linux	compiler/semantic/visual/g018_source_vertical.inc	Spelling alias only; inspect every qualified declaration: g018-declaration:RED.color()	NO_STABLE_RUNTIME_CLAIM	G178-S08
claim:753c611ed4727aad062c86e9	rank	EXPERIMENTAL	BOUNDED_PUBLIC_EXECUTED_WITHIN_LIMITS	x86_64-systemv-elf-linux	compiler/semantic/tensor/g016_source_vertical.inc	Actual Bool/Int64/binary64 operands and native rank/shape/stride/root descriptors; Bool storage is packed bytes; CPU rank 0..6 and 4096 elements; Int construction/arithmetic retains C12 rank 0..3, dimensions 0..8 and 64 elements; index tensors from argMax retain full result geometry. Shape inputs are constant Int Tuples or material Int Vectors. fromBuffer copies exact typed Int/Float Vector, live Int Slice or checked 0/1 Bytes for Bool. Float selection uses equal shapes or explicit broadcastTo; map uses a typed noncapturing Float function and preserves ordered effects. Float reductions reject empty/nonfinite inputs and invalid axes; first argMax tie. Structural methods compose native owners; peers are 1..6 immutable Tensor names in a Tuple, split takes 1..6 exact sizes, padding has two entries per axis. Readonly function borrows and caller-owned result copies preserve lifetimes. Every cited oracle executes real source, including negatives and bounded-domain failures.	NO_STABLE_RUNTIME_CLAIM	G178-S08
claim:7ab2abd0d6b4b87d828f0c32	argMax	EXPERIMENTAL	BOUNDED_PUBLIC_EXECUTED_WITHIN_LIMITS	x86_64-systemv-elf-linux	compiler/semantic/tensor/g016_source_vertical.inc	Actual Bool/Int64/binary64 operands and native rank/shape/stride/root descriptors; Bool storage is packed bytes; CPU rank 0..6 and 4096 elements; Int construction/arithmetic retains C12 rank 0..3, dimensions 0..8 and 64 elements; index tensors from argMax retain full result geometry. Shape inputs are constant Int Tuples or material Int Vectors. fromBuffer copies exact typed Int/Float Vector, live Int Slice or checked 0/1 Bytes for Bool. Float selection uses equal shapes or explicit broadcastTo; map uses a typed noncapturing Float function and preserves ordered effects. Float reductions reject empty/nonfinite inputs and invalid axes; first argMax tie. Structural methods compose native owners; peers are 1..6 immutable Tensor names in a Tuple, split takes 1..6 exact sizes, padding has two entries per axis. Readonly function borrows and caller-owned result copies preserve lifetimes. Every cited oracle executes real source, including negatives and bounded-domain failures.	NO_STABLE_RUNTIME_CLAIM	G178-S08
claim:7bb7b1a3b31bc9f2c3cb51d2	broadcastTo	EXPERIMENTAL	BOUNDED_PUBLIC_EXECUTED_WITHIN_LIMITS	x86_64-systemv-elf-linux	compiler/semantic/tensor/g016_source_vertical.inc	Actual Bool/Int64/binary64 operands and native rank/shape/stride/root descriptors; Bool storage is packed bytes; CPU rank 0..6 and 4096 elements; Int construction/arithmetic retains C12 rank 0..3, dimensions 0..8 and 64 elements; index tensors from argMax retain full result geometry. Shape inputs are constant Int Tuples or material Int Vectors. fromBuffer copies exact typed Int/Float Vector, live Int Slice or checked 0/1 Bytes for Bool. Float selection uses equal shapes or explicit broadcastTo; map uses a typed noncapturing Float function and preserves ordered effects. Float reductions reject empty/nonfinite inputs and invalid axes; first argMax tie. Structural methods compose native owners; peers are 1..6 immutable Tensor names in a Tuple, split takes 1..6 exact sizes, padding has two entries per axis. Readonly function borrows and caller-owned result copies preserve lifetimes. Every cited oracle executes real source, including negatives and bounded-domain failures.	NO_STABLE_RUNTIME_CLAIM	G178-S08
claim:7bc96fbdc7f152bceaa72fce	key	EXCLUDED_1_0	CONTRACT_ONLY_NOT_COUNTED_AS_PUBLIC	x86_64-systemv-elf-linux	compiler/semantic/visual/g018_source_vertical.inc	Spelling alias only; inspect every qualified declaration: g018-declaration:event.key()	NO_STABLE_RUNTIME_CLAIM	G178-S08
claim:7be67c7bdff47d9033e1e889	Matrix	EXPERIMENTAL	BOUNDED_PUBLIC_EXECUTED_WITHIN_LIMITS	x86_64-systemv-elf-linux	compiler/semantic/matrix/g015_source_vertical.inc	Canonical native descriptor, actual Int64 (dimensions 0..8) / binary64 (0..64) operands; independent owned results and root-provenance views; row-major fromBuffer copies live Int Slice or typed Int/Float Vector, exact count/dtype and lexical release gates; native Float LU returns (compact factors, permutation), QR returns (thin Q, R), using existing Tuple projections; finite factorization dimensions at most 32 with singular/domain rejection; readonly Matrix parameter borrows and caller-owned hidden-result copies preserve lifetimes and ordered arguments; scalar calls reclaim temporaries; runtime-shaped axis Vectors reuse native Vector/statistics and Random consumers; checked Int axis sums publish atomically; no whole-source projection or fixed report	NO_STABLE_RUNTIME_CLAIM	G178-S08
claim:7be836b65074404a981f6ec3	Socket	TARGET_GATED	TARGET_OR_ENVIRONMENT_JUSTIFIED	x86_64-systemv-elf-linux	sdk/interfaces/prelude/stdlib-registry.json	Network access explicitly forbidden in this mission; no socket or external service is opened	NO_STABLE_RUNTIME_CLAIM	G178-S08
claim:7c1ab2ba4cfefb2b57984628	Console	TARGET_GATED	TARGET_OR_ENVIRONMENT_JUSTIFIED	x86_64-systemv-elf-linux	compiler/semantic/visual/g018_source_vertical.inc	Spelling alias only; inspect every qualified declaration: g018-declaration:Console.scan()	NO_STABLE_RUNTIME_CLAIM	G178-S08
claim:7ebb2d214cae3bf41e5d5c02	Chart	EXCLUDED_1_0	CONTRACT_ONLY_NOT_COUNTED_AS_PUBLIC	x86_64-systemv-elf-linux	sdk/interfaces/prelude/stdlib-registry.json	The experimental std.visual export is reconciled to the corrected G018 receiver-qualified Chart declarations (P, general GUI unavailable). Existing internal chart models are not a public Chart value constructor or a runtime positive. Inspect the separate g018-declaration:Chart.* rows. Current authority SHA256=0944468ee395ee0c83aa6697baf52d111053327405fafd499e3cf08d57031718	NO_STABLE_RUNTIME_CLAIM	G178-S08
claim:830fe6789739f469536e27a5	Label	EXCLUDED_1_0	CONTRACT_ONLY_NOT_COUNTED_AS_PUBLIC	x86_64-systemv-elf-linux	compiler/semantic/visual/g018_source_vertical.inc	Spelling alias only; inspect every qualified declaration: g018-declaration:Label.new(text)	NO_STABLE_RUNTIME_CLAIM	G178-S08
claim:83e9dc5a668458ad9f7c7ad2	get	EXPERIMENTAL	BOUNDED_PUBLIC_EXECUTED_WITHIN_LIMITS	x86_64-systemv-elf-linux	compiler/semantic/matrix/g015_source_vertical.inc	Canonical native descriptor, actual Int64 (dimensions 0..8) / binary64 (0..64) operands; independent owned results and root-provenance views; row-major fromBuffer copies live Int Slice or typed Int/Float Vector, exact count/dtype and lexical release gates; native Float LU returns (compact factors, permutation), QR returns (thin Q, R), using existing Tuple projections; finite factorization dimensions at most 32 with singular/domain rejection; readonly Matrix parameter borrows and caller-owned hidden-result copies preserve lifetimes and ordered arguments; scalar calls reclaim temporaries; runtime-shaped axis Vectors reuse native Vector/statistics and Random consumers; checked Int axis sums publish atomically; no whole-source projection or fixed report	NO_STABLE_RUNTIME_CLAIM	G178-S08
claim:84e9b83734d1bfaa6cd28a75	show	EXCLUDED_1_0	CONTRACT_ONLY_NOT_COUNTED_AS_PUBLIC	x86_64-systemv-elf-linux	compiler/semantic/visual/g018_source_vertical.inc	Spelling alias only; inspect every qualified declaration: g018-declaration:window.show()	NO_STABLE_RUNTIME_CLAIM	G178-S08
claim:84eaf42ec815a87a5f2c75d7	Matrix	EXPERIMENTAL	BOUNDED_PUBLIC_EXECUTED_WITHIN_LIMITS	x86_64-systemv-elf-linux	sdk/interfaces/prelude/stdlib-registry.json	Authenticated selective std.scientific import reaches the current typed native constructor and method owner in default and no-prelude compilation. Exact shape/value/native boundaries remain those of the receiver-qualified Matrix/Tensor rows. The visibility host consumes import declarations only; native code compiles and executes all remaining statements and the explicit return.	NO_STABLE_RUNTIME_CLAIM	G178-S08
claim:8b8385699a2cdf43411b8cfe	zeros	EXPERIMENTAL	BOUNDED_PUBLIC_EXECUTED_WITHIN_LIMITS	x86_64-systemv-elf-linux	compiler/semantic/matrix/g015_source_vertical.inc	Canonical native descriptor, actual Int64 (dimensions 0..8) / binary64 (0..64) operands; independent owned results and root-provenance views; row-major fromBuffer copies live Int Slice or typed Int/Float Vector, exact count/dtype and lexical release gates; native Float LU returns (compact factors, permutation), QR returns (thin Q, R), using existing Tuple projections; finite factorization dimensions at most 32 with singular/domain rejection; readonly Matrix parameter borrows and caller-owned hidden-result copies preserve lifetimes and ordered arguments; scalar calls reclaim temporaries; runtime-shaped axis Vectors reuse native Vector/statistics and Random consumers; checked Int axis sums publish atomically; no whole-source projection or fixed report	NO_STABLE_RUNTIME_CLAIM	G178-S08
claim:901c30352afccac5ea13f641	all	EXPERIMENTAL	BOUNDED_PUBLIC_EXECUTED_WITHIN_LIMITS	x86_64-systemv-elf-linux	compiler/semantic/tensor/g016_source_vertical.inc	Actual Bool/Int64/binary64 operands and native rank/shape/stride/root descriptors; Bool storage is packed bytes; CPU rank 0..6 and 4096 elements; Int construction/arithmetic retains C12 rank 0..3, dimensions 0..8 and 64 elements; index tensors from argMax retain full result geometry. Shape inputs are constant Int Tuples or material Int Vectors. fromBuffer copies exact typed Int/Float Vector, live Int Slice or checked 0/1 Bytes for Bool. Float selection uses equal shapes or explicit broadcastTo; map uses a typed noncapturing Float function and preserves ordered effects. Float reductions reject empty/nonfinite inputs and invalid axes; first argMax tie. Structural methods compose native owners; peers are 1..6 immutable Tensor names in a Tuple, split takes 1..6 exact sizes, padding has two entries per axis. Readonly function borrows and caller-owned result copies preserve lifetimes. Every cited oracle executes real source, including negatives and bounded-domain failures.	NO_STABLE_RUNTIME_CLAIM	G178-S08
claim:9272814e1720f0635d3f8fd1	rectangle	EXCLUDED_1_0	CONTRACT_ONLY_NOT_COUNTED_AS_PUBLIC	x86_64-systemv-elf-linux	compiler/semantic/visual/g018_source_vertical.inc	Spelling alias only; inspect every qualified declaration: g018-declaration:canvas.rectangle(rect, paint)	NO_STABLE_RUNTIME_CLAIM	G178-S08
claim:94b167d878a551d712b57f41	column	EXPERIMENTAL	BOUNDED_PUBLIC_EXECUTED_WITHIN_LIMITS	x86_64-systemv-elf-linux	compiler/semantic/matrix/g015_source_vertical.inc	Canonical native descriptor, actual Int64 (dimensions 0..8) / binary64 (0..64) operands; independent owned results and root-provenance views; row-major fromBuffer copies live Int Slice or typed Int/Float Vector, exact count/dtype and lexical release gates; native Float LU returns (compact factors, permutation), QR returns (thin Q, R), using existing Tuple projections; finite factorization dimensions at most 32 with singular/domain rejection; readonly Matrix parameter borrows and caller-owned hidden-result copies preserve lifetimes and ordered arguments; scalar calls reclaim temporaries; runtime-shaped axis Vectors reuse native Vector/statistics and Random consumers; checked Int axis sums publish atomically; no whole-source projection or fixed report	NO_STABLE_RUNTIME_CLAIM	G178-S08
claim:95a0f338bc6a3fb59609a016	color	EXCLUDED_1_0	CONTRACT_ONLY_NOT_COUNTED_AS_PUBLIC	x86_64-systemv-elf-linux	compiler/semantic/visual/g018_source_vertical.inc	Spelling alias only; inspect every qualified declaration: g018-declaration:RED.color()	NO_STABLE_RUNTIME_CLAIM	G178-S08
claim:991e691f7a47f76e2bb4033d	events	EXCLUDED_1_0	CONTRACT_ONLY_NOT_COUNTED_AS_PUBLIC	x86_64-systemv-elf-linux	compiler/semantic/visual/g018_source_vertical.inc	Spelling alias only; inspect every qualified declaration: g018-declaration:window.events()	NO_STABLE_RUNTIME_CLAIM	G178-S08
claim:9bc5d8b5bdfbbe552d21a9db	split	EXPERIMENTAL	BOUNDED_PUBLIC_EXECUTED_WITHIN_LIMITS	x86_64-systemv-elf-linux	compiler/semantic/tensor/g016_source_vertical.inc	Actual Bool/Int64/binary64 operands and native rank/shape/stride/root descriptors; Bool storage is packed bytes; CPU rank 0..6 and 4096 elements; Int construction/arithmetic retains C12 rank 0..3, dimensions 0..8 and 64 elements; index tensors from argMax retain full result geometry. Shape inputs are constant Int Tuples or material Int Vectors. fromBuffer copies exact typed Int/Float Vector, live Int Slice or checked 0/1 Bytes for Bool. Float selection uses equal shapes or explicit broadcastTo; map uses a typed noncapturing Float function and preserves ordered effects. Float reductions reject empty/nonfinite inputs and invalid axes; first argMax tie. Structural methods compose native owners; peers are 1..6 immutable Tensor names in a Tuple, split takes 1..6 exact sizes, padding has two entries per axis. Readonly function borrows and caller-owned result copies preserve lifetimes. Every cited oracle executes real source, including negatives and bounded-domain failures.	NO_STABLE_RUNTIME_CLAIM	G178-S08
claim:9cee08f100ca91b8a6ab3c48	render	EXCLUDED_1_0	CONTRACT_ONLY_NOT_COUNTED_AS_PUBLIC	x86_64-systemv-elf-linux	compiler/semantic/visual/g018_source_vertical.inc	Spelling alias only; inspect every qualified declaration: g018-declaration:chart.render(canvas)	NO_STABLE_RUNTIME_CLAIM	G178-S08
claim:9ee15351fa05f2d506a50679	legend	EXCLUDED_1_0	CONTRACT_ONLY_NOT_COUNTED_AS_PUBLIC	x86_64-systemv-elf-linux	compiler/semantic/visual/g018_source_vertical.inc	Spelling alias only; inspect every qualified declaration: g018-declaration:chart.legend(options)	NO_STABLE_RUNTIME_CLAIM	G178-S08
claim:a0ba8f4fcae691e3c03a109f	matvec	EXPERIMENTAL	BOUNDED_PUBLIC_EXECUTED_WITHIN_LIMITS	x86_64-systemv-elf-linux	compiler/semantic/matrix/g015_source_vertical.inc	Canonical native descriptor, actual Int64 (dimensions 0..8) / binary64 (0..64) operands; independent owned results and root-provenance views; row-major fromBuffer copies live Int Slice or typed Int/Float Vector, exact count/dtype and lexical release gates; native Float LU returns (compact factors, permutation), QR returns (thin Q, R), using existing Tuple projections; finite factorization dimensions at most 32 with singular/domain rejection; readonly Matrix parameter borrows and caller-owned hidden-result copies preserve lifetimes and ordered arguments; scalar calls reclaim temporaries; runtime-shaped axis Vectors reuse native Vector/statistics and Random consumers; checked Int axis sums publish atomically; no whole-source projection or fixed report	NO_STABLE_RUNTIME_CLAIM	G178-S08
claim:a267f38e196b6c330761b457	mean	EXPERIMENTAL	BOUNDED_PUBLIC_EXECUTED_WITHIN_LIMITS	x86_64-systemv-elf-linux	compiler/semantic/matrix/g015_source_vertical.inc	Canonical native descriptor, actual Int64 (dimensions 0..8) / binary64 (0..64) operands; independent owned results and root-provenance views; row-major fromBuffer copies live Int Slice or typed Int/Float Vector, exact count/dtype and lexical release gates; native Float LU returns (compact factors, permutation), QR returns (thin Q, R), using existing Tuple projections; finite factorization dimensions at most 32 with singular/domain rejection; readonly Matrix parameter borrows and caller-owned hidden-result copies preserve lifetimes and ordered arguments; scalar calls reclaim temporaries; runtime-shaped axis Vectors reuse native Vector/statistics and Random consumers; checked Int axis sums publish atomically; no whole-source projection or fixed report	NO_STABLE_RUNTIME_CLAIM	G178-S08
claim:a96b53c0f26eba1dc0ace438	multiplyElements	EXPERIMENTAL	BOUNDED_PUBLIC_EXECUTED_WITHIN_LIMITS	x86_64-systemv-elf-linux	compiler/semantic/matrix/g015_source_vertical.inc	Canonical native descriptor, actual Int64 (dimensions 0..8) / binary64 (0..64) operands; independent owned results and root-provenance views; row-major fromBuffer copies live Int Slice or typed Int/Float Vector, exact count/dtype and lexical release gates; native Float LU returns (compact factors, permutation), QR returns (thin Q, R), using existing Tuple projections; finite factorization dimensions at most 32 with singular/domain rejection; readonly Matrix parameter borrows and caller-owned hidden-result copies preserve lifetimes and ordered arguments; scalar calls reclaim temporaries; runtime-shaped axis Vectors reuse native Vector/statistics and Random consumers; checked Int axis sums publish atomically; no whole-source projection or fixed report	NO_STABLE_RUNTIME_CLAIM	G178-S08
claim:a96ccfa4f367e8384c8c7100	min	EXPERIMENTAL	BOUNDED_PUBLIC_EXECUTED_WITHIN_LIMITS	x86_64-systemv-elf-linux	compiler/semantic/tensor/g016_source_vertical.inc	Actual Bool/Int64/binary64 operands and native rank/shape/stride/root descriptors; Bool storage is packed bytes; CPU rank 0..6 and 4096 elements; Int construction/arithmetic retains C12 rank 0..3, dimensions 0..8 and 64 elements; index tensors from argMax retain full result geometry. Shape inputs are constant Int Tuples or material Int Vectors. fromBuffer copies exact typed Int/Float Vector, live Int Slice or checked 0/1 Bytes for Bool. Float selection uses equal shapes or explicit broadcastTo; map uses a typed noncapturing Float function and preserves ordered effects. Float reductions reject empty/nonfinite inputs and invalid axes; first argMax tie. Structural methods compose native owners; peers are 1..6 immutable Tensor names in a Tuple, split takes 1..6 exact sizes, padding has two entries per axis. Readonly function borrows and caller-owned result copies preserve lifetimes. Every cited oracle executes real source, including negatives and bounded-domain failures.	NO_STABLE_RUNTIME_CLAIM	G178-S08
claim:aacbb3d11cf90b4d90c7dd3e	stack	EXPERIMENTAL	BOUNDED_PUBLIC_EXECUTED_WITHIN_LIMITS	x86_64-systemv-elf-linux	compiler/semantic/tensor/g016_source_vertical.inc	Actual Bool/Int64/binary64 operands and native rank/shape/stride/root descriptors; Bool storage is packed bytes; CPU rank 0..6 and 4096 elements; Int construction/arithmetic retains C12 rank 0..3, dimensions 0..8 and 64 elements; index tensors from argMax retain full result geometry. Shape inputs are constant Int Tuples or material Int Vectors. fromBuffer copies exact typed Int/Float Vector, live Int Slice or checked 0/1 Bytes for Bool. Float selection uses equal shapes or explicit broadcastTo; map uses a typed noncapturing Float function and preserves ordered effects. Float reductions reject empty/nonfinite inputs and invalid axes; first argMax tie. Structural methods compose native owners; peers are 1..6 immutable Tensor names in a Tuple, split takes 1..6 exact sizes, padding has two entries per axis. Readonly function borrows and caller-owned result copies preserve lifetimes. Every cited oracle executes real source, including negatives and bounded-domain failures.	NO_STABLE_RUNTIME_CLAIM	G178-S08
claim:aadede83eaf8200b2dce8bd1	maximum	EXPERIMENTAL	BOUNDED_PUBLIC_EXECUTED_WITHIN_LIMITS	x86_64-systemv-elf-linux	compiler/semantic/tensor/g016_source_vertical.inc	Actual Bool/Int64/binary64 operands and native rank/shape/stride/root descriptors; Bool storage is packed bytes; CPU rank 0..6 and 4096 elements; Int construction/arithmetic retains C12 rank 0..3, dimensions 0..8 and 64 elements; index tensors from argMax retain full result geometry. Shape inputs are constant Int Tuples or material Int Vectors. fromBuffer copies exact typed Int/Float Vector, live Int Slice or checked 0/1 Bytes for Bool. Float selection uses equal shapes or explicit broadcastTo; map uses a typed noncapturing Float function and preserves ordered effects. Float reductions reject empty/nonfinite inputs and invalid axes; first argMax tie. Structural methods compose native owners; peers are 1..6 immutable Tensor names in a Tuple, split takes 1..6 exact sizes, padding has two entries per axis. Readonly function borrows and caller-owned result copies preserve lifetimes. Every cited oracle executes real source, including negatives and bounded-domain failures.	NO_STABLE_RUNTIME_CLAIM	G178-S08
claim:acdc4fddba7db7198a72c471	rows	EXPERIMENTAL	BOUNDED_PUBLIC_EXECUTED_WITHIN_LIMITS	x86_64-systemv-elf-linux	compiler/semantic/matrix/g015_source_vertical.inc	Canonical native descriptor, actual Int64 (dimensions 0..8) / binary64 (0..64) operands; independent owned results and root-provenance views; row-major fromBuffer copies live Int Slice or typed Int/Float Vector, exact count/dtype and lexical release gates; native Float LU returns (compact factors, permutation), QR returns (thin Q, R), using existing Tuple projections; finite factorization dimensions at most 32 with singular/domain rejection; readonly Matrix parameter borrows and caller-owned hidden-result copies preserve lifetimes and ordered arguments; scalar calls reclaim temporaries; runtime-shaped axis Vectors reuse native Vector/statistics and Random consumers; checked Int axis sums publish atomically; no whole-source projection or fixed report	NO_STABLE_RUNTIME_CLAIM	G178-S08
claim:ad816d7944c5e03ba68aa4d3	fromBuffer	EXPERIMENTAL	BOUNDED_PUBLIC_EXECUTED_WITHIN_LIMITS	x86_64-systemv-elf-linux	compiler/semantic/tensor/g016_source_vertical.inc	Actual Bool/Int64/binary64 operands and native rank/shape/stride/root descriptors; Bool storage is packed bytes; CPU rank 0..6 and 4096 elements; Int construction/arithmetic retains C12 rank 0..3, dimensions 0..8 and 64 elements; index tensors from argMax retain full result geometry. Shape inputs are constant Int Tuples or material Int Vectors. fromBuffer copies exact typed Int/Float Vector, live Int Slice or checked 0/1 Bytes for Bool. Float selection uses equal shapes or explicit broadcastTo; map uses a typed noncapturing Float function and preserves ordered effects. Float reductions reject empty/nonfinite inputs and invalid axes; first argMax tie. Structural methods compose native owners; peers are 1..6 immutable Tensor names in a Tuple, split takes 1..6 exact sizes, padding has two entries per axis. Readonly function borrows and caller-owned result copies preserve lifetimes. Every cited oracle executes real source, including negatives and bounded-domain failures.	NO_STABLE_RUNTIME_CLAIM	G178-S08
claim:b5565503717f69d120550102	layout	EXPERIMENTAL	BOUNDED_PUBLIC_EXECUTED_WITHIN_LIMITS	x86_64-systemv-elf-linux	compiler/semantic/matrix/g015_source_vertical.inc	Canonical native descriptor, actual Int64 (dimensions 0..8) / binary64 (0..64) operands; independent owned results and root-provenance views; row-major fromBuffer copies live Int Slice or typed Int/Float Vector, exact count/dtype and lexical release gates; native Float LU returns (compact factors, permutation), QR returns (thin Q, R), using existing Tuple projections; finite factorization dimensions at most 32 with singular/domain rejection; readonly Matrix parameter borrows and caller-owned hidden-result copies preserve lifetimes and ordered arguments; scalar calls reclaim temporaries; runtime-shaped axis Vectors reuse native Vector/statistics and Random consumers; checked Int axis sums publish atomically; no whole-source projection or fixed report	NO_STABLE_RUNTIME_CLAIM	G178-S08
claim:b77dcb3a1673a00fe5bbc4e9	matmulInto	EXPERIMENTAL	BOUNDED_PUBLIC_EXECUTED_WITHIN_LIMITS	x86_64-systemv-elf-linux	compiler/semantic/matrix/g015_source_vertical.inc	Canonical native descriptor, actual Int64 (dimensions 0..8) / binary64 (0..64) operands; independent owned results and root-provenance views; row-major fromBuffer copies live Int Slice or typed Int/Float Vector, exact count/dtype and lexical release gates; native Float LU returns (compact factors, permutation), QR returns (thin Q, R), using existing Tuple projections; finite factorization dimensions at most 32 with singular/domain rejection; readonly Matrix parameter borrows and caller-owned hidden-result copies preserve lifetimes and ordered arguments; scalar calls reclaim temporaries; runtime-shaped axis Vectors reuse native Vector/statistics and Random consumers; checked Int axis sums publish atomically; no whole-source projection or fixed report	NO_STABLE_RUNTIME_CLAIM	G178-S08
claim:b957ab698507988fdc54a458	max	EXPERIMENTAL	BOUNDED_PUBLIC_EXECUTED_WITHIN_LIMITS	x86_64-systemv-elf-linux	compiler/semantic/tensor/g016_source_vertical.inc	Actual Bool/Int64/binary64 operands and native rank/shape/stride/root descriptors; Bool storage is packed bytes; CPU rank 0..6 and 4096 elements; Int construction/arithmetic retains C12 rank 0..3, dimensions 0..8 and 64 elements; index tensors from argMax retain full result geometry. Shape inputs are constant Int Tuples or material Int Vectors. fromBuffer copies exact typed Int/Float Vector, live Int Slice or checked 0/1 Bytes for Bool. Float selection uses equal shapes or explicit broadcastTo; map uses a typed noncapturing Float function and preserves ordered effects. Float reductions reject empty/nonfinite inputs and invalid axes; first argMax tie. Structural methods compose native owners; peers are 1..6 immutable Tensor names in a Tuple, split takes 1..6 exact sizes, padding has two entries per axis. Readonly function borrows and caller-owned result copies preserve lifetimes. Every cited oracle executes real source, including negatives and bounded-domain failures.	NO_STABLE_RUNTIME_CLAIM	G178-S08
claim:b9f0160b7b952ba5f91ef585	divideElements	EXPERIMENTAL	BOUNDED_PUBLIC_EXECUTED_WITHIN_LIMITS	x86_64-systemv-elf-linux	compiler/semantic/matrix/g015_source_vertical.inc	Canonical native descriptor, actual Int64 (dimensions 0..8) / binary64 (0..64) operands; independent owned results and root-provenance views; row-major fromBuffer copies live Int Slice or typed Int/Float Vector, exact count/dtype and lexical release gates; native Float LU returns (compact factors, permutation), QR returns (thin Q, R), using existing Tuple projections; finite factorization dimensions at most 32 with singular/domain rejection; readonly Matrix parameter borrows and caller-owned hidden-result copies preserve lifetimes and ordered arguments; scalar calls reclaim temporaries; runtime-shaped axis Vectors reuse native Vector/statistics and Random consumers; checked Int axis sums publish atomically; no whole-source projection or fixed report	NO_STABLE_RUNTIME_CLAIM	G178-S08
claim:bd045a133b9568b595a4fb67	concatenate	EXPERIMENTAL	BOUNDED_PUBLIC_EXECUTED_WITHIN_LIMITS	x86_64-systemv-elf-linux	compiler/semantic/tensor/g016_source_vertical.inc	Actual Bool/Int64/binary64 operands and native rank/shape/stride/root descriptors; Bool storage is packed bytes; CPU rank 0..6 and 4096 elements; Int construction/arithmetic retains C12 rank 0..3, dimensions 0..8 and 64 elements; index tensors from argMax retain full result geometry. Shape inputs are constant Int Tuples or material Int Vectors. fromBuffer copies exact typed Int/Float Vector, live Int Slice or checked 0/1 Bytes for Bool. Float selection uses equal shapes or explicit broadcastTo; map uses a typed noncapturing Float function and preserves ordered effects. Float reductions reject empty/nonfinite inputs and invalid axes; first argMax tie. Structural methods compose native owners; peers are 1..6 immutable Tensor names in a Tuple, split takes 1..6 exact sizes, padding has two entries per axis. Readonly function borrows and caller-owned result copies preserve lifetimes. Every cited oracle executes real source, including negatives and bounded-domain failures.	NO_STABLE_RUNTIME_CLAIM	G178-S08
claim:bd5234c735e3dc9003535c2a	accessibility	EXCLUDED_1_0	CONTRACT_ONLY_NOT_COUNTED_AS_PUBLIC	x86_64-systemv-elf-linux	compiler/semantic/visual/g018_source_vertical.inc	Spelling alias only; inspect every qualified declaration: g018-declaration:widget.accessibility()	NO_STABLE_RUNTIME_CLAIM	G178-S08
claim:bfcf950a97aeec5198bb857d	map	EXPERIMENTAL	BOUNDED_PUBLIC_EXECUTED_WITHIN_LIMITS	x86_64-systemv-elf-linux	compiler/semantic/tensor/g016_source_vertical.inc	Actual Bool/Int64/binary64 operands and native rank/shape/stride/root descriptors; Bool storage is packed bytes; CPU rank 0..6 and 4096 elements; Int construction/arithmetic retains C12 rank 0..3, dimensions 0..8 and 64 elements; index tensors from argMax retain full result geometry. Shape inputs are constant Int Tuples or material Int Vectors. fromBuffer copies exact typed Int/Float Vector, live Int Slice or checked 0/1 Bytes for Bool. Float selection uses equal shapes or explicit broadcastTo; map uses a typed noncapturing Float function and preserves ordered effects. Float reductions reject empty/nonfinite inputs and invalid axes; first argMax tie. Structural methods compose native owners; peers are 1..6 immutable Tensor names in a Tuple, split takes 1..6 exact sizes, padding has two entries per axis. Readonly function borrows and caller-owned result copies preserve lifetimes. Every cited oracle executes real source, including negatives and bounded-domain failures.	NO_STABLE_RUNTIME_CLAIM	G178-S08
claim:c1e8c36540cf3bee9f79998e	TcpStream	TARGET_GATED	TARGET_OR_ENVIRONMENT_JUSTIFIED	x86_64-systemv-elf-linux	sdk/interfaces/prelude/stdlib-registry.json	Network access explicitly forbidden in this mission; no socket or external service is opened	NO_STABLE_RUNTIME_CLAIM	G178-S08
claim:c9361e0220afeeb004edb241	Chart	EXCLUDED_1_0	CONTRACT_ONLY_NOT_COUNTED_AS_PUBLIC	x86_64-systemv-elf-linux	compiler/semantic/visual/g018_source_vertical.inc	Spelling alias only; inspect every qualified declaration: g018-declaration:Chart.line(series); g018-declaration:Chart.scatter(points); g018-declaration:Chart.bar(categories, values); g018-declaration:Chart.histogram(values, bins)	NO_STABLE_RUNTIME_CLAIM	G178-S08
claim:cdd6f35f0cce52bc9393194b	contiguous	EXPERIMENTAL	BOUNDED_PUBLIC_EXECUTED_WITHIN_LIMITS	x86_64-systemv-elf-linux	compiler/semantic/tensor/g016_source_vertical.inc	Actual Bool/Int64/binary64 operands and native rank/shape/stride/root descriptors; Bool storage is packed bytes; CPU rank 0..6 and 4096 elements; Int construction/arithmetic retains C12 rank 0..3, dimensions 0..8 and 64 elements; index tensors from argMax retain full result geometry. Shape inputs are constant Int Tuples or material Int Vectors. fromBuffer copies exact typed Int/Float Vector, live Int Slice or checked 0/1 Bytes for Bool. Float selection uses equal shapes or explicit broadcastTo; map uses a typed noncapturing Float function and preserves ordered effects. Float reductions reject empty/nonfinite inputs and invalid axes; first argMax tie. Structural methods compose native owners; peers are 1..6 immutable Tensor names in a Tuple, split takes 1..6 exact sizes, padding has two entries per axis. Readonly function borrows and caller-owned result copies preserve lifetimes. Every cited oracle executes real source, including negatives and bounded-domain failures.	NO_STABLE_RUNTIME_CLAIM	G178-S08
claim:cea73b106af8283c756c7888	on	EXCLUDED_1_0	CONTRACT_ONLY_NOT_COUNTED_AS_PUBLIC	x86_64-systemv-elf-linux	compiler/semantic/visual/g018_source_vertical.inc	Spelling alias only; inspect every qualified declaration: g018-declaration:widget.on(event, handler)	NO_STABLE_RUNTIME_CLAIM	G178-S08
claim:cfee2ec777861fbb23525021	shape	EXPERIMENTAL	BOUNDED_PUBLIC_EXECUTED_WITHIN_LIMITS	x86_64-systemv-elf-linux	compiler/semantic/tensor/g016_source_vertical.inc	Actual Bool/Int64/binary64 operands and native rank/shape/stride/root descriptors; Bool storage is packed bytes; CPU rank 0..6 and 4096 elements; Int construction/arithmetic retains C12 rank 0..3, dimensions 0..8 and 64 elements; index tensors from argMax retain full result geometry. Shape inputs are constant Int Tuples or material Int Vectors. fromBuffer copies exact typed Int/Float Vector, live Int Slice or checked 0/1 Bytes for Bool. Float selection uses equal shapes or explicit broadcastTo; map uses a typed noncapturing Float function and preserves ordered effects. Float reductions reject empty/nonfinite inputs and invalid axes; first argMax tie. Structural methods compose native owners; peers are 1..6 immutable Tensor names in a Tuple, split takes 1..6 exact sizes, padding has two entries per axis. Readonly function borrows and caller-owned result copies preserve lifetimes. Every cited oracle executes real source, including negatives and bounded-domain failures.	NO_STABLE_RUNTIME_CLAIM	G178-S08
claim:d04c96e1652ec9dcbde68102	sum	EXPERIMENTAL	BOUNDED_PUBLIC_EXECUTED_WITHIN_LIMITS	x86_64-systemv-elf-linux	compiler/semantic/tensor/g016_source_vertical.inc	Actual Bool/Int64/binary64 operands and native rank/shape/stride/root descriptors; Bool storage is packed bytes; CPU rank 0..6 and 4096 elements; Int construction/arithmetic retains C12 rank 0..3, dimensions 0..8 and 64 elements; index tensors from argMax retain full result geometry. Shape inputs are constant Int Tuples or material Int Vectors. fromBuffer copies exact typed Int/Float Vector, live Int Slice or checked 0/1 Bytes for Bool. Float selection uses equal shapes or explicit broadcastTo; map uses a typed noncapturing Float function and preserves ordered effects. Float reductions reject empty/nonfinite inputs and invalid axes; first argMax tie. Structural methods compose native owners; peers are 1..6 immutable Tensor names in a Tuple, split takes 1..6 exact sizes, padding has two entries per axis. Readonly function borrows and caller-owned result copies preserve lifetimes. Every cited oracle executes real source, including negatives and bounded-domain failures.	NO_STABLE_RUNTIME_CLAIM	G178-S08
claim:d0b6a8b8b001e330f31420ef	dotFlattened	EXPERIMENTAL	BOUNDED_PUBLIC_EXECUTED_WITHIN_LIMITS	x86_64-systemv-elf-linux	compiler/semantic/matrix/g015_source_vertical.inc	Canonical native descriptor, actual Int64 (dimensions 0..8) / binary64 (0..64) operands; independent owned results and root-provenance views; row-major fromBuffer copies live Int Slice or typed Int/Float Vector, exact count/dtype and lexical release gates; native Float LU returns (compact factors, permutation), QR returns (thin Q, R), using existing Tuple projections; finite factorization dimensions at most 32 with singular/domain rejection; readonly Matrix parameter borrows and caller-owned hidden-result copies preserve lifetimes and ordered arguments; scalar calls reclaim temporaries; runtime-shaped axis Vectors reuse native Vector/statistics and Random consumers; checked Int axis sums publish atomically; no whole-source projection or fixed report	NO_STABLE_RUNTIME_CLAIM	G178-S08
claim:d1068a15c3e074dda9a61dec	kind	EXCLUDED_1_0	CONTRACT_ONLY_NOT_COUNTED_AS_PUBLIC	x86_64-systemv-elf-linux	compiler/semantic/visual/g018_source_vertical.inc	Spelling alias only; inspect every qualified declaration: g018-declaration:event.kind()	NO_STABLE_RUNTIME_CLAIM	G178-S08
claim:d15089e6425bfd58b2ee1e3b	add	EXPERIMENTAL	BOUNDED_PUBLIC_EXECUTED_WITHIN_LIMITS	x86_64-systemv-elf-linux	compiler/semantic/tensor/g016_source_vertical.inc	Actual Bool/Int64/binary64 operands and native rank/shape/stride/root descriptors; Bool storage is packed bytes; CPU rank 0..6 and 4096 elements; Int construction/arithmetic retains C12 rank 0..3, dimensions 0..8 and 64 elements; index tensors from argMax retain full result geometry. Shape inputs are constant Int Tuples or material Int Vectors. fromBuffer copies exact typed Int/Float Vector, live Int Slice or checked 0/1 Bytes for Bool. Float selection uses equal shapes or explicit broadcastTo; map uses a typed noncapturing Float function and preserves ordered effects. Float reductions reject empty/nonfinite inputs and invalid axes; first argMax tie. Structural methods compose native owners; peers are 1..6 immutable Tensor names in a Tuple, split takes 1..6 exact sizes, padding has two entries per axis. Readonly function borrows and caller-owned result copies preserve lifetimes. Every cited oracle executes real source, including negatives and bounded-domain failures.	NO_STABLE_RUNTIME_CLAIM	G178-S08
claim:d3c24d021fc9a718e02fe636	axis	EXCLUDED_1_0	CONTRACT_ONLY_NOT_COUNTED_AS_PUBLIC	x86_64-systemv-elf-linux	compiler/semantic/visual/g018_source_vertical.inc	Spelling alias only; inspect every qualified declaration: g018-declaration:chart.axis(axis, options)	NO_STABLE_RUNTIME_CLAIM	G178-S08
claim:d4664ef38ce331e2e10af535	solve	EXPERIMENTAL	BOUNDED_PUBLIC_EXECUTED_WITHIN_LIMITS	x86_64-systemv-elf-linux	compiler/semantic/matrix/g015_source_vertical.inc	Canonical native descriptor, actual Int64 (dimensions 0..8) / binary64 (0..64) operands; independent owned results and root-provenance views; row-major fromBuffer copies live Int Slice or typed Int/Float Vector, exact count/dtype and lexical release gates; native Float LU returns (compact factors, permutation), QR returns (thin Q, R), using existing Tuple projections; finite factorization dimensions at most 32 with singular/domain rejection; readonly Matrix parameter borrows and caller-owned hidden-result copies preserve lifetimes and ordered arguments; scalar calls reclaim temporaries; runtime-shaped axis Vectors reuse native Vector/statistics and Random consumers; checked Int axis sums publish atomically; no whole-source projection or fixed report	NO_STABLE_RUNTIME_CLAIM	G178-S08
claim:d7f17cd593636cf4d2f40efc	Device	TARGET_GATED	TARGET_OR_ENVIRONMENT_JUSTIFIED	x86_64-systemv-elf-linux	sdk/interfaces/prelude/stdlib-registry.json	The actual native GPU backend is NONE/UNAVAILABLE and context creation fails with BACKEND_UNSUPPORTED; compiler/sdk/g022_gpu.py explicitly has no authenticated physical GPU/driver. The experimental Device export does not promise a CPU-reference device as physical hardware. No physical device is opened or claimed as runtime coverage. Native owner SHA256=9e29cefae606e8e345393de2d648fb882cff620a5e7dc4f3891b3fe6a37d426c	NO_STABLE_RUNTIME_CLAIM	G178-S08
claim:dcf575bdd5c2a2b8f3a8eb1c	scatter	EXCLUDED_1_0	CONTRACT_ONLY_NOT_COUNTED_AS_PUBLIC	x86_64-systemv-elf-linux	compiler/semantic/visual/g018_source_vertical.inc	Spelling alias only; inspect every qualified declaration: g018-declaration:Chart.scatter(points)	NO_STABLE_RUNTIME_CLAIM	G178-S08
claim:e3a8de44c8db1736ddaf18ce	isSquare	EXPERIMENTAL	BOUNDED_PUBLIC_EXECUTED_WITHIN_LIMITS	x86_64-systemv-elf-linux	compiler/semantic/matrix/g015_source_vertical.inc	Canonical native descriptor, actual Int64 (dimensions 0..8) / binary64 (0..64) operands; independent owned results and root-provenance views; row-major fromBuffer copies live Int Slice or typed Int/Float Vector, exact count/dtype and lexical release gates; native Float LU returns (compact factors, permutation), QR returns (thin Q, R), using existing Tuple projections; finite factorization dimensions at most 32 with singular/domain rejection; readonly Matrix parameter borrows and caller-owned hidden-result copies preserve lifetimes and ordered arguments; scalar calls reclaim temporaries; runtime-shaped axis Vectors reuse native Vector/statistics and Random consumers; checked Int axis sums publish atomically; no whole-source projection or fixed report	NO_STABLE_RUNTIME_CLAIM	G178-S08
claim:e6f03d9025ad1fba7a3c50c7	storageId	EXPERIMENTAL	BOUNDED_PUBLIC_EXECUTED_WITHIN_LIMITS	x86_64-systemv-elf-linux	compiler/semantic/tensor/g016_source_vertical.inc	Actual Bool/Int64/binary64 operands and native rank/shape/stride/root descriptors; Bool storage is packed bytes; CPU rank 0..6 and 4096 elements; Int construction/arithmetic retains C12 rank 0..3, dimensions 0..8 and 64 elements; index tensors from argMax retain full result geometry. Shape inputs are constant Int Tuples or material Int Vectors. fromBuffer copies exact typed Int/Float Vector, live Int Slice or checked 0/1 Bytes for Bool. Float selection uses equal shapes or explicit broadcastTo; map uses a typed noncapturing Float function and preserves ordered effects. Float reductions reject empty/nonfinite inputs and invalid axes; first argMax tie. Structural methods compose native owners; peers are 1..6 immutable Tensor names in a Tuple, split takes 1..6 exact sizes, padding has two entries per axis. Readonly function borrows and caller-owned result copies preserve lifetimes. Every cited oracle executes real source, including negatives and bounded-domain failures.	NO_STABLE_RUNTIME_CLAIM	G178-S08
claim:e9be758e3cbeade32a42f841	row	EXCLUDED_1_0	CONTRACT_ONLY_NOT_COUNTED_AS_PUBLIC	x86_64-systemv-elf-linux	compiler/semantic/visual/g018_source_vertical.inc	Spelling alias only; inspect every qualified declaration: g018-declaration:Layout.row(children)	NO_STABLE_RUNTIME_CLAIM	G178-S08
claim:ea7a3a79b3cc7c4a89f71f6e	elementCount	EXPERIMENTAL	BOUNDED_PUBLIC_EXECUTED_WITHIN_LIMITS	x86_64-systemv-elf-linux	compiler/semantic/tensor/g016_source_vertical.inc	Actual Bool/Int64/binary64 operands and native rank/shape/stride/root descriptors; Bool storage is packed bytes; CPU rank 0..6 and 4096 elements; Int construction/arithmetic retains C12 rank 0..3, dimensions 0..8 and 64 elements; index tensors from argMax retain full result geometry. Shape inputs are constant Int Tuples or material Int Vectors. fromBuffer copies exact typed Int/Float Vector, live Int Slice or checked 0/1 Bytes for Bool. Float selection uses equal shapes or explicit broadcastTo; map uses a typed noncapturing Float function and preserves ordered effects. Float reductions reject empty/nonfinite inputs and invalid axes; first argMax tie. Structural methods compose native owners; peers are 1..6 immutable Tensor names in a Tuple, split takes 1..6 exact sizes, padding has two entries per axis. Readonly function borrows and caller-owned result copies preserve lifetimes. Every cited oracle executes real source, including negatives and bounded-domain failures.	NO_STABLE_RUNTIME_CLAIM	G178-S08
claim:ebca1d83f744c097e92b7ec3	textInput	EXCLUDED_1_0	CONTRACT_ONLY_NOT_COUNTED_AS_PUBLIC	x86_64-systemv-elf-linux	compiler/semantic/visual/g018_source_vertical.inc	Spelling alias only; inspect every qualified declaration: g018-declaration:event.textInput()	NO_STABLE_RUNTIME_CLAIM	G178-S08
claim:ec314620f2a192265d5e39d2	new	EXCLUDED_1_0	CONTRACT_ONLY_NOT_COUNTED_AS_PUBLIC	x86_64-systemv-elf-linux	compiler/semantic/visual/g018_source_vertical.inc	Spelling alias only; inspect every qualified declaration: g018-declaration:Button.new(label); g018-declaration:TextInput.new(value); g018-declaration:Label.new(text)	NO_STABLE_RUNTIME_CLAIM	G178-S08
claim:ecf1a19f6e84236aeb8d2d52	dtype	EXPERIMENTAL	BOUNDED_PUBLIC_EXECUTED_WITHIN_LIMITS	x86_64-systemv-elf-linux	compiler/semantic/tensor/g016_source_vertical.inc	Actual Bool/Int64/binary64 operands and native rank/shape/stride/root descriptors; Bool storage is packed bytes; CPU rank 0..6 and 4096 elements; Int construction/arithmetic retains C12 rank 0..3, dimensions 0..8 and 64 elements; index tensors from argMax retain full result geometry. Shape inputs are constant Int Tuples or material Int Vectors. fromBuffer copies exact typed Int/Float Vector, live Int Slice or checked 0/1 Bytes for Bool. Float selection uses equal shapes or explicit broadcastTo; map uses a typed noncapturing Float function and preserves ordered effects. Float reductions reject empty/nonfinite inputs and invalid axes; first argMax tie. Structural methods compose native owners; peers are 1..6 immutable Tensor names in a Tuple, split takes 1..6 exact sizes, padding has two entries per axis. Readonly function borrows and caller-owned result copies preserve lifetimes. Every cited oracle executes real source, including negatives and bounded-domain failures.	NO_STABLE_RUNTIME_CLAIM	G178-S08
claim:edcd2d3b21e0c8e9efaef92d	Tensor	EXPERIMENTAL	BOUNDED_PUBLIC_EXECUTED_WITHIN_LIMITS	x86_64-systemv-elf-linux	compiler/semantic/tensor/g016_source_vertical.inc	Actual Bool/Int64/binary64 operands and native rank/shape/stride/root descriptors; Bool storage is packed bytes; CPU rank 0..6 and 4096 elements; Int construction/arithmetic retains C12 rank 0..3, dimensions 0..8 and 64 elements; index tensors from argMax retain full result geometry. Shape inputs are constant Int Tuples or material Int Vectors. fromBuffer copies exact typed Int/Float Vector, live Int Slice or checked 0/1 Bytes for Bool. Float selection uses equal shapes or explicit broadcastTo; map uses a typed noncapturing Float function and preserves ordered effects. Float reductions reject empty/nonfinite inputs and invalid axes; first argMax tie. Structural methods compose native owners; peers are 1..6 immutable Tensor names in a Tuple, split takes 1..6 exact sizes, padding has two entries per axis. Readonly function borrows and caller-owned result copies preserve lifetimes. Every cited oracle executes real source, including negatives and bounded-domain failures.	NO_STABLE_RUNTIME_CLAIM	G178-S08
claim:f0469eb8a7664220265b2c49	fromBuffer	EXPERIMENTAL	BOUNDED_PUBLIC_EXECUTED_WITHIN_LIMITS	x86_64-systemv-elf-linux	compiler/semantic/matrix/g015_source_vertical.inc	Canonical native descriptor, actual Int64 (dimensions 0..8) / binary64 (0..64) operands; independent owned results and root-provenance views; row-major fromBuffer copies live Int Slice or typed Int/Float Vector, exact count/dtype and lexical release gates; native Float LU returns (compact factors, permutation), QR returns (thin Q, R), using existing Tuple projections; finite factorization dimensions at most 32 with singular/domain rejection; readonly Matrix parameter borrows and caller-owned hidden-result copies preserve lifetimes and ordered arguments; scalar calls reclaim temporaries; runtime-shaped axis Vectors reuse native Vector/statistics and Random consumers; checked Int axis sums publish atomically; no whole-source projection or fixed report	NO_STABLE_RUNTIME_CLAIM	G178-S08
claim:f0534e0199a23ffff138f91f	pad	EXPERIMENTAL	BOUNDED_PUBLIC_EXECUTED_WITHIN_LIMITS	x86_64-systemv-elf-linux	compiler/semantic/tensor/g016_source_vertical.inc	Actual Bool/Int64/binary64 operands and native rank/shape/stride/root descriptors; Bool storage is packed bytes; CPU rank 0..6 and 4096 elements; Int construction/arithmetic retains C12 rank 0..3, dimensions 0..8 and 64 elements; index tensors from argMax retain full result geometry. Shape inputs are constant Int Tuples or material Int Vectors. fromBuffer copies exact typed Int/Float Vector, live Int Slice or checked 0/1 Bytes for Bool. Float selection uses equal shapes or explicit broadcastTo; map uses a typed noncapturing Float function and preserves ordered effects. Float reductions reject empty/nonfinite inputs and invalid axes; first argMax tie. Structural methods compose native owners; peers are 1..6 immutable Tensor names in a Tuple, split takes 1..6 exact sizes, padding has two entries per axis. Readonly function borrows and caller-owned result copies preserve lifetimes. Every cited oracle executes real source, including negatives and bounded-domain failures.	NO_STABLE_RUNTIME_CLAIM	G178-S08
claim:f1e007d7a52ffd680296d966	matmul	EXPERIMENTAL	BOUNDED_PUBLIC_EXECUTED_WITHIN_LIMITS	x86_64-systemv-elf-linux	compiler/semantic/matrix/g015_source_vertical.inc	Canonical native descriptor, actual Int64 (dimensions 0..8) / binary64 (0..64) operands; independent owned results and root-provenance views; row-major fromBuffer copies live Int Slice or typed Int/Float Vector, exact count/dtype and lexical release gates; native Float LU returns (compact factors, permutation), QR returns (thin Q, R), using existing Tuple projections; finite factorization dimensions at most 32 with singular/domain rejection; readonly Matrix parameter borrows and caller-owned hidden-result copies preserve lifetimes and ordered arguments; scalar calls reclaim temporaries; runtime-shaped axis Vectors reuse native Vector/statistics and Random consumers; checked Int axis sums publish atomically; no whole-source projection or fixed report	NO_STABLE_RUNTIME_CLAIM	G178-S08
claim:f1e533923a303ee5330a9950	axisSize	EXPERIMENTAL	BOUNDED_PUBLIC_EXECUTED_WITHIN_LIMITS	x86_64-systemv-elf-linux	compiler/semantic/tensor/g016_source_vertical.inc	Actual Bool/Int64/binary64 operands and native rank/shape/stride/root descriptors; Bool storage is packed bytes; CPU rank 0..6 and 4096 elements; Int construction/arithmetic retains C12 rank 0..3, dimensions 0..8 and 64 elements; index tensors from argMax retain full result geometry. Shape inputs are constant Int Tuples or material Int Vectors. fromBuffer copies exact typed Int/Float Vector, live Int Slice or checked 0/1 Bytes for Bool. Float selection uses equal shapes or explicit broadcastTo; map uses a typed noncapturing Float function and preserves ordered effects. Float reductions reject empty/nonfinite inputs and invalid axes; first argMax tie. Structural methods compose native owners; peers are 1..6 immutable Tensor names in a Tuple, split takes 1..6 exact sizes, padding has two entries per axis. Readonly function borrows and caller-owned result copies preserve lifetimes. Every cited oracle executes real source, including negatives and bounded-domain failures.	NO_STABLE_RUNTIME_CLAIM	G178-S08
claim:f425eab0428f11f66e951d15	trace	EXPERIMENTAL	BOUNDED_PUBLIC_EXECUTED_WITHIN_LIMITS	x86_64-systemv-elf-linux	compiler/semantic/matrix/g015_source_vertical.inc	Canonical native descriptor, actual Int64 (dimensions 0..8) / binary64 (0..64) operands; independent owned results and root-provenance views; row-major fromBuffer copies live Int Slice or typed Int/Float Vector, exact count/dtype and lexical release gates; native Float LU returns (compact factors, permutation), QR returns (thin Q, R), using existing Tuple projections; finite factorization dimensions at most 32 with singular/domain rejection; readonly Matrix parameter borrows and caller-owned hidden-result copies preserve lifetimes and ordered arguments; scalar calls reclaim temporaries; runtime-shaped axis Vectors reuse native Vector/statistics and Random consumers; checked Int axis sums publish atomically; no whole-source projection or fixed report	NO_STABLE_RUNTIME_CLAIM	G178-S08
claim:f575ae00aea7095cf6a87558	strides	EXPERIMENTAL	BOUNDED_PUBLIC_EXECUTED_WITHIN_LIMITS	x86_64-systemv-elf-linux	compiler/semantic/tensor/g016_source_vertical.inc	Actual Bool/Int64/binary64 operands and native rank/shape/stride/root descriptors; Bool storage is packed bytes; CPU rank 0..6 and 4096 elements; Int construction/arithmetic retains C12 rank 0..3, dimensions 0..8 and 64 elements; index tensors from argMax retain full result geometry. Shape inputs are constant Int Tuples or material Int Vectors. fromBuffer copies exact typed Int/Float Vector, live Int Slice or checked 0/1 Bytes for Bool. Float selection uses equal shapes or explicit broadcastTo; map uses a typed noncapturing Float function and preserves ordered effects. Float reductions reject empty/nonfinite inputs and invalid axes; first argMax tie. Structural methods compose native owners; peers are 1..6 immutable Tensor names in a Tuple, split takes 1..6 exact sizes, padding has two entries per axis. Readonly function borrows and caller-owned result copies preserve lifetimes. Every cited oracle executes real source, including negatives and bounded-domain failures.	NO_STABLE_RUNTIME_CLAIM	G178-S08
claim:f59f6ee74909ea6781e03705	line	EXCLUDED_1_0	CONTRACT_ONLY_NOT_COUNTED_AS_PUBLIC	x86_64-systemv-elf-linux	compiler/semantic/visual/g018_source_vertical.inc	Spelling alias only; inspect every qualified declaration: g018-declaration:canvas.line(from, to, paint); g018-declaration:Chart.line(series)	NO_STABLE_RUNTIME_CLAIM	G178-S08
claim:f751b8dd7f981c318eea9a3b	qr	EXPERIMENTAL	BOUNDED_PUBLIC_EXECUTED_WITHIN_LIMITS	x86_64-systemv-elf-linux	compiler/semantic/matrix/g015_source_vertical.inc	Canonical native descriptor, actual Int64 (dimensions 0..8) / binary64 (0..64) operands; independent owned results and root-provenance views; row-major fromBuffer copies live Int Slice or typed Int/Float Vector, exact count/dtype and lexical release gates; native Float LU returns (compact factors, permutation), QR returns (thin Q, R), using existing Tuple projections; finite factorization dimensions at most 32 with singular/domain rejection; readonly Matrix parameter borrows and caller-owned hidden-result copies preserve lifetimes and ordered arguments; scalar calls reclaim temporaries; runtime-shaped axis Vectors reuse native Vector/statistics and Random consumers; checked Int axis sums publish atomically; no whole-source projection or fixed report	NO_STABLE_RUNTIME_CLAIM	G178-S08
claim:f91d2749cc5cf8e1dd67cba1	present	EXCLUDED_1_0	CONTRACT_ONLY_NOT_COUNTED_AS_PUBLIC	x86_64-systemv-elf-linux	compiler/semantic/visual/g018_source_vertical.inc	Spelling alias only; inspect every qualified declaration: g018-declaration:window.present(canvas)	NO_STABLE_RUNTIME_CLAIM	G178-S08
claim:f9395df25b9ce0ac684c6a66	multiply	EXPERIMENTAL	BOUNDED_PUBLIC_EXECUTED_WITHIN_LIMITS	x86_64-systemv-elf-linux	compiler/semantic/tensor/g016_source_vertical.inc	Actual Bool/Int64/binary64 operands and native rank/shape/stride/root descriptors; Bool storage is packed bytes; CPU rank 0..6 and 4096 elements; Int construction/arithmetic retains C12 rank 0..3, dimensions 0..8 and 64 elements; index tensors from argMax retain full result geometry. Shape inputs are constant Int Tuples or material Int Vectors. fromBuffer copies exact typed Int/Float Vector, live Int Slice or checked 0/1 Bytes for Bool. Float selection uses equal shapes or explicit broadcastTo; map uses a typed noncapturing Float function and preserves ordered effects. Float reductions reject empty/nonfinite inputs and invalid axes; first argMax tie. Structural methods compose native owners; peers are 1..6 immutable Tensor names in a Tuple, split takes 1..6 exact sizes, padding has two entries per axis. Readonly function borrows and caller-owned result copies preserve lifetimes. Every cited oracle executes real source, including negatives and bounded-domain failures.	NO_STABLE_RUNTIME_CLAIM	G178-S08
claim:f9b3d318db7f2dcf739e26fa	text	EXCLUDED_1_0	CONTRACT_ONLY_NOT_COUNTED_AS_PUBLIC	x86_64-systemv-elf-linux	compiler/semantic/visual/g018_source_vertical.inc	Spelling alias only; inspect every qualified declaration: g018-declaration:canvas.text(text, position, font, paint)	NO_STABLE_RUNTIME_CLAIM	G178-S08
claim:fe3e9e19a3b6697bf30c3745	min	EXPERIMENTAL	BOUNDED_PUBLIC_EXECUTED_WITHIN_LIMITS	x86_64-systemv-elf-linux	compiler/semantic/matrix/g015_source_vertical.inc	Canonical native descriptor, actual Int64 (dimensions 0..8) / binary64 (0..64) operands; independent owned results and root-provenance views; row-major fromBuffer copies live Int Slice or typed Int/Float Vector, exact count/dtype and lexical release gates; native Float LU returns (compact factors, permutation), QR returns (thin Q, R), using existing Tuple projections; finite factorization dimensions at most 32 with singular/domain rejection; readonly Matrix parameter borrows and caller-owned hidden-result copies preserve lifetimes and ordered arguments; scalar calls reclaim temporaries; runtime-shaped axis Vectors reuse native Vector/statistics and Random consumers; checked Int axis sums publish atomically; no whole-source projection or fixed report	NO_STABLE_RUNTIME_CLAIM	G178-S08
completion:Array:asSlice	asSlice	EXCLUDED_1_0	SDK_OR_COMPLETION_ONLY_NOT_LANGUAGE_DECLARATION	x86_64-systemv-elf-linux	compiler/semantic/collections/array_range.asm	Array<T,N>.asSlice() -> Slice<T>	NO_STABLE_RUNTIME_CLAIM	G178-S08
completion:Array:length	length	EXCLUDED_1_0	SDK_OR_COMPLETION_ONLY_NOT_LANGUAGE_DECLARATION	x86_64-systemv-elf-linux	compiler/semantic/collections/array_range.asm	Array<T,N>.length() -> Int	NO_STABLE_RUNTIME_CLAIM	G178-S08
completion:Dict:clear	clear	EXCLUDED_1_0	SDK_OR_COMPLETION_ONLY_NOT_LANGUAGE_DECLARATION	x86_64-systemv-elf-linux	compiler/semantic/collections/g008_source_vertical.inc	Dict<K,V>.clear() -> Unit	NO_STABLE_RUNTIME_CLAIM	G178-S08
completion:Dict:containsKey	containsKey	EXCLUDED_1_0	SDK_OR_COMPLETION_ONLY_NOT_LANGUAGE_DECLARATION	x86_64-systemv-elf-linux	compiler/semantic/collections/g008_source_vertical.inc	Dict<K,V>.containsKey(key: K) -> Bool	NO_STABLE_RUNTIME_CLAIM	G178-S08
completion:Dict:get	get	EXCLUDED_1_0	SDK_OR_COMPLETION_ONLY_NOT_LANGUAGE_DECLARATION	x86_64-systemv-elf-linux	compiler/semantic/collections/g008_source_vertical.inc	Dict<K,V>.get(key: K) -> Option<V>	NO_STABLE_RUNTIME_CLAIM	G178-S08
completion:Dict:getMutable	getMutable	EXCLUDED_1_0	SDK_OR_COMPLETION_ONLY_NOT_LANGUAGE_DECLARATION	x86_64-systemv-elf-linux	compiler/semantic/collections/g008_source_vertical.inc	Dict<K,V>.getMutable(key: K) -> Option<&mut V>	NO_STABLE_RUNTIME_CLAIM	G178-S08
completion:Dict:insert	insert	EXCLUDED_1_0	SDK_OR_COMPLETION_ONLY_NOT_LANGUAGE_DECLARATION	x86_64-systemv-elf-linux	compiler/semantic/collections/g008_source_vertical.inc	Dict<K,V>.insert(key: K, value: V) -> Option<V>	NO_STABLE_RUNTIME_CLAIM	G178-S08
completion:Dict:length	length	EXCLUDED_1_0	SDK_OR_COMPLETION_ONLY_NOT_LANGUAGE_DECLARATION	x86_64-systemv-elf-linux	compiler/semantic/collections/g008_source_vertical.inc	Dict<K,V>.length() -> Int	NO_STABLE_RUNTIME_CLAIM	G178-S08
completion:Dict:remove	remove	EXCLUDED_1_0	SDK_OR_COMPLETION_ONLY_NOT_LANGUAGE_DECLARATION	x86_64-systemv-elf-linux	compiler/semantic/collections/g008_source_vertical.inc	Dict<K,V>.remove(key: K) -> Option<V>	NO_STABLE_RUNTIME_CLAIM	G178-S08
completion:Global:break	break	EXCLUDED_1_0	SDK_OR_COMPLETION_ONLY_NOT_LANGUAGE_DECLARATION	x86_64-systemv-elf-linux	compiler/semantic/index/project_symbol_index.asm	break	NO_STABLE_RUNTIME_CLAIM	G178-S08
completion:Global:console	console	EXCLUDED_1_0	SDK_OR_COMPLETION_ONLY_NOT_LANGUAGE_DECLARATION	x86_64-systemv-elf-linux	compiler/semantic/index/project_symbol_index.asm	console(value)	NO_STABLE_RUNTIME_CLAIM	G178-S08
completion:Global:continue	continue	EXCLUDED_1_0	SDK_OR_COMPLETION_ONLY_NOT_LANGUAGE_DECLARATION	x86_64-systemv-elf-linux	compiler/semantic/index/project_symbol_index.asm	continue	NO_STABLE_RUNTIME_CLAIM	G178-S08
completion:Global:else	else	EXCLUDED_1_0	SDK_OR_COMPLETION_ONLY_NOT_LANGUAGE_DECLARATION	x86_64-systemv-elf-linux	compiler/semantic/index/project_symbol_index.asm	else	NO_STABLE_RUNTIME_CLAIM	G178-S08
completion:Global:false	false	EXCLUDED_1_0	SDK_OR_COMPLETION_ONLY_NOT_LANGUAGE_DECLARATION	x86_64-systemv-elf-linux	compiler/semantic/index/project_symbol_index.asm	Bool.false	NO_STABLE_RUNTIME_CLAIM	G178-S08
completion:Global:for	for	EXCLUDED_1_0	SDK_OR_COMPLETION_ONLY_NOT_LANGUAGE_DECLARATION	x86_64-systemv-elf-linux	compiler/semantic/index/project_symbol_index.asm	for item in values	NO_STABLE_RUNTIME_CLAIM	G178-S08
completion:Global:if	if	EXCLUDED_1_0	SDK_OR_COMPLETION_ONLY_NOT_LANGUAGE_DECLARATION	x86_64-systemv-elf-linux	compiler/semantic/index/project_symbol_index.asm	if condition	NO_STABLE_RUNTIME_CLAIM	G178-S08
completion:Global:in	in	EXCLUDED_1_0	SDK_OR_COMPLETION_ONLY_NOT_LANGUAGE_DECLARATION	x86_64-systemv-elf-linux	compiler/semantic/index/project_symbol_index.asm	in	NO_STABLE_RUNTIME_CLAIM	G178-S08
completion:Global:loop	loop	EXCLUDED_1_0	SDK_OR_COMPLETION_ONLY_NOT_LANGUAGE_DECLARATION	x86_64-systemv-elf-linux	compiler/semantic/index/project_symbol_index.asm	loop	NO_STABLE_RUNTIME_CLAIM	G178-S08
completion:Global:return	return	EXCLUDED_1_0	SDK_OR_COMPLETION_ONLY_NOT_LANGUAGE_DECLARATION	x86_64-systemv-elf-linux	compiler/semantic/index/project_symbol_index.asm	return	NO_STABLE_RUNTIME_CLAIM	G178-S08
completion:Global:scan	scan	EXCLUDED_1_0	SDK_OR_COMPLETION_ONLY_NOT_LANGUAGE_DECLARATION	x86_64-systemv-elf-linux	compiler/semantic/index/project_symbol_index.asm	scan() -> Text	NO_STABLE_RUNTIME_CLAIM	G178-S08
completion:Global:start	start	EXCLUDED_1_0	SDK_OR_COMPLETION_ONLY_NOT_LANGUAGE_DECLARATION	x86_64-systemv-elf-linux	compiler/semantic/index/project_symbol_index.asm	start()	NO_STABLE_RUNTIME_CLAIM	G178-S08
completion:Global:true	true	EXCLUDED_1_0	SDK_OR_COMPLETION_ONLY_NOT_LANGUAGE_DECLARATION	x86_64-systemv-elf-linux	compiler/semantic/index/project_symbol_index.asm	Bool.true	NO_STABLE_RUNTIME_CLAIM	G178-S08
completion:Global:while	while	EXCLUDED_1_0	SDK_OR_COMPLETION_ONLY_NOT_LANGUAGE_DECLARATION	x86_64-systemv-elf-linux	compiler/semantic/index/project_symbol_index.asm	while condition	NO_STABLE_RUNTIME_CLAIM	G178-S08
completion:List:clear	clear	EXCLUDED_1_0	SDK_OR_COMPLETION_ONLY_NOT_LANGUAGE_DECLARATION	x86_64-systemv-elf-linux	compiler/semantic/collections/g007_source_vertical.inc	List<T>.clear() -> Unit	NO_STABLE_RUNTIME_CLAIM	G178-S08
completion:List:get	get	EXCLUDED_1_0	SDK_OR_COMPLETION_ONLY_NOT_LANGUAGE_DECLARATION	x86_64-systemv-elf-linux	compiler/semantic/collections/g007_source_vertical.inc	List<T>.get(index: Int) -> Option<T>	NO_STABLE_RUNTIME_CLAIM	G178-S08
completion:List:length	length	EXCLUDED_1_0	SDK_OR_COMPLETION_ONLY_NOT_LANGUAGE_DECLARATION	x86_64-systemv-elf-linux	compiler/semantic/collections/g007_source_vertical.inc	List<T>.length() -> Int	NO_STABLE_RUNTIME_CLAIM	G178-S08
completion:List:pop	pop	EXCLUDED_1_0	SDK_OR_COMPLETION_ONLY_NOT_LANGUAGE_DECLARATION	x86_64-systemv-elf-linux	compiler/semantic/collections/g007_source_vertical.inc	List<T>.pop() -> Option<T>	NO_STABLE_RUNTIME_CLAIM	G178-S08
completion:List:push	push	EXCLUDED_1_0	SDK_OR_COMPLETION_ONLY_NOT_LANGUAGE_DECLARATION	x86_64-systemv-elf-linux	compiler/semantic/collections/g007_source_vertical.inc	List<T>.push(value: T) -> Unit	NO_STABLE_RUNTIME_CLAIM	G178-S08
completion:List:swapRemove	swapRemove	EXCLUDED_1_0	SDK_OR_COMPLETION_ONLY_NOT_LANGUAGE_DECLARATION	x86_64-systemv-elf-linux	compiler/semantic/collections/g007_source_vertical.inc	List<T>.swapRemove(index: Int) -> T	NO_STABLE_RUNTIME_CLAIM	G178-S08
completion:Matrix:add	add	EXCLUDED_1_0	SDK_OR_COMPLETION_ONLY_NOT_LANGUAGE_DECLARATION	x86_64-systemv-elf-linux	compiler/semantic/structural/legacy_source_verticals.asm	Matrix<T>.add(other: Matrix<T>) -> Matrix<T>	NO_STABLE_RUNTIME_CLAIM	G178-S08
completion:Matrix:at	at	EXCLUDED_1_0	SDK_OR_COMPLETION_ONLY_NOT_LANGUAGE_DECLARATION	x86_64-systemv-elf-linux	compiler/semantic/structural/legacy_source_verticals.asm	Matrix<T>.at(row: Int, column: Int) -> T	NO_STABLE_RUNTIME_CLAIM	G178-S08
completion:Matrix:column	column	EXCLUDED_1_0	SDK_OR_COMPLETION_ONLY_NOT_LANGUAGE_DECLARATION	x86_64-systemv-elf-linux	compiler/semantic/structural/legacy_source_verticals.asm	Matrix<T>.column(index: Int) -> VectorView<T>	NO_STABLE_RUNTIME_CLAIM	G178-S08
completion:Matrix:columns	columns	EXCLUDED_1_0	SDK_OR_COMPLETION_ONLY_NOT_LANGUAGE_DECLARATION	x86_64-systemv-elf-linux	compiler/semantic/structural/legacy_source_verticals.asm	Matrix<T>.columns() -> Int	NO_STABLE_RUNTIME_CLAIM	G178-S08
completion:Matrix:contiguous	contiguous	EXCLUDED_1_0	SDK_OR_COMPLETION_ONLY_NOT_LANGUAGE_DECLARATION	x86_64-systemv-elf-linux	compiler/semantic/structural/legacy_source_verticals.asm	MatrixView<T>.contiguous() -> Matrix<T>	NO_STABLE_RUNTIME_CLAIM	G178-S08
completion:Matrix:matmul	matmul	EXCLUDED_1_0	SDK_OR_COMPLETION_ONLY_NOT_LANGUAGE_DECLARATION	x86_64-systemv-elf-linux	compiler/semantic/structural/legacy_source_verticals.asm	Matrix<T>.matmul(other: Matrix<T>) -> Matrix<T>	NO_STABLE_RUNTIME_CLAIM	G178-S08
completion:Matrix:max	max	EXCLUDED_1_0	SDK_OR_COMPLETION_ONLY_NOT_LANGUAGE_DECLARATION	x86_64-systemv-elf-linux	compiler/semantic/structural/legacy_source_verticals.asm	Matrix<T>.max() -> T	NO_STABLE_RUNTIME_CLAIM	G178-S08
completion:Matrix:min	min	EXCLUDED_1_0	SDK_OR_COMPLETION_ONLY_NOT_LANGUAGE_DECLARATION	x86_64-systemv-elf-linux	compiler/semantic/structural/legacy_source_verticals.asm	Matrix<T>.min() -> T	NO_STABLE_RUNTIME_CLAIM	G178-S08
completion:Matrix:row	row	EXCLUDED_1_0	SDK_OR_COMPLETION_ONLY_NOT_LANGUAGE_DECLARATION	x86_64-systemv-elf-linux	compiler/semantic/structural/legacy_source_verticals.asm	Matrix<T>.row(index: Int) -> VectorView<T>	NO_STABLE_RUNTIME_CLAIM	G178-S08
completion:Matrix:rows	rows	EXCLUDED_1_0	SDK_OR_COMPLETION_ONLY_NOT_LANGUAGE_DECLARATION	x86_64-systemv-elf-linux	compiler/semantic/structural/legacy_source_verticals.asm	Matrix<T>.rows() -> Int	NO_STABLE_RUNTIME_CLAIM	G178-S08
completion:Matrix:set	set	EXCLUDED_1_0	SDK_OR_COMPLETION_ONLY_NOT_LANGUAGE_DECLARATION	x86_64-systemv-elf-linux	compiler/semantic/structural/legacy_source_verticals.asm	Matrix<T>.set(row: Int, column: Int, value: T) -> Matrix<T>	NO_STABLE_RUNTIME_CLAIM	G178-S08
completion:Matrix:sum	sum	EXCLUDED_1_0	SDK_OR_COMPLETION_ONLY_NOT_LANGUAGE_DECLARATION	x86_64-systemv-elf-linux	compiler/semantic/structural/legacy_source_verticals.asm	Matrix<T>.sum() -> T	NO_STABLE_RUNTIME_CLAIM	G178-S08
completion:Matrix:transposeView	transposeView	EXCLUDED_1_0	SDK_OR_COMPLETION_ONLY_NOT_LANGUAGE_DECLARATION	x86_64-systemv-elf-linux	compiler/semantic/structural/legacy_source_verticals.asm	Matrix<T>.transposeView() -> MatrixView<T>	NO_STABLE_RUNTIME_CLAIM	G178-S08
completion:Text:byteLength	byteLength	EXCLUDED_1_0	SDK_OR_COMPLETION_ONLY_NOT_LANGUAGE_DECLARATION	x86_64-systemv-elf-linux	compiler/parser/text_char_bytes_api_contract.asm	Text.byteLength() -> Int	NO_STABLE_RUNTIME_CLAIM	G178-S08
completion:Text:codepointCount	codepointCount	EXCLUDED_1_0	SDK_OR_COMPLETION_ONLY_NOT_LANGUAGE_DECLARATION	x86_64-systemv-elf-linux	compiler/parser/text_char_bytes_api_contract.asm	Text.codepointCount() -> Int	NO_STABLE_RUNTIME_CLAIM	G178-S08
completion:Text:contains	contains	EXCLUDED_1_0	SDK_OR_COMPLETION_ONLY_NOT_LANGUAGE_DECLARATION	x86_64-systemv-elf-linux	compiler/parser/text_char_bytes_api_contract.asm	Text.contains(needle: Text) -> Bool	NO_STABLE_RUNTIME_CLAIM	G178-S08
completion:Text:endsWith	endsWith	EXCLUDED_1_0	SDK_OR_COMPLETION_ONLY_NOT_LANGUAGE_DECLARATION	x86_64-systemv-elf-linux	compiler/parser/text_char_bytes_api_contract.asm	Text.endsWith(suffix: Text) -> Bool	NO_STABLE_RUNTIME_CLAIM	G178-S08
completion:Text:isEmpty	isEmpty	EXCLUDED_1_0	SDK_OR_COMPLETION_ONLY_NOT_LANGUAGE_DECLARATION	x86_64-systemv-elf-linux	compiler/parser/text_char_bytes_api_contract.asm	Text.isEmpty() -> Bool	NO_STABLE_RUNTIME_CLAIM	G178-S08
completion:Text:lower	lower	EXCLUDED_1_0	SDK_OR_COMPLETION_ONLY_NOT_LANGUAGE_DECLARATION	x86_64-systemv-elf-linux	compiler/parser/text_char_bytes_api_contract.asm	Text.lower() -> Text	NO_STABLE_RUNTIME_CLAIM	G178-S08
completion:Text:split	split	EXCLUDED_1_0	SDK_OR_COMPLETION_ONLY_NOT_LANGUAGE_DECLARATION	x86_64-systemv-elf-linux	compiler/parser/text_char_bytes_api_contract.asm	Text.split(separator: Text) -> List<Text>	NO_STABLE_RUNTIME_CLAIM	G178-S08
completion:Text:startsWith	startsWith	EXCLUDED_1_0	SDK_OR_COMPLETION_ONLY_NOT_LANGUAGE_DECLARATION	x86_64-systemv-elf-linux	compiler/parser/text_char_bytes_api_contract.asm	Text.startsWith(prefix: Text) -> Bool	NO_STABLE_RUNTIME_CLAIM	G178-S08
completion:Text:trim	trim	EXCLUDED_1_0	SDK_OR_COMPLETION_ONLY_NOT_LANGUAGE_DECLARATION	x86_64-systemv-elf-linux	compiler/parser/text_char_bytes_api_contract.asm	Text.trim() -> Text	NO_STABLE_RUNTIME_CLAIM	G178-S08
completion:Text:upper	upper	EXCLUDED_1_0	SDK_OR_COMPLETION_ONLY_NOT_LANGUAGE_DECLARATION	x86_64-systemv-elf-linux	compiler/parser/text_char_bytes_api_contract.asm	Text.upper() -> Text	NO_STABLE_RUNTIME_CLAIM	G178-S08
g018-declaration:Button.new(label)	Button.new(label)	EXCLUDED_1_0	CONTRACT_ONLY_NOT_COUNTED_AS_PUBLIC	x86_64-systemv-elf-linux	corrected-catalog:G018.md	Corrected G018 explicitly says general GUI is not available and marks this high-level declaration P. Internal native/seed probes do not establish a source-visible implementation. It is not reclassified as a tested public API or as live evidence. Cria botão com estado e eventos. Corrected G018 SHA256=0944468ee395ee0c83aa6697baf52d111053327405fafd499e3cf08d57031718	NO_STABLE_RUNTIME_CLAIM	G178-S08
g018-declaration:Canvas.create(width, height)	Canvas.create(width, height)	EXCLUDED_1_0	CONTRACT_ONLY_NOT_COUNTED_AS_PUBLIC	x86_64-systemv-elf-linux	corrected-catalog:G018.md	Corrected G018 explicitly says general GUI is not available and marks this high-level declaration P. Internal native/seed probes do not establish a source-visible implementation. It is not reclassified as a tested public API or as live evidence. Cria superfície de desenho. Corrected G018 SHA256=0944468ee395ee0c83aa6697baf52d111053327405fafd499e3cf08d57031718	NO_STABLE_RUNTIME_CLAIM	G178-S08
g018-declaration:Chart.bar(categories, values)	Chart.bar(categories, values)	EXCLUDED_1_0	CONTRACT_ONLY_NOT_COUNTED_AS_PUBLIC	x86_64-systemv-elf-linux	corrected-catalog:G018.md	Corrected G018 explicitly says general GUI is not available and marks this high-level declaration P. Internal native/seed probes do not establish a source-visible implementation. It is not reclassified as a tested public API or as live evidence. Cria barras. Corrected G018 SHA256=0944468ee395ee0c83aa6697baf52d111053327405fafd499e3cf08d57031718	NO_STABLE_RUNTIME_CLAIM	G178-S08
g018-declaration:Chart.histogram(values, bins)	Chart.histogram(values, bins)	EXCLUDED_1_0	CONTRACT_ONLY_NOT_COUNTED_AS_PUBLIC	x86_64-systemv-elf-linux	corrected-catalog:G018.md	Corrected G018 explicitly says general GUI is not available and marks this high-level declaration P. Internal native/seed probes do not establish a source-visible implementation. It is not reclassified as a tested public API or as live evidence. Cria histograma. Corrected G018 SHA256=0944468ee395ee0c83aa6697baf52d111053327405fafd499e3cf08d57031718	NO_STABLE_RUNTIME_CLAIM	G178-S08
g018-declaration:Chart.line(series)	Chart.line(series)	EXCLUDED_1_0	CONTRACT_ONLY_NOT_COUNTED_AS_PUBLIC	x86_64-systemv-elf-linux	corrected-catalog:G018.md	Corrected G018 explicitly says general GUI is not available and marks this high-level declaration P. Internal native/seed probes do not establish a source-visible implementation. It is not reclassified as a tested public API or as live evidence. Cria gráfico de linhas. Corrected G018 SHA256=0944468ee395ee0c83aa6697baf52d111053327405fafd499e3cf08d57031718	NO_STABLE_RUNTIME_CLAIM	G178-S08
g018-declaration:Chart.scatter(points)	Chart.scatter(points)	EXCLUDED_1_0	CONTRACT_ONLY_NOT_COUNTED_AS_PUBLIC	x86_64-systemv-elf-linux	corrected-catalog:G018.md	Corrected G018 explicitly says general GUI is not available and marks this high-level declaration P. Internal native/seed probes do not establish a source-visible implementation. It is not reclassified as a tested public API or as live evidence. Cria scatter plot. Corrected G018 SHA256=0944468ee395ee0c83aa6697baf52d111053327405fafd499e3cf08d57031718	NO_STABLE_RUNTIME_CLAIM	G178-S08
g018-declaration:Console.scan()	Console.scan()	TARGET_GATED	TARGET_OR_ENVIRONMENT_JUSTIFIED	x86_64-systemv-elf-linux	corrected-catalog:G018.md	The admitted immediate Console-result chain Text.console().scan() emits the canonical live Console input owner with binding/pending identity. Runtime requires a registered live frontend and normalized input events; this headless mission cannot count it as executed. Text.scan mock/replay is proved separately. Named Console binding calls are outside the existing immediate-chain profile. Corrected G018 SHA256=0944468ee395ee0c83aa6697baf52d111053327405fafd499e3cf08d57031718	NO_STABLE_RUNTIME_CLAIM	G178-S08
g018-declaration:Label.new(text)	Label.new(text)	EXCLUDED_1_0	CONTRACT_ONLY_NOT_COUNTED_AS_PUBLIC	x86_64-systemv-elf-linux	corrected-catalog:G018.md	Corrected G018 explicitly says general GUI is not available and marks this high-level declaration P. Internal native/seed probes do not establish a source-visible implementation. It is not reclassified as a tested public API or as live evidence. Cria texto estático. Corrected G018 SHA256=0944468ee395ee0c83aa6697baf52d111053327405fafd499e3cf08d57031718	NO_STABLE_RUNTIME_CLAIM	G178-S08
g018-declaration:Layout.column(children)	Layout.column(children)	EXCLUDED_1_0	CONTRACT_ONLY_NOT_COUNTED_AS_PUBLIC	x86_64-systemv-elf-linux	corrected-catalog:G018.md	Corrected G018 explicitly says general GUI is not available and marks this high-level declaration P. Internal native/seed probes do not establish a source-visible implementation. It is not reclassified as a tested public API or as live evidence. Organiza verticalmente. Corrected G018 SHA256=0944468ee395ee0c83aa6697baf52d111053327405fafd499e3cf08d57031718	NO_STABLE_RUNTIME_CLAIM	G178-S08
g018-declaration:Layout.grid(spec, children)	Layout.grid(spec, children)	EXCLUDED_1_0	CONTRACT_ONLY_NOT_COUNTED_AS_PUBLIC	x86_64-systemv-elf-linux	corrected-catalog:G018.md	Corrected G018 explicitly says general GUI is not available and marks this high-level declaration P. Internal native/seed probes do not establish a source-visible implementation. It is not reclassified as a tested public API or as live evidence. Organiza em grelha. Corrected G018 SHA256=0944468ee395ee0c83aa6697baf52d111053327405fafd499e3cf08d57031718	NO_STABLE_RUNTIME_CLAIM	G178-S08
g018-declaration:Layout.row(children)	Layout.row(children)	EXCLUDED_1_0	CONTRACT_ONLY_NOT_COUNTED_AS_PUBLIC	x86_64-systemv-elf-linux	corrected-catalog:G018.md	Corrected G018 explicitly says general GUI is not available and marks this high-level declaration P. Internal native/seed probes do not establish a source-visible implementation. It is not reclassified as a tested public API or as live evidence. Organiza horizontalmente. Corrected G018 SHA256=0944468ee395ee0c83aa6697baf52d111053327405fafd499e3cf08d57031718	NO_STABLE_RUNTIME_CLAIM	G178-S08
g018-declaration:RED.color()	RED.color()	EXCLUDED_1_0	CONTRACT_ONLY_NOT_COUNTED_AS_PUBLIC	x86_64-systemv-elf-linux	corrected-catalog:G018.md	The corrected G018 explicitly identifies RED.color as a fixture/contract rather than a complete style system. The nominal public Color constructors/roles have separate executed rows; no RED value constructor is invented. Corrected G018 SHA256=0944468ee395ee0c83aa6697baf52d111053327405fafd499e3cf08d57031718	NO_STABLE_RUNTIME_CLAIM	G178-S08
g018-declaration:TextInput.new(value)	TextInput.new(value)	EXCLUDED_1_0	CONTRACT_ONLY_NOT_COUNTED_AS_PUBLIC	x86_64-systemv-elf-linux	corrected-catalog:G018.md	Corrected G018 explicitly says general GUI is not available and marks this high-level declaration P. Internal native/seed probes do not establish a source-visible implementation. It is not reclassified as a tested public API or as live evidence. Cria campo editável com Unicode/input. Corrected G018 SHA256=0944468ee395ee0c83aa6697baf52d111053327405fafd499e3cf08d57031718	NO_STABLE_RUNTIME_CLAIM	G178-S08
g018-declaration:Window.create(options)	Window.create(options)	EXCLUDED_1_0	CONTRACT_ONLY_NOT_COUNTED_AS_PUBLIC	x86_64-systemv-elf-linux	corrected-catalog:G018.md	Corrected G018 explicitly says general GUI is not available and marks this high-level declaration P. Internal native/seed probes do not establish a source-visible implementation. It is not reclassified as a tested public API or as live evidence. Cria janela nativa com tamanho, título e flags. Corrected G018 SHA256=0944468ee395ee0c83aa6697baf52d111053327405fafd499e3cf08d57031718	NO_STABLE_RUNTIME_CLAIM	G178-S08
g018-declaration:canvas.circle(center, radius, paint)	canvas.circle(center, radius, paint)	EXCLUDED_1_0	CONTRACT_ONLY_NOT_COUNTED_AS_PUBLIC	x86_64-systemv-elf-linux	corrected-catalog:G018.md	Corrected G018 explicitly says general GUI is not available and marks this high-level declaration P. Internal native/seed probes do not establish a source-visible implementation. It is not reclassified as a tested public API or as live evidence. Desenha círculo. Corrected G018 SHA256=0944468ee395ee0c83aa6697baf52d111053327405fafd499e3cf08d57031718	NO_STABLE_RUNTIME_CLAIM	G178-S08
g018-declaration:canvas.clear(color)	canvas.clear(color)	EXCLUDED_1_0	CONTRACT_ONLY_NOT_COUNTED_AS_PUBLIC	x86_64-systemv-elf-linux	corrected-catalog:G018.md	Corrected G018 explicitly says general GUI is not available and marks this high-level declaration P. Internal native/seed probes do not establish a source-visible implementation. It is not reclassified as a tested public API or as live evidence. Preenche superfície. Corrected G018 SHA256=0944468ee395ee0c83aa6697baf52d111053327405fafd499e3cf08d57031718	NO_STABLE_RUNTIME_CLAIM	G178-S08
g018-declaration:canvas.image(image, destination)	canvas.image(image, destination)	EXCLUDED_1_0	CONTRACT_ONLY_NOT_COUNTED_AS_PUBLIC	x86_64-systemv-elf-linux	corrected-catalog:G018.md	Corrected G018 explicitly says general GUI is not available and marks this high-level declaration P. Internal native/seed probes do not establish a source-visible implementation. It is not reclassified as a tested public API or as live evidence. Compõe imagem. Corrected G018 SHA256=0944468ee395ee0c83aa6697baf52d111053327405fafd499e3cf08d57031718	NO_STABLE_RUNTIME_CLAIM	G178-S08
g018-declaration:canvas.line(from, to, paint)	canvas.line(from, to, paint)	EXCLUDED_1_0	CONTRACT_ONLY_NOT_COUNTED_AS_PUBLIC	x86_64-systemv-elf-linux	corrected-catalog:G018.md	Corrected G018 explicitly says general GUI is not available and marks this high-level declaration P. Internal native/seed probes do not establish a source-visible implementation. It is not reclassified as a tested public API or as live evidence. Desenha segmento. Corrected G018 SHA256=0944468ee395ee0c83aa6697baf52d111053327405fafd499e3cf08d57031718	NO_STABLE_RUNTIME_CLAIM	G178-S08
g018-declaration:canvas.rectangle(rect, paint)	canvas.rectangle(rect, paint)	EXCLUDED_1_0	CONTRACT_ONLY_NOT_COUNTED_AS_PUBLIC	x86_64-systemv-elf-linux	corrected-catalog:G018.md	Corrected G018 explicitly says general GUI is not available and marks this high-level declaration P. Internal native/seed probes do not establish a source-visible implementation. It is not reclassified as a tested public API or as live evidence. Desenha/preenche retângulo. Corrected G018 SHA256=0944468ee395ee0c83aa6697baf52d111053327405fafd499e3cf08d57031718	NO_STABLE_RUNTIME_CLAIM	G178-S08
g018-declaration:canvas.text(text, position, font, paint)	canvas.text(text, position, font, paint)	EXCLUDED_1_0	CONTRACT_ONLY_NOT_COUNTED_AS_PUBLIC	x86_64-systemv-elf-linux	corrected-catalog:G018.md	Corrected G018 explicitly says general GUI is not available and marks this high-level declaration P. Internal native/seed probes do not establish a source-visible implementation. It is not reclassified as a tested public API or as live evidence. Renderiza texto. Corrected G018 SHA256=0944468ee395ee0c83aa6697baf52d111053327405fafd499e3cf08d57031718	NO_STABLE_RUNTIME_CLAIM	G178-S08
g018-declaration:chart.axis(axis, options)	chart.axis(axis, options)	EXCLUDED_1_0	CONTRACT_ONLY_NOT_COUNTED_AS_PUBLIC	x86_64-systemv-elf-linux	corrected-catalog:G018.md	Corrected G018 explicitly says general GUI is not available and marks this high-level declaration P. Internal native/seed probes do not establish a source-visible implementation. It is not reclassified as a tested public API or as live evidence. Configura escala, label e limites. Corrected G018 SHA256=0944468ee395ee0c83aa6697baf52d111053327405fafd499e3cf08d57031718	NO_STABLE_RUNTIME_CLAIM	G178-S08
g018-declaration:chart.legend(options)	chart.legend(options)	EXCLUDED_1_0	CONTRACT_ONLY_NOT_COUNTED_AS_PUBLIC	x86_64-systemv-elf-linux	corrected-catalog:G018.md	Corrected G018 explicitly says general GUI is not available and marks this high-level declaration P. Internal native/seed probes do not establish a source-visible implementation. It is not reclassified as a tested public API or as live evidence. Configura legenda. Corrected G018 SHA256=0944468ee395ee0c83aa6697baf52d111053327405fafd499e3cf08d57031718	NO_STABLE_RUNTIME_CLAIM	G178-S08
g018-declaration:chart.render(canvas)	chart.render(canvas)	EXCLUDED_1_0	CONTRACT_ONLY_NOT_COUNTED_AS_PUBLIC	x86_64-systemv-elf-linux	corrected-catalog:G018.md	Corrected G018 explicitly says general GUI is not available and marks this high-level declaration P. Internal native/seed probes do not establish a source-visible implementation. It is not reclassified as a tested public API or as live evidence. Renderiza numa superfície. Corrected G018 SHA256=0944468ee395ee0c83aa6697baf52d111053327405fafd499e3cf08d57031718	NO_STABLE_RUNTIME_CLAIM	G178-S08
g018-declaration:chart.title(text)	chart.title(text)	EXCLUDED_1_0	CONTRACT_ONLY_NOT_COUNTED_AS_PUBLIC	x86_64-systemv-elf-linux	corrected-catalog:G018.md	Corrected G018 explicitly says general GUI is not available and marks this high-level declaration P. Internal native/seed probes do not establish a source-visible implementation. It is not reclassified as a tested public API or as live evidence. Define título. Corrected G018 SHA256=0944468ee395ee0c83aa6697baf52d111053327405fafd499e3cf08d57031718	NO_STABLE_RUNTIME_CLAIM	G178-S08
g018-declaration:event.key()	event.key()	EXCLUDED_1_0	CONTRACT_ONLY_NOT_COUNTED_AS_PUBLIC	x86_64-systemv-elf-linux	corrected-catalog:G018.md	Corrected G018 explicitly says general GUI is not available and marks this high-level declaration P. Internal native/seed probes do not establish a source-visible implementation. It is not reclassified as a tested public API or as live evidence. Obtém key event tipado. Corrected G018 SHA256=0944468ee395ee0c83aa6697baf52d111053327405fafd499e3cf08d57031718	NO_STABLE_RUNTIME_CLAIM	G178-S08
g018-declaration:event.kind()	event.kind()	EXCLUDED_1_0	CONTRACT_ONLY_NOT_COUNTED_AS_PUBLIC	x86_64-systemv-elf-linux	corrected-catalog:G018.md	Corrected G018 explicitly says general GUI is not available and marks this high-level declaration P. Internal native/seed probes do not establish a source-visible implementation. It is not reclassified as a tested public API or as live evidence. Classifica key, pointer, resize, close, focus, etc. Corrected G018 SHA256=0944468ee395ee0c83aa6697baf52d111053327405fafd499e3cf08d57031718	NO_STABLE_RUNTIME_CLAIM	G178-S08
g018-declaration:event.pointer()	event.pointer()	EXCLUDED_1_0	CONTRACT_ONLY_NOT_COUNTED_AS_PUBLIC	x86_64-systemv-elf-linux	corrected-catalog:G018.md	Corrected G018 explicitly says general GUI is not available and marks this high-level declaration P. Internal native/seed probes do not establish a source-visible implementation. It is not reclassified as a tested public API or as live evidence. Obtém posição, botão e wheel. Corrected G018 SHA256=0944468ee395ee0c83aa6697baf52d111053327405fafd499e3cf08d57031718	NO_STABLE_RUNTIME_CLAIM	G178-S08
g018-declaration:event.preventDefault()	event.preventDefault()	EXCLUDED_1_0	CONTRACT_ONLY_NOT_COUNTED_AS_PUBLIC	x86_64-systemv-elf-linux	corrected-catalog:G018.md	Corrected G018 explicitly says general GUI is not available and marks this high-level declaration P. Internal native/seed probes do not establish a source-visible implementation. It is not reclassified as a tested public API or as live evidence. Controla comportamento apenas onde contrato permitir. Corrected G018 SHA256=0944468ee395ee0c83aa6697baf52d111053327405fafd499e3cf08d57031718	NO_STABLE_RUNTIME_CLAIM	G178-S08
g018-declaration:event.resize()	event.resize()	EXCLUDED_1_0	CONTRACT_ONLY_NOT_COUNTED_AS_PUBLIC	x86_64-systemv-elf-linux	corrected-catalog:G018.md	Corrected G018 explicitly says general GUI is not available and marks this high-level declaration P. Internal native/seed probes do not establish a source-visible implementation. It is not reclassified as a tested public API or as live evidence. Obtém novas dimensões. Corrected G018 SHA256=0944468ee395ee0c83aa6697baf52d111053327405fafd499e3cf08d57031718	NO_STABLE_RUNTIME_CLAIM	G178-S08
g018-declaration:event.textInput()	event.textInput()	EXCLUDED_1_0	CONTRACT_ONLY_NOT_COUNTED_AS_PUBLIC	x86_64-systemv-elf-linux	corrected-catalog:G018.md	Corrected G018 explicitly says general GUI is not available and marks this high-level declaration P. Internal native/seed probes do not establish a source-visible implementation. It is not reclassified as a tested public API or as live evidence. Obtém texto já processado pelo sistema de input. Corrected G018 SHA256=0944468ee395ee0c83aa6697baf52d111053327405fafd499e3cf08d57031718	NO_STABLE_RUNTIME_CLAIM	G178-S08
g018-declaration:widget.accessibility()	widget.accessibility()	EXCLUDED_1_0	CONTRACT_ONLY_NOT_COUNTED_AS_PUBLIC	x86_64-systemv-elf-linux	corrected-catalog:G018.md	Corrected G018 explicitly says general GUI is not available and marks this high-level declaration P. Internal native/seed probes do not establish a source-visible implementation. It is not reclassified as a tested public API or as live evidence. Expõe role/name/state. Corrected G018 SHA256=0944468ee395ee0c83aa6697baf52d111053327405fafd499e3cf08d57031718	NO_STABLE_RUNTIME_CLAIM	G178-S08
g018-declaration:widget.on(event, handler)	widget.on(event, handler)	EXCLUDED_1_0	CONTRACT_ONLY_NOT_COUNTED_AS_PUBLIC	x86_64-systemv-elf-linux	corrected-catalog:G018.md	Corrected G018 explicitly says general GUI is not available and marks this high-level declaration P. Internal native/seed probes do not establish a source-visible implementation. It is not reclassified as a tested public API or as live evidence. Liga handler com lifetime controlado. Corrected G018 SHA256=0944468ee395ee0c83aa6697baf52d111053327405fafd499e3cf08d57031718	NO_STABLE_RUNTIME_CLAIM	G178-S08
g018-declaration:window.close()	window.close()	EXCLUDED_1_0	CONTRACT_ONLY_NOT_COUNTED_AS_PUBLIC	x86_64-systemv-elf-linux	corrected-catalog:G018.md	Corrected G018 explicitly says general GUI is not available and marks this high-level declaration P. Internal native/seed probes do not establish a source-visible implementation. It is not reclassified as a tested public API or as live evidence. Encerra e emite evento de lifecycle. Corrected G018 SHA256=0944468ee395ee0c83aa6697baf52d111053327405fafd499e3cf08d57031718	NO_STABLE_RUNTIME_CLAIM	G178-S08
g018-declaration:window.events()	window.events()	EXCLUDED_1_0	CONTRACT_ONLY_NOT_COUNTED_AS_PUBLIC	x86_64-systemv-elf-linux	corrected-catalog:G018.md	Corrected G018 explicitly says general GUI is not available and marks this high-level declaration P. Internal native/seed probes do not establish a source-visible implementation. It is not reclassified as a tested public API or as live evidence. Produz Stream<Event> da janela. Corrected G018 SHA256=0944468ee395ee0c83aa6697baf52d111053327405fafd499e3cf08d57031718	NO_STABLE_RUNTIME_CLAIM	G178-S08
g018-declaration:window.hide()	window.hide()	EXCLUDED_1_0	CONTRACT_ONLY_NOT_COUNTED_AS_PUBLIC	x86_64-systemv-elf-linux	corrected-catalog:G018.md	Corrected G018 explicitly says general GUI is not available and marks this high-level declaration P. Internal native/seed probes do not establish a source-visible implementation. It is not reclassified as a tested public API or as live evidence. Oculta sem destruir. Corrected G018 SHA256=0944468ee395ee0c83aa6697baf52d111053327405fafd499e3cf08d57031718	NO_STABLE_RUNTIME_CLAIM	G178-S08
g018-declaration:window.present(canvas)	window.present(canvas)	EXCLUDED_1_0	CONTRACT_ONLY_NOT_COUNTED_AS_PUBLIC	x86_64-systemv-elf-linux	corrected-catalog:G018.md	Corrected G018 explicitly says general GUI is not available and marks this high-level declaration P. Internal native/seed probes do not establish a source-visible implementation. It is not reclassified as a tested public API or as live evidence. Apresenta frame com sincronização definida. Corrected G018 SHA256=0944468ee395ee0c83aa6697baf52d111053327405fafd499e3cf08d57031718	NO_STABLE_RUNTIME_CLAIM	G178-S08
g018-declaration:window.requestRedraw()	window.requestRedraw()	EXCLUDED_1_0	CONTRACT_ONLY_NOT_COUNTED_AS_PUBLIC	x86_64-systemv-elf-linux	corrected-catalog:G018.md	Corrected G018 explicitly says general GUI is not available and marks this high-level declaration P. Internal native/seed probes do not establish a source-visible implementation. It is not reclassified as a tested public API or as live evidence. Agenda render sem busy loop. Corrected G018 SHA256=0944468ee395ee0c83aa6697baf52d111053327405fafd499e3cf08d57031718	NO_STABLE_RUNTIME_CLAIM	G178-S08
g018-declaration:window.resize(width, height)	window.resize(width, height)	EXCLUDED_1_0	CONTRACT_ONLY_NOT_COUNTED_AS_PUBLIC	x86_64-systemv-elf-linux	corrected-catalog:G018.md	Corrected G018 explicitly says general GUI is not available and marks this high-level declaration P. Internal native/seed probes do not establish a source-visible implementation. It is not reclassified as a tested public API or as live evidence. Solicita nova dimensão. Corrected G018 SHA256=0944468ee395ee0c83aa6697baf52d111053327405fafd499e3cf08d57031718	NO_STABLE_RUNTIME_CLAIM	G178-S08
g018-declaration:window.setTitle(text)	window.setTitle(text)	EXCLUDED_1_0	CONTRACT_ONLY_NOT_COUNTED_AS_PUBLIC	x86_64-systemv-elf-linux	corrected-catalog:G018.md	Corrected G018 explicitly says general GUI is not available and marks this high-level declaration P. Internal native/seed probes do not establish a source-visible implementation. It is not reclassified as a tested public API or as live evidence. Atualiza título. Corrected G018 SHA256=0944468ee395ee0c83aa6697baf52d111053327405fafd499e3cf08d57031718	NO_STABLE_RUNTIME_CLAIM	G178-S08
g018-declaration:window.show()	window.show()	EXCLUDED_1_0	CONTRACT_ONLY_NOT_COUNTED_AS_PUBLIC	x86_64-systemv-elf-linux	corrected-catalog:G018.md	Corrected G018 explicitly says general GUI is not available and marks this high-level declaration P. Internal native/seed probes do not establish a source-visible implementation. It is not reclassified as a tested public API or as live evidence. Torna janela visível. Corrected G018 SHA256=0944468ee395ee0c83aa6697baf52d111053327405fafd499e3cf08d57031718	NO_STABLE_RUNTIME_CLAIM	G178-S08
"g059-format:""%s tem %d anos"".console(nome, idade)"	"""%s tem %d anos"".console(nome, idade)"	EXCLUDED_1_0	CONTRACT_ONLY_NOT_COUNTED_AS_PUBLIC	x86_64-systemv-elf-linux	corrected-catalog:G059.md	Explicit rejected public syntax: REJECTED: ambíguo entre dados e opções de apresentação.	NO_STABLE_RUNTIME_CLAIM	G178-S08
g059-format:ConsoleDataArguments	ConsoleDataArguments	EXCLUDED_1_0	CONTRACT_ONLY_NOT_COUNTED_AS_PUBLIC	x86_64-systemv-elf-linux	corrected-catalog:G059.md	Explicit rejected public syntax: REJECTED: argumentos de dados não são misturados com opções de Console.	NO_STABLE_RUNTIME_CLAIM	G178-S08
g059-format:EvaluationCount.EXACTLY_ONCE	EvaluationCount.EXACTLY_ONCE	EXCLUDED_1_0	INTERNAL_ONLY_NOT_COUNTED_AS_PUBLIC	x86_64-systemv-elf-linux	corrected-catalog:G059.md	Current corrected G059 identifies typed IR/ABI nodes, evaluation policy and internal named lowering; these are reached by real format/interpolation source cases but are not standalone public constructors. Native ABI probes remain internal evidence. Sizing e rendering reutilizam temporários, nunca reavaliam expressões.	NO_STABLE_RUNTIME_CLAIM	G178-S08
g059-format:EvaluationOrder.LEFT_TO_RIGHT	EvaluationOrder.LEFT_TO_RIGHT	EXCLUDED_1_0	INTERNAL_ONLY_NOT_COUNTED_AS_PUBLIC	x86_64-systemv-elf-linux	corrected-catalog:G059.md	Current corrected G059 identifies typed IR/ABI nodes, evaluation policy and internal named lowering; these are reached by real format/interpolation source cases but are not standalone public constructors. Native ABI probes remain internal evidence. Argumentos avaliados na ordem lexical.	NO_STABLE_RUNTIME_CLAIM	G178-S08
g059-format:FormatEffectPolicy	FormatEffectPolicy	EXCLUDED_1_0	INTERNAL_ONLY_NOT_COUNTED_AS_PUBLIC	x86_64-systemv-elf-linux	corrected-catalog:G059.md	Current corrected G059 identifies typed IR/ABI nodes, evaluation policy and internal named lowering; these are reached by real format/interpolation source cases but are not standalone public constructors. Native ABI probes remain internal evidence. Template literal é puro; effects pertencem aos argumentos antes do plano.	NO_STABLE_RUNTIME_CLAIM	G178-S08
g059-format:FormatNode.literal(Text)	FormatNode.literal(Text)	EXCLUDED_1_0	INTERNAL_ONLY_NOT_COUNTED_AS_PUBLIC	x86_64-systemv-elf-linux	corrected-catalog:G059.md	Current corrected G059 identifies typed IR/ABI nodes, evaluation policy and internal named lowering; these are reached by real format/interpolation source cases but are not standalone public constructors. Native ABI probes remain internal evidence. Segmento literal.	NO_STABLE_RUNTIME_CLAIM	G178-S08
g059-format:FormatNode.named(SymbolId, ValueRef, FormatProfile)	FormatNode.named(SymbolId, ValueRef, FormatProfile)	EXCLUDED_1_0	INTERNAL_ONLY_NOT_COUNTED_AS_PUBLIC	x86_64-systemv-elf-linux	corrected-catalog:G059.md	Current corrected G059 identifies typed IR/ABI nodes, evaluation policy and internal named lowering; these are reached by real format/interpolation source cases but are not standalone public constructors. Native ABI probes remain internal evidence. Argumento nomeado.	NO_STABLE_RUNTIME_CLAIM	G178-S08
g059-format:FormatNode.position(Int, ValueRef, FormatProfile)	FormatNode.position(Int, ValueRef, FormatProfile)	EXCLUDED_1_0	INTERNAL_ONLY_NOT_COUNTED_AS_PUBLIC	x86_64-systemv-elf-linux	corrected-catalog:G059.md	Current corrected G059 identifies typed IR/ABI nodes, evaluation policy and internal named lowering; these are reached by real format/interpolation source cases but are not standalone public constructors. Native ABI probes remain internal evidence. Argumento posicional para i18n.	NO_STABLE_RUNTIME_CLAIM	G178-S08
g059-format:FormatNode.value(ValueRef, FormatProfile)	FormatNode.value(ValueRef, FormatProfile)	EXCLUDED_1_0	INTERNAL_ONLY_NOT_COUNTED_AS_PUBLIC	x86_64-systemv-elf-linux	corrected-catalog:G059.md	Current corrected G059 identifies typed IR/ABI nodes, evaluation policy and internal named lowering; these are reached by real format/interpolation source cases but are not standalone public constructors. Native ABI probes remain internal evidence. Valor avaliado uma vez com profile tipado.	NO_STABLE_RUNTIME_CLAIM	G178-S08
g059-format:FormatPlan	FormatPlan	EXCLUDED_1_0	INTERNAL_ONLY_NOT_COUNTED_AS_PUBLIC	x86_64-systemv-elf-linux	corrected-catalog:G059.md	Current corrected G059 identifies typed IR/ABI nodes, evaluation policy and internal named lowering; these are reached by real format/interpolation source cases but are not standalone public constructors. Native ABI probes remain internal evidence. IR tipado comum a `.format(...)`, `${...}`, diagnostics, RenderPlan e tagged templates.	NO_STABLE_RUNTIME_CLAIM	G178-S08
g059-format:FormatPlan.byteSizeChecked()	FormatPlan.byteSizeChecked()	EXCLUDED_1_0	INTERNAL_ONLY_NOT_COUNTED_AS_PUBLIC	x86_64-systemv-elf-linux	corrected-catalog:G059.md	Current corrected G059 identifies typed IR/ABI nodes, evaluation policy and internal named lowering; these are reached by real format/interpolation source cases but are not standalone public constructors. Native ABI probes remain internal evidence. Calcula tamanho sem overflow e sem repetir efeitos.	NO_STABLE_RUNTIME_CLAIM	G178-S08
g059-format:FormatPlan.clone/drop	FormatPlan.clone/drop	EXCLUDED_1_0	INTERNAL_ONLY_NOT_COUNTED_AS_PUBLIC	x86_64-systemv-elf-linux	corrected-catalog:G059.md	Current corrected G059 identifies typed IR/ABI nodes, evaluation policy and internal named lowering; these are reached by real format/interpolation source cases but are not standalone public constructors. Native ABI probes remain internal evidence. Ownership e cleanup definidos, sem alias mutável.	NO_STABLE_RUNTIME_CLAIM	G178-S08
g059-format:FormatPlan.measure()	FormatPlan.measure()	EXCLUDED_1_0	INTERNAL_ONLY_NOT_COUNTED_AS_PUBLIC	x86_64-systemv-elf-linux	corrected-catalog:G059.md	Current corrected G059 identifies typed IR/ABI nodes, evaluation policy and internal named lowering; these are reached by real format/interpolation source cases but are not standalone public constructors. Native ABI probes remain internal evidence. Mede bytes/result size com checked arithmetic.	NO_STABLE_RUNTIME_CLAIM	G178-S08
g059-format:FormatPlan.renderTo(TextBuilder)	FormatPlan.renderTo(TextBuilder)	EXCLUDED_1_0	INTERNAL_ONLY_NOT_COUNTED_AS_PUBLIC	x86_64-systemv-elf-linux	corrected-catalog:G059.md	Current corrected G059 identifies typed IR/ABI nodes, evaluation policy and internal named lowering; these are reached by real format/interpolation source cases but are not standalone public constructors. Native ABI probes remain internal evidence. Escreve deterministicamente num builder validado.	NO_STABLE_RUNTIME_CLAIM	G178-S08
g059-format:FormatPlan.write()	FormatPlan.write()	EXCLUDED_1_0	INTERNAL_ONLY_NOT_COUNTED_AS_PUBLIC	x86_64-systemv-elf-linux	corrected-catalog:G059.md	Current corrected G059 identifies typed IR/ABI nodes, evaluation policy and internal named lowering; these are reached by real format/interpolation source cases but are not standalone public constructors. Native ABI probes remain internal evidence. Escreve uma vez após allocation/reserve bem-sucedida.	NO_STABLE_RUNTIME_CLAIM	G178-S08
g059-format:FormatTemporary	FormatTemporary	EXCLUDED_1_0	INTERNAL_ONLY_NOT_COUNTED_AS_PUBLIC	x86_64-systemv-elf-linux	corrected-catalog:G059.md	Current corrected G059 identifies typed IR/ABI nodes, evaluation policy and internal named lowering; these are reached by real format/interpolation source cases but are not standalone public constructors. Native ABI probes remain internal evidence. Temporário HIR/LIR por argumento para preservar effects/ownership.	NO_STABLE_RUNTIME_CLAIM	G178-S08
g059-format:FormattedText	FormattedText	EXCLUDED_1_0	CONTRACT_ONLY_NOT_COUNTED_AS_PUBLIC	x86_64-systemv-elf-linux	corrected-catalog:G059.md	Current corrected G059 explicitly calls FormattedText a conceptual alias/result Text, without a second public type. Alias conceitual/resultado Text; não cria segundo tipo público sem necessidade.	NO_STABLE_RUNTIME_CLAIM	G178-S08
g059-format:Text.formatNamed(namedArgs) -> Text	Text.formatNamed(namedArgs) -> Text	EXCLUDED_1_0	INTERNAL_ONLY_NOT_COUNTED_AS_PUBLIC	x86_64-systemv-elf-linux	corrected-catalog:G059.md	Current corrected G059 identifies typed IR/ABI nodes, evaluation policy and internal named lowering; these are reached by real format/interpolation source cases but are not standalone public constructors. Native ABI probes remain internal evidence. Forma interna/typed para placeholders nomeados.	NO_STABLE_RUNTIME_CLAIM	G178-S08
g060-format:%p	%p	EXCLUDED_1_0	CONTRACT_ONLY_NOT_COUNTED_AS_PUBLIC	x86_64-systemv-elf-linux	corrected-catalog:G060.md	Explicit rejected public syntax: REJECTED in public format surface; raw addresses require explicit debug capability.	NO_STABLE_RUNTIME_CLAIM	G178-S08
g061-format:InterpolationPrivacyJoin	InterpolationPrivacyJoin	EXCLUDED_1_0	CONTRACT_ONLY_NOT_COUNTED_AS_PUBLIC	x86_64-systemv-elf-linux	corrected-catalog:G061.md	Current tests/rf204/G058/API-REGISTRY.tsv explicitly marks FormatPlan.privacy() DEFERRED; label metadata/Privacy.join are IMPLEMENTED_INTERNAL and source wrappers carry no value. Preserve that prior maturity; no public constructor or propagation positive is invented; registry SHA256=d84e711fa98c6e3d9ea4e2b030a4218b61e1a7bc487d5995058ea1d7b7ac0602	NO_STABLE_RUNTIME_CLAIM	G178-S08
sdk:compiler:CheckedModule	CheckedModule	EXCLUDED_1_0	SDK_OR_COMPLETION_ONLY_NOT_LANGUAGE_DECLARATION	x86_64-systemv-elf-linux	compiler/api/compiler_api.py	CheckedModule	NO_STABLE_RUNTIME_CLAIM	G178-S08
sdk:compiler:Compiler	Compiler	EXCLUDED_1_0	SDK_OR_COMPLETION_ONLY_NOT_LANGUAGE_DECLARATION	x86_64-systemv-elf-linux	compiler/api/compiler_api.py	Compiler	NO_STABLE_RUNTIME_CLAIM	G178-S08
sdk:compiler:Compiler.ABI	ABI	EXCLUDED_1_0	SDK_OR_COMPLETION_ONLY_NOT_LANGUAGE_DECLARATION	x86_64-systemv-elf-linux	compiler/api/compiler_api.py	'nebo-internal-v1'	NO_STABLE_RUNTIME_CLAIM	G178-S08
sdk:compiler:Compiler.FEATURES	FEATURES	EXCLUDED_1_0	SDK_OR_COMPLETION_ONLY_NOT_LANGUAGE_DECLARATION	x86_64-systemv-elf-linux	compiler/api/compiler_api.py	'baseline'	NO_STABLE_RUNTIME_CLAIM	G178-S08
sdk:compiler:Compiler.MAX_SOURCES	MAX_SOURCES	EXCLUDED_1_0	SDK_OR_COMPLETION_ONLY_NOT_LANGUAGE_DECLARATION	x86_64-systemv-elf-linux	compiler/api/compiler_api.py	256	NO_STABLE_RUNTIME_CLAIM	G178-S08
sdk:compiler:Compiler.MAX_SOURCE_BYTES	MAX_SOURCE_BYTES	EXCLUDED_1_0	SDK_OR_COMPLETION_ONLY_NOT_LANGUAGE_DECLARATION	x86_64-systemv-elf-linux	compiler/api/compiler_api.py	1048576	NO_STABLE_RUNTIME_CLAIM	G178-S08
sdk:compiler:Compiler.RUNTIME	RUNTIME	EXCLUDED_1_0	SDK_OR_COMPLETION_ONLY_NOT_LANGUAGE_DECLARATION	x86_64-systemv-elf-linux	compiler/api/compiler_api.py	'runtime-v1'	NO_STABLE_RUNTIME_CLAIM	G178-S08
sdk:compiler:Compiler.TARGET	TARGET	EXCLUDED_1_0	SDK_OR_COMPLETION_ONLY_NOT_LANGUAGE_DECLARATION	x86_64-systemv-elf-linux	compiler/api/compiler_api.py	'x86_64-systemv-elf-linux'	NO_STABLE_RUNTIME_CLAIM	G178-S08
sdk:compiler:Compiler.__enter__	__enter__	EXCLUDED_1_0	SDK_OR_COMPLETION_ONLY_NOT_LANGUAGE_DECLARATION	x86_64-systemv-elf-linux	compiler/api/compiler_api.py	self -> 'Compiler'	NO_STABLE_RUNTIME_CLAIM	G178-S08
sdk:compiler:Compiler.__exit__	__exit__	EXCLUDED_1_0	SDK_OR_COMPLETION_ONLY_NOT_LANGUAGE_DECLARATION	x86_64-systemv-elf-linux	compiler/api/compiler_api.py	self, *_: object -> None	NO_STABLE_RUNTIME_CLAIM	G178-S08
sdk:compiler:Compiler.__init__	__init__	EXCLUDED_1_0	SDK_OR_COMPLETION_ONLY_NOT_LANGUAGE_DECLARATION	x86_64-systemv-elf-linux	compiler/api/compiler_api.py	self, neboc: Path, *, target: str=TARGET -> DYNAMIC_PYTHON_RESULT	NO_STABLE_RUNTIME_CLAIM	G178-S08
sdk:compiler:Compiler.addSource	addSource	EXCLUDED_1_0	SDK_OR_COMPLETION_ONLY_NOT_LANGUAGE_DECLARATION	x86_64-systemv-elf-linux	compiler/api/compiler_api.py	add_source	NO_STABLE_RUNTIME_CLAIM	G178-S08
sdk:compiler:Compiler.add_source	add_source	EXCLUDED_1_0	SDK_OR_COMPLETION_ONLY_NOT_LANGUAGE_DECLARATION	x86_64-systemv-elf-linux	compiler/api/compiler_api.py	self, path: str, text: str -> Module	NO_STABLE_RUNTIME_CLAIM	G178-S08
sdk:compiler:Compiler.cancel	cancel	EXCLUDED_1_0	SDK_OR_COMPLETION_ONLY_NOT_LANGUAGE_DECLARATION	x86_64-systemv-elf-linux	compiler/api/compiler_api.py	self -> None	NO_STABLE_RUNTIME_CLAIM	G178-S08
sdk:compiler:Compiler.check	check	EXCLUDED_1_0	SDK_OR_COMPLETION_ONLY_NOT_LANGUAGE_DECLARATION	x86_64-systemv-elf-linux	compiler/api/compiler_api.py	self, module: Module -> CheckedModule	NO_STABLE_RUNTIME_CLAIM	G178-S08
sdk:compiler:Compiler.close	close	EXCLUDED_1_0	SDK_OR_COMPLETION_ONLY_NOT_LANGUAGE_DECLARATION	x86_64-systemv-elf-linux	compiler/api/compiler_api.py	self -> None	NO_STABLE_RUNTIME_CLAIM	G178-S08
sdk:compiler:Compiler.emitAssembly	emitAssembly	EXCLUDED_1_0	SDK_OR_COMPLETION_ONLY_NOT_LANGUAGE_DECLARATION	x86_64-systemv-elf-linux	compiler/api/compiler_api.py	emit_assembly	NO_STABLE_RUNTIME_CLAIM	G178-S08
sdk:compiler:Compiler.emitObject	emitObject	EXCLUDED_1_0	SDK_OR_COMPLETION_ONLY_NOT_LANGUAGE_DECLARATION	x86_64-systemv-elf-linux	compiler/api/compiler_api.py	emit_object	NO_STABLE_RUNTIME_CLAIM	G178-S08
sdk:compiler:Compiler.emit_assembly	emit_assembly	EXCLUDED_1_0	SDK_OR_COMPLETION_ONLY_NOT_LANGUAGE_DECLARATION	x86_64-systemv-elf-linux	compiler/api/compiler_api.py	self, module: Module, target: str=TARGET -> bytes	NO_STABLE_RUNTIME_CLAIM	G178-S08
sdk:compiler:Compiler.emit_object	emit_object	EXCLUDED_1_0	SDK_OR_COMPLETION_ONLY_NOT_LANGUAGE_DECLARATION	x86_64-systemv-elf-linux	compiler/api/compiler_api.py	self, module: Module, target: str=TARGET -> bytes	NO_STABLE_RUNTIME_CLAIM	G178-S08
sdk:compiler:Compiler.link	link	EXCLUDED_1_0	SDK_OR_COMPLETION_ONLY_NOT_LANGUAGE_DECLARATION	x86_64-systemv-elf-linux	compiler/api/compiler_api.py	self, objects: list[bytes], options: dict[str, object] | None=None -> bytes	NO_STABLE_RUNTIME_CLAIM	G178-S08
sdk:compiler:Compiler.lower	lower	EXCLUDED_1_0	SDK_OR_COMPLETION_ONLY_NOT_LANGUAGE_DECLARATION	x86_64-systemv-elf-linux	compiler/api/compiler_api.py	self, module: Module -> LoweredModule	NO_STABLE_RUNTIME_CLAIM	G178-S08
sdk:compiler:Compiler.new	new	EXCLUDED_1_0	SDK_OR_COMPLETION_ONLY_NOT_LANGUAGE_DECLARATION	x86_64-systemv-elf-linux	compiler/api/compiler_api.py	cls, options: dict[str, object], capabilities: frozenset[str] -> 'Compiler'	NO_STABLE_RUNTIME_CLAIM	G178-S08
sdk:compiler:Compiler.optimizeWith	optimizeWith	EXCLUDED_1_0	SDK_OR_COMPLETION_ONLY_NOT_LANGUAGE_DECLARATION	x86_64-systemv-elf-linux	compiler/api/compiler_api.py	optimize_with	NO_STABLE_RUNTIME_CLAIM	G178-S08
sdk:compiler:Compiler.optimize_with	optimize_with	EXCLUDED_1_0	SDK_OR_COMPLETION_ONLY_NOT_LANGUAGE_DECLARATION	x86_64-systemv-elf-linux	compiler/api/compiler_api.py	self, profile: object -> object	NO_STABLE_RUNTIME_CLAIM	G178-S08
sdk:compiler:Compiler.parse	parse	EXCLUDED_1_0	SDK_OR_COMPLETION_ONLY_NOT_LANGUAGE_DECLARATION	x86_64-systemv-elf-linux	compiler/api/compiler_api.py	self, module: Module -> ParsedModule	NO_STABLE_RUNTIME_CLAIM	G178-S08
sdk:compiler:Compiler.report	report	EXCLUDED_1_0	SDK_OR_COMPLETION_ONLY_NOT_LANGUAGE_DECLARATION	x86_64-systemv-elf-linux	compiler/api/compiler_api.py	self -> str	NO_STABLE_RUNTIME_CLAIM	G178-S08
sdk:compiler:Compiler.selfCheck	selfCheck	EXCLUDED_1_0	SDK_OR_COMPLETION_ONLY_NOT_LANGUAGE_DECLARATION	x86_64-systemv-elf-linux	compiler/api/compiler_api.py	self_check	NO_STABLE_RUNTIME_CLAIM	G178-S08
sdk:compiler:Compiler.self_check	self_check	EXCLUDED_1_0	SDK_OR_COMPLETION_ONLY_NOT_LANGUAGE_DECLARATION	x86_64-systemv-elf-linux	compiler/api/compiler_api.py	self, source_tree: Path -> tuple[str, ...]	NO_STABLE_RUNTIME_CLAIM	G178-S08
sdk:compiler:CompilerApiError	CompilerApiError	EXCLUDED_1_0	SDK_OR_COMPLETION_ONLY_NOT_LANGUAGE_DECLARATION	x86_64-systemv-elf-linux	compiler/api/compiler_api.py	CompilerApiError	NO_STABLE_RUNTIME_CLAIM	G178-S08
sdk:compiler:CompilerApiError.__init__	__init__	EXCLUDED_1_0	SDK_OR_COMPLETION_ONLY_NOT_LANGUAGE_DECLARATION	x86_64-systemv-elf-linux	compiler/api/compiler_api.py	self, diagnostic: str, message: str -> DYNAMIC_PYTHON_RESULT	NO_STABLE_RUNTIME_CLAIM	G178-S08
sdk:compiler:LoweredModule	LoweredModule	EXCLUDED_1_0	SDK_OR_COMPLETION_ONLY_NOT_LANGUAGE_DECLARATION	x86_64-systemv-elf-linux	compiler/api/compiler_api.py	LoweredModule	NO_STABLE_RUNTIME_CLAIM	G178-S08
sdk:compiler:Module	Module	EXCLUDED_1_0	SDK_OR_COMPLETION_ONLY_NOT_LANGUAGE_DECLARATION	x86_64-systemv-elf-linux	compiler/api/compiler_api.py	Module	NO_STABLE_RUNTIME_CLAIM	G178-S08
sdk:compiler:ParsedModule	ParsedModule	EXCLUDED_1_0	SDK_OR_COMPLETION_ONLY_NOT_LANGUAGE_DECLARATION	x86_64-systemv-elf-linux	compiler/api/compiler_api.py	ParsedModule	NO_STABLE_RUNTIME_CLAIM	G178-S08
material:Process/Environment	Process/Environment	MATERIAL_BOUNDED_NOT_PROMOTED	EXECUTED	x86_64-systemv-elf-linux	runtime/system/public.asm	Current ID; synthetic NEBO_TEST_* values and bounded arguments only; no arbitrary process spawn	system:channel-1-17,system:channel-1-29,system:channel-3-17,system:channel-3-29,system:channel-8-17,system:channel-8-29,system:channel-64-17,system:channel-64-29,system:channel-two-live,system:channel-bounded-waits,system:channel-rendezvous-no-peer,system:cancel-repeat-0,system:cancel-repeat-1,system:cancel-repeat-3,system:duration-0,system:duration-1,system:duration-17,system:duration-1000,system:monotonic-elapsed,system:pid-observed,system:channel-capacity-over,system:channel-element-type,system:channel-wrong-value,system:cancel-wrong-arity,system:duration-wrong-type,system:environment-3137,system:environment-3731,system:environment-61c3a7c3a36f,system:environment-,system:environment-missing,system:arguments-seed-17,system:arguments-seed-71,system:arguments-boundary,system:option-text-owned-4e65626f,system:option-text-owned-61c3a7c3a36f20cea9	G178-S05
material:Duration/Instant/time.sleep	Duration/Instant/time.sleep	MATERIAL_BOUNDED_NOT_PROMOTED	EXECUTED	x86_64-systemv-elf-linux	runtime/system/public.asm	Integer nanoseconds; bounded monotonic/sleep observations; no exact wall-clock value promise	system:channel-1-17,system:channel-1-29,system:channel-3-17,system:channel-3-29,system:channel-8-17,system:channel-8-29,system:channel-64-17,system:channel-64-29,system:channel-two-live,system:channel-bounded-waits,system:channel-rendezvous-no-peer,system:cancel-repeat-0,system:cancel-repeat-1,system:cancel-repeat-3,system:duration-0,system:duration-1,system:duration-17,system:duration-1000,system:monotonic-elapsed,system:pid-observed,system:channel-capacity-over,system:channel-element-type,system:channel-wrong-value,system:cancel-wrong-arity,system:duration-wrong-type,system:environment-3137,system:environment-3731,system:environment-61c3a7c3a36f,system:environment-,system:environment-missing,system:arguments-seed-17,system:arguments-seed-71,system:arguments-boundary,system:option-text-owned-4e65626f,system:option-text-owned-61c3a7c3a36f20cea9	G178-S05
material:Task/TaskGroup/Future	Task/TaskGroup/Future	MATERIAL_BOUNDED_NOT_PROMOTED	EXECUTED	x86_64-systemv-elf-linux	runtime/concurrency/task.asm	Noncapturing Int callback; cooperative deterministic admission; single-consumer Future; callback once; cancellation	tasks:task-map-17,tasks:task-single-17,tasks:task-map-29,tasks:task-single-29,tasks:task-map-71,tasks:task-single-71,tasks:task-effects-once,tasks:task-cancel-admission,tasks:task-select-False,tasks:task-select-True,tasks:task-file-scan,tasks:task-negative-callback-type,tasks:task-negative-callback-result,tasks:task-negative-callback-arity,tasks:task-negative-missing-callback,tasks:task-negative-join-arity	G178-S06
material:Channel/CancellationToken	Channel/CancellationToken	MATERIAL_BOUNDED_NOT_PROMOTED	EXECUTED	x86_64-systemv-elf-linux	runtime/concurrency/channel.asm	Int64 FIFO capacity 1..64; unbuffered no-peer; closed/empty/full/wait error codes; independent token state	system:channel-1-17,system:channel-1-29,system:channel-3-17,system:channel-3-29,system:channel-8-17,system:channel-8-29,system:channel-64-17,system:channel-64-29,system:channel-two-live,system:channel-bounded-waits,system:channel-rendezvous-no-peer,system:cancel-repeat-0,system:cancel-repeat-1,system:cancel-repeat-3,system:duration-0,system:duration-1,system:duration-17,system:duration-1000,system:monotonic-elapsed,system:pid-observed,system:channel-capacity-over,system:channel-element-type,system:channel-wrong-value,system:cancel-wrong-arity,system:duration-wrong-type,system:environment-3137,system:environment-3731,system:environment-61c3a7c3a36f,system:environment-,system:environment-missing,system:arguments-seed-17,system:arguments-seed-71,system:arguments-boundary,system:option-text-owned-4e65626f,system:option-text-owned-61c3a7c3a36f20cea9	G178-S06
material:Mutex/RwLock/AtomicInt/guards	Mutex/RwLock/AtomicInt/guards	MATERIAL_BOUNDED_NOT_PROMOTED	EXECUTED	x86_64-systemv-elf-linux	runtime/concurrency/sync_public.asm	Typed Int payloads; guard release across scope/return/break/continue; compareExchange; unique ownership and no escape	sync:mutex-17,sync:rwlock-17,sync:atomic-17,sync:mutex--29,sync:rwlock--29,sync:atomic--29,sync:mutex-97,sync:rwlock-97,sync:atomic-97,sync:sync-lifetime-scope,sync:sync-lifetime-temporary,sync:sync-lifetime-continue,sync:sync-lifetime-break,sync:sync-lifetime-untaken,sync:sync-negative-mutex-type,sync:sync-negative-rwlock-value,sync:sync-negative-atomic-type,sync:sync-negative-atomic-arity,sync:sync-negative-guard-argument,sync:sync-negative-guard-copy,sync:sync-negative-atomic-copy,sync:sync-negative-guard-escape,sync:sync-lifetime-return	G178-S06
material:Json.parse/toJson	Json.parse/toJson	MATERIAL_BOUNDED_NOT_PROMOTED	EXECUTED	x86_64-systemv-elf-linux	runtime/serialization/json.asm	Canonical key order; duplicate/trailing/malformed/depth rejection; 4096-byte input; private atomic sink	codec:json-file-17,codec:json-file-53,codec:json-file-71,codec:json-failure-trailing,codec:json-failure-duplicate,codec:json-failure-unsorted,codec:json-failure-malformed,codec:json-failure-depth,codec:json-negative-wrong-type,codec:json-negative-wrong-option,codec:json-negative-shadowed-option,codec:csv-dataset-17,codec:csv-dataset--29,codec:csv-dataset-83,codec:csv-nullable-False,codec:csv-nullable-True,codec:csv-failure-bad-cell,codec:csv-failure-width,codec:csv-failure-overflow,codec:csv-failure-rows,codec:csv-negative-path-type,codec:csv-negative-schema-type,codec:csv-negative-arity	G178-S07
material:Csv.read/write	Csv.read/write	MATERIAL_BOUNDED_NOT_PROMOTED	EXECUTED	x86_64-systemv-elf-linux	runtime/serialization/csv.asm	Typed nullable Int schema; 32 rows; exact independent output bytes; malformed width/cell/overflow failure before publication	codec:json-file-17,codec:json-file-53,codec:json-file-71,codec:json-failure-trailing,codec:json-failure-duplicate,codec:json-failure-unsorted,codec:json-failure-malformed,codec:json-failure-depth,codec:json-negative-wrong-type,codec:json-negative-wrong-option,codec:json-negative-shadowed-option,codec:csv-dataset-17,codec:csv-dataset--29,codec:csv-dataset-83,codec:csv-nullable-False,codec:csv-nullable-True,codec:csv-failure-bad-cell,codec:csv-failure-width,codec:csv-failure-overflow,codec:csv-failure-rows,codec:csv-negative-path-type,codec:csv-negative-schema-type,codec:csv-negative-arity	G178-S07
boundary:Semaphore/deadlines	Semaphore/deadlines	INTERNAL_OR_NON_STABLE_PROFILE	NOT_A_STABLE_SOURCE_API	x86_64-systemv-elf-linux	runtime/concurrency/sync.asm	Native contracts or presentation forms do not declare additional stable source constructors; no fallback counted as full conformance	native:synchronization	G178-S06
boundary:TSV/JSONL/Markdown/TOML	TSV/JSONL/Markdown/TOML	INTERNAL_OR_NON_STABLE_PROFILE	NOT_A_STABLE_SOURCE_API	x86_64-systemv-elf-linux	compiler/semantic/system/codec_contract.inc	Native contracts or presentation forms do not declare additional stable source constructors; no fallback counted as full conformance	source:S07,codec:*;current declaration inventory and native codec contract	G178-S07
boundary:Map spelling	Map spelling	INTERNAL_OR_NON_STABLE_PROFILE	NOT_A_STABLE_SOURCE_API	x86_64-systemv-elf-linux	runtime/collections/associative_public.asm	The current associative source type is Dict; Map is not a declared additional source spelling. Dict is tested as Dict, with no invented alias or silent substitute.	dict:*	G178-S03
