identity	ownership	effects	capabilities	import_grants_capability	limits	negative_cases
NSR-CORE-001	Exact typed owner contract; no copy/borrow/clone capability inferred from spelling	Per expression: pure computation plus explicit observed sinks	NO_IMPLICIT_GRANT	NO	Exact Registry token and real Program statements; independent value/document/exit oracles, changed operands, associated negatives; Int64/Bool/binary64 or the referenced public typed profile; native checked arithmetic and complete source statement ownership. Int64/Bool/binary64/Unicode scalar values; checked arithmetic; lexical evaluation once	operator:discard-mutable
NSR-CORE-002	Exact typed owner contract; no copy/borrow/clone capability inferred from spelling	Per expression: pure computation plus explicit observed sinks	NO_IMPLICIT_GRANT	NO	Exact Registry token and real Program statements; independent value/document/exit oracles, changed operands, associated negatives; Int64/Bool/binary64 or the referenced public typed profile; native checked arithmetic and complete source statement ownership. Int64/Bool/binary64/Unicode scalar values; checked arithmetic; lexical evaluation once	operator:discard-mutable
NSR-CORE-003	Exact typed owner contract; no copy/borrow/clone capability inferred from spelling	Per expression: pure computation plus explicit observed sinks	NO_IMPLICIT_GRANT	NO	Exact Registry token and real Program statements; independent value/document/exit oracles, changed operands, associated negatives; Int64/Bool/binary64 or the referenced public typed profile; native checked arithmetic and complete source statement ownership. Int64/Bool/binary64/Unicode scalar values; checked arithmetic; lexical evaluation once	operator:discard-mutable
NSR-CORE-004	Exact typed owner contract; no copy/borrow/clone capability inferred from spelling	Per expression: pure computation plus explicit observed sinks	NO_IMPLICIT_GRANT	NO	Exact Registry token and real Program statements; independent value/document/exit oracles, changed operands, associated negatives; Int64/Bool/binary64 or the referenced public typed profile; native checked arithmetic and complete source statement ownership. Int64/Bool/binary64/Unicode scalar values; checked arithmetic; lexical evaluation once	operator:wrong-domain-e28891,operator:reduce-overflow-e2888f
NSR-CORE-005	Exact typed owner contract; no copy/borrow/clone capability inferred from spelling	Per expression: pure computation plus explicit observed sinks	NO_IMPLICIT_GRANT	NO	Exact Registry token and real Program statements; independent value/document/exit oracles, changed operands, associated negatives; Int64/Bool/binary64 or the referenced public typed profile; native checked arithmetic and complete source statement ownership. Int64/Bool/binary64/Unicode scalar values; checked arithmetic; lexical evaluation once	operator:wrong-domain-e28891,operator:reduce-overflow-e2888f
NSR-CORE-006	Exact typed owner contract; no copy/borrow/clone capability inferred from spelling	Per expression: pure computation plus explicit observed sinks	NO_IMPLICIT_GRANT	NO	Exact Registry token and real Program statements; independent value/document/exit oracles, changed operands, associated negatives; Int64/Bool/binary64 or the referenced public typed profile; native checked arithmetic and complete source statement ownership. Int64/Bool/binary64/Unicode scalar values; checked arithmetic; lexical evaluation once	operator:bytes-four-arity
NSR-CORE-007	Exact typed owner contract; no copy/borrow/clone capability inferred from spelling	Per expression: pure computation plus explicit observed sinks	NO_IMPLICIT_GRANT	NO	Exact Registry token and real Program statements; independent value/document/exit oracles, changed operands, associated negatives; Int64/Bool/binary64 or the referenced public typed profile; native checked arithmetic and complete source statement ownership. Int64/Bool/binary64/Unicode scalar values; checked arithmetic; lexical evaluation once	operator:discard-mutable
NSR-CORE-008	Exact typed owner contract; no copy/borrow/clone capability inferred from spelling	Per expression: pure computation plus explicit observed sinks	NO_IMPLICIT_GRANT	NO	Exact Registry token and real Program statements; independent value/document/exit oracles, changed operands, associated negatives; Int64/Bool/binary64 or the referenced public typed profile; native checked arithmetic and complete source statement ownership. Checked format/interpolation profile; 64 segments; finite text/output budgets; pure interpolation	format:named-duplicate,format:named-absent,format:named-type
NSR-CORE-009	Exact typed owner contract; no copy/borrow/clone capability inferred from spelling	Per expression: pure computation plus explicit observed sinks	NO_IMPLICIT_GRANT	NO	Exact Registry token and real Program statements; independent value/document/exit oracles, changed operands, associated negatives; Int64/Bool/binary64 or the referenced public typed profile; native checked arithmetic and complete source statement ownership. Int64/Bool/binary64/Unicode scalar values; checked arithmetic; lexical evaluation once	operator:discard-mutable
NSR-CORE-010	Exact typed owner contract; no copy/borrow/clone capability inferred from spelling	Per expression: pure computation plus explicit observed sinks	NO_IMPLICIT_GRANT	NO	Exact Registry token and real Program statements; independent value/document/exit oracles, changed operands, associated negatives; Int64/Bool/binary64 or the referenced public typed profile; native checked arithmetic and complete source statement ownership. Int64/Bool/binary64/Unicode scalar values; checked arithmetic; lexical evaluation once	operator:discard-read,operator:discard-mutable
NSR-CORE-011	Exact typed owner contract; no copy/borrow/clone capability inferred from spelling	Per expression: pure computation plus explicit observed sinks	NO_IMPLICIT_GRANT	NO	Exact Registry token and real Program statements; independent value/document/exit oracles, changed operands, associated negatives; Int64/Bool/binary64 or the referenced public typed profile; native checked arithmetic and complete source statement ownership. Int64/Bool/binary64/Unicode scalar values; checked arithmetic; lexical evaluation once	operator:comment-does-not-bind
NSR-CORE-012	Exact typed owner contract; no copy/borrow/clone capability inferred from spelling	Per expression: pure computation plus explicit observed sinks	NO_IMPLICIT_GRANT	NO	Exact Registry token and real Program statements; independent value/document/exit oracles, changed operands, associated negatives; Int64/Bool/binary64 or the referenced public typed profile; native checked arithmetic and complete source statement ownership. Int64/Bool/binary64/Unicode scalar values; checked arithmetic; lexical evaluation once	operator:wrong-2b
NSR-CORE-013	Exact typed owner contract; no copy/borrow/clone capability inferred from spelling	Per expression: pure computation plus explicit observed sinks	NO_IMPLICIT_GRANT	NO	Exact Registry token and real Program statements; independent value/document/exit oracles, changed operands, associated negatives; Int64/Bool/binary64 or the referenced public typed profile; native checked arithmetic and complete source statement ownership. Int64/Bool/binary64/Unicode scalar values; checked arithmetic; lexical evaluation once	operator:wrong-2d
NSR-CORE-014	Exact typed owner contract; no copy/borrow/clone capability inferred from spelling	Per expression: pure computation plus explicit observed sinks	NO_IMPLICIT_GRANT	NO	Exact Registry token and real Program statements; independent value/document/exit oracles, changed operands, associated negatives; Int64/Bool/binary64 or the referenced public typed profile; native checked arithmetic and complete source statement ownership. Int64/Bool/binary64/Unicode scalar values; checked arithmetic; lexical evaluation once	operator:wrong-2a
NSR-CORE-015	Exact typed owner contract; no copy/borrow/clone capability inferred from spelling	Per expression: pure computation plus explicit observed sinks	NO_IMPLICIT_GRANT	NO	Exact Registry token and real Program statements; independent value/document/exit oracles, changed operands, associated negatives; Int64/Bool/binary64 or the referenced public typed profile; native checked arithmetic and complete source statement ownership. Int64/Bool/binary64/Unicode scalar values; checked arithmetic; lexical evaluation once	operator:wrong-2f
NSR-CORE-016	Exact typed owner contract; no copy/borrow/clone capability inferred from spelling	Per expression: pure computation plus explicit observed sinks	NO_IMPLICIT_GRANT	NO	Exact Registry token and real Program statements; independent value/document/exit oracles, changed operands, associated negatives; Int64/Bool/binary64 or the referenced public typed profile; native checked arithmetic and complete source statement ownership. Int64/Bool/binary64/Unicode scalar values; checked arithmetic; lexical evaluation once	operator:wrong-25
NSR-CORE-017	Exact typed owner contract; no copy/borrow/clone capability inferred from spelling	Per expression: pure computation plus explicit observed sinks	NO_IMPLICIT_GRANT	NO	Exact Registry token and real Program statements; independent value/document/exit oracles, changed operands, associated negatives; Int64/Bool/binary64 or the referenced public typed profile; native checked arithmetic and complete source statement ownership. Int64/Bool/binary64/Unicode scalar values; checked arithmetic; lexical evaluation once	operator:wrong-5e
NSR-CORE-018	Exact typed owner contract; no copy/borrow/clone capability inferred from spelling	Per expression: pure computation plus explicit observed sinks	NO_IMPLICIT_GRANT	NO	Exact Registry token and real Program statements; independent value/document/exit oracles, changed operands, associated negatives; Int64/Bool/binary64 or the referenced public typed profile; native checked arithmetic and complete source statement ownership. Int64/Bool/binary64/Unicode scalar values; checked arithmetic; lexical evaluation once	operator:wrong-unary-2b
NSR-CORE-019	Exact typed owner contract; no copy/borrow/clone capability inferred from spelling	Per expression: pure computation plus explicit observed sinks	NO_IMPLICIT_GRANT	NO	Exact Registry token and real Program statements; independent value/document/exit oracles, changed operands, associated negatives; Int64/Bool/binary64 or the referenced public typed profile; native checked arithmetic and complete source statement ownership. Int64/Bool/binary64/Unicode scalar values; checked arithmetic; lexical evaluation once	operator:wrong-unary-2d
NSR-CORE-020	Exact typed owner contract; no copy/borrow/clone capability inferred from spelling	Per expression: pure computation plus explicit observed sinks	NO_IMPLICIT_GRANT	NO	Exact Registry token and real Program statements; independent value/document/exit oracles, changed operands, associated negatives; Int64/Bool/binary64 or the referenced public typed profile; native checked arithmetic and complete source statement ownership. Int64/Bool/binary64/Unicode scalar values; checked arithmetic; lexical evaluation once	operator:wrong-unary-21
NSR-CORE-021	Exact typed owner contract; no copy/borrow/clone capability inferred from spelling	Per expression: pure computation plus explicit observed sinks	NO_IMPLICIT_GRANT	NO	Exact Registry token and real Program statements; independent value/document/exit oracles, changed operands, associated negatives; Int64/Bool/binary64 or the referenced public typed profile; native checked arithmetic and complete source statement ownership. Int64/Bool/binary64/Unicode scalar values; checked arithmetic; lexical evaluation once	operator:wrong-logic-int
NSR-CORE-022	Exact typed owner contract; no copy/borrow/clone capability inferred from spelling	Per expression: pure computation plus explicit observed sinks	NO_IMPLICIT_GRANT	NO	Exact Registry token and real Program statements; independent value/document/exit oracles, changed operands, associated negatives; Int64/Bool/binary64 or the referenced public typed profile; native checked arithmetic and complete source statement ownership. Int64/Bool/binary64/Unicode scalar values; checked arithmetic; lexical evaluation once	operator:wrong-logic-int
NSR-CORE-023	Exact typed owner contract; no copy/borrow/clone capability inferred from spelling	Per expression: pure computation plus explicit observed sinks	NO_IMPLICIT_GRANT	NO	Exact Registry token and real Program statements; independent value/document/exit oracles, changed operands, associated negatives; Equal Int/Bool/Bytes operands; immutable Bytes XOR requires equal lengths at most 4096; fromByte takes one Int and fromValues four Ints in 0..255; private initialized storage; ordered effects and two live outputs. Int64/Bool/binary64/Unicode scalar values; checked arithmetic; lexical evaluation once	operator:wrong-786f72,operator:bytes-xor-mixed,operator:bytes-bool,operator:bytes-arity
NSR-CORE-024	Exact typed owner contract; no copy/borrow/clone capability inferred from spelling	Per expression: pure computation plus explicit observed sinks	NO_IMPLICIT_GRANT	NO	Exact Registry token and real Program statements; independent value/document/exit oracles, changed operands, associated negatives; Int64/Bool/binary64 or the referenced public typed profile; native checked arithmetic and complete source statement ownership. Int64/Bool/binary64/Unicode scalar values; checked arithmetic; lexical evaluation once	operator:wrong-3c
NSR-CORE-025	Exact typed owner contract; no copy/borrow/clone capability inferred from spelling	Per expression: pure computation plus explicit observed sinks	NO_IMPLICIT_GRANT	NO	Exact Registry token and real Program statements; independent value/document/exit oracles, changed operands, associated negatives; Int64/Bool/binary64 or the referenced public typed profile; native checked arithmetic and complete source statement ownership. Int64/Bool/binary64/Unicode scalar values; checked arithmetic; lexical evaluation once	operator:wrong-3c3d
NSR-CORE-026	Exact typed owner contract; no copy/borrow/clone capability inferred from spelling	Per expression: pure computation plus explicit observed sinks	NO_IMPLICIT_GRANT	NO	Exact Registry token and real Program statements; independent value/document/exit oracles, changed operands, associated negatives; Int64/Bool/binary64 or the referenced public typed profile; native checked arithmetic and complete source statement ownership. Int64/Bool/binary64/Unicode scalar values; checked arithmetic; lexical evaluation once	operator:wrong-3e
NSR-CORE-027	Exact typed owner contract; no copy/borrow/clone capability inferred from spelling	Per expression: pure computation plus explicit observed sinks	NO_IMPLICIT_GRANT	NO	Exact Registry token and real Program statements; independent value/document/exit oracles, changed operands, associated negatives; Int64/Bool/binary64 or the referenced public typed profile; native checked arithmetic and complete source statement ownership. Int64/Bool/binary64/Unicode scalar values; checked arithmetic; lexical evaluation once	operator:wrong-3e3d
NSR-CORE-028	Exact typed owner contract; no copy/borrow/clone capability inferred from spelling	Per expression: pure computation plus explicit observed sinks	NO_IMPLICIT_GRANT	NO	Exact Registry token and real Program statements; independent value/document/exit oracles, changed operands, associated negatives; Int64/Bool/binary64 or the referenced public typed profile; native checked arithmetic and complete source statement ownership. Int64/Bool/binary64/Unicode scalar values; checked arithmetic; lexical evaluation once	operator:wrong-3d3d
NSR-CORE-029	Exact typed owner contract; no copy/borrow/clone capability inferred from spelling	Per expression: pure computation plus explicit observed sinks	NO_IMPLICIT_GRANT	NO	Exact Registry token and real Program statements; independent value/document/exit oracles, changed operands, associated negatives; Int64/Bool/binary64 or the referenced public typed profile; native checked arithmetic and complete source statement ownership. Int64/Bool/binary64/Unicode scalar values; checked arithmetic; lexical evaluation once	operator:wrong-213d
NSR-CORE-030	Exact typed owner contract; no copy/borrow/clone capability inferred from spelling	Per expression: pure computation plus explicit observed sinks	NO_IMPLICIT_GRANT	NO	Exact Registry token and real Program statements; independent value/document/exit oracles, changed operands, associated negatives; Int64/Bool/binary64 or the referenced public typed profile; native checked arithmetic and complete source statement ownership. Int64/Bool/binary64/Unicode scalar values; checked arithmetic; lexical evaluation once	operator:ordering-type
NSR-CORE-031	Exact typed owner contract; no copy/borrow/clone capability inferred from spelling	Per expression: pure computation plus explicit observed sinks	NO_IMPLICIT_GRANT	NO	Exact Registry token and real Program statements; independent value/document/exit oracles, changed operands, associated negatives; Int64/Bool/binary64 or the referenced public typed profile; native checked arithmetic and complete source statement ownership. Int64/Bool/binary64/Unicode scalar values; checked arithmetic; lexical evaluation once	binding:constant-bool-write,binding:constant-text-write
NSR-CORE-032	Exact typed owner contract; no copy/borrow/clone capability inferred from spelling	Per expression: pure computation plus explicit observed sinks	NO_IMPLICIT_GRANT	NO	Exact Registry token and real Program statements; independent value/document/exit oracles, changed operands, associated negatives; Int64/Bool/binary64 or the referenced public typed profile; native checked arithmetic and complete source statement ownership. Int64/Bool/binary64/Unicode scalar values; checked arithmetic; lexical evaluation once	binding:constant-bool-write
NSR-CORE-033	Exact typed owner contract; no copy/borrow/clone capability inferred from spelling	Per expression: pure computation plus explicit observed sinks	NO_IMPLICIT_GRANT	NO	Exact Registry token and real Program statements; independent value/document/exit oracles, changed operands, associated negatives; Int64/Bool/binary64 or the referenced public typed profile; native checked arithmetic and complete source statement ownership. Int64/Bool/binary64/Unicode scalar values; checked arithmetic; lexical evaluation once	binding:constant-bool-write
NSR-CORE-034	Exact typed owner contract; no copy/borrow/clone capability inferred from spelling	Per expression: pure computation plus explicit observed sinks	NO_IMPLICIT_GRANT	NO	Exact Registry token and real Program statements; independent value/document/exit oracles, changed operands, associated negatives; Int64/Bool/binary64 or the referenced public typed profile; native checked arithmetic and complete source statement ownership. Int64/Bool/binary64/Unicode scalar values; checked arithmetic; lexical evaluation once	binding:constant-bool-write
NSR-CORE-035	Exact typed owner contract; no copy/borrow/clone capability inferred from spelling	Per expression: pure computation plus explicit observed sinks	NO_IMPLICIT_GRANT	NO	Exact Registry token and real Program statements; independent value/document/exit oracles, changed operands, associated negatives; Int64/Bool/binary64 or the referenced public typed profile; native checked arithmetic and complete source statement ownership. Int64/Bool/binary64/Unicode scalar values; checked arithmetic; lexical evaluation once	binding:constant-bool-write
NSR-CORE-036	Exact typed owner contract; no copy/borrow/clone capability inferred from spelling	Per expression: pure computation plus explicit observed sinks	NO_IMPLICIT_GRANT	NO	Exact Registry token and real Program statements; independent value/document/exit oracles, changed operands, associated negatives; Int64/Bool/binary64 or the referenced public typed profile; native checked arithmetic and complete source statement ownership. Int64/Bool/binary64/Unicode scalar values; checked arithmetic; lexical evaluation once	binding:constant-bool-write
NSR-CORE-037	Exact typed owner contract; no copy/borrow/clone capability inferred from spelling	Per expression: pure computation plus explicit observed sinks	NO_IMPLICIT_GRANT	NO	Exact Registry token and real Program statements; independent value/document/exit oracles, changed operands, associated negatives; Int64/Bool/binary64 or the referenced public typed profile; native checked arithmetic and complete source statement ownership. Int64/Bool/binary64/Unicode scalar values; checked arithmetic; lexical evaluation once	binding:constant-bool-write
NSR-CORE-038	Exact typed owner contract; no copy/borrow/clone capability inferred from spelling	Per expression: pure computation plus explicit observed sinks	NO_IMPLICIT_GRANT	NO	Exact Registry token and real Program statements; independent value/document/exit oracles, changed operands, associated negatives; Int64/Bool/binary64 or the referenced public typed profile; native checked arithmetic and complete source statement ownership. Int64/Bool/binary64/Unicode scalar values; checked arithmetic; lexical evaluation once	operator:result-outside-context
NSR-CORE-039	Exact typed owner contract; no copy/borrow/clone capability inferred from spelling	Per expression: pure computation plus explicit observed sinks	NO_IMPLICIT_GRANT	NO	Exact Registry token and real Program statements; independent value/document/exit oracles, changed operands, associated negatives; Int64/Bool/binary64 or the referenced public typed profile; native checked arithmetic and complete source statement ownership. Int64/Bool/binary64/Unicode scalar values; checked arithmetic; lexical evaluation once	operator:coalesce-type-mismatch
NSR-CORE-040	Exact typed owner contract; no copy/borrow/clone capability inferred from spelling	Per expression: pure computation plus explicit observed sinks	NO_IMPLICIT_GRANT	NO	Exact Registry token and real Program statements; independent value/document/exit oracles, changed operands, associated negatives; Int64/Bool/binary64 or the referenced public typed profile; native checked arithmetic and complete source statement ownership. Int64/Bool/binary64/Unicode scalar values; checked arithmetic; lexical evaluation once	operator:optional-chain-invalid-member
NSR-CORE-041	Exact typed owner contract; no copy/borrow/clone capability inferred from spelling	Per expression: pure computation plus explicit observed sinks	NO_IMPLICIT_GRANT	NO	Exact Registry token and real Program statements; independent value/document/exit oracles, changed operands, associated negatives; Int64/Bool/binary64 or the referenced public typed profile; native checked arithmetic and complete source statement ownership. Int64/Bool/binary64/Unicode scalar values; checked arithmetic; lexical evaluation once	operator:option-assign-immutable
NSR-CORE-042	Exact typed owner contract; no copy/borrow/clone capability inferred from spelling	Per expression: pure computation plus explicit observed sinks	NO_IMPLICIT_GRANT	NO	Exact Registry token and real Program statements; independent value/document/exit oracles, changed operands, associated negatives; Int64/Bool/binary64 or the referenced public typed profile; native checked arithmetic and complete source statement ownership. Int64/Bool/binary64/Unicode scalar values; checked arithmetic; lexical evaluation once	operator:wrong-domain-25
NSR-CORE-043	Exact typed owner contract; no copy/borrow/clone capability inferred from spelling	Per expression: pure computation plus explicit observed sinks	NO_IMPLICIT_GRANT	NO	Exact Registry token and real Program statements; independent value/document/exit oracles, changed operands, associated negatives; Int64/Bool/binary64 or the referenced public typed profile; native checked arithmetic and complete source statement ownership. Int64/Bool/binary64/Unicode scalar values; checked arithmetic; lexical evaluation once	operator:chained-range,operator:ascii-three-dot-range
NSR-CORE-044	Exact typed owner contract; no copy/borrow/clone capability inferred from spelling	Per expression: pure computation plus explicit observed sinks	NO_IMPLICIT_GRANT	NO	Exact Registry token and real Program statements; independent value/document/exit oracles, changed operands, associated negatives; Int64/Bool/binary64 or the referenced public typed profile; native checked arithmetic and complete source statement ownership. Int64/Bool/binary64/Unicode scalar values; checked arithmetic; lexical evaluation once	operator:chained-range,operator:ascii-three-dot-range
NSR-CORE-045	Exact typed owner contract; no copy/borrow/clone capability inferred from spelling	Per expression: pure computation plus explicit observed sinks	NO_IMPLICIT_GRANT	NO	Exact Registry token and real Program statements; independent value/document/exit oracles, changed operands, associated negatives; Int64/Bool/binary64 or the referenced public typed profile; native checked arithmetic and complete source statement ownership. Int64/Bool/binary64/Unicode scalar values; checked arithmetic; lexical evaluation once	operator:chained-range,operator:ascii-three-dot-range
NSR-CORE-046	Exact typed owner contract; no copy/borrow/clone capability inferred from spelling	Per expression: pure computation plus explicit observed sinks	NO_IMPLICIT_GRANT	NO	Exact Registry token and real Program statements; independent value/document/exit oracles, changed operands, associated negatives; Int64/Bool/binary64 or the referenced public typed profile; native checked arithmetic and complete source statement ownership. Int64/Bool/binary64/Unicode scalar values; checked arithmetic; lexical evaluation once	operator:chained-range,operator:ascii-three-dot-range
NSR-CORE-047	Exact typed owner contract; no copy/borrow/clone capability inferred from spelling	Per expression: pure computation plus explicit observed sinks	NO_IMPLICIT_GRANT	NO	Exact Registry token and real Program statements; independent value/document/exit oracles, changed operands, associated negatives; The linked receiver frame survives native Console and owned Text allocations; body effects occur once before the preserved return. Int64/Bool/binary64/Unicode scalar values; checked arithmetic; lexical evaluation once	operator:lateral-mutation
NSR-DOM-001	Exact typed owner contract; no copy/borrow/clone capability inferred from spelling	Per expression: pure computation plus explicit observed sinks	NO_IMPLICIT_GRANT	NO	Exact Registry token and real Program statements; independent value/document/exit oracles, changed operands, associated negatives; Native checked exact signed Int roots; nonintegral/invalid real roots trap through the arithmetic domain owner. Native checked scalar/vector mathematics; independent numeric oracle; explicit process return separate from intermediate value	operator:wrong-unary-e2889a
NSR-DOM-002	Exact typed owner contract; no copy/borrow/clone capability inferred from spelling	Per expression: pure computation plus explicit observed sinks	NO_IMPLICIT_GRANT	NO	Exact Registry token and real Program statements; independent value/document/exit oracles, changed operands, associated negatives; Native checked exact signed Int roots; nonintegral/invalid real roots trap through the arithmetic domain owner. Native checked scalar/vector mathematics; independent numeric oracle; explicit process return separate from intermediate value	operator:wrong-unary-e2889b
NSR-DOM-003	Exact typed owner contract; no copy/borrow/clone capability inferred from spelling	Per expression: pure computation plus explicit observed sinks	NO_IMPLICIT_GRANT	NO	Exact Registry token and real Program statements; independent value/document/exit oracles, changed operands, associated negatives; Native checked exact signed Int roots; nonintegral/invalid real roots trap through the arithmetic domain owner. Native checked scalar/vector mathematics; independent numeric oracle; explicit process return separate from intermediate value	operator:wrong-unary-e2889c
NSR-DOM-004	Exact typed owner contract; no copy/borrow/clone capability inferred from spelling	Per expression: pure computation plus explicit observed sinks	NO_IMPLICIT_GRANT	NO	Exact Registry token and real Program statements; independent value/document/exit oracles, changed operands, associated negatives; Int64/Bool/binary64 or the referenced public typed profile; native checked arithmetic and complete source statement ownership. Native checked scalar/vector mathematics; independent numeric oracle; explicit process return separate from intermediate value	operator:wrong-unary-666163746f7269616c
NSR-DOM-005	Exact typed owner contract; no copy/borrow/clone capability inferred from spelling	Per expression: pure computation plus explicit observed sinks	NO_IMPLICIT_GRANT	NO	Exact Registry token and real Program statements; independent value/document/exit oracles, changed operands, associated negatives; Int64/Bool/binary64 or the referenced public typed profile; native checked arithmetic and complete source statement ownership. Native checked scalar/vector mathematics; independent numeric oracle; explicit process return separate from intermediate value	operator:wrong-domain-e2889e
NSR-DOM-006	Exact typed owner contract; no copy/borrow/clone capability inferred from spelling	Per expression: pure computation plus explicit observed sinks	NO_IMPLICIT_GRANT	NO	Exact Registry token and real Program statements; independent value/document/exit oracles, changed operands, associated negatives; Int64/Bool/binary64 or the referenced public typed profile; native checked arithmetic and complete source statement ownership. Native checked scalar/vector mathematics; independent numeric oracle; explicit process return separate from intermediate value	operator:wrong-domain-cf80
NSR-DOM-007	Exact typed owner contract; no copy/borrow/clone capability inferred from spelling	Per expression: pure computation plus explicit observed sinks	NO_IMPLICIT_GRANT	NO	Exact Registry token and real Program statements; independent value/document/exit oracles, changed operands, associated negatives; Int64/Bool/binary64 or the referenced public typed profile; native checked arithmetic and complete source statement ownership. Native checked scalar/vector mathematics; independent numeric oracle; explicit process return separate from intermediate value	operator:wrong-domain-cf84
NSR-DOM-008	Exact typed owner contract; no copy/borrow/clone capability inferred from spelling	Per expression: pure computation plus explicit observed sinks	NO_IMPLICIT_GRANT	NO	Exact Registry token and real Program statements; independent value/document/exit oracles, changed operands, associated negatives; Finite immutable Array<Int,N> domain; canonical checked constant fold in source order; empty identities 0/1; constant overflow is rejected with NEBO_TYPE_CONSTANT_OVERFLOW; later publication and explicit return remain in the shared Program. Native checked scalar/vector mathematics; independent numeric oracle; explicit process return separate from intermediate value	operator:wrong-domain-e28891,operator:reduce-overflow-e28891
NSR-DOM-009	Exact typed owner contract; no copy/borrow/clone capability inferred from spelling	Per expression: pure computation plus explicit observed sinks	NO_IMPLICIT_GRANT	NO	Exact Registry token and real Program statements; independent value/document/exit oracles, changed operands, associated negatives; Finite immutable Array<Int,N> domain; canonical checked constant fold in source order; empty identities 0/1; constant overflow is rejected with NEBO_TYPE_CONSTANT_OVERFLOW; later publication and explicit return remain in the shared Program. Native checked scalar/vector mathematics; independent numeric oracle; explicit process return separate from intermediate value	operator:wrong-domain-e2888f,operator:reduce-overflow-e2888f
NSR-DOM-010	Exact typed owner contract; no copy/borrow/clone capability inferred from spelling	Per expression: pure computation plus explicit observed sinks	NO_IMPLICIT_GRANT	NO	Exact Registry token and real Program statements; independent value/document/exit oracles, changed operands, associated negatives; Int64/Bool/binary64 or the referenced public typed profile; native checked arithmetic and complete source statement ownership. Int64/Bool/binary64/Unicode scalar values; checked arithmetic; lexical evaluation once	operator:wrong-domain-c2b1
NSR-DOM-011	Exact typed owner contract; no copy/borrow/clone capability inferred from spelling	Per expression: pure computation plus explicit observed sinks	NO_IMPLICIT_GRANT	NO	Exact Registry token and real Program statements; independent value/document/exit oracles, changed operands, associated negatives; Int64/Bool/binary64 or the referenced public typed profile; native checked arithmetic and complete source statement ownership. Native checked scalar/vector mathematics; independent numeric oracle; explicit process return separate from intermediate value	operator:wrong-domain-e28988
NSR-DOM-012	Exact typed owner contract; no copy/borrow/clone capability inferred from spelling	Per expression: pure computation plus explicit observed sinks	NO_IMPLICIT_GRANT	NO	Exact Registry token and real Program statements; independent value/document/exit oracles, changed operands, associated negatives; Int64/Bool/binary64 or the referenced public typed profile; native checked arithmetic and complete source statement ownership. Native checked scalar/vector mathematics; independent numeric oracle; explicit process return separate from intermediate value	operator:wrong-domain-e28989
NSR-DOM-013	Exact typed owner contract; no copy/borrow/clone capability inferred from spelling	Per expression: pure computation plus explicit observed sinks	NO_IMPLICIT_GRANT	NO	Exact Registry token and real Program statements; independent value/document/exit oracles, changed operands, associated negatives; Int64/Bool/binary64 or the referenced public typed profile; native checked arithmetic and complete source statement ownership. Int64/Bool/binary64/Unicode scalar values; checked arithmetic; lexical evaluation once	operator:wrong-domain-e289a1
NSR-DOM-014	Exact typed owner contract; no copy/borrow/clone capability inferred from spelling	Per expression: pure computation plus explicit observed sinks	NO_IMPLICIT_GRANT	NO	Exact Registry token and real Program statements; independent value/document/exit oracles, changed operands, associated negatives; Int64/Bool/binary64 or the referenced public typed profile; native checked arithmetic and complete source statement ownership. Native checked scalar/vector mathematics; independent numeric oracle; explicit process return separate from intermediate value	operator:wrong-domain-e288a3
NSR-DOM-015	Exact typed owner contract; no copy/borrow/clone capability inferred from spelling	Per expression: pure computation plus explicit observed sinks	NO_IMPLICIT_GRANT	NO	Exact Registry token and real Program statements; independent value/document/exit oracles, changed operands, associated negatives; Int64/Bool/binary64 or the referenced public typed profile; native checked arithmetic and complete source statement ownership. Native checked scalar/vector mathematics; independent numeric oracle; explicit process return separate from intermediate value	operator:wrong-domain-e288a4
NSR-DOM-016	Exact typed owner contract; no copy/borrow/clone capability inferred from spelling	Per expression: pure computation plus explicit observed sinks	NO_IMPLICIT_GRANT	NO	Exact Registry token and real Program statements; independent value/document/exit oracles, changed operands, associated negatives; Int64/Bool/binary64 or the referenced public typed profile; native checked arithmetic and complete source statement ownership. Native checked scalar/vector mathematics; independent numeric oracle; explicit process return separate from intermediate value	operator:wrong-unary-666c6f6f72
NSR-DOM-017	Exact typed owner contract; no copy/borrow/clone capability inferred from spelling	Per expression: pure computation plus explicit observed sinks	NO_IMPLICIT_GRANT	NO	Exact Registry token and real Program statements; independent value/document/exit oracles, changed operands, associated negatives; Int64/Bool/binary64 or the referenced public typed profile; native checked arithmetic and complete source statement ownership. Native checked scalar/vector mathematics; independent numeric oracle; explicit process return separate from intermediate value	operator:wrong-unary-6365696c
NSR-DOM-018	Exact typed owner contract; no copy/borrow/clone capability inferred from spelling	Per expression: pure computation plus explicit observed sinks	NO_IMPLICIT_GRANT	NO	Exact Registry token and real Program statements; independent value/document/exit oracles, changed operands, associated negatives; Int64/Bool/binary64 or the referenced public typed profile; native checked arithmetic and complete source statement ownership. Int64/Bool/binary64/Unicode scalar values; checked arithmetic; lexical evaluation once	operator:wrong-domain-e2889d
NSR-DOM-019	Exact typed owner contract; no copy/borrow/clone capability inferred from spelling	Per expression: pure computation plus explicit observed sinks	NO_IMPLICIT_GRANT	NO	Exact Registry token and real Program statements; independent value/document/exit oracles, changed operands, associated negatives; Int64/Bool/binary64 or the referenced public typed profile; native checked arithmetic and complete source statement ownership. Int64/Bool/binary64/Unicode scalar values; checked arithmetic; lexical evaluation once	operator:wrong-domain-c2b0
NSR-DOM-020	Exact typed owner contract; no copy/borrow/clone capability inferred from spelling	Per expression: pure computation plus explicit observed sinks	NO_IMPLICIT_GRANT	NO	Exact Registry token and real Program statements; independent value/document/exit oracles, changed operands, associated negatives; Int64/Bool/binary64 or the referenced public typed profile; native checked arithmetic and complete source statement ownership. Int64/Bool/binary64/Unicode scalar values; checked arithmetic; lexical evaluation once	operator:wrong-domain-e280b0
NSR-DOM-021	Exact typed owner contract; no copy/borrow/clone capability inferred from spelling	Per expression: pure computation plus explicit observed sinks	NO_IMPLICIT_GRANT	NO	Exact Registry token and real Program statements; independent value/document/exit oracles, changed operands, associated negatives; Int64/Bool/binary64 or the referenced public typed profile; native checked arithmetic and complete source statement ownership. Int64/Bool/binary64/Unicode scalar values; checked arithmetic; lexical evaluation once	operator:wrong-domain-e280b1
NSR-DOM-022	Exact typed owner contract; no copy/borrow/clone capability inferred from spelling	Per expression: pure computation plus explicit observed sinks	NO_IMPLICIT_GRANT	NO	Exact Registry token and real Program statements; independent value/document/exit oracles, changed operands, associated negatives; Int64/Bool/binary64 or the referenced public typed profile; native checked arithmetic and complete source statement ownership. Int64/Bool/binary64/Unicode scalar values; checked arithmetic; lexical evaluation once	operator:wrong-domain-c2b043
NSR-DOM-023	Exact typed owner contract; no copy/borrow/clone capability inferred from spelling	Per expression: pure computation plus explicit observed sinks	NO_IMPLICIT_GRANT	NO	Exact Registry token and real Program statements; independent value/document/exit oracles, changed operands, associated negatives; Int64/Bool/binary64 or the referenced public typed profile; native checked arithmetic and complete source statement ownership. Int64/Bool/binary64/Unicode scalar values; checked arithmetic; lexical evaluation once	operator:wrong-domain-c2b046
NSR-DOM-024	Exact typed owner contract; no copy/borrow/clone capability inferred from spelling	Per expression: pure computation plus explicit observed sinks	NO_IMPLICIT_GRANT	NO	Exact Registry token and real Program statements; independent value/document/exit oracles, changed operands, associated negatives; Current G133 finite immutable Array<Int,N> set profile with distinct values in 0..62; canonical mask/cardinality owner; independent Python set operations. This does not substitute for the separately proved native Dict/Set APIs. Int64/Bool/binary64/Unicode scalar values; checked arithmetic; lexical evaluation once	operator:wrong-set-e28888
NSR-DOM-025	Exact typed owner contract; no copy/borrow/clone capability inferred from spelling	Per expression: pure computation plus explicit observed sinks	NO_IMPLICIT_GRANT	NO	Exact Registry token and real Program statements; independent value/document/exit oracles, changed operands, associated negatives; Current G133 finite immutable Array<Int,N> set profile with distinct values in 0..62; canonical mask/cardinality owner; independent Python set operations. This does not substitute for the separately proved native Dict/Set APIs. Int64/Bool/binary64/Unicode scalar values; checked arithmetic; lexical evaluation once	operator:wrong-set-e28889
NSR-DOM-026	Exact typed owner contract; no copy/borrow/clone capability inferred from spelling	Per expression: pure computation plus explicit observed sinks	NO_IMPLICIT_GRANT	NO	Exact Registry token and real Program statements; independent value/document/exit oracles, changed operands, associated negatives; Current G133 finite immutable Array<Int,N> set profile with distinct values in 0..62; canonical mask/cardinality owner; independent Python set operations. This does not substitute for the separately proved native Dict/Set APIs. Int64/Bool/binary64/Unicode scalar values; checked arithmetic; lexical evaluation once	operator:wrong-set-e288aa
NSR-DOM-027	Exact typed owner contract; no copy/borrow/clone capability inferred from spelling	Per expression: pure computation plus explicit observed sinks	NO_IMPLICIT_GRANT	NO	Exact Registry token and real Program statements; independent value/document/exit oracles, changed operands, associated negatives; Current G133 finite immutable Array<Int,N> set profile with distinct values in 0..62; canonical mask/cardinality owner; independent Python set operations. This does not substitute for the separately proved native Dict/Set APIs. Int64/Bool/binary64/Unicode scalar values; checked arithmetic; lexical evaluation once	operator:wrong-set-e288a9
NSR-DOM-028	Exact typed owner contract; no copy/borrow/clone capability inferred from spelling	Per expression: pure computation plus explicit observed sinks	NO_IMPLICIT_GRANT	NO	Exact Registry token and real Program statements; independent value/document/exit oracles, changed operands, associated negatives; Current G133 finite immutable Array<Int,N> set profile with distinct values in 0..62; canonical mask/cardinality owner; independent Python set operations. This does not substitute for the separately proved native Dict/Set APIs. Int64/Bool/binary64/Unicode scalar values; checked arithmetic; lexical evaluation once	operator:wrong-set-e28896
NSR-DOM-029	Exact typed owner contract; no copy/borrow/clone capability inferred from spelling	Per expression: pure computation plus explicit observed sinks	NO_IMPLICIT_GRANT	NO	Exact Registry token and real Program statements; independent value/document/exit oracles, changed operands, associated negatives; Current G133 finite immutable Array<Int,N> set profile with distinct values in 0..62; canonical mask/cardinality owner; independent Python set operations. This does not substitute for the separately proved native Dict/Set APIs. Int64/Bool/binary64/Unicode scalar values; checked arithmetic; lexical evaluation once	operator:wrong-set-e296b3
NSR-DOM-030	Exact typed owner contract; no copy/borrow/clone capability inferred from spelling	Per expression: pure computation plus explicit observed sinks	NO_IMPLICIT_GRANT	NO	Exact Registry token and real Program statements; independent value/document/exit oracles, changed operands, associated negatives; Current G133 finite immutable Array<Int,N> set profile with distinct values in 0..62; canonical mask/cardinality owner; independent Python set operations. This does not substitute for the separately proved native Dict/Set APIs. Int64/Bool/binary64/Unicode scalar values; checked arithmetic; lexical evaluation once	operator:wrong-set-e28a86
NSR-DOM-031	Exact typed owner contract; no copy/borrow/clone capability inferred from spelling	Per expression: pure computation plus explicit observed sinks	NO_IMPLICIT_GRANT	NO	Exact Registry token and real Program statements; independent value/document/exit oracles, changed operands, associated negatives; Current G133 finite immutable Array<Int,N> set profile with distinct values in 0..62; canonical mask/cardinality owner; independent Python set operations. This does not substitute for the separately proved native Dict/Set APIs. Int64/Bool/binary64/Unicode scalar values; checked arithmetic; lexical evaluation once	operator:wrong-set-e28a82
NSR-DOM-032	Exact typed owner contract; no copy/borrow/clone capability inferred from spelling	Per expression: pure computation plus explicit observed sinks	NO_IMPLICIT_GRANT	NO	Exact Registry token and real Program statements; independent value/document/exit oracles, changed operands, associated negatives; Current G133 finite immutable Array<Int,N> set profile with distinct values in 0..62; canonical mask/cardinality owner; independent Python set operations. This does not substitute for the separately proved native Dict/Set APIs. Int64/Bool/binary64/Unicode scalar values; checked arithmetic; lexical evaluation once	operator:wrong-set-e28a87
NSR-DOM-033	Exact typed owner contract; no copy/borrow/clone capability inferred from spelling	Per expression: pure computation plus explicit observed sinks	NO_IMPLICIT_GRANT	NO	Exact Registry token and real Program statements; independent value/document/exit oracles, changed operands, associated negatives; Current G133 finite immutable Array<Int,N> set profile with distinct values in 0..62; canonical mask/cardinality owner; independent Python set operations. This does not substitute for the separately proved native Dict/Set APIs. Int64/Bool/binary64/Unicode scalar values; checked arithmetic; lexical evaluation once	operator:wrong-set-e28a83
NSR-DOM-034	Exact typed owner contract; no copy/borrow/clone capability inferred from spelling	Per expression: pure computation plus explicit observed sinks	NO_IMPLICIT_GRANT	NO	Exact Registry token and real Program statements; independent value/document/exit oracles, changed operands, associated negatives; Current G133 finite immutable Array<Int,N> set profile with distinct values in 0..62; canonical mask/cardinality owner; independent Python set operations. This does not substitute for the separately proved native Dict/Set APIs. Int64/Bool/binary64/Unicode scalar values; checked arithmetic; lexical evaluation once	operator:wrong-set-c397
NSR-DOM-035	Exact typed owner contract; no copy/borrow/clone capability inferred from spelling	Per expression: pure computation plus explicit observed sinks	NO_IMPLICIT_GRANT	NO	Exact Registry token and real Program statements; independent value/document/exit oracles, changed operands, associated negatives; Int64/Bool/binary64 or the referenced public typed profile; native checked arithmetic and complete source statement ownership. Int64/Bool/binary64/Unicode scalar values; checked arithmetic; lexical evaluation once	operator:wrong-set-e288aa
NSR-DOM-036	Exact typed owner contract; no copy/borrow/clone capability inferred from spelling	Per expression: pure computation plus explicit observed sinks	NO_IMPLICIT_GRANT	NO	Exact Registry token and real Program statements; independent value/document/exit oracles, changed operands, associated negatives; Exact immutable Int Vector aggregate grammar, extent 1..4; matrix Int/Complex profile at most four logical cells; vector observers sum, checked rational inverse numerator/denominator, exact integer norm; symbolic/named parity; all source tokens consumed by the canonical current profile, without adjacent statements. Typed infix statement profile additionally supports Int extents 1..64 (cross/parallel exactly 3), tensor result at most 64 lanes; native checked kernels, distinct owned results, ordered operands and explicit program return. Native checked scalar/vector mathematics; independent numeric oracle; explicit process return separate from intermediate value	linear:dot-right-scalar,linear:dot-right-float,linear:dot-right-bool,linear:dot-shape
NSR-DOM-037	Exact typed owner contract; no copy/borrow/clone capability inferred from spelling	Per expression: pure computation plus explicit observed sinks	NO_IMPLICIT_GRANT	NO	Exact Registry token and real Program statements; independent value/document/exit oracles, changed operands, associated negatives; Exact immutable Int Vector aggregate grammar, extent 1..4; matrix Int/Complex profile at most four logical cells; vector observers sum, checked rational inverse numerator/denominator, exact integer norm; symbolic/named parity; all source tokens consumed by the canonical current profile, without adjacent statements. Typed infix statement profile additionally supports Int extents 1..64 (cross/parallel exactly 3), tensor result at most 64 lanes; native checked kernels, distinct owned results, ordered operands and explicit program return. Native checked scalar/vector mathematics; independent numeric oracle; explicit process return separate from intermediate value	linear:cross-right-scalar,linear:cross-right-float,linear:cross-right-bool,linear:cross-shape,linear:cross-not-three
NSR-DOM-038	Exact typed owner contract; no copy/borrow/clone capability inferred from spelling	Per expression: pure computation plus explicit observed sinks	NO_IMPLICIT_GRANT	NO	Exact Registry token and real Program statements; independent value/document/exit oracles, changed operands, associated negatives; Exact immutable Int Vector aggregate grammar, extent 1..4; matrix Int/Complex profile at most four logical cells; vector observers sum, checked rational inverse numerator/denominator, exact integer norm; symbolic/named parity; all source tokens consumed by the canonical current profile, without adjacent statements. Typed infix statement profile additionally supports Int extents 1..64 (cross/parallel exactly 3), tensor result at most 64 lanes; native checked kernels, distinct owned results, ordered operands and explicit program return. Native checked scalar/vector mathematics; independent numeric oracle; explicit process return separate from intermediate value	linear:hadamard-right-scalar,linear:hadamard-right-float,linear:hadamard-right-bool,linear:hadamard-shape
NSR-DOM-039	Exact typed owner contract; no copy/borrow/clone capability inferred from spelling	Per expression: pure computation plus explicit observed sinks	NO_IMPLICIT_GRANT	NO	Exact Registry token and real Program statements; independent value/document/exit oracles, changed operands, associated negatives; Exact immutable Int Vector aggregate grammar, extent 1..4; matrix Int/Complex profile at most four logical cells; vector observers sum, checked rational inverse numerator/denominator, exact integer norm; symbolic/named parity; all source tokens consumed by the canonical current profile, without adjacent statements. Typed infix statement profile additionally supports Int extents 1..64 (cross/parallel exactly 3), tensor result at most 64 lanes; native checked kernels, distinct owned results, ordered operands and explicit program return. Native checked scalar/vector mathematics; independent numeric oracle; explicit process return separate from intermediate value	linear:tensor-right-scalar,linear:tensor-right-float,linear:tensor-right-bool,linear:tensor-capacity
NSR-DOM-040	Exact typed owner contract; no copy/borrow/clone capability inferred from spelling	Per expression: pure computation plus explicit observed sinks	NO_IMPLICIT_GRANT	NO	Exact Registry token and real Program statements; independent value/document/exit oracles, changed operands, associated negatives; Exact immutable Int Vector aggregate grammar, extent 1..4; matrix Int/Complex profile at most four logical cells; vector observers sum, checked rational inverse numerator/denominator, exact integer norm; symbolic/named parity; all source tokens consumed by the canonical current profile, without adjacent statements. Native checked scalar/vector mathematics; independent numeric oracle; explicit process return separate from intermediate value	boundedoperator:dom-040-negative
NSR-DOM-041	Exact typed owner contract; no copy/borrow/clone capability inferred from spelling	Per expression: pure computation plus explicit observed sinks	NO_IMPLICIT_GRANT	NO	Exact Registry token and real Program statements; independent value/document/exit oracles, changed operands, associated negatives; Exact immutable Int Vector aggregate grammar, extent 1..4; matrix Int/Complex profile at most four logical cells; vector observers sum, checked rational inverse numerator/denominator, exact integer norm; symbolic/named parity; all source tokens consumed by the canonical current profile, without adjacent statements. Native checked scalar/vector mathematics; independent numeric oracle; explicit process return separate from intermediate value	boundedoperator:dom-041-negative
NSR-DOM-042	Exact typed owner contract; no copy/borrow/clone capability inferred from spelling	Per expression: pure computation plus explicit observed sinks	NO_IMPLICIT_GRANT	NO	Exact Registry token and real Program statements; independent value/document/exit oracles, changed operands, associated negatives; Exact immutable Int Vector aggregate grammar, extent 1..4; matrix Int/Complex profile at most four logical cells; vector observers sum, checked rational inverse numerator/denominator, exact integer norm; symbolic/named parity; all source tokens consumed by the canonical current profile, without adjacent statements. Native checked scalar/vector mathematics; independent numeric oracle; explicit process return separate from intermediate value	boundedoperator:dom-042-negative
NSR-DOM-043	Exact typed owner contract; no copy/borrow/clone capability inferred from spelling	Per expression: pure computation plus explicit observed sinks	NO_IMPLICIT_GRANT	NO	Exact Registry token and real Program statements; independent value/document/exit oracles, changed operands, associated negatives; Exact immutable Int Vector aggregate grammar, extent 1..4; matrix Int/Complex profile at most four logical cells; vector observers sum, checked rational inverse numerator/denominator, exact integer norm; symbolic/named parity; all source tokens consumed by the canonical current profile, without adjacent statements. Native checked scalar/vector mathematics; independent numeric oracle; explicit process return separate from intermediate value	boundedoperator:dom-043-negative
NSR-DOM-044	Exact typed owner contract; no copy/borrow/clone capability inferred from spelling	Per expression: pure computation plus explicit observed sinks	NO_IMPLICIT_GRANT	NO	Exact Registry token and real Program statements; independent value/document/exit oracles, changed operands, associated negatives; Exact immutable Int Vector aggregate grammar, extent 1..4; matrix Int/Complex profile at most four logical cells; vector observers sum, checked rational inverse numerator/denominator, exact integer norm; symbolic/named parity; all source tokens consumed by the canonical current profile, without adjacent statements. Native checked scalar/vector mathematics; independent numeric oracle; explicit process return separate from intermediate value	boundedoperator:dom-044-negative
NSR-DOM-045	Exact typed owner contract; no copy/borrow/clone capability inferred from spelling	Per expression: pure computation plus explicit observed sinks	NO_IMPLICIT_GRANT	NO	Exact Registry token and real Program statements; independent value/document/exit oracles, changed operands, associated negatives; Exact immutable Int Vector aggregate grammar, extent 1..4; matrix Int/Complex profile at most four logical cells; vector observers sum, checked rational inverse numerator/denominator, exact integer norm; symbolic/named parity; all source tokens consumed by the canonical current profile, without adjacent statements. Native checked scalar/vector mathematics; independent numeric oracle; explicit process return separate from intermediate value	boundedoperator:dom-045-negative
NSR-DOM-046	Exact typed owner contract; no copy/borrow/clone capability inferred from spelling	Per expression: pure computation plus explicit observed sinks	NO_IMPLICIT_GRANT	NO	Exact Registry token and real Program statements; independent value/document/exit oracles, changed operands, associated negatives; Exact immutable Int Vector aggregate grammar, extent 1..4; matrix Int/Complex profile at most four logical cells; vector observers sum, checked rational inverse numerator/denominator, exact integer norm; symbolic/named parity; all source tokens consumed by the canonical current profile, without adjacent statements. Native checked scalar/vector mathematics; independent numeric oracle; explicit process return separate from intermediate value	boundedoperator:dom-046-negative
NSR-DOM-047	Exact typed owner contract; no copy/borrow/clone capability inferred from spelling	Per expression: pure computation plus explicit observed sinks	NO_IMPLICIT_GRANT	NO	Exact Registry token and real Program statements; independent value/document/exit oracles, changed operands, associated negatives; Exact immutable Int Vector aggregate grammar, extent 1..4; matrix Int/Complex profile at most four logical cells; vector observers sum, checked rational inverse numerator/denominator, exact integer norm; symbolic/named parity; all source tokens consumed by the canonical current profile, without adjacent statements. Typed infix statement profile additionally supports Int extents 1..64 (cross/parallel exactly 3), tensor result at most 64 lanes; native checked kernels, distinct owned results, ordered operands and explicit program return. Native checked scalar/vector mathematics; independent numeric oracle; explicit process return separate from intermediate value	linear:orthogonal-right-scalar,linear:orthogonal-right-float,linear:orthogonal-right-bool,linear:orthogonal-shape
NSR-DOM-048	Exact typed owner contract; no copy/borrow/clone capability inferred from spelling	Per expression: pure computation plus explicit observed sinks	NO_IMPLICIT_GRANT	NO	Exact Registry token and real Program statements; independent value/document/exit oracles, changed operands, associated negatives; Exact immutable Int Vector aggregate grammar, extent 1..4; matrix Int/Complex profile at most four logical cells; vector observers sum, checked rational inverse numerator/denominator, exact integer norm; symbolic/named parity; all source tokens consumed by the canonical current profile, without adjacent statements. Typed infix statement profile additionally supports Int extents 1..64 (cross/parallel exactly 3), tensor result at most 64 lanes; native checked kernels, distinct owned results, ordered operands and explicit program return. Native checked scalar/vector mathematics; independent numeric oracle; explicit process return separate from intermediate value	linear:parallel-right-scalar,linear:parallel-right-float,linear:parallel-right-bool,linear:parallel-shape,linear:parallel-not-three
NSR-DOM-049	Exact typed owner contract; no copy/borrow/clone capability inferred from spelling	Per expression: pure computation plus explicit observed sinks	NO_IMPLICIT_GRANT	NO	Exact Registry token and real Program statements; independent value/document/exit oracles, changed operands, associated negatives; Explicit finite samples, dimensions, method, tolerance/step and budget in the current checked calculus grammar; exact rational/integer observations; no implicit integration domain, numeric truncation, live solver or hidden callback. Native checked scalar/vector mathematics; independent numeric oracle; explicit process return separate from intermediate value	boundedoperator:dom-049-negative
NSR-DOM-050	Exact typed owner contract; no copy/borrow/clone capability inferred from spelling	Per expression: pure computation plus explicit observed sinks	NO_IMPLICIT_GRANT	NO	Exact Registry token and real Program statements; independent value/document/exit oracles, changed operands, associated negatives; Explicit finite samples, dimensions, method, tolerance/step and budget in the current checked calculus grammar; exact rational/integer observations; no implicit integration domain, numeric truncation, live solver or hidden callback. Native checked scalar/vector mathematics; independent numeric oracle; explicit process return separate from intermediate value	boundedoperator:dom-050-negative
NSR-DOM-051	Exact typed owner contract; no copy/borrow/clone capability inferred from spelling	Per expression: pure computation plus explicit observed sinks	NO_IMPLICIT_GRANT	NO	Exact Registry token and real Program statements; independent value/document/exit oracles, changed operands, associated negatives; Explicit finite samples, dimensions, method, tolerance/step and budget in the current checked calculus grammar; exact rational/integer observations; no implicit integration domain, numeric truncation, live solver or hidden callback. Native checked scalar/vector mathematics; independent numeric oracle; explicit process return separate from intermediate value	boundedoperator:dom-051-negative
NSR-DOM-052	Exact typed owner contract; no copy/borrow/clone capability inferred from spelling	Per expression: pure computation plus explicit observed sinks	NO_IMPLICIT_GRANT	NO	Exact Registry token and real Program statements; independent value/document/exit oracles, changed operands, associated negatives; Explicit finite samples, dimensions, method, tolerance/step and budget in the current checked calculus grammar; exact rational/integer observations; no implicit integration domain, numeric truncation, live solver or hidden callback. Native checked scalar/vector mathematics; independent numeric oracle; explicit process return separate from intermediate value	boundedoperator:dom-052-negative
NSR-DOM-053	Exact typed owner contract; no copy/borrow/clone capability inferred from spelling	Per expression: pure computation plus explicit observed sinks	NO_IMPLICIT_GRANT	NO	Exact Registry token and real Program statements; independent value/document/exit oracles, changed operands, associated negatives; Explicit finite samples, dimensions, method, tolerance/step and budget in the current checked calculus grammar; exact rational/integer observations; no implicit integration domain, numeric truncation, live solver or hidden callback. Native checked scalar/vector mathematics; independent numeric oracle; explicit process return separate from intermediate value	boundedoperator:dom-053-negative
NSR-DOM-054	Exact typed owner contract; no copy/borrow/clone capability inferred from spelling	Per expression: pure computation plus explicit observed sinks	NO_IMPLICIT_GRANT	NO	Exact Registry token and real Program statements; independent value/document/exit oracles, changed operands, associated negatives; Explicit finite samples, dimensions, method, tolerance/step and budget in the current checked calculus grammar; exact rational/integer observations; no implicit integration domain, numeric truncation, live solver or hidden callback. Native checked scalar/vector mathematics; independent numeric oracle; explicit process return separate from intermediate value	boundedoperator:dom-054-negative
NSR-DOM-055	Exact typed owner contract; no copy/borrow/clone capability inferred from spelling	Per expression: pure computation plus explicit observed sinks	NO_IMPLICIT_GRANT	NO	Exact Registry token and real Program statements; independent value/document/exit oracles, changed operands, associated negatives; Explicit finite samples, dimensions, method, tolerance/step and budget in the current checked calculus grammar; exact rational/integer observations; no implicit integration domain, numeric truncation, live solver or hidden callback. Native checked scalar/vector mathematics; independent numeric oracle; explicit process return separate from intermediate value	boundedoperator:dom-055-negative
NSR-DOM-056	Exact typed owner contract; no copy/borrow/clone capability inferred from spelling	Per expression: pure computation plus explicit observed sinks	NO_IMPLICIT_GRANT	NO	Exact Registry token and real Program statements; independent value/document/exit oracles, changed operands, associated negatives; Explicit finite samples, dimensions, method, tolerance/step and budget in the current checked calculus grammar; exact rational/integer observations; no implicit integration domain, numeric truncation, live solver or hidden callback. Native checked scalar/vector mathematics; independent numeric oracle; explicit process return separate from intermediate value	boundedoperator:dom-056-negative
NSR-DOM-057	Exact typed owner contract; no copy/borrow/clone capability inferred from spelling	Per expression: pure computation plus explicit observed sinks	NO_IMPLICIT_GRANT	NO	Exact Registry token and real Program statements; independent value/document/exit oracles, changed operands, associated negatives; Explicit finite samples, dimensions, method, tolerance/step and budget in the current checked calculus grammar; exact rational/integer observations; no implicit integration domain, numeric truncation, live solver or hidden callback. Native checked scalar/vector mathematics; independent numeric oracle; explicit process return separate from intermediate value	boundedoperator:dom-057-negative,boundedoperator:dom-057-nonexact-ce94,boundedoperator:dom-057-nonexact-6c61706c616369616e
NSR-DOM-058	Exact typed owner contract; no copy/borrow/clone capability inferred from spelling	Per expression: pure computation plus explicit observed sinks	NO_IMPLICIT_GRANT	NO	Exact Registry token and real Program statements; independent value/document/exit oracles, changed operands, associated negatives; Explicit bounded model/distribution metadata and finite rational conditional probabilities; independence is an explicit model assumption, not an inferred statistical proof. Native checked scalar/vector mathematics; independent numeric oracle; explicit process return separate from intermediate value	boundedoperator:dom-058-negative
NSR-DOM-059	Exact typed owner contract; no copy/borrow/clone capability inferred from spelling	Per expression: pure computation plus explicit observed sinks	NO_IMPLICIT_GRANT	NO	Exact Registry token and real Program statements; independent value/document/exit oracles, changed operands, associated negatives; Explicit bounded model/distribution metadata and finite rational conditional probabilities; independence is an explicit model assumption, not an inferred statistical proof. Native checked scalar/vector mathematics; independent numeric oracle; explicit process return separate from intermediate value	boundedoperator:dom-059-negative
NSR-DOM-060	Exact typed owner contract; no copy/borrow/clone capability inferred from spelling	Per expression: pure computation plus explicit observed sinks	NO_IMPLICIT_GRANT	NO	Exact Registry token and real Program statements; independent value/document/exit oracles, changed operands, associated negatives; Explicit bounded model/distribution metadata and finite rational conditional probabilities; independence is an explicit model assumption, not an inferred statistical proof. Native checked scalar/vector mathematics; independent numeric oracle; explicit process return separate from intermediate value	boundedoperator:dom-060-negative
NSR-DOM-061	Exact typed owner contract; no copy/borrow/clone capability inferred from spelling	Per expression: pure computation plus explicit observed sinks	NO_IMPLICIT_GRANT	NO	Exact Registry token and real Program statements; independent value/document/exit oracles, changed operands, associated negatives; Finite domain partition/result grammar, explicit proof/model status and budget; exhaustive Boolean truth tables; unknown and timeout remain distinct outcomes; this does not claim an automatic theorem prover. Native checked scalar/vector mathematics; independent numeric oracle; explicit process return separate from intermediate value	boundedoperator:dom-061-negative
NSR-DOM-062	Exact typed owner contract; no copy/borrow/clone capability inferred from spelling	Per expression: pure computation plus explicit observed sinks	NO_IMPLICIT_GRANT	NO	Exact Registry token and real Program statements; independent value/document/exit oracles, changed operands, associated negatives; Finite domain partition/result grammar, explicit proof/model status and budget; exhaustive Boolean truth tables; unknown and timeout remain distinct outcomes; this does not claim an automatic theorem prover. Native checked scalar/vector mathematics; independent numeric oracle; explicit process return separate from intermediate value	boundedoperator:dom-062-negative
NSR-DOM-063	Exact typed owner contract; no copy/borrow/clone capability inferred from spelling	Per expression: pure computation plus explicit observed sinks	NO_IMPLICIT_GRANT	NO	Exact Registry token and real Program statements; independent value/document/exit oracles, changed operands, associated negatives; Finite domain partition/result grammar, explicit proof/model status and budget; exhaustive Boolean truth tables; unknown and timeout remain distinct outcomes; this does not claim an automatic theorem prover. Native checked scalar/vector mathematics; independent numeric oracle; explicit process return separate from intermediate value	boundedoperator:dom-063-negative
NSR-DOM-064	Exact typed owner contract; no copy/borrow/clone capability inferred from spelling	Per expression: pure computation plus explicit observed sinks	NO_IMPLICIT_GRANT	NO	Exact Registry token and real Program statements; independent value/document/exit oracles, changed operands, associated negatives; Finite domain partition/result grammar, explicit proof/model status and budget; exhaustive Boolean truth tables; unknown and timeout remain distinct outcomes; this does not claim an automatic theorem prover. Native checked scalar/vector mathematics; independent numeric oracle; explicit process return separate from intermediate value	boundedoperator:dom-064-negative
NSR-DOM-065	Exact typed owner contract; no copy/borrow/clone capability inferred from spelling	Per expression: pure computation plus explicit observed sinks	NO_IMPLICIT_GRANT	NO	Exact Registry token and real Program statements; independent value/document/exit oracles, changed operands, associated negatives; Finite domain partition/result grammar, explicit proof/model status and budget; exhaustive Boolean truth tables; unknown and timeout remain distinct outcomes; this does not claim an automatic theorem prover. Native checked scalar/vector mathematics; independent numeric oracle; explicit process return separate from intermediate value	boundedoperator:dom-065-negative
NSR-DOM-066	Exact typed owner contract; no copy/borrow/clone capability inferred from spelling	Per expression: pure computation plus explicit observed sinks	NO_IMPLICIT_GRANT	NO	Exact Registry token and real Program statements; independent value/document/exit oracles, changed operands, associated negatives; Finite domain partition/result grammar, explicit proof/model status and budget; exhaustive Boolean truth tables; unknown and timeout remain distinct outcomes; this does not claim an automatic theorem prover. Native checked scalar/vector mathematics; independent numeric oracle; explicit process return separate from intermediate value	boundedoperator:dom-066-negative
NSR-DOM-067	Exact typed owner contract; no copy/borrow/clone capability inferred from spelling	Per expression: pure computation plus explicit observed sinks	NO_IMPLICIT_GRANT	NO	Exact Registry token and real Program statements; independent value/document/exit oracles, changed operands, associated negatives; Finite domain partition/result grammar, explicit proof/model status and budget; exhaustive Boolean truth tables; unknown and timeout remain distinct outcomes; this does not claim an automatic theorem prover. Native checked scalar/vector mathematics; independent numeric oracle; explicit process return separate from intermediate value	boundedoperator:dom-067-negative
NSR-DOM-068	Exact typed owner contract; no copy/borrow/clone capability inferred from spelling	Per expression: pure computation plus explicit observed sinks	NO_IMPLICIT_GRANT	NO	Exact Registry token and real Program statements; independent value/document/exit oracles, changed operands, associated negatives; Finite domain partition/result grammar, explicit proof/model status and budget; exhaustive Boolean truth tables; unknown and timeout remain distinct outcomes; this does not claim an automatic theorem prover. Native checked scalar/vector mathematics; independent numeric oracle; explicit process return separate from intermediate value	boundedoperator:dom-068-negative
NSR-DOM-069	Exact typed owner contract; no copy/borrow/clone capability inferred from spelling	Per expression: pure computation plus explicit observed sinks	NO_IMPLICIT_GRANT	NO	Exact Registry token and real Program statements; independent value/document/exit oracles, changed operands, associated negatives; Finite domain partition/result grammar, explicit proof/model status and budget; exhaustive Boolean truth tables; unknown and timeout remain distinct outcomes; this does not claim an automatic theorem prover. Native checked scalar/vector mathematics; independent numeric oracle; explicit process return separate from intermediate value	boundedoperator:dom-069-negative
NSR-DOM-070	Exact typed owner contract; no copy/borrow/clone capability inferred from spelling	Per expression: pure computation plus explicit observed sinks	NO_IMPLICIT_GRANT	NO	Exact Registry token and real Program statements; independent value/document/exit oracles, changed operands, associated negatives; Bounded typed edge/transition descriptor and deterministic replay projection; explicit endpoints, schema, guard, effect and capability; no asynchronous external execution. Native checked scalar/vector mathematics; independent numeric oracle; explicit process return separate from intermediate value	boundedoperator:dom-070-negative
NSR-DOM-071	Exact typed owner contract; no copy/borrow/clone capability inferred from spelling	Per expression: pure computation plus explicit observed sinks	NO_IMPLICIT_GRANT	NO	Exact Registry token and real Program statements; independent value/document/exit oracles, changed operands, associated negatives; Bounded typed edge/transition descriptor and deterministic replay projection; explicit endpoints, schema, guard, effect and capability; no asynchronous external execution. Native checked scalar/vector mathematics; independent numeric oracle; explicit process return separate from intermediate value	boundedoperator:dom-071-negative
NSR-DOM-072	Exact typed owner contract; no copy/borrow/clone capability inferred from spelling	Per expression: pure computation plus explicit observed sinks	NO_IMPLICIT_GRANT	NO	Exact Registry token and real Program statements; independent value/document/exit oracles, changed operands, associated negatives; Bounded typed edge/transition descriptor and deterministic replay projection; explicit endpoints, schema, guard, effect and capability; no asynchronous external execution. Native checked scalar/vector mathematics; independent numeric oracle; explicit process return separate from intermediate value	boundedoperator:dom-072-negative
NSR-DOM-073	Exact typed owner contract; no copy/borrow/clone capability inferred from spelling	Per expression: pure computation plus explicit observed sinks	NO_IMPLICIT_GRANT	NO	Exact Registry token and real Program statements; independent value/document/exit oracles, changed operands, associated negatives; Bounded typed edge/transition descriptor and deterministic replay projection; explicit endpoints, schema, guard, effect and capability; no asynchronous external execution. Native checked scalar/vector mathematics; independent numeric oracle; explicit process return separate from intermediate value	boundedoperator:dom-073-negative
NSR-DOM-074	Exact typed owner contract; no copy/borrow/clone capability inferred from spelling	Per expression: pure computation plus explicit observed sinks	NO_IMPLICIT_GRANT	NO	Exact Registry token and real Program statements; independent value/document/exit oracles, changed operands, associated negatives; Current Text/Pattern finite profile: UTF-8 concat and literal/dot Pattern matching with explicit mode/work budget; matched/negated values change with content, without a fixed operator report. Native checked scalar/vector mathematics; independent numeric oracle; explicit process return separate from intermediate value	boundedoperator:dom-074-negative
NSR-DOM-075	Exact typed owner contract; no copy/borrow/clone capability inferred from spelling	Per expression: pure computation plus explicit observed sinks	NO_IMPLICIT_GRANT	NO	Exact Registry token and real Program statements; independent value/document/exit oracles, changed operands, associated negatives; Current Text/Pattern finite profile: UTF-8 concat and literal/dot Pattern matching with explicit mode/work budget; matched/negated values change with content, without a fixed operator report. Native checked scalar/vector mathematics; independent numeric oracle; explicit process return separate from intermediate value	boundedoperator:dom-075-negative
NSR-DOM-076	Exact typed owner contract; no copy/borrow/clone capability inferred from spelling	Per expression: pure computation plus explicit observed sinks	NO_IMPLICIT_GRANT	NO	Exact Registry token and real Program statements; independent value/document/exit oracles, changed operands, associated negatives; Current Text/Pattern finite profile: UTF-8 concat and literal/dot Pattern matching with explicit mode/work budget; matched/negated values change with content, without a fixed operator report. Native checked scalar/vector mathematics; independent numeric oracle; explicit process return separate from intermediate value	boundedoperator:dom-076-negative
NSR-DOM-077	Exact typed owner contract; no copy/borrow/clone capability inferred from spelling	Per expression: pure computation plus explicit observed sinks	NO_IMPLICIT_GRANT	NO	Exact Registry token and real Program statements; independent value/document/exit oracles, changed operands, associated negatives; Int64/Bool/binary64 or the referenced public typed profile; native checked arithmetic and complete source statement ownership. Checked format/interpolation profile; 64 segments; finite text/output budgets; pure interpolation	interpolation:tooling-format-invalid,composite:typed-struct-interpolation-effects
NSR-DOM-078	Exact typed owner contract; no copy/borrow/clone capability inferred from spelling	Per expression: pure computation plus explicit observed sinks	NO_IMPLICIT_GRANT	NO	Exact Registry token and real Program statements; independent value/document/exit oracles, changed operands, associated negatives; Int64/Bool/binary64 or the referenced public typed profile; native checked arithmetic and complete source statement ownership. Checked format/interpolation profile; 64 segments; finite text/output budgets; pure interpolation	format:wrong-type,format:unknown
NSR-DOM-079	Exact typed owner contract; no copy/borrow/clone capability inferred from spelling	Per expression: pure computation plus explicit observed sinks	NO_IMPLICIT_GRANT	NO	Exact Registry token and real Program statements; independent value/document/exit oracles, changed operands, associated negatives; Actual typed RenderPlan(Text).render(contextual target) consumes all source statements. The existing native Slash parser and two-pass renderer own 64 finite directives, 4096 input bytes, 256 aggregate tokens, depth 16 and 32 argument bytes. Target output is an owned Text projection; its separate Console publication is observed. Unknown directives and overflowing plans fail closed. Independent G064 grammar/render oracle, actual contents, two live plans and explicit returns replace the old template metadata/seed profile. Checked format/interpolation profile; 64 segments; finite text/output budgets; pure interpolation	slash:constructor-type,slash:target-unknown,slash:status-type,slash:domain-unknown,slash:domain-depth,slash:domain-tokens
NSR-DOM-080	Exact typed owner contract; no copy/borrow/clone capability inferred from spelling	Per expression: pure computation plus explicit observed sinks	NO_IMPLICIT_GRANT	NO	Exact Registry token and real Program statements; independent value/document/exit oracles, changed operands, associated negatives; Current annotation registry with typed version/level/enabled arguments, targets and bounded seed/privacy; actual argument values and masks are observed; no claim of arbitrary annotation evaluation. Native checked scalar/vector mathematics; independent numeric oracle; explicit process return separate from intermediate value	boundedoperator:dom-080-negative
NSR-UA-001	Exact typed owner contract; no copy/borrow/clone capability inferred from spelling	Per expression: pure computation plus explicit observed sinks	NO_IMPLICIT_GRANT	NO	Exact Registry token and real Program statements; independent value/document/exit oracles, changed operands, associated negatives; Int64/Bool/binary64 or the referenced public typed profile; native checked arithmetic and complete source statement ownership. Int64/Bool/binary64/Unicode scalar values; checked arithmetic; lexical evaluation once	operator:wrong-e28892
NSR-UA-002	Exact typed owner contract; no copy/borrow/clone capability inferred from spelling	Per expression: pure computation plus explicit observed sinks	NO_IMPLICIT_GRANT	NO	Exact Registry token and real Program statements; independent value/document/exit oracles, changed operands, associated negatives; Int64/Bool/binary64 or the referenced public typed profile; native checked arithmetic and complete source statement ownership. Int64/Bool/binary64/Unicode scalar values; checked arithmetic; lexical evaluation once	operator:wrong-c3b7
NSR-UA-003	Exact typed owner contract; no copy/borrow/clone capability inferred from spelling	Per expression: pure computation plus explicit observed sinks	NO_IMPLICIT_GRANT	NO	Exact Registry token and real Program statements; independent value/document/exit oracles, changed operands, associated negatives; Int64/Bool/binary64 or the referenced public typed profile; native checked arithmetic and complete source statement ownership. Int64/Bool/binary64/Unicode scalar values; checked arithmetic; lexical evaluation once	operator:wrong-e289a4
NSR-UA-004	Exact typed owner contract; no copy/borrow/clone capability inferred from spelling	Per expression: pure computation plus explicit observed sinks	NO_IMPLICIT_GRANT	NO	Exact Registry token and real Program statements; independent value/document/exit oracles, changed operands, associated negatives; Int64/Bool/binary64 or the referenced public typed profile; native checked arithmetic and complete source statement ownership. Int64/Bool/binary64/Unicode scalar values; checked arithmetic; lexical evaluation once	operator:wrong-e289a5
NSR-UA-005	Exact typed owner contract; no copy/borrow/clone capability inferred from spelling	Per expression: pure computation plus explicit observed sinks	NO_IMPLICIT_GRANT	NO	Exact Registry token and real Program statements; independent value/document/exit oracles, changed operands, associated negatives; Int64/Bool/binary64 or the referenced public typed profile; native checked arithmetic and complete source statement ownership. Int64/Bool/binary64/Unicode scalar values; checked arithmetic; lexical evaluation once	operator:wrong-e289a0
NSR-UA-006	Exact typed owner contract; no copy/borrow/clone capability inferred from spelling	Per expression: pure computation plus explicit observed sinks	NO_IMPLICIT_GRANT	NO	Exact Registry token and real Program statements; independent value/document/exit oracles, changed operands, associated negatives; Int64/Bool/binary64 or the referenced public typed profile; native checked arithmetic and complete source statement ownership. Int64/Bool/binary64/Unicode scalar values; checked arithmetic; lexical evaluation once	operator:wrong-logic-int
NSR-UA-007	Exact typed owner contract; no copy/borrow/clone capability inferred from spelling	Per expression: pure computation plus explicit observed sinks	NO_IMPLICIT_GRANT	NO	Exact Registry token and real Program statements; independent value/document/exit oracles, changed operands, associated negatives; Int64/Bool/binary64 or the referenced public typed profile; native checked arithmetic and complete source statement ownership. Int64/Bool/binary64/Unicode scalar values; checked arithmetic; lexical evaluation once	operator:wrong-logic-int
NSR-UA-008	Exact typed owner contract; no copy/borrow/clone capability inferred from spelling	Per expression: pure computation plus explicit observed sinks	NO_IMPLICIT_GRANT	NO	Exact Registry token and real Program statements; independent value/document/exit oracles, changed operands, associated negatives; Int64/Bool/binary64 or the referenced public typed profile; native checked arithmetic and complete source statement ownership. Int64/Bool/binary64/Unicode scalar values; checked arithmetic; lexical evaluation once	operator:wrong-unary-c2ac
NSR-UA-009	Exact typed owner contract; no copy/borrow/clone capability inferred from spelling	Per expression: pure computation plus explicit observed sinks	NO_IMPLICIT_GRANT	NO	Exact Registry token and real Program statements; independent value/document/exit oracles, changed operands, associated negatives; Int64/Bool/binary64 or the referenced public typed profile; native checked arithmetic and complete source statement ownership. Int64/Bool/binary64/Unicode scalar values; checked arithmetic; lexical evaluation once	operator:wrong-e28abb,operator:bytes-xor-mixed
claim:013c10a6e1b8f372919c46ce	Exact typed owner contract; no copy/borrow/clone capability inferred from spelling	Per expression: pure computation plus explicit observed sinks	NO_IMPLICIT_GRANT	NO	Spelling alias for g010-public:Dataset.repartition,g010-public:Dataset.cache,g010-public:Dataset.fromTables,g010-public:Dataset.schema,g010-public:Dataset.partitionCount,g010-public:Dataset.scan,g010-public:Dataset.scan.sink,g010-public:Dataset.collect,g010-public:Dataset.collect.at,g010-public:Dataset.collect.next; no additional API counted; preserve qualified profile limits; native intrinsic identity is receiver-qualified; no serialized SymbolId or DocRecord is declared by this owner; interface metadata is verified by the separate metadata suite Typed nullable integer rows/columns/tables/datasets/streams; finite schema, rows and stages; lazy callbacks once	data:cache-arity,data:cache-blocks-repartition,data:cache-invalid-2,data:cache-policy-type,data:collect-arity,data:collect-at-type,data:collect-bound,data:collect-copy,data:collect-count-257,data:collect-negative-index,data:collect-next-arity,data:collect-option-copy,data:collect-option-twice,data:collect-row-not-int,data:dataset-copy,data:dataset-empty-parts,data:dataset-over-parts,data:dataset-part-type,data:dataset-partition-count-arity,data:dataset-scan-callback-trap,data:dataset-scan-copy,data:dataset-scan-option-copy,data:dataset-scan-option-twice,data:dataset-schema-arity,data:dataset-schema-mismatch,data:dataset-schema-order-mismatch,data:dataset-sink-extra-argument,data:dataset-sink-receiver-type,data:dataset-sink-return-type,data:repartition-65-7,data:repartition-arity,data:repartition-invalid-0,data:repartition-invalid-33,data:repartition-size-type
claim:017a7d6c072f8f24e093bae7	Exact typed owner contract; no copy/borrow/clone capability inferred from spelling	Per expression: pure computation plus explicit observed sinks	NO_IMPLICIT_GRANT	NO	Spelling alias for g010-public:Column.isMissing; no additional API counted; preserve qualified profile limits; native intrinsic identity is receiver-qualified; no serialized SymbolId or DocRecord is declared by this owner; interface metadata is verified by the separate metadata suite Typed nullable integer rows/columns/tables/datasets/streams; finite schema, rows and stages; lazy callbacks once	data:column-isMissing-type
claim:018cb7c46b265bfb7263038d	Exact typed owner contract; no copy/borrow/clone capability inferred from spelling	Per expression: pure computation plus explicit observed sinks	NO_IMPLICIT_GRANT	NO	Spelling alias for g009-public:Tree.lowestCommonAncestor; no additional API counted; preserve qualified profile limits; native intrinsic identity is receiver-qualified; no serialized SymbolId or DocRecord is declared by this owner; interface metadata is verified by the separate metadata suite Int64 payloads; 32 nodes/256 edges; authenticated handle/owner pair; no stale or foreign handle	relation:tree-lca-node-type
claim:022f5382cff4eecac77e454b	Exact typed owner contract; no copy/borrow/clone capability inferred from spelling	Per expression: pure computation plus explicit observed sinks	NO_IMPLICIT_GRANT	NO	Spelling alias for g010-public:Event<Int>.value,g010-public:Flow<Int>.value; no additional API counted; preserve qualified profile limits; native intrinsic identity is receiver-qualified; no serialized SymbolId or DocRecord is declared by this owner; interface metadata is verified by the separate metadata suite Typed nullable integer rows/columns/tables/datasets/streams; finite schema, rows and stages; lazy callbacks once	data:event-type,data:flow-type
claim:031af9436a9f7d0dffe33482	Exact typed owner contract; no copy/borrow/clone capability inferred from spelling	Per expression: pure computation plus explicit observed sinks	NO_IMPLICIT_GRANT	NO	Actual Int64/binary64 lanes, extent 1..64; checked Int sum, native compensated Float sum, explicit population/sample and linearType7 policies; 1536-byte caller workspace isolates conversion/quantile scratch; source values unchanged; native domain/overflow traps and NaN propagation are observed; no source report or synthetic aggregate Native checked scalar/vector mathematics; independent numeric oracle; explicit process return separate from intermediate value	statistics:policy-variance-17,statistics:shadow-variance,statistics:sample-too-small-variance
claim:04d69c4db900cf6feb9e0b5d	Exact typed owner contract; no copy/borrow/clone capability inferred from spelling	Per expression: pure computation plus explicit observed sinks	NO_IMPLICIT_GRANT	NO	parseFloat(); dot decimal f64; Result by value; actual Result value/tag/fallback; native checked output is committed only on Ok; live keyword table; native intrinsic identity is receiver-qualified; no serialized SymbolId or DocRecord is declared by this owner; interface metadata is verified by the separate metadata suite Explicit parse result; preserve checked numeric domain and Unicode policy	textparse:arity-parseFloat,textparse:fallback-type-Float
claim:090e1636b97a7c2ba7e9dcf7	Exact typed owner contract; no copy/borrow/clone capability inferred from spelling	Per expression: pure computation plus explicit observed sinks	NO_IMPLICIT_GRANT	NO	Literal Int64/binary64 operands; at most 128 complete statements; independent arithmetic trace and return matrix Native checked scalar/vector mathematics; independent numeric oracle; explicit process return separate from intermediate value	math:math-text-return,math:record-capacity-plus-one
claim:0a3ee9f14f4e4ad3d004070d	Exact typed owner contract; no copy/borrow/clone capability inferred from spelling	Per expression: pure computation plus explicit observed sinks	NO_IMPLICIT_GRANT	NO	Spelling alias for g009-public:Graph<Int,Int>.directed; no additional API counted; preserve qualified profile limits; native intrinsic identity is receiver-qualified; no serialized SymbolId or DocRecord is declared by this owner; interface metadata is verified by the separate metadata suite Int64 payloads; 32 nodes/256 edges; authenticated handle/owner pair; no stale or foreign handle	relation:graph-edge-type,relation:graph-missing-edge-type
claim:0a82eaa27482b82b3576e3a9	Exact typed owner contract; no copy/borrow/clone capability inferred from spelling	Per expression: pure computation plus explicit observed sinks	NO_IMPLICIT_GRANT	NO	Actual edition-owned prelude SymbolId and unique stdlib owner; CLI metadata checked against the local .ni interface and independent FNV identity. Runtime profile is the cited source case family. Iterator/IntoIterator dispatch is bounded Range iteration, not a standalone cursor constructor or arbitrary iterator implementation. Ord reuses the existing comparable capability, with explicit Bool rejection. Native intrinsic profiles are not promoted to arbitrary generic APIs. Int64/Bool/binary64/Unicode scalar values; checked arithmetic; lexical evaluation once	composite:range-zero-step
claim:0d203488bdb684e6de9be6f5	Exact typed owner contract; no copy/borrow/clone capability inferred from spelling	input,console	SYNTHETIC_INPUT_AND_RETAINED_CONSOLE	NO	Contextual alias for g170-scan:noHistory; public typed source proof replaces the historical seed/probe evidence. Preserve the qualified row bounds; no separate global option or live capability is claimed. Synthetic mock/stdin replay; typed bounded ScanPlan; redaction; no real secret or live device	scan:secret-arity,scan:option-arity-noHistory
claim:0dc6e916abc643aea6522c6a	Exact typed owner contract; no copy/borrow/clone capability inferred from spelling	Per expression: pure computation plus explicit observed sinks	NO_IMPLICIT_GRANT	NO	Actual edition-owned prelude SymbolId and unique stdlib owner; CLI metadata checked against the local .ni interface and independent FNV identity. Runtime profile is the cited source case family. Iterator/IntoIterator dispatch is bounded Range iteration, not a standalone cursor constructor or arbitrary iterator implementation. Ord reuses the existing comparable capability, with explicit Bool rejection. Native intrinsic profiles are not promoted to arbitrary generic APIs. Int64/Bool/binary64/Unicode scalar values; checked arithmetic; lexical evaluation once	operator:ordering-type
claim:0ef92073ff665261e0cc7410	Exact typed owner contract; no copy/borrow/clone capability inferred from spelling	Per expression: pure computation plus explicit observed sinks	NO_IMPLICIT_GRANT	NO	Spelling alias for g010-public:Table.fromColumns; no additional API counted; preserve qualified profile limits; native intrinsic identity is receiver-qualified; no serialized SymbolId or DocRecord is declared by this owner; interface metadata is verified by the separate metadata suite Typed nullable integer rows/columns/tables/datasets/streams; finite schema, rows and stages; lazy callbacks once	data:table-copy,data:table-duplicate-name,data:table-empty-columns,data:table-unequal-lengths,data:table-wrong-column,data:table-wrong-name
claim:0f2d69ab0b4bafa8eab96ede	Exact typed owner contract; no copy/borrow/clone capability inferred from spelling	Per expression: pure computation plus explicit observed sinks	NO_IMPLICIT_GRANT	NO	join(Text); 4096 output bytes; ; owned caller workspace; public UTF-8 descriptor bridge and distinct bounded function storage; native intrinsic identity is receiver-qualified; no serialized SymbolId or DocRecord is declared by this owner; interface metadata is verified by the separate metadata suite UTF-8 byte/codepoint/grapheme units are distinct; per-member finite profile	text:type-join
claim:0ff59811257d56187017f0c2	Exact typed owner contract; no copy/borrow/clone capability inferred from spelling	Per expression: pure computation plus explicit observed sinks	NO_IMPLICIT_GRANT	NO	Spelling alias for g010-public:Column<Int>.from,g010-public:Column.sum,g010-public:Column.min,g010-public:Column.max,g010-public:Column.countMissing,g010-public:Column.get,g010-public:Column.cast<U>,g010-public:Column.isMissing,g010-public:Column.fillMissing,g010-public:Column.dropMissing,g010-public:Column.coalesce; no additional API counted; preserve qualified profile limits; native intrinsic identity is receiver-qualified; no serialized SymbolId or DocRecord is declared by this owner; interface metadata is verified by the separate metadata suite Typed nullable integer rows/columns/tables/datasets/streams; finite schema, rows and stages; lazy callbacks once	data:column-cast-type,data:column-coalesce-type,data:column-copy,data:column-countMissing-arity,data:column-dropMissing-arity,data:column-dtype-coalesce,data:column-element-type,data:column-fillMissing-type,data:column-from-type,data:column-get-type,data:column-isMissing-type,data:column-max-arity,data:column-min-arity,data:column-mixed-type,data:column-sum-arity,data:column-uint-process-status,data:column-value-type
claim:10324390ff13489f56c7db8c	Exact typed owner contract; no copy/borrow/clone capability inferred from spelling	Per expression: pure computation plus explicit observed sinks	NO_IMPLICIT_GRANT	NO	Spelling alias for g010-public:Table.validate; no additional API counted; preserve qualified profile limits; native intrinsic identity is receiver-qualified; no serialized SymbolId or DocRecord is declared by this owner; interface metadata is verified by the separate metadata suite Typed nullable integer rows/columns/tables/datasets/streams; finite schema, rows and stages; lazy callbacks once	data:quality-constraints-arity,data:quality-constraints-type,data:quality-schema-count,data:quality-schema-name
claim:1069f6270bef9e4c51e0eb71	Exact typed owner contract; no copy/borrow/clone capability inferred from spelling	Per expression: pure computation plus explicit observed sinks	NO_IMPLICIT_GRANT	NO	Spelling alias for g009-public:Graph.hasCycle; no additional API counted; preserve qualified profile limits; native intrinsic identity is receiver-qualified; no serialized SymbolId or DocRecord is declared by this owner; interface metadata is verified by the separate metadata suite Int64 payloads; 32 nodes/256 edges; authenticated handle/owner pair; no stale or foreign handle	relation:graph-hasCycle-arity
claim:109821e33f71ae544ad7784f	Exact typed owner contract; no copy/borrow/clone capability inferred from spelling	Per expression: pure computation plus explicit observed sinks	NO_IMPLICIT_GRANT	NO	Spelling alias for g010-public:Column.cast<U>; no additional API counted; preserve qualified profile limits; native intrinsic identity is receiver-qualified; no serialized SymbolId or DocRecord is declared by this owner; interface metadata is verified by the separate metadata suite Typed nullable integer rows/columns/tables/datasets/streams; finite schema, rows and stages; lazy callbacks once	data:column-cast-type,data:column-dtype-coalesce,data:column-uint-process-status
claim:1137ab113bef489de4220313	Exact typed owner contract; no copy/borrow/clone capability inferred from spelling	Per expression: pure computation plus explicit observed sinks	NO_IMPLICIT_GRANT	NO	isUtf8(); strict UTF-8; O(n); ; borrowed immutable receiver; public UTF-8 descriptor bridge and distinct bounded function storage; native intrinsic identity is receiver-qualified; no serialized SymbolId or DocRecord is declared by this owner; interface metadata is verified by the separate metadata suite UTF-8 byte/codepoint/grapheme units are distinct; per-member finite profile	text:arity-isUtf8
claim:122fb8070a74dd176a93a70a	Exact typed owner contract; no copy/borrow/clone capability inferred from spelling	Per expression: pure computation plus explicit observed sinks	NO_IMPLICIT_GRANT	NO	Spelling alias for g010-public:Column.max; no additional API counted; preserve qualified profile limits; native intrinsic identity is receiver-qualified; no serialized SymbolId or DocRecord is declared by this owner; interface metadata is verified by the separate metadata suite Typed nullable integer rows/columns/tables/datasets/streams; finite schema, rows and stages; lazy callbacks once	data:column-max-arity
claim:123382b0fb71fb06b13e686a	Exact typed owner contract; no copy/borrow/clone capability inferred from spelling	Per expression: pure computation plus explicit observed sinks	NO_IMPLICIT_GRANT	NO	Spelling alias for g008-public:Set<Int>.new,g008-public:Set.insert,g008-public:Set.contains,g008-public:Set.remove,g008-public:Set.union,g008-public:Set.intersection,g008-public:Set.difference,g008-public:Set.isSubsetOf; no additional API counted; preserve qualified profile limits; native intrinsic identity is receiver-qualified; no serialized SymbolId or DocRecord is declared by this owner; interface metadata is verified by the separate metadata suite Typed key/value and hash/equality policy; two independent live stores; declared capacity and failure atomicity	dict:set-contains-type,dict:set-difference-type,dict:set-insert-type,dict:set-intersection-type,dict:set-isSubsetOf-type,dict:set-new-arity,dict:set-remove-type,dict:set-union-type
claim:1454f6e17030ecf4e207a80a	Exact typed owner contract; no copy/borrow/clone capability inferred from spelling	Per expression: pure computation plus explicit observed sinks	NO_IMPLICIT_GRANT	NO	trim(); input bytes; ; borrowed view; public UTF-8 descriptor bridge and distinct bounded function storage; native intrinsic identity is receiver-qualified; no serialized SymbolId or DocRecord is declared by this owner; interface metadata is verified by the separate metadata suite UTF-8 byte/codepoint/grapheme units are distinct; per-member finite profile	text:arity-trim
claim:150a35dd2d599313968e7fce	Exact typed owner contract; no copy/borrow/clone capability inferred from spelling	Per expression: pure computation plus explicit observed sinks	NO_IMPLICIT_GRANT	NO	Text.(Int, Int) -> Text; 1048576 input bytes; 15.1 Latin Extend/CRLF/ZWJ; immutable borrowed view; public UTF-8 descriptor bridge and distinct bounded function storage; native intrinsic identity is receiver-qualified; no serialized SymbolId or DocRecord is declared by this owner; interface metadata is verified by the separate metadata suite UTF-8 byte/codepoint/grapheme units are distinct; per-member finite profile	text:slice-count-type
claim:15e63ce2f0951bd57d62916a	Exact typed owner contract; no copy/borrow/clone capability inferred from spelling	Per expression: pure computation plus explicit observed sinks	NO_IMPLICIT_GRANT	NO	Spelling alias for g010-public:Table.filter,g010-public:Stream.filter; no additional API counted; preserve qualified profile limits; native intrinsic identity is receiver-qualified; no serialized SymbolId or DocRecord is declared by this owner; interface metadata is verified by the separate metadata suite Typed nullable integer rows/columns/tables/datasets/streams; finite schema, rows and stages; lazy callbacks once	data:stream-filter-return-type,data:table-filter-arity,data:table-filter-receiver-type,data:table-filter-result-type,data:table-filter-trap
claim:168c50f5ccc961a52c2ffdbe	Exact typed owner contract; no copy/borrow/clone capability inferred from spelling	Per expression: pure computation plus explicit observed sinks	NO_IMPLICIT_GRANT	NO	Spelling alias for g009-public:Node.value; no additional API counted; preserve qualified profile limits; native intrinsic identity is receiver-qualified; no serialized SymbolId or DocRecord is declared by this owner; interface metadata is verified by the separate metadata suite Int64 payloads; 32 nodes/256 edges; authenticated handle/owner pair; no stale or foreign handle	relation:node-value-arity
claim:17b82eb83aa749dea6ea6d54	Exact typed owner contract; no copy/borrow/clone capability inferred from spelling	Per expression: pure computation plus explicit observed sinks	NO_IMPLICIT_GRANT	NO	Actual edition-owned prelude SymbolId and unique stdlib owner; CLI metadata checked against the local .ni interface and independent FNV identity. Runtime profile is the cited source case family. Iterator/IntoIterator dispatch is bounded Range iteration, not a standalone cursor constructor or arbitrary iterator implementation. Ord reuses the existing comparable capability, with explicit Bool rejection. Native intrinsic profiles are not promoted to arbitrary generic APIs. Int64/Bool/binary64/Unicode scalar values; checked arithmetic; lexical evaluation once	composite:range-zero-step
claim:185374eead963ba352652e1c	Exact typed owner contract; no copy/borrow/clone capability inferred from spelling	console	SYNTHETIC_INPUT_AND_RETAINED_CONSOLE	NO	Spelling alias only; inspect every qualified declaration: g018-declaration:console.close(); g018-declaration:window.close() Retained document/headless software profile; exact nodes and bytes; no live desktop claim	console:close-arity,console:close-publish,console:close-twice
claim:188aa5c147fc23ce87bf8589	Exact typed owner contract; no copy/borrow/clone capability inferred from spelling	Per expression: pure computation plus explicit observed sinks	NO_IMPLICIT_GRANT	NO	Spelling alias for g010-public:Dataset.collect,g010-public:Dataset.collect.at,g010-public:Dataset.collect.next; no additional API counted; preserve qualified profile limits; native intrinsic identity is receiver-qualified; no serialized SymbolId or DocRecord is declared by this owner; interface metadata is verified by the separate metadata suite Typed nullable integer rows/columns/tables/datasets/streams; finite schema, rows and stages; lazy callbacks once	data:collect-arity,data:collect-at-type,data:collect-bound,data:collect-copy,data:collect-count-257,data:collect-negative-index,data:collect-next-arity,data:collect-option-copy,data:collect-option-twice,data:collect-row-not-int
claim:18ffc2806b33703f78e1d402	Exact typed owner contract; no copy/borrow/clone capability inferred from spelling	Per expression: pure computation plus explicit observed sinks	NO_IMPLICIT_GRANT	NO	parseBool(); exact true or false; Result by value; actual Result value/tag/fallback; native checked output is committed only on Ok; live keyword table; native intrinsic identity is receiver-qualified; no serialized SymbolId or DocRecord is declared by this owner; interface metadata is verified by the separate metadata suite Explicit parse result; preserve checked numeric domain and Unicode policy	textparse:arity-parseBool,textparse:fallback-type-Bool
claim:1a9373a3a7fa502dc2f48298	Exact typed owner contract; no copy/borrow/clone capability inferred from spelling	input,console	SYNTHETIC_INPUT_AND_RETAINED_CONSOLE	NO	Spelling alias only; inspect every qualified declaration: g018-declaration:Text.scan(); g018-declaration:Console.scan() Synthetic mock/stdin replay; typed bounded ScanPlan; redaction; no real secret or live device	scan:invalid-process-type,scan:unknown
claim:1b37363fcba1b2168aabd798	Exact typed owner contract; no copy/borrow/clone capability inferred from spelling	Per expression: pure computation plus explicit observed sinks	NO_IMPLICIT_GRANT	NO	Spelling alias for g009-public:Graph.topologicalSort; no additional API counted; preserve qualified profile limits; native intrinsic identity is receiver-qualified; no serialized SymbolId or DocRecord is declared by this owner; interface metadata is verified by the separate metadata suite Int64 payloads; 32 nodes/256 edges; authenticated handle/owner pair; no stale or foreign handle	relation:graph-topologicalSort-arity
claim:1b39fcd025c453fa8357a32a	Exact typed owner contract; no copy/borrow/clone capability inferred from spelling	input,console	SYNTHETIC_INPUT_AND_RETAINED_CONSOLE	NO	Contextual alias for g170-scan:noEcho; public typed source proof replaces the historical seed/probe evidence. Preserve the qualified row bounds; no separate global option or live capability is claimed. Synthetic mock/stdin replay; typed bounded ScanPlan; redaction; no real secret or live device	scan:secret-arity,scan:option-arity-noEcho
claim:1bc7ef48f216aacfd9f9d058	Exact typed owner contract; no copy/borrow/clone capability inferred from spelling	Per expression: pure computation plus explicit observed sinks	NO_IMPLICIT_GRANT	NO	Literal Int64/binary64 operands; at most 128 complete statements; independent arithmetic trace and return matrix Native checked scalar/vector mathematics; independent numeric oracle; explicit process return separate from intermediate value	math:math-text-return,math:record-capacity-plus-one
claim:1dee75379199bd3b461864b6	Exact typed owner contract; no copy/borrow/clone capability inferred from spelling	Per expression: pure computation plus explicit observed sinks	NO_IMPLICIT_GRANT	NO	Text.() -> Int; 1048576 input bytes; UTF-8 scalar boundaries; borrow receiver; public UTF-8 descriptor bridge and distinct bounded function storage; native intrinsic identity is receiver-qualified; no serialized SymbolId or DocRecord is declared by this owner; interface metadata is verified by the separate metadata suite UTF-8 byte/codepoint/grapheme units are distinct; per-member finite profile	text:arity-codepointCount
claim:1edb2d6fba6d2069d8ecb1b2	Exact typed owner contract; no copy/borrow/clone capability inferred from spelling	Per expression: pure computation plus explicit observed sinks	NO_IMPLICIT_GRANT	NO	Actual Int64/binary64 vector lanes; extent 1..64; typed filled/literal constructors; native vector algorithms and separate owned frames; exact shape/type checks; constant index bounds and dynamic native checks; linked scalar spills preserve RHS allocations; no whole-source report; native registry identity and runtime profile are explicit; serialized interface metadata is verified by the separate metadata suite Native checked scalar/vector mathematics; independent numeric oracle; explicit process return separate from intermediate value	vector:method-norm-empty,vector:float-method-norm
claim:1f646618c206bc4091b49782	Exact typed owner contract; no copy/borrow/clone capability inferred from spelling	Per expression: pure computation plus explicit observed sinks	NO_IMPLICIT_GRANT	NO	Actual Int64/binary64 vector lanes; extent 1..64; typed filled/literal constructors; native vector algorithms and separate owned frames; exact shape/type checks; constant index bounds and dynamic native checks; linked scalar spills preserve RHS allocations; no whole-source report; native registry identity and runtime profile are explicit; serialized interface metadata is verified by the separate metadata suite Native checked scalar/vector mathematics; independent numeric oracle; explicit process return separate from intermediate value	vector:shape-dot-Int-3,vector:shape-dot-Float-4,vector:method-dot-17
claim:20202d70d4eddbe581997909	Exact typed owner contract; no copy/borrow/clone capability inferred from spelling	Per expression: pure computation plus explicit observed sinks	NO_IMPLICIT_GRANT	NO	byteSlice(Int,Int); 0 <= start <= end <= byte length; ; borrowed view; public UTF-8 descriptor bridge and distinct bounded function storage; native intrinsic identity is receiver-qualified; no serialized SymbolId or DocRecord is declared by this owner; interface metadata is verified by the separate metadata suite UTF-8 byte/codepoint/grapheme units are distinct; per-member finite profile	text:type-byteSlice
claim:2164926bff38e7744328017c	Exact typed owner contract; no copy/borrow/clone capability inferred from spelling	Per expression: pure computation plus explicit observed sinks	NO_IMPLICIT_GRANT	NO	Spelling alias for g008-public:Dict.maxProbeLength; no additional API counted; preserve qualified profile limits; native intrinsic identity is receiver-qualified; no serialized SymbolId or DocRecord is declared by this owner; interface metadata is verified by the separate metadata suite Typed key/value and hash/equality policy; two independent live stores; declared capacity and failure atomicity	dict:use-after-drop
claim:21825c3b97051c5e515a0567	Exact typed owner contract; no copy/borrow/clone capability inferred from spelling	Per expression: pure computation plus explicit observed sinks	NO_IMPLICIT_GRANT	NO	Actual edition-owned prelude SymbolId and unique stdlib owner; CLI metadata checked against the local .ni interface and independent FNV identity. Runtime profile is the cited source case family. Iterator/IntoIterator dispatch is bounded Range iteration, not a standalone cursor constructor or arbitrary iterator implementation. Ord reuses the existing comparable capability, with explicit Bool rejection. Native intrinsic profiles are not promoted to arbitrary generic APIs. Int64/Bool/binary64/Unicode scalar values; checked arithmetic; lexical evaluation once	composite:range-zero-step
claim:225c70277ef249bd5b21dbbc	Exact typed owner contract; no copy/borrow/clone capability inferred from spelling	Per expression: pure computation plus explicit observed sinks	NO_IMPLICIT_GRANT	NO	Spelling alias for g010-public:Schema.new,g010-public:Schema.indexOf,g010-public:Schema.field; no additional API counted; preserve qualified profile limits; native intrinsic identity is receiver-qualified; no serialized SymbolId or DocRecord is declared by this owner; interface metadata is verified by the separate metadata suite Typed nullable integer rows/columns/tables/datasets/streams; finite schema, rows and stages; lazy callbacks once	data:schema-copy,data:schema-duplicate-name,data:schema-field-missing,data:schema-field-name-type,data:schema-field-projection-bound,data:schema-field-shape,data:schema-index-name-type,data:schema-name-over-limit,data:schema-no-fields,data:schema-over-fields,data:schema-wrong-name,data:schema-wrong-nullability,data:schema-wrong-type
claim:2415624b2b6b0a01673cac30	Exact typed owner contract; no copy/borrow/clone capability inferred from spelling	input,console	SYNTHETIC_INPUT_AND_RETAINED_CONSOLE	NO	Contextual alias for g170-scan:select; public typed source proof replaces the historical seed/probe evidence. Preserve the qualified row bounds; no separate global option or live capability is claimed. Synthetic mock/stdin replay; typed bounded ScanPlan; redaction; no real secret or live device	scan:choice-variant-select-absent,scan:choice-type-select
claim:245ff9bfa5103aeef018ffbf	Exact typed owner contract; no copy/borrow/clone capability inferred from spelling	Per expression: pure computation plus explicit observed sinks	NO_IMPLICIT_GRANT	NO	Spelling alias for g008-public:Dict.keys; no additional API counted; preserve qualified profile limits; native intrinsic identity is receiver-qualified; no serialized SymbolId or DocRecord is declared by this owner; interface metadata is verified by the separate metadata suite Typed key/value and hash/equality policy; two independent live stores; declared capacity and failure atomicity	dict:view-copy,dict:view-mutation
claim:24f727cf6a4134a5df77bbde	Exact typed owner contract; no copy/borrow/clone capability inferred from spelling	Per expression: pure computation plus explicit observed sinks	NO_IMPLICIT_GRANT	NO	splitChecked(Text); 254 generated item slots; borrowed split items; actual Result value/tag/fallback; native checked output is committed only on Ok; live keyword table; native intrinsic identity is receiver-qualified; no serialized SymbolId or DocRecord is declared by this owner; interface metadata is verified by the separate metadata suite Explicit parse result; preserve checked numeric domain and Unicode policy	textparse:arity-splitChecked,textparse:type-splitChecked,textparse:fallback-type-Split
claim:261d0a7a79e4a669138f207d	Exact typed owner contract; no copy/borrow/clone capability inferred from spelling	Per expression: pure computation plus explicit observed sinks	NO_IMPLICIT_GRANT	NO	isAlnumAscii(); nonempty ASCII letters/digits; O(n); ; borrowed immutable receiver; public UTF-8 descriptor bridge and distinct bounded function storage; native intrinsic identity is receiver-qualified; no serialized SymbolId or DocRecord is declared by this owner; interface metadata is verified by the separate metadata suite UTF-8 byte/codepoint/grapheme units are distinct; per-member finite profile	text:arity-isAlnumAscii
claim:262485e4560591a88e23d0f6	Exact typed owner contract; no copy/borrow/clone capability inferred from spelling	Per expression: pure computation plus explicit observed sinks	NO_IMPLICIT_GRANT	NO	Spelling alias for g009-public:Graph.removeEdge; no additional API counted; preserve qualified profile limits; native intrinsic identity is receiver-qualified; no serialized SymbolId or DocRecord is declared by this owner; interface metadata is verified by the separate metadata suite Int64 payloads; 32 nodes/256 edges; authenticated handle/owner pair; no stale or foreign handle	relation:graph-remove-edge-type
claim:26f684ed60b8d7c9c648a2d4	Exact typed owner contract; no copy/borrow/clone capability inferred from spelling	Per expression: pure computation plus explicit observed sinks	NO_IMPLICIT_GRANT	NO	Spelling alias for g010-public:Schema.new; no additional API counted; preserve qualified profile limits; native intrinsic identity is receiver-qualified; no serialized SymbolId or DocRecord is declared by this owner; interface metadata is verified by the separate metadata suite Typed nullable integer rows/columns/tables/datasets/streams; finite schema, rows and stages; lazy callbacks once	data:schema-copy,data:schema-duplicate-name,data:schema-field-shape,data:schema-name-over-limit,data:schema-no-fields,data:schema-over-fields,data:schema-wrong-name,data:schema-wrong-nullability,data:schema-wrong-type
claim:28520f06cc389966c57b1350	Exact typed owner contract; no copy/borrow/clone capability inferred from spelling	Per expression: pure computation plus explicit observed sinks	NO_IMPLICIT_GRANT	NO	replaceOnce(Text,Text); 4096 output bytes; non-overlapping; ; owned caller workspace; public UTF-8 descriptor bridge and distinct bounded function storage; native intrinsic identity is receiver-qualified; no serialized SymbolId or DocRecord is declared by this owner; interface metadata is verified by the separate metadata suite UTF-8 byte/codepoint/grapheme units are distinct; per-member finite profile	text:type-replaceOnce
claim:29096ccbb1c2cfd910ea519a	Exact typed owner contract; no copy/borrow/clone capability inferred from spelling	Per expression: pure computation plus explicit observed sinks	NO_IMPLICIT_GRANT	NO	Actual edition-owned prelude SymbolId and unique stdlib owner; CLI metadata checked against the local .ni interface and independent FNV identity. Runtime profile is the cited source case family. Iterator/IntoIterator dispatch is bounded Range iteration, not a standalone cursor constructor or arbitrary iterator implementation. Ord reuses the existing comparable capability, with explicit Bool rejection. Native intrinsic profiles are not promoted to arbitrary generic APIs. Int64/Bool/binary64/Unicode scalar values; checked arithmetic; lexical evaluation once	composite:range-zero-step
claim:2a0587c33f76f50b748c2541	Exact typed owner contract; no copy/borrow/clone capability inferred from spelling	Per expression: pure computation plus explicit observed sinks	NO_IMPLICIT_GRANT	NO	endsWith(Text); literal bytes; O(m); ; borrowed immutable receiver and argument; public UTF-8 descriptor bridge and distinct bounded function storage; native intrinsic identity is receiver-qualified; no serialized SymbolId or DocRecord is declared by this owner; interface metadata is verified by the separate metadata suite UTF-8 byte/codepoint/grapheme units are distinct; per-member finite profile	text:type-endsWith
claim:2a60d49452cf9bfd1fdba334	Exact typed owner contract; no copy/borrow/clone capability inferred from spelling	Per expression: pure computation plus explicit observed sinks	NO_IMPLICIT_GRANT	NO	Spelling alias for g010-public:Table.invalidRows; no additional API counted; preserve qualified profile limits; native intrinsic identity is receiver-qualified; no serialized SymbolId or DocRecord is declared by this owner; interface metadata is verified by the separate metadata suite Typed nullable integer rows/columns/tables/datasets/streams; finite schema, rows and stages; lazy callbacks once	data:quality-invalid-rows-arity
claim:2a77e90f89d14ab3a1134646	Exact typed owner contract; no copy/borrow/clone capability inferred from spelling	input,console	SYNTHETIC_INPUT_AND_RETAINED_CONSOLE	NO	Contextual alias for g170-scan:oneOf; public typed source proof replaces the historical seed/probe evidence. Preserve the qualified row bounds; no separate global option or live capability is claimed. Synthetic mock/stdin replay; typed bounded ScanPlan; redaction; no real secret or live device	scan:choice-variant-oneOf-absent,scan:choice-type-oneOf
claim:2ba6d1655b5c1271a86e346e	Exact typed owner contract; no copy/borrow/clone capability inferred from spelling	Per expression: pure computation plus explicit observed sinks	NO_IMPLICIT_GRANT	NO	Spelling alias for g008-public:Dict.getMutable; no additional API counted; preserve qualified profile limits; native intrinsic identity is receiver-qualified; no serialized SymbolId or DocRecord is declared by this owner; interface metadata is verified by the separate metadata suite Typed key/value and hash/equality policy; two independent live stores; declared capacity and failure atomicity	dict:shared-unique,dict:unique-key-type,dict:unique-owner-read,dict:unique-released,dict:unique-view,dict:unique-write-type
claim:2bfd213e6c20704403b90651	Exact typed owner contract; no copy/borrow/clone capability inferred from spelling	Per expression: pure computation plus explicit observed sinks	NO_IMPLICIT_GRANT	NO	Text.() -> Text; 4096 public workspace; 15.1 Latin acute canonical pair; caller-owned result; public UTF-8 descriptor bridge and distinct bounded function storage; native intrinsic identity is receiver-qualified; no serialized SymbolId or DocRecord is declared by this owner; interface metadata is verified by the separate metadata suite UTF-8 byte/codepoint/grapheme units are distinct; per-member finite profile	text:arity-normalizeNfc
claim:2c46bd41771626d1704b8e86	Exact typed owner contract; no copy/borrow/clone capability inferred from spelling	Per expression: pure computation plus explicit observed sinks	NO_IMPLICIT_GRANT	NO	Text.() -> Text; 4096 public workspace; root ASCII/Latin-1 simple fold; caller-owned result; public UTF-8 descriptor bridge and distinct bounded function storage; native intrinsic identity is receiver-qualified; no serialized SymbolId or DocRecord is declared by this owner; interface metadata is verified by the separate metadata suite UTF-8 byte/codepoint/grapheme units are distinct; per-member finite profile	text:arity-caseFold
claim:2c81c1a8cf531346ba5699b2	Exact typed owner contract; no copy/borrow/clone capability inferred from spelling	input,console	SYNTHETIC_INPUT_AND_RETAINED_CONSOLE	NO	Contextual alias for g170-scan:style; public typed source proof replaces the historical seed/probe evidence. Preserve the qualified row bounds; no separate global option or live capability is claimed. Synthetic mock/stdin replay; typed bounded ScanPlan; redaction; no real secret or live device	scan:option-type-style
claim:2d0c75419eb6a8f32bec0892	Exact typed owner contract; no copy/borrow/clone capability inferred from spelling	Per expression: pure computation plus explicit observed sinks	NO_IMPLICIT_GRANT	NO	Actual edition-owned prelude SymbolId and unique stdlib owner; CLI metadata checked against the local .ni interface and independent FNV identity. Runtime profile is the cited source case family. Iterator/IntoIterator dispatch is bounded Range iteration, not a standalone cursor constructor or arbitrary iterator implementation. Ord reuses the existing comparable capability, with explicit Bool rejection. Native intrinsic profiles are not promoted to arbitrary generic APIs. Int64/Bool/binary64/Unicode scalar values; checked arithmetic; lexical evaluation once	composite:generic-ord-bool
claim:2d3c798ac72cb131a3a47321	Exact typed owner contract; no copy/borrow/clone capability inferred from spelling	Per expression: pure computation plus explicit observed sinks	NO_IMPLICIT_GRANT	NO	Spelling alias for g008-public:Int.hashStable; no additional API counted; preserve qualified profile limits; native intrinsic identity is receiver-qualified; no serialized SymbolId or DocRecord is declared by this owner; interface metadata is verified by the separate metadata suite Typed key/value and hash/equality policy; two independent live stores; declared capacity and failure atomicity	dict:hash-stable-arity
claim:2e196c37538b73525f2527d2	Exact typed owner contract; no copy/borrow/clone capability inferred from spelling	Per expression: pure computation plus explicit observed sinks	NO_IMPLICIT_GRANT	NO	isAlphaAscii(); nonempty ASCII letters; O(n); ; borrowed immutable receiver; public UTF-8 descriptor bridge and distinct bounded function storage; native intrinsic identity is receiver-qualified; no serialized SymbolId or DocRecord is declared by this owner; interface metadata is verified by the separate metadata suite UTF-8 byte/codepoint/grapheme units are distinct; per-member finite profile	text:arity-isAlphaAscii
claim:2e1c93122fc13d6d34df1b59	Exact typed owner contract; no copy/borrow/clone capability inferred from spelling	Per expression: pure computation plus explicit observed sinks	NO_IMPLICIT_GRANT	NO	Spelling alias for g010-public:Table.groupBy,g010-public:Table.groupBy.next,g010-public:Table.groupBy.sink; no additional API counted; preserve qualified profile limits; native intrinsic identity is receiver-qualified; no serialized SymbolId or DocRecord is declared by this owner; interface metadata is verified by the separate metadata suite Typed nullable integer rows/columns/tables/datasets/streams; finite schema, rows and stages; lazy callbacks once	data:group-copy,data:group-empty-expect,data:group-key-arity,data:group-key-two,data:group-key-type,data:group-method-arity,data:group-missing-name,data:group-sink-type
claim:2e251f062ef34fad18023122	Exact typed owner contract; no copy/borrow/clone capability inferred from spelling	Per expression: pure computation plus explicit observed sinks	NO_IMPLICIT_GRANT	NO	Spelling alias for g008-public:Dict.toSortedEntries; no additional API counted; preserve qualified profile limits; native intrinsic identity is receiver-qualified; no serialized SymbolId or DocRecord is declared by this owner; interface metadata is verified by the separate metadata suite Typed key/value and hash/equality policy; two independent live stores; declared capacity and failure atomicity	dict:sorted-arity,dict:sorted-index-type
claim:2e75bab938b02a3dd8167eb9	Exact typed owner contract; no copy/borrow/clone capability inferred from spelling	Per expression: pure computation plus explicit observed sinks	NO_IMPLICIT_GRANT	NO	Spelling alias for g010-public:Row.get,g010-public:Column.get; no additional API counted; preserve qualified profile limits; native intrinsic identity is receiver-qualified; no serialized SymbolId or DocRecord is declared by this owner; interface metadata is verified by the separate metadata suite Typed nullable integer rows/columns/tables/datasets/streams; finite schema, rows and stages; lazy callbacks once	data:column-get-type,data:row-get-name-type,data:row-unknown-name
claim:311685a7a02236989d47900a	Exact typed owner contract; no copy/borrow/clone capability inferred from spelling	input,console	SYNTHETIC_INPUT_AND_RETAINED_CONSOLE	NO	Contextual alias for g170-scan:forgetAfterUse; public typed source proof replaces the historical seed/probe evidence. Preserve the qualified row bounds; no separate global option or live capability is claimed. Synthetic mock/stdin replay; typed bounded ScanPlan; redaction; no real secret or live device	scan:forget-needs-secret,scan:security-arity-forgetAfterUse
claim:327d71b504a1fea3c8407863	Exact typed owner contract; no copy/borrow/clone capability inferred from spelling	Per expression: pure computation plus explicit observed sinks	NO_IMPLICIT_GRANT	NO	Spelling alias for g008-public:Dict<Int,Int>.new,g008-public:Dict<Int,Int>.withCapacity,g008-public:Dict.length,g008-public:Dict.capacity,g008-public:Dict.reserve,g008-public:Dict.loadFactor,g008-public:Dict.insert,g008-public:Dict.get,g008-public:Dict.containsKey,g008-public:Dict.remove,g008-public:Dict.clear,g008-public:Dict.keys,g008-public:Dict.values,g008-public:Dict.entries,g008-public:Dict.reseed,g008-public:Dict.maxProbeLength,g008-public:Dict.validateInvariants,g008-public:Dict.getMutable,g008-public:Dict.entry,g008-public:Dict.iterationOrder,g008-public:Dict.toSortedEntries,g008-public:Dict.retain,g008-public:Dict.collisionCount; no additional API counted; preserve qualified profile limits; native intrinsic identity is receiver-qualified; no serialized SymbolId or DocRecord is declared by this owner; interface metadata is verified by the separate metadata suite Typed key/value and hash/equality policy; two independent live stores; declared capacity and failure atomicity	dict:borrow-mutation,dict:capacity-invalid-9,dict:capacity-type,dict:collision-arity,dict:entry-copy,dict:entry-key-type,dict:entry-read-conflict,dict:entry-write-type,dict:insert-key-type,dict:insert-value-type,dict:iteration-order-arity,dict:key-type,dict:released-reference-read,dict:reserve-type,dict:retain-borrow,dict:retain-capture,dict:retain-key-type,dict:retain-non-callable,dict:retain-return-type,dict:retain-value-type,dict:shared-unique,dict:sorted-arity,dict:sorted-index-type,dict:unique-key-type,dict:unique-owner-read,dict:unique-released,dict:unique-view,dict:unique-write-type,dict:use-after-drop,dict:use-after-move,dict:value-type,dict:view-copy,dict:view-mutation,dict:view-released,dict:view-reseed
claim:33b5bff070ad391908bba2f9	Exact typed owner contract; no copy/borrow/clone capability inferred from spelling	Per expression: pure computation plus explicit observed sinks	NO_IMPLICIT_GRANT	NO	isNeboIdentifier(); ASCII lexer profile plus 27 live keywords; borrowed read only; actual Result value/tag/fallback; native checked output is committed only on Ok; live keyword table; native intrinsic identity is receiver-qualified; no serialized SymbolId or DocRecord is declared by this owner; interface metadata is verified by the separate metadata suite Explicit parse result; preserve checked numeric domain and Unicode policy	textparse:arity-isNeboIdentifier
claim:352f3cee7bab13693d1213fb	Exact typed owner contract; no copy/borrow/clone capability inferred from spelling	Per expression: pure computation plus explicit observed sinks	NO_IMPLICIT_GRANT	NO	Spelling alias for g008-public:Set.difference; no additional API counted; preserve qualified profile limits; native intrinsic identity is receiver-qualified; no serialized SymbolId or DocRecord is declared by this owner; interface metadata is verified by the separate metadata suite Typed key/value and hash/equality policy; two independent live stores; declared capacity and failure atomicity	dict:set-difference-type
claim:35cb3abf9982aba1b63daa35	Exact typed owner contract; no copy/borrow/clone capability inferred from spelling	Per expression: pure computation plus explicit observed sinks	NO_IMPLICIT_GRANT	NO	replaceAllChecked(Text,Text); 4096 generated output bytes; caller-owned Text; actual Result value/tag/fallback; native checked output is committed only on Ok; live keyword table; native intrinsic identity is receiver-qualified; no serialized SymbolId or DocRecord is declared by this owner; interface metadata is verified by the separate metadata suite Explicit parse result; preserve checked numeric domain and Unicode policy	textparse:arity-replaceAllChecked,textparse:type-replaceAllChecked,textparse:fallback-type-Text
claim:3643ddeae3432f2b2f9139f8	Exact typed owner contract; no copy/borrow/clone capability inferred from spelling	Per expression: pure computation plus explicit observed sinks	NO_IMPLICIT_GRANT	NO	Spelling alias for g009-public:Graph.addNode; no additional API counted; preserve qualified profile limits; native intrinsic identity is receiver-qualified; no serialized SymbolId or DocRecord is declared by this owner; interface metadata is verified by the separate metadata suite Int64 payloads; 32 nodes/256 edges; authenticated handle/owner pair; no stale or foreign handle	relation:graph-add-node-type
claim:3a1a5191c43d6c42cae03ceb	Exact typed owner contract; no copy/borrow/clone capability inferred from spelling	Per expression: pure computation plus explicit observed sinks	NO_IMPLICIT_GRANT	NO	Spelling alias for g008-public:Dict.retain; no additional API counted; preserve qualified profile limits; native intrinsic identity is receiver-qualified; no serialized SymbolId or DocRecord is declared by this owner; interface metadata is verified by the separate metadata suite Typed key/value and hash/equality policy; two independent live stores; declared capacity and failure atomicity	dict:retain-borrow,dict:retain-capture,dict:retain-key-type,dict:retain-non-callable,dict:retain-return-type,dict:retain-value-type
claim:3af5a07d7b408107b32b19a0	Exact typed owner contract; no copy/borrow/clone capability inferred from spelling	Per expression: pure computation plus explicit observed sinks	NO_IMPLICIT_GRANT	NO	Actual Int64/binary64 lanes, extent 1..64; checked Int sum, native compensated Float sum, explicit population/sample and linearType7 policies; 1536-byte caller workspace isolates conversion/quantile scratch; source values unchanged; native domain/overflow traps and NaN propagation are observed; no source report or synthetic aggregate Native checked scalar/vector mathematics; independent numeric oracle; explicit process return separate from intermediate value	statistics:quantile-0.25,statistics:shadow-quantile
claim:3b661f2f1f7b1c8dde06f306	Exact typed owner contract; no copy/borrow/clone capability inferred from spelling	Per expression: pure computation plus explicit observed sinks	NO_IMPLICIT_GRANT	NO	Actual edition-owned prelude SymbolId and unique stdlib owner; CLI metadata checked against the local .ni interface and independent FNV identity. Runtime profile is the cited source case family. Iterator/IntoIterator dispatch is bounded Range iteration, not a standalone cursor constructor or arbitrary iterator implementation. Ord reuses the existing comparable capability, with explicit Bool rejection. Native intrinsic profiles are not promoted to arbitrary generic APIs. Typed active variant and structured errors; bounded combinators; explicit ownership; no arbitrary callback promise	optionresult:option-zip-array
claim:3b877d773a41ebfce31e2a56	Exact typed owner contract; no copy/borrow/clone capability inferred from spelling	Per expression: pure computation plus explicit observed sinks	NO_IMPLICIT_GRANT	NO	Spelling alias for g010-public:Table.sortBy; no additional API counted; preserve qualified profile limits; native intrinsic identity is receiver-qualified; no serialized SymbolId or DocRecord is declared by this owner; interface metadata is verified by the separate metadata suite Typed nullable integer rows/columns/tables/datasets/streams; finite schema, rows and stages; lazy callbacks once	data:table-sort-name-type,data:table-sort-two-keys,data:table-sort-unknown-name
claim:3be8074ed4adc596274a600f	Exact typed owner contract; no copy/borrow/clone capability inferred from spelling	console	SYNTHETIC_INPUT_AND_RETAINED_CONSOLE	NO	Spelling alias only; inspect every qualified declaration: g018-declaration:console.size() Retained document/headless software profile; exact nodes and bytes; no live desktop claim	console:size-arity
claim:3c2eb81e414ed36cc23ec4b2	Exact typed owner contract; no copy/borrow/clone capability inferred from spelling	input,console	SYNTHETIC_INPUT_AND_RETAINED_CONSOLE	NO	Contextual alias for g170-scan:yesNo; public typed source proof replaces the historical seed/probe evidence. Preserve the qualified row bounds; no separate global option or live capability is claimed. Synthetic mock/stdin replay; typed bounded ScanPlan; redaction; no real secret or live device	scan:choice-yesNo-invalid
claim:3d361b1b7b6ad0b26d30620c	Exact typed owner contract; no copy/borrow/clone capability inferred from spelling	Per expression: pure computation plus explicit observed sinks	NO_IMPLICIT_GRANT	NO	Spelling alias for g010-public:Dataset.cache; no additional API counted; preserve qualified profile limits; native intrinsic identity is receiver-qualified; no serialized SymbolId or DocRecord is declared by this owner; interface metadata is verified by the separate metadata suite Typed nullable integer rows/columns/tables/datasets/streams; finite schema, rows and stages; lazy callbacks once	data:cache-arity,data:cache-blocks-repartition,data:cache-invalid-2,data:cache-policy-type
claim:3d68dc5fd9e828e756c26f2d	Exact typed owner contract; no copy/borrow/clone capability inferred from spelling	Per expression: pure computation plus explicit observed sinks	NO_IMPLICIT_GRANT	NO	Explicit SplitMix64 v1 state, no entropy capability; native finite-domain distributions and categorical Float Vector weights; nonnegative Int uniform; shuffle of unique local mutable Int Slice at most 64 lanes; lexical creation/release provenance, separate descriptor/payload frames; sample of Int Vector/local Slice returns canonical List with 0..16 entries; independent seed/value/order oracles and rejected effectful interpolation; no whole-source report Independent deterministic seeded states; checked intervals and distribution domains; no cryptographic entropy claim	random:categorical-dtype,random:categorical-type,random:categorical-arity
claim:3d700a5a1897ad69b07b69c2	Exact typed owner contract; no copy/borrow/clone capability inferred from spelling	Per expression: pure computation plus explicit observed sinks	NO_IMPLICIT_GRANT	NO	indexOf(Text); byte index; O((n-m+1)m); ; borrowed inputs; caller-owned Option slot; public UTF-8 descriptor bridge and distinct bounded function storage; native intrinsic identity is receiver-qualified; no serialized SymbolId or DocRecord is declared by this owner; interface metadata is verified by the separate metadata suite UTF-8 byte/codepoint/grapheme units are distinct; per-member finite profile	text:type-indexOf
claim:3e4e1dcddb7062bd03f35941	Exact typed owner contract; no copy/borrow/clone capability inferred from spelling	Per expression: pure computation plus explicit observed sinks	NO_IMPLICIT_GRANT	NO	Literal Int64/binary64 operands; at most 128 complete statements; independent arithmetic trace and return matrix Native checked scalar/vector mathematics; independent numeric oracle; explicit process return separate from intermediate value	math:math-text-return,math:record-capacity-plus-one
claim:3ed1febf7e80ca9a7ed359a5	Exact typed owner contract; no copy/borrow/clone capability inferred from spelling	Per expression: pure computation plus explicit observed sinks	NO_IMPLICIT_GRANT	NO	Spelling alias for g009-public:Graph<Int,Int>.undirected; no additional API counted; preserve qualified profile limits; native intrinsic identity is receiver-qualified; no serialized SymbolId or DocRecord is declared by this owner; interface metadata is verified by the separate metadata suite Int64 payloads; 32 nodes/256 edges; authenticated handle/owner pair; no stale or foreign handle	relation:graph-edge-type
claim:3f36ddd9d2242fe671e83752	Exact typed owner contract; no copy/borrow/clone capability inferred from spelling	input,console	SYNTHETIC_INPUT_AND_RETAINED_CONSOLE	NO	Contextual alias for g170-scan:maxLines; public typed source proof replaces the historical seed/probe evidence. Preserve the qualified row bounds; no separate global option or live capability is claimed. Synthetic mock/stdin replay; typed bounded ScanPlan; redaction; no real secret or live device	scan:multiline-maxlines-zero,scan:multiline-maxlines-over
claim:3faba2f8f65262fab1216bf7	Exact typed owner contract; no copy/borrow/clone capability inferred from spelling	Per expression: pure computation plus explicit observed sinks	NO_IMPLICIT_GRANT	NO	Spelling alias for g010-public:Table.columnCount; no additional API counted; preserve qualified profile limits; native intrinsic identity is receiver-qualified; no serialized SymbolId or DocRecord is declared by this owner; interface metadata is verified by the separate metadata suite Typed nullable integer rows/columns/tables/datasets/streams; finite schema, rows and stages; lazy callbacks once	data:table-column-count-arity
claim:40d488fe4490fa05e7e02d26	Exact typed owner contract; no copy/borrow/clone capability inferred from spelling	Per expression: pure computation plus explicit observed sinks	NO_IMPLICIT_GRANT	NO	Binary64 actual receiver and once-evaluated arguments; classifiers include IEEE subnormal/NaN/infinity/signed zero; explicit rounding modes restore caller control word; finite round magnitude <2^63; approxEquals preserves two source arguments with Vector<Float> tolerance [absolute,relative], exactly two lanes (runtime shape checked); nonnegative/non-NaN tolerances, identical infinities equal and distinct infinities unequal; Uncertain methods claim only exact typed operands; native registry identity and runtime profile are explicit; serialized interface metadata is verified by the separate metadata suite Native checked scalar/vector mathematics; independent numeric oracle; explicit process return separate from intermediate value	precision:approx-other-type,precision:approx-tolerance-type,precision:approx-element-type,precision:approx-shape-three,precision:approx-arity-4,precision:approx-status-type,precision:approx-dynamic-shape-3,precision:approx-domain-33
claim:415c71c28c43aff4440b2800	Exact typed owner contract; no copy/borrow/clone capability inferred from spelling	Per expression: pure computation plus explicit observed sinks	NO_IMPLICIT_GRANT	NO	Spelling alias for g009-public:Tree.postorder; no additional API counted; preserve qualified profile limits; native intrinsic identity is receiver-qualified; no serialized SymbolId or DocRecord is declared by this owner; interface metadata is verified by the separate metadata suite Int64 payloads; 32 nodes/256 edges; authenticated handle/owner pair; no stale or foreign handle	relation:tree-postorder-arity
claim:424bb83996a3e38a68dcf3e9	Exact typed owner contract; no copy/borrow/clone capability inferred from spelling	input,console	SYNTHETIC_INPUT_AND_RETAINED_CONSOLE	NO	Contextual alias for g170-scan:jsonBlock; public typed source proof replaces the historical seed/probe evidence. Preserve the qualified row bounds; no separate global option or live capability is claimed. Synthetic mock/stdin replay; typed bounded ScanPlan; redaction; no real secret or live device	scan:multiline-bad-json,scan:multiline-duplicate-json
claim:457f6ba87c85808174445e46	Exact typed owner contract; no copy/borrow/clone capability inferred from spelling	input,console	SYNTHETIC_INPUT_AND_RETAINED_CONSOLE	NO	Contextual alias for g170-scan:rawBlock; public typed source proof replaces the historical seed/probe evidence. Preserve the qualified row bounds; no separate global option or live capability is claimed. Synthetic mock/stdin replay; typed bounded ScanPlan; redaction; no real secret or live device	scan:multiline-mode-conflict
claim:45ec8d7b2a67419031f67091	Exact typed owner contract; no copy/borrow/clone capability inferred from spelling	Per expression: pure computation plus explicit observed sinks	NO_IMPLICIT_GRANT	NO	Spelling alias for g009-public:Tree.preorder; no additional API counted; preserve qualified profile limits; native intrinsic identity is receiver-qualified; no serialized SymbolId or DocRecord is declared by this owner; interface metadata is verified by the separate metadata suite Int64 payloads; 32 nodes/256 edges; authenticated handle/owner pair; no stale or foreign handle	relation:tree-preorder-arity
claim:4752f69a488b14ba42ab6346	Exact typed owner contract; no copy/borrow/clone capability inferred from spelling	Per expression: pure computation plus explicit observed sinks	NO_IMPLICIT_GRANT	NO	Spelling alias for g010-public:Flow<Int>.value; no additional API counted; preserve qualified profile limits; native intrinsic identity is receiver-qualified; no serialized SymbolId or DocRecord is declared by this owner; interface metadata is verified by the separate metadata suite Typed nullable integer rows/columns/tables/datasets/streams; finite schema, rows and stages; lazy callbacks once	data:flow-type
claim:47990c872fdd06e04b656591	Exact typed owner contract; no copy/borrow/clone capability inferred from spelling	Per expression: pure computation plus explicit observed sinks	NO_IMPLICIT_GRANT	NO	isEmpty(); O(1); ; borrowed immutable receiver; public UTF-8 descriptor bridge and distinct bounded function storage; native intrinsic identity is receiver-qualified; no serialized SymbolId or DocRecord is declared by this owner; interface metadata is verified by the separate metadata suite UTF-8 byte/codepoint/grapheme units are distinct; per-member finite profile	text:arity-isEmpty
claim:48e811dda1824a827cb5f5eb	Exact typed owner contract; no copy/borrow/clone capability inferred from spelling	Per expression: pure computation plus explicit observed sinks	NO_IMPLICIT_GRANT	NO	Spelling alias for g008-public:Set.intersection; no additional API counted; preserve qualified profile limits; native intrinsic identity is receiver-qualified; no serialized SymbolId or DocRecord is declared by this owner; interface metadata is verified by the separate metadata suite Typed key/value and hash/equality policy; two independent live stores; declared capacity and failure atomicity	dict:set-intersection-type
claim:492add4012b8533e7ead4cb6	Exact typed owner contract; no copy/borrow/clone capability inferred from spelling	Per expression: pure computation plus explicit observed sinks	NO_IMPLICIT_GRANT	NO	Actual Int64/binary64 lanes, extent 1..64; checked Int sum, native compensated Float sum, explicit population/sample and linearType7 policies; 1536-byte caller workspace isolates conversion/quantile scratch; source values unchanged; native domain/overflow traps and NaN propagation are observed; no source report or synthetic aggregate Native checked scalar/vector mathematics; independent numeric oracle; explicit process return separate from intermediate value	statistics:correlation-type,statistics:correlation-shape,statistics:correlation-dtype,statistics:correlation-arity
claim:49faf7047d69177900e8fe96	Exact typed owner contract; no copy/borrow/clone capability inferred from spelling	Per expression: pure computation plus explicit observed sinks	NO_IMPLICIT_GRANT	NO	Explicit SplitMix64 v1 state, no entropy capability; native finite-domain distributions and categorical Float Vector weights; nonnegative Int uniform; shuffle of unique local mutable Int Slice at most 64 lanes; lexical creation/release provenance, separate descriptor/payload frames; sample of Int Vector/local Slice returns canonical List with 0..16 entries; independent seed/value/order oracles and rejected effectful interpolation; no whole-source report Independent deterministic seeded states; checked intervals and distribution domains; no cryptographic entropy claim	random:seed-type,random:seed-arity,random:state-status
claim:4c4cb795ffcabd4d37c8a850	Exact typed owner contract; no copy/borrow/clone capability inferred from spelling	input,console	SYNTHETIC_INPUT_AND_RETAINED_CONSOLE	NO	Contextual alias for g170-scan:secret; public typed source proof replaces the historical seed/probe evidence. Preserve the qualified row bounds; no separate global option or live capability is claimed. Synthetic mock/stdin replay; typed bounded ScanPlan; redaction; no real secret or live device	scan:weak-secret,scan:secret-arity,scan:option-arity-secret
claim:4c814abc5cf5237a2bd5d2d2	Exact typed owner contract; no copy/borrow/clone capability inferred from spelling	Per expression: pure computation plus explicit observed sinks	NO_IMPLICIT_GRANT	NO	Spelling alias for g008-public:Dict.reserve; no additional API counted; preserve qualified profile limits; native intrinsic identity is receiver-qualified; no serialized SymbolId or DocRecord is declared by this owner; interface metadata is verified by the separate metadata suite Typed key/value and hash/equality policy; two independent live stores; declared capacity and failure atomicity	dict:reserve-type
claim:4ec899a194e61c8e4122d838	Exact typed owner contract; no copy/borrow/clone capability inferred from spelling	input,console	SYNTHETIC_INPUT_AND_RETAINED_CONSOLE	NO	Contextual alias for g170-scan:feedback; public typed source proof replaces the historical seed/probe evidence. Preserve the qualified row bounds; no separate global option or live capability is claimed. Synthetic mock/stdin replay; typed bounded ScanPlan; redaction; no real secret or live device	scan:metadata-type,scan:option-arity-feedback
claim:4f51bce75a774f5cc3aeb531	Exact typed owner contract; no copy/borrow/clone capability inferred from spelling	Per expression: pure computation plus explicit observed sinks	NO_IMPLICIT_GRANT	NO	Binary64 actual receiver and once-evaluated arguments; classifiers include IEEE subnormal/NaN/infinity/signed zero; explicit rounding modes restore caller control word; finite round magnitude <2^63; approxEquals preserves two source arguments with Vector<Float> tolerance [absolute,relative], exactly two lanes (runtime shape checked); nonnegative/non-NaN tolerances, identical infinities equal and distinct infinities unequal; Uncertain methods claim only exact typed operands; native registry identity and runtime profile are explicit; serialized interface metadata is verified by the separate metadata suite Native checked scalar/vector mathematics; independent numeric oracle; explicit process return separate from intermediate value	precision:classifier-extra-argument
claim:4fe4393e76342243fa2d88bf	Exact typed owner contract; no copy/borrow/clone capability inferred from spelling	Per expression: pure computation plus explicit observed sinks	NO_IMPLICIT_GRANT	NO	Spelling alias for g010-public:Event<Int>.value; no additional API counted; preserve qualified profile limits; native intrinsic identity is receiver-qualified; no serialized SymbolId or DocRecord is declared by this owner; interface metadata is verified by the separate metadata suite Typed nullable integer rows/columns/tables/datasets/streams; finite schema, rows and stages; lazy callbacks once	data:event-type
claim:52a41f4c247955848764e413	Exact typed owner contract; no copy/borrow/clone capability inferred from spelling	console	SYNTHETIC_INPUT_AND_RETAINED_CONSOLE	NO	Spelling alias only; inspect every qualified declaration: g018-declaration:Text.console(); g018-declaration:Int.console(); g018-declaration:Bool.console(); g018-declaration:console.title(text); g018-declaration:console.clear(); g018-declaration:console.append(value, style); g018-declaration:console.style(range, style); g018-declaration:console.scrollToEnd(); g018-declaration:console.size(); g018-declaration:console.close() Retained document/headless software profile; exact nodes and bytes; no live desktop claim	console:append-float,console:append-missing,console:bare-color,console:clear-arity,console:close-arity,console:close-clear,console:close-publish,console:close-twice,console:scroll-arity,console:size-arity,console:style-bound--1-1,console:style-bound-0-3,console:style-bound-2-1,console:style-endpoint-type,console:style-role-type,console:style-selection-arity,console:style-selection-type,console:styled-append-arity,console:styled-append-type,console:title-limit,console:title-type
claim:5347bdcdb00f42f1c3a42a72	Exact typed owner contract; no copy/borrow/clone capability inferred from spelling	Per expression: pure computation plus explicit observed sinks	NO_IMPLICIT_GRANT	NO	Spelling alias for g008-public:Dict.get; no additional API counted; preserve qualified profile limits; native intrinsic identity is receiver-qualified; no serialized SymbolId or DocRecord is declared by this owner; interface metadata is verified by the separate metadata suite Typed key/value and hash/equality policy; two independent live stores; declared capacity and failure atomicity	dict:released-reference-read
claim:53b7c6e2a6265fa7564fb599	Exact typed owner contract; no copy/borrow/clone capability inferred from spelling	Per expression: pure computation plus explicit observed sinks	NO_IMPLICIT_GRANT	NO	toText(); 4096 generated output bytes; owned for Text/Int static for Bool; actual Result value/tag/fallback; native checked output is committed only on Ok; live keyword table; native intrinsic identity is receiver-qualified; no serialized SymbolId or DocRecord is declared by this owner; interface metadata is verified by the separate metadata suite Explicit parse result; preserve checked numeric domain and Unicode policy	textparse:arity-toText
claim:53cf67a22ac4477f89f4005b	Exact typed owner contract; no copy/borrow/clone capability inferred from spelling	Per expression: pure computation plus explicit observed sinks	NO_IMPLICIT_GRANT	NO	Spelling alias for g010-public:Dataset.partitionCount; no additional API counted; preserve qualified profile limits; native intrinsic identity is receiver-qualified; no serialized SymbolId or DocRecord is declared by this owner; interface metadata is verified by the separate metadata suite Typed nullable integer rows/columns/tables/datasets/streams; finite schema, rows and stages; lazy callbacks once	data:dataset-partition-count-arity
claim:547467641629e92203b10bf1	Exact typed owner contract; no copy/borrow/clone capability inferred from spelling	Per expression: pure computation plus explicit observed sinks	NO_IMPLICIT_GRANT	NO	isAscii(); whole input; O(n); ; borrowed immutable receiver; public UTF-8 descriptor bridge and distinct bounded function storage; native intrinsic identity is receiver-qualified; no serialized SymbolId or DocRecord is declared by this owner; interface metadata is verified by the separate metadata suite UTF-8 byte/codepoint/grapheme units are distinct; per-member finite profile	text:arity-isAscii
claim:549e7059025a971fcc365dc9	Exact typed owner contract; no copy/borrow/clone capability inferred from spelling	console	SYNTHETIC_INPUT_AND_RETAINED_CONSOLE	NO	Spelling alias only; inspect every qualified declaration: g018-declaration:console.scrollToEnd() Retained document/headless software profile; exact nodes and bytes; no live desktop claim	console:scroll-arity
claim:54ad79f5f8bd26f18fe4bb4d	Exact typed owner contract; no copy/borrow/clone capability inferred from spelling	input,console	SYNTHETIC_INPUT_AND_RETAINED_CONSOLE	NO	Contextual alias for g170-scan:autocomplete; public typed source proof replaces the historical seed/probe evidence. Preserve the qualified row bounds; no separate global option or live capability is claimed. Synthetic mock/stdin replay; typed bounded ScanPlan; redaction; no real secret or live device	scan:autocomplete-ambiguous,scan:autocomplete-absent,scan:choice-type-autocomplete
claim:55290ab94bb4dfe62eb3d860	Exact typed owner contract; no copy/borrow/clone capability inferred from spelling	Per expression: pure computation plus explicit observed sinks	NO_IMPLICIT_GRANT	NO	Literal Int64/binary64 operands; at most 128 complete statements; independent arithmetic trace and return matrix Native checked scalar/vector mathematics; independent numeric oracle; explicit process return separate from intermediate value	math:math-text-return,math:record-capacity-plus-one
claim:55dee89308056e33be8c40fb	Exact typed owner contract; no copy/borrow/clone capability inferred from spelling	Per expression: pure computation plus explicit observed sinks	NO_IMPLICIT_GRANT	NO	Spelling alias for g010-public:Table.rowCount; no additional API counted; preserve qualified profile limits; native intrinsic identity is receiver-qualified; no serialized SymbolId or DocRecord is declared by this owner; interface metadata is verified by the separate metadata suite Typed nullable integer rows/columns/tables/datasets/streams; finite schema, rows and stages; lazy callbacks once	data:table-row-count-arity
claim:5627492c9ec2cab409b18eaf	Exact typed owner contract; no copy/borrow/clone capability inferred from spelling	Per expression: pure computation plus explicit observed sinks	NO_IMPLICIT_GRANT	NO	Spelling alias for g009-public:Tree<Int>.new,g009-public:Tree.root,g009-public:Tree.addChild,g009-public:Tree.removeSubtree,g009-public:Tree.parent,g009-public:Tree.children,g009-public:Tree.height,g009-public:Tree.preorder,g009-public:Tree.postorder,g009-public:Tree.lowestCommonAncestor; no additional API counted; preserve qualified profile limits; native intrinsic identity is receiver-qualified; no serialized SymbolId or DocRecord is declared by this owner; interface metadata is verified by the separate metadata suite Int64 payloads; 32 nodes/256 edges; authenticated handle/owner pair; no stale or foreign handle	relation:tree-children-node-type,relation:tree-copy,relation:tree-height-arity,relation:tree-lca-node-type,relation:tree-parent-node-type,relation:tree-payload-type,relation:tree-postorder-arity,relation:tree-preorder-arity,relation:tree-raw-handle,relation:tree-removeSubtree-node-type,relation:tree-root-arity,relation:tree-type,relation:tree-wrong-child-value
claim:5650d741e3336cb96ad15195	Exact typed owner contract; no copy/borrow/clone capability inferred from spelling	Per expression: pure computation plus explicit observed sinks	NO_IMPLICIT_GRANT	NO	Actual edition-owned prelude SymbolId and unique stdlib owner; CLI metadata checked against the local .ni interface and independent FNV identity. Runtime profile is the cited source case family. Iterator/IntoIterator dispatch is bounded Range iteration, not a standalone cursor constructor or arbitrary iterator implementation. Ord reuses the existing comparable capability, with explicit Bool rejection. Native intrinsic profiles are not promoted to arbitrary generic APIs. Typed active variant and structured errors; bounded combinators; explicit ownership; no arbitrary callback promise	optionresult:result-or-else-type
claim:579eeed18af4e5b64384372f	Exact typed owner contract; no copy/borrow/clone capability inferred from spelling	Per expression: pure computation plus explicit observed sinks	NO_IMPLICIT_GRANT	NO	Spelling alias for g010-public:Stream.batch,g010-public:Stream.batch.next,g010-public:Stream.batch.sink; no additional API counted; preserve qualified profile limits; native intrinsic identity is receiver-qualified; no serialized SymbolId or DocRecord is declared by this owner; interface metadata is verified by the separate metadata suite Typed nullable integer rows/columns/tables/datasets/streams; finite schema, rows and stages; lazy callbacks once	data:batch-copy,data:batch-option-copy,data:batch-sink-extra-argument,data:batch-sink-return-value,data:batch-sink-scalar-receiver,data:batch-size-arity,data:batch-size-invalid--1,data:batch-size-invalid-0,data:batch-size-invalid-65,data:batch-size-type
claim:57b9a3fd10dc01e0aea508b1	Exact typed owner contract; no copy/borrow/clone capability inferred from spelling	Per expression: pure computation plus explicit observed sinks	NO_IMPLICIT_GRANT	NO	Spelling alias for g009-public:Tree.children; no additional API counted; preserve qualified profile limits; native intrinsic identity is receiver-qualified; no serialized SymbolId or DocRecord is declared by this owner; interface metadata is verified by the separate metadata suite Int64 payloads; 32 nodes/256 edges; authenticated handle/owner pair; no stale or foreign handle	relation:tree-children-node-type
claim:587e6f8343e0bd64c09b5952	Exact typed owner contract; no copy/borrow/clone capability inferred from spelling	Per expression: pure computation plus explicit observed sinks	NO_IMPLICIT_GRANT	NO	lower(); 4096 output bytes; ASCII root profile; ; owned caller workspace; public UTF-8 descriptor bridge and distinct bounded function storage; native intrinsic identity is receiver-qualified; no serialized SymbolId or DocRecord is declared by this owner; interface metadata is verified by the separate metadata suite UTF-8 byte/codepoint/grapheme units are distinct; per-member finite profile	text:arity-lower
claim:596c8f79dd98c9f8afc299ff	Exact typed owner contract; no copy/borrow/clone capability inferred from spelling	Per expression: pure computation plus explicit observed sinks	NO_IMPLICIT_GRANT	NO	Actual Int64/binary64 lanes, extent 1..64; checked Int sum, native compensated Float sum, explicit population/sample and linearType7 policies; 1536-byte caller workspace isolates conversion/quantile scratch; source values unchanged; native domain/overflow traps and NaN propagation are observed; no source report or synthetic aggregate Native checked scalar/vector mathematics; independent numeric oracle; explicit process return separate from intermediate value	statistics:arity-mean,statistics:float-status
claim:5bc5f510dfda3d787fe58416	Exact typed owner contract; no copy/borrow/clone capability inferred from spelling	console	SYNTHETIC_INPUT_AND_RETAINED_CONSOLE	NO	Spelling alias only; inspect every qualified declaration: g018-declaration:visual.summarize(value) Retained document/headless software profile; exact nodes and bytes; no live desktop claim	console:visual-summary-arity,console:visual-summary-range--1,console:visual-summary-range-256,console:visual-summary-shadow,console:visual-summary-type
claim:5c4067090d3eb3b35c41ae27	Exact typed owner contract; no copy/borrow/clone capability inferred from spelling	input,console	SYNTHETIC_INPUT_AND_RETAINED_CONSOLE	NO	Contextual alias for g170-scan:redact; public typed source proof replaces the historical seed/probe evidence. Preserve the qualified row bounds; no separate global option or live capability is claimed. Synthetic mock/stdin replay; typed bounded ScanPlan; redaction; no real secret or live device	scan:secret-arity,scan:option-arity-redact
claim:5c562dd249bf5aac06fc39e8	Exact typed owner contract; no copy/borrow/clone capability inferred from spelling	Per expression: pure computation plus explicit observed sinks	NO_IMPLICIT_GRANT	NO	Spelling alias for g009-public:Node.degree; no additional API counted; preserve qualified profile limits; native intrinsic identity is receiver-qualified; no serialized SymbolId or DocRecord is declared by this owner; interface metadata is verified by the separate metadata suite Int64 payloads; 32 nodes/256 edges; authenticated handle/owner pair; no stale or foreign handle	relation:node-degree-arity
claim:5d47e5dcd877ab58dedc8c74	Exact typed owner contract; no copy/borrow/clone capability inferred from spelling	filesystem	PRIVATE_DIRECTORY	NO	Actual nominal immutable Path, canonical native normalize/join/isAbsolute/fileName owners; 4096-byte paths, 64 components, 255-byte components. File.readText/writeText consume typed Path and Text, explicit utf8 and truncate/append/atomic policies, at most 4096 bytes. Native File capability is restricted to the execution directory through openat2 beneath/no-symlink resolution. Every file and root descriptor closes; private filesystem byte effects and 512 repeated reads are independent observations. This is the material convenience profile, not a claim for arbitrary live handle or directory APIs. Caller-owned beneath directory; no symlinks; UTF-8; 4096-byte paths, 64 components, 255-byte component; atomic write	filesystem:read-path-type,filesystem:read-limit-type,filesystem:encoding-policy,filesystem:encoding-shadow,filesystem:write-value-type,filesystem:write-mode,filesystem:file-domain-missing,filesystem:file-domain-encoding,filesystem:file-domain-bound,filesystem:file-domain-absolute
claim:5d68b86e20730e28aa956938	Exact typed owner contract; no copy/borrow/clone capability inferred from spelling	Per expression: pure computation plus explicit observed sinks	NO_IMPLICIT_GRANT	NO	Spelling alias for g008-public:Dict.validateInvariants; no additional API counted; preserve qualified profile limits; native intrinsic identity is receiver-qualified; no serialized SymbolId or DocRecord is declared by this owner; interface metadata is verified by the separate metadata suite Typed key/value and hash/equality policy; two independent live stores; declared capacity and failure atomicity	dict:use-after-drop
claim:5e73e28d4202b9aaa2f0b803	Exact typed owner contract; no copy/borrow/clone capability inferred from spelling	Per expression: pure computation plus explicit observed sinks	NO_IMPLICIT_GRANT	NO	Spelling alias for g008-public:Dict.insert,g008-public:Set.insert; no additional API counted; preserve qualified profile limits; native intrinsic identity is receiver-qualified; no serialized SymbolId or DocRecord is declared by this owner; interface metadata is verified by the separate metadata suite Typed key/value and hash/equality policy; two independent live stores; declared capacity and failure atomicity	dict:insert-key-type,dict:insert-value-type,dict:set-insert-type
claim:5eff28a6e44e3a21a5fe4063	Exact typed owner contract; no copy/borrow/clone capability inferred from spelling	Per expression: pure computation plus explicit observed sinks	NO_IMPLICIT_GRANT	NO	lastIndexOf(Text); byte index; O((n-m+1)m); ; borrowed inputs; caller-owned Option slot; public UTF-8 descriptor bridge and distinct bounded function storage; native intrinsic identity is receiver-qualified; no serialized SymbolId or DocRecord is declared by this owner; interface metadata is verified by the separate metadata suite UTF-8 byte/codepoint/grapheme units are distinct; per-member finite profile	text:type-lastIndexOf
claim:605839f798b2d5e2acbe2ece	Exact typed owner contract; no copy/borrow/clone capability inferred from spelling	Per expression: pure computation plus explicit observed sinks	NO_IMPLICIT_GRANT	NO	Spelling alias for g010-public:Row.from,g010-public:Stream<Int>.from,g010-public:Column<Int>.from; no additional API counted; preserve qualified profile limits; native intrinsic identity is receiver-qualified; no serialized SymbolId or DocRecord is declared by this owner; interface metadata is verified by the separate metadata suite Typed nullable integer rows/columns/tables/datasets/streams; finite schema, rows and stages; lazy callbacks once	data:column-copy,data:column-element-type,data:column-from-type,data:column-mixed-type,data:column-value-type,data:row-copy,data:row-empty-values,data:row-missing-nonnullable,data:row-schema-type,data:row-too-few,data:row-too-many,data:row-value-float,data:row-value-type,data:stream-copy,data:stream-element-type,data:stream-from-type,data:stream-value-type
claim:60d1fd8b101110462a0f41f7	Exact typed owner contract; no copy/borrow/clone capability inferred from spelling	Per expression: pure computation plus explicit observed sinks	NO_IMPLICIT_GRANT	NO	parseInt(); decimal signed i64; Result by value; actual Result value/tag/fallback; native checked output is committed only on Ok; live keyword table; native intrinsic identity is receiver-qualified; no serialized SymbolId or DocRecord is declared by this owner; interface metadata is verified by the separate metadata suite Explicit parse result; preserve checked numeric domain and Unicode policy	textparse:arity-parseInt,textparse:fallback-type-Int
claim:6173cc5395595d52edab0b9e	Exact typed owner contract; no copy/borrow/clone capability inferred from spelling	input,console	SYNTHETIC_INPUT_AND_RETAINED_CONSOLE	NO	Contextual alias for g170-scan:sensitive; public typed source proof replaces the historical seed/probe evidence. Preserve the qualified row bounds; no separate global option or live capability is claimed. Synthetic mock/stdin replay; typed bounded ScanPlan; redaction; no real secret or live device	scan:secret-arity,scan:option-arity-sensitive
claim:61aa7b5cbbbb8c070ae1ba1e	Exact typed owner contract; no copy/borrow/clone capability inferred from spelling	Per expression: pure computation plus explicit observed sinks	NO_IMPLICIT_GRANT	NO	Spelling alias for g010-public:Dataset.schema; no additional API counted; preserve qualified profile limits; native intrinsic identity is receiver-qualified; no serialized SymbolId or DocRecord is declared by this owner; interface metadata is verified by the separate metadata suite Typed nullable integer rows/columns/tables/datasets/streams; finite schema, rows and stages; lazy callbacks once	data:dataset-schema-arity
claim:620b2733fc66bb9048954ffb	Exact typed owner contract; no copy/borrow/clone capability inferred from spelling	input,console	SYNTHETIC_INPUT_AND_RETAINED_CONSOLE	NO	Contextual alias for g170-scan:paragraph; public typed source proof replaces the historical seed/probe evidence. Preserve the qualified row bounds; no separate global option or live capability is claimed. Synthetic mock/stdin replay; typed bounded ScanPlan; redaction; no real secret or live device	scan:multiline-mode-conflict
claim:641aec17a589f5dddf4bd6d8	Exact typed owner contract; no copy/borrow/clone capability inferred from spelling	Per expression: pure computation plus explicit observed sinks	NO_IMPLICIT_GRANT	NO	Spelling alias for g008-public:Set.union; no additional API counted; preserve qualified profile limits; native intrinsic identity is receiver-qualified; no serialized SymbolId or DocRecord is declared by this owner; interface metadata is verified by the separate metadata suite Typed key/value and hash/equality policy; two independent live stores; declared capacity and failure atomicity	dict:set-union-type
claim:66f55df88e329e6f7b3845b5	Exact typed owner contract; no copy/borrow/clone capability inferred from spelling	Per expression: pure computation plus explicit observed sinks	NO_IMPLICIT_GRANT	NO	Spelling alias for g009-public:Graph.removeNode; no additional API counted; preserve qualified profile limits; native intrinsic identity is receiver-qualified; no serialized SymbolId or DocRecord is declared by this owner; interface metadata is verified by the separate metadata suite Int64 payloads; 32 nodes/256 edges; authenticated handle/owner pair; no stale or foreign handle	relation:graph-removeNode-node-type
claim:672cbc44e1fd06f50a7411eb	Exact typed owner contract; no copy/borrow/clone capability inferred from spelling	Per expression: pure computation plus explicit observed sinks	NO_IMPLICIT_GRANT	NO	Explicit SplitMix64 v1 state, no entropy capability; native finite-domain distributions and categorical Float Vector weights; nonnegative Int uniform; shuffle of unique local mutable Int Slice at most 64 lanes; lexical creation/release provenance, separate descriptor/payload frames; sample of Int Vector/local Slice returns canonical List with 0..16 entries; independent seed/value/order oracles and rejected effectful interpolation; no whole-source report Independent deterministic seeded states; checked intervals and distribution domains; no cryptographic entropy claim	random:shuffle-after-release,random:shuffle-two-aliases,random:shuffle-readonly,random:shuffle-arity
claim:67b6d4ca4484c9e25d4b86e1	Exact typed owner contract; no copy/borrow/clone capability inferred from spelling	Per expression: pure computation plus explicit observed sinks	NO_IMPLICIT_GRANT	NO	Spelling alias for g008-public:Int.hash,g008-public:hash.randomized,g008-public:hash.deterministic; no additional API counted; preserve qualified profile limits; native intrinsic identity is receiver-qualified; no serialized SymbolId or DocRecord is declared by this owner; interface metadata is verified by the separate metadata suite Typed key/value and hash/equality policy; two independent live stores; declared capacity and failure atomicity	dict:int-hash-type,hashpolicy:randomized-arity,hashpolicy:seed-missing,hashpolicy:seed-type
claim:6937d35c35869eaea1bf0bc4	Exact typed owner contract; no copy/borrow/clone capability inferred from spelling	input,console	SYNTHETIC_INPUT_AND_RETAINED_CONSOLE	NO	Actual edition-owned prelude SymbolId and unique stdlib owner; CLI metadata checked against the local .ni interface and independent FNV identity. Runtime profile is the cited source case family. Iterator/IntoIterator dispatch is bounded Range iteration, not a standalone cursor constructor or arbitrary iterator implementation. Ord reuses the existing comparable capability, with explicit Bool rejection. Native intrinsic profiles are not promoted to arbitrary generic APIs. Synthetic mock/stdin replay; typed bounded ScanPlan; redaction; no real secret or live device	scan:mock-type
claim:6a2d6ca2a076aba49e66d2b6	Exact typed owner contract; no copy/borrow/clone capability inferred from spelling	input,console	SYNTHETIC_INPUT_AND_RETAINED_CONSOLE	NO	Contextual alias for g170-scan:confirm; public typed source proof replaces the historical seed/probe evidence. Preserve the qualified row bounds; no separate global option or live capability is claimed. Synthetic mock/stdin replay; typed bounded ScanPlan; redaction; no real secret or live device	scan:choice-confirm-invalid
claim:6bb554d0f4e59db5aeb18326	Exact typed owner contract; no copy/borrow/clone capability inferred from spelling	Per expression: pure computation plus explicit observed sinks	NO_IMPLICIT_GRANT	NO	Spelling alias for g009-public:Graph.shortestPathUnweighted; no additional API counted; preserve qualified profile limits; native intrinsic identity is receiver-qualified; no serialized SymbolId or DocRecord is declared by this owner; interface metadata is verified by the separate metadata suite Int64 payloads; 32 nodes/256 edges; authenticated handle/owner pair; no stale or foreign handle	relation:graph-shortestPathUnweighted-nodes-type
claim:6c23175d9d55314ba5b93297	Exact typed owner contract; no copy/borrow/clone capability inferred from spelling	input,console	SYNTHETIC_INPUT_AND_RETAINED_CONSOLE	NO	Contextual alias for g170-scan:menu; public typed source proof replaces the historical seed/probe evidence. Preserve the qualified row bounds; no separate global option or live capability is claimed. Synthetic mock/stdin replay; typed bounded ScanPlan; redaction; no real secret or live device	scan:choice-variant-menu-absent,scan:choice-type-menu
claim:6d58fe076f0a92fb0f968d5d	Exact typed owner contract; no copy/borrow/clone capability inferred from spelling	input,console	SYNTHETIC_INPUT_AND_RETAINED_CONSOLE	NO	Contextual alias for g170-scan:replay; public typed source proof replaces the historical seed/probe evidence. Preserve the qualified row bounds; no separate global option or live capability is claimed. Synthetic mock/stdin replay; typed bounded ScanPlan; redaction; no real secret or live device	scan:replay-missing,scan:replay-limit,scan:replay-parent,scan:replay-absolute
claim:6ef45fa5e187a095aa4bb988	Exact typed owner contract; no copy/borrow/clone capability inferred from spelling	Per expression: pure computation plus explicit observed sinks	NO_IMPLICIT_GRANT	NO	Spelling alias for g009-public:Node<Int>.new,g009-public:Tree<Int>.new; no additional API counted; preserve qualified profile limits; native intrinsic identity is receiver-qualified; no serialized SymbolId or DocRecord is declared by this owner; interface metadata is verified by the separate metadata suite Int64 payloads; 32 nodes/256 edges; authenticated handle/owner pair; no stale or foreign handle	relation:node-wrong-replacement,relation:tree-copy,relation:tree-payload-type,relation:tree-type
claim:6f82e8fa7619ca993905dee9	Exact typed owner contract; no copy/borrow/clone capability inferred from spelling	Per expression: pure computation plus explicit observed sinks	NO_IMPLICIT_GRANT	NO	concat(Text); 4096 output bytes; ; owned caller workspace; public UTF-8 descriptor bridge and distinct bounded function storage; native intrinsic identity is receiver-qualified; no serialized SymbolId or DocRecord is declared by this owner; interface metadata is verified by the separate metadata suite UTF-8 byte/codepoint/grapheme units are distinct; per-member finite profile	text:type-concat
claim:6fb6caef89fc6a429f8ac647	Exact typed owner contract; no copy/borrow/clone capability inferred from spelling	Per expression: pure computation plus explicit observed sinks	NO_IMPLICIT_GRANT	NO	Literal Int64/binary64 operands; at most 128 complete statements; independent arithmetic trace and return matrix Native checked scalar/vector mathematics; independent numeric oracle; explicit process return separate from intermediate value	math:math-text-return,math:record-capacity-plus-one
claim:70a32b2332904c991acd74a9	Exact typed owner contract; no copy/borrow/clone capability inferred from spelling	Per expression: pure computation plus explicit observed sinks	NO_IMPLICIT_GRANT	NO	Text.() -> Int; 1048576 input bytes; 15.1 Latin Extend/CRLF/ZWJ; borrow receiver; public UTF-8 descriptor bridge and distinct bounded function storage; native intrinsic identity is receiver-qualified; no serialized SymbolId or DocRecord is declared by this owner; interface metadata is verified by the separate metadata suite UTF-8 byte/codepoint/grapheme units are distinct; per-member finite profile	text:grapheme-arity
claim:73678e7a57b1ccfbeadb9513	Exact typed owner contract; no copy/borrow/clone capability inferred from spelling	Per expression: pure computation plus explicit observed sinks	NO_IMPLICIT_GRANT	NO	Spelling alias for g010-public:Column.min; no additional API counted; preserve qualified profile limits; native intrinsic identity is receiver-qualified; no serialized SymbolId or DocRecord is declared by this owner; interface metadata is verified by the separate metadata suite Typed nullable integer rows/columns/tables/datasets/streams; finite schema, rows and stages; lazy callbacks once	data:column-min-arity
claim:73d2cc57c1e6c24f7d38330d	Exact typed owner contract; no copy/borrow/clone capability inferred from spelling	Per expression: pure computation plus explicit observed sinks	NO_IMPLICIT_GRANT	NO	Spelling alias for g009-public:Graph<Int,Int>.directed,g009-public:Graph<Int,Int>.undirected,g009-public:Graph.addNode,g009-public:Graph.addEdge,g009-public:Graph.removeNode,g009-public:Graph.removeEdge,g009-public:Graph.neighbors,g009-public:Graph.breadthFirst,g009-public:Graph.depthFirst,g009-public:Graph.hasCycle,g009-public:Graph.topologicalSort,g009-public:Graph.shortestPathUnweighted,g009-public:Graph.dijkstra,g009-public:Graph.connectedComponents; no additional API counted; preserve qualified profile limits; native intrinsic identity is receiver-qualified; no serialized SymbolId or DocRecord is declared by this owner; interface metadata is verified by the separate metadata suite Int64 payloads; 32 nodes/256 edges; authenticated handle/owner pair; no stale or foreign handle	relation:graph-add-node-type,relation:graph-breadthFirst-node-type,relation:graph-connectedComponents-arity,relation:graph-depthFirst-node-type,relation:graph-dijkstra-nodes-type,relation:graph-edge-arity,relation:graph-edge-type,relation:graph-hasCycle-arity,relation:graph-missing-edge-type,relation:graph-neighbors-node-type,relation:graph-raw-handle,relation:graph-remove-edge-type,relation:graph-removeNode-node-type,relation:graph-shortestPathUnweighted-nodes-type,relation:graph-topologicalSort-arity,relation:graph-wrong-weight,relation:traversal-borrow,relation:traversal-copy
claim:744c77a8fc81f2e310d00d07	Exact typed owner contract; no copy/borrow/clone capability inferred from spelling	Per expression: pure computation plus explicit observed sinks	NO_IMPLICIT_GRANT	NO	Actual Int64/binary64 vector lanes; extent 1..64; typed filled/literal constructors; native vector algorithms and separate owned frames; exact shape/type checks; constant index bounds and dynamic native checks; linked scalar spills preserve RHS allocations; no whole-source report; native registry identity and runtime profile are explicit; serialized interface metadata is verified by the separate metadata suite Native checked scalar/vector mathematics; independent numeric oracle; explicit process return separate from intermediate value	vector:method-normalize-empty,vector:float-method-normalize
claim:7469642aa07e1e30b24b32d0	Exact typed owner contract; no copy/borrow/clone capability inferred from spelling	input,console	SYNTHETIC_INPUT_AND_RETAINED_CONSOLE	NO	Contextual alias for g170-scan:multiSelect; public typed source proof replaces the historical seed/probe evidence. Preserve the qualified row bounds; no separate global option or live capability is claimed. Synthetic mock/stdin replay; typed bounded ScanPlan; redaction; no real secret or live device	scan:multi-select-duplicate,scan:multi-select-absent,scan:choice-type-multiSelect
claim:75a6787eaf379c6879a069c7	Exact typed owner contract; no copy/borrow/clone capability inferred from spelling	Per expression: pure computation plus explicit observed sinks	NO_IMPLICIT_GRANT	NO	Spelling alias for g008-public:Hasher.new,g008-public:Hasher.writeBytes,g008-public:Hasher.finish; no additional API counted; preserve qualified profile limits; native intrinsic identity is receiver-qualified; no serialized SymbolId or DocRecord is declared by this owner; interface metadata is verified by the separate metadata suite Typed key/value and hash/equality policy; two independent live stores; declared capacity and failure atomicity	dict:hasher-bytes-type,dict:hasher-finish-arity,dict:hasher-seed-type
claim:766d1ec0b8bced8b0d79fbb6	Exact typed owner contract; no copy/borrow/clone capability inferred from spelling	Per expression: pure computation plus explicit observed sinks	NO_IMPLICIT_GRANT	NO	Spelling alias for g008-public:Dict.containsKey; no additional API counted; preserve qualified profile limits; native intrinsic identity is receiver-qualified; no serialized SymbolId or DocRecord is declared by this owner; interface metadata is verified by the separate metadata suite Typed key/value and hash/equality policy; two independent live stores; declared capacity and failure atomicity	dict:use-after-drop
claim:76c12b03f3d49b8de281cb2c	Exact typed owner contract; no copy/borrow/clone capability inferred from spelling	Per expression: pure computation plus explicit observed sinks	NO_IMPLICIT_GRANT	NO	Spelling alias for g008-public:Set.isSubsetOf; no additional API counted; preserve qualified profile limits; native intrinsic identity is receiver-qualified; no serialized SymbolId or DocRecord is declared by this owner; interface metadata is verified by the separate metadata suite Typed key/value and hash/equality policy; two independent live stores; declared capacity and failure atomicity	dict:set-isSubsetOf-type
claim:776ba84a7a9af90a944f77da	Exact typed owner contract; no copy/borrow/clone capability inferred from spelling	console	SYNTHETIC_INPUT_AND_RETAINED_CONSOLE	NO	Spelling alias only; inspect every qualified declaration: g018-declaration:visual.summarize(value) Retained document/headless software profile; exact nodes and bytes; no live desktop claim	console:visual-summary-arity,console:visual-summary-range--1,console:visual-summary-range-256,console:visual-summary-shadow,console:visual-summary-type
claim:792cb04d29a9070ae6b61069	Exact typed owner contract; no copy/borrow/clone capability inferred from spelling	Per expression: pure computation plus explicit observed sinks	NO_IMPLICIT_GRANT	NO	Spelling alias for g009-public:Tree.removeSubtree; no additional API counted; preserve qualified profile limits; native intrinsic identity is receiver-qualified; no serialized SymbolId or DocRecord is declared by this owner; interface metadata is verified by the separate metadata suite Int64 payloads; 32 nodes/256 edges; authenticated handle/owner pair; no stale or foreign handle	relation:tree-removeSubtree-node-type
claim:79eadfe5d0e112c7b8276900	Exact typed owner contract; no copy/borrow/clone capability inferred from spelling	Per expression: pure computation plus explicit observed sinks	NO_IMPLICIT_GRANT	NO	Spelling alias for g009-public:Tree.root; no additional API counted; preserve qualified profile limits; native intrinsic identity is receiver-qualified; no serialized SymbolId or DocRecord is declared by this owner; interface metadata is verified by the separate metadata suite Int64 payloads; 32 nodes/256 edges; authenticated handle/owner pair; no stale or foreign handle	relation:tree-root-arity
claim:7af40ce94be0b71e6cf6264b	Exact typed owner contract; no copy/borrow/clone capability inferred from spelling	Per expression: pure computation plus explicit observed sinks	NO_IMPLICIT_GRANT	NO	padEnd(Int,Text); 4096 output bytes; byte width; ; owned caller workspace; public UTF-8 descriptor bridge and distinct bounded function storage; native intrinsic identity is receiver-qualified; no serialized SymbolId or DocRecord is declared by this owner; interface metadata is verified by the separate metadata suite UTF-8 byte/codepoint/grapheme units are distinct; per-member finite profile	text:type-padEnd
claim:7ca242ad78c0757e4c01f045	Exact typed owner contract; no copy/borrow/clone capability inferred from spelling	input,console	SYNTHETIC_INPUT_AND_RETAINED_CONSOLE	NO	Contextual alias for g170-scan:until; public typed source proof replaces the historical seed/probe evidence. Preserve the qualified row bounds; no separate global option or live capability is claimed. Synthetic mock/stdin replay; typed bounded ScanPlan; redaction; no real secret or live device	scan:multiline-empty-delimiter,scan:multiline-type-until
claim:7ca8c7c0b07be6c44e825420	Exact typed owner contract; no copy/borrow/clone capability inferred from spelling	Per expression: pure computation plus explicit observed sinks	NO_IMPLICIT_GRANT	NO	Actual edition-owned prelude SymbolId and unique stdlib owner; CLI metadata checked against the local .ni interface and independent FNV identity. Runtime profile is the cited source case family. Iterator/IntoIterator dispatch is bounded Range iteration, not a standalone cursor constructor or arbitrary iterator implementation. Ord reuses the existing comparable capability, with explicit Bool rejection. Native intrinsic profiles are not promoted to arbitrary generic APIs. Typed active variant and structured errors; bounded combinators; explicit ownership; no arbitrary callback promise	optionresult:error-invalid-diagnostic-span
claim:7d801be18c4ca393da223ca0	Exact typed owner contract; no copy/borrow/clone capability inferred from spelling	Per expression: pure computation plus explicit observed sinks	NO_IMPLICIT_GRANT	NO	startsWith(Text); literal bytes; O(m); ; borrowed immutable receiver and argument; public UTF-8 descriptor bridge and distinct bounded function storage; native intrinsic identity is receiver-qualified; no serialized SymbolId or DocRecord is declared by this owner; interface metadata is verified by the separate metadata suite UTF-8 byte/codepoint/grapheme units are distinct; per-member finite profile	text:type-startsWith
claim:7f24f3ab7bde1402db6a4ab0	Exact typed owner contract; no copy/borrow/clone capability inferred from spelling	input,console	SYNTHETIC_INPUT_AND_RETAINED_CONSOLE	NO	Contextual alias for g170-scan:view; public typed source proof replaces the historical seed/probe evidence. Preserve the qualified row bounds; no separate global option or live capability is claimed. Synthetic mock/stdin replay; typed bounded ScanPlan; redaction; no real secret or live device	scan:option-type-view
claim:7fe154d8b77af9baa35135bb	Exact typed owner contract; no copy/borrow/clone capability inferred from spelling	input,console	SYNTHETIC_INPUT_AND_RETAINED_CONSOLE	NO	Contextual alias for g170-scan:form; public typed source proof replaces the historical seed/probe evidence. Preserve the qualified row bounds; no separate global option or live capability is claimed. Synthetic mock/stdin replay; typed bounded ScanPlan; redaction; no real secret or live device	scan:option-type-form
claim:7fe225c46198adab3c4282f7	Exact typed owner contract; no copy/borrow/clone capability inferred from spelling	Per expression: pure computation plus explicit observed sinks	NO_IMPLICIT_GRANT	NO	Text.() -> Text; 4096 public workspace; 15.1 Latin acute canonical pair; caller-owned result; public UTF-8 descriptor bridge and distinct bounded function storage; native intrinsic identity is receiver-qualified; no serialized SymbolId or DocRecord is declared by this owner; interface metadata is verified by the separate metadata suite UTF-8 byte/codepoint/grapheme units are distinct; per-member finite profile	text:arity-normalizeNfd
claim:8077650a5870b943da633456	Exact typed owner contract; no copy/borrow/clone capability inferred from spelling	Per expression: pure computation plus explicit observed sinks	NO_IMPLICIT_GRANT	NO	Actual edition-owned prelude SymbolId and unique stdlib owner; CLI metadata checked against the local .ni interface and independent FNV identity. Runtime profile is the cited source case family. Iterator/IntoIterator dispatch is bounded Range iteration, not a standalone cursor constructor or arbitrary iterator implementation. Ord reuses the existing comparable capability, with explicit Bool rejection. Native intrinsic profiles are not promoted to arbitrary generic APIs. Int64/Bool/binary64/Unicode scalar values; checked arithmetic; lexical evaluation once	operator:ordering-type
claim:814a06fd95b3f3717e0e707b	Exact typed owner contract; no copy/borrow/clone capability inferred from spelling	Per expression: pure computation plus explicit observed sinks	NO_IMPLICIT_GRANT	NO	Spelling alias for g010-public:Dataset.scan,g010-public:Dataset.scan.sink; no additional API counted; preserve qualified profile limits; native intrinsic identity is receiver-qualified; no serialized SymbolId or DocRecord is declared by this owner; interface metadata is verified by the separate metadata suite Typed nullable integer rows/columns/tables/datasets/streams; finite schema, rows and stages; lazy callbacks once	data:dataset-scan-callback-trap,data:dataset-scan-copy,data:dataset-scan-option-copy,data:dataset-scan-option-twice,data:dataset-sink-extra-argument,data:dataset-sink-receiver-type,data:dataset-sink-return-type
claim:81f88d5ea73328af2efaa0de	Exact typed owner contract; no copy/borrow/clone capability inferred from spelling	console	SYNTHETIC_INPUT_AND_RETAINED_CONSOLE	NO	Spelling alias only; inspect every qualified declaration: g018-declaration:console.append(value, style) Retained document/headless software profile; exact nodes and bytes; no live desktop claim	console:append-float,console:append-missing,console:styled-append-arity,console:styled-append-type
claim:8425036f3bb061a9469c15d6	Exact typed owner contract; no copy/borrow/clone capability inferred from spelling	Per expression: pure computation plus explicit observed sinks	NO_IMPLICIT_GRANT	NO	Spelling alias for g010-public:Table.groupBy.sink,g010-public:Dataset.scan.sink,g010-public:Stream.sink,g010-public:Stream.batch.sink; no additional API counted; preserve qualified profile limits; native intrinsic identity is receiver-qualified; no serialized SymbolId or DocRecord is declared by this owner; interface metadata is verified by the separate metadata suite Typed nullable integer rows/columns/tables/datasets/streams; finite schema, rows and stages; lazy callbacks once	data:batch-sink-extra-argument,data:batch-sink-return-value,data:batch-sink-scalar-receiver,data:dataset-scan-callback-trap,data:dataset-sink-extra-argument,data:dataset-sink-receiver-type,data:dataset-sink-return-type,data:group-sink-type,data:stream-sink-batch-receiver,data:stream-sink-return-type
claim:850b86728cdc67cead69c7dd	Exact typed owner contract; no copy/borrow/clone capability inferred from spelling	Per expression: pure computation plus explicit observed sinks	NO_IMPLICIT_GRANT	NO	Spelling alias for g009-public:Graph.addEdge; no additional API counted; preserve qualified profile limits; native intrinsic identity is receiver-qualified; no serialized SymbolId or DocRecord is declared by this owner; interface metadata is verified by the separate metadata suite Int64 payloads; 32 nodes/256 edges; authenticated handle/owner pair; no stale or foreign handle	relation:graph-edge-arity,relation:graph-raw-handle,relation:graph-wrong-weight
claim:85b7b475a9f317b026a7b687	Exact typed owner contract; no copy/borrow/clone capability inferred from spelling	Per expression: pure computation plus explicit observed sinks	NO_IMPLICIT_GRANT	NO	Actual Int64/binary64 vector lanes; extent 1..64; typed filled/literal constructors; native vector algorithms and separate owned frames; exact shape/type checks; constant index bounds and dynamic native checks; linked scalar spills preserve RHS allocations; no whole-source report; native registry identity and runtime profile are explicit; serialized interface metadata is verified by the separate metadata suite Native checked scalar/vector mathematics; independent numeric oracle; explicit process return separate from intermediate value	vector:shape-add-Int-3,vector:shape-add-Float-4,vector:method-add-17
claim:85e6a241d1d7461f4f73b5d2	Exact typed owner contract; no copy/borrow/clone capability inferred from spelling	Per expression: pure computation plus explicit observed sinks	NO_IMPLICIT_GRANT	NO	Spelling alias for g009-public:Tree.height; no additional API counted; preserve qualified profile limits; native intrinsic identity is receiver-qualified; no serialized SymbolId or DocRecord is declared by this owner; interface metadata is verified by the separate metadata suite Int64 payloads; 32 nodes/256 edges; authenticated handle/owner pair; no stale or foreign handle	relation:tree-height-arity
claim:86e52c9f8f121bb50e591b94	Exact typed owner contract; no copy/borrow/clone capability inferred from spelling	Per expression: pure computation plus explicit observed sinks	NO_IMPLICIT_GRANT	NO	Spelling alias for g010-public:Row.from,g010-public:Row.get,g010-public:Row.project,g010-public:Row.toTuple; no additional API counted; preserve qualified profile limits; native intrinsic identity is receiver-qualified; no serialized SymbolId or DocRecord is declared by this owner; interface metadata is verified by the separate metadata suite Typed nullable integer rows/columns/tables/datasets/streams; finite schema, rows and stages; lazy callbacks once	data:row-copy,data:row-empty-values,data:row-get-name-type,data:row-missing-nonnullable,data:row-project-argument-type,data:row-project-duplicate-name,data:row-project-empty,data:row-project-name-type,data:row-project-removed-name,data:row-project-unknown-name,data:row-schema-type,data:row-to-tuple-arity,data:row-too-few,data:row-too-many,data:row-tuple-copy,data:row-tuple-index-bound,data:row-tuple-static-bound,data:row-unknown-name,data:row-value-float,data:row-value-type
claim:872db359c13358ce35543c68	Exact typed owner contract; no copy/borrow/clone capability inferred from spelling	Per expression: pure computation plus explicit observed sinks	NO_IMPLICIT_GRANT	NO	Actual Int64/binary64 vector lanes; extent 1..64; typed filled/literal constructors; native vector algorithms and separate owned frames; exact shape/type checks; constant index bounds and dynamic native checks; linked scalar spills preserve RHS allocations; no whole-source report; native registry identity and runtime profile are explicit; serialized interface metadata is verified by the separate metadata suite Native checked scalar/vector mathematics; independent numeric oracle; explicit process return separate from intermediate value	vector:method-scale-true,vector:method-scale-empty,vector:float-method-scale
claim:873d46ff74862ba8df902efd	Exact typed owner contract; no copy/borrow/clone capability inferred from spelling	Per expression: pure computation plus explicit observed sinks	NO_IMPLICIT_GRANT	NO	Text.(Int, Int) -> Text; 1048576 input bytes; UTF-8 scalar boundaries; immutable borrowed view; public UTF-8 descriptor bridge and distinct bounded function storage; native intrinsic identity is receiver-qualified; no serialized SymbolId or DocRecord is declared by this owner; interface metadata is verified by the separate metadata suite UTF-8 byte/codepoint/grapheme units are distinct; per-member finite profile	text:slice-start-type
claim:875916d78ba5e72544abf539	Exact typed owner contract; no copy/borrow/clone capability inferred from spelling	input,console	SYNTHETIC_INPUT_AND_RETAINED_CONSOLE	NO	Contextual alias for g170-scan:block; public typed source proof replaces the historical seed/probe evidence. Preserve the qualified row bounds; no separate global option or live capability is claimed. Synthetic mock/stdin replay; typed bounded ScanPlan; redaction; no real secret or live device	scan:multiline-missing-terminator,scan:multiline-type-block
claim:88f657a205f8ac766d97907b	Exact typed owner contract; no copy/borrow/clone capability inferred from spelling	Per expression: pure computation plus explicit observed sinks	NO_IMPLICIT_GRANT	NO	upper(); 4096 output bytes; ASCII root profile; ; owned caller workspace; public UTF-8 descriptor bridge and distinct bounded function storage; native intrinsic identity is receiver-qualified; no serialized SymbolId or DocRecord is declared by this owner; interface metadata is verified by the separate metadata suite UTF-8 byte/codepoint/grapheme units are distinct; per-member finite profile	text:arity-upper
claim:892c2cb159efe2f607813a51	Exact typed owner contract; no copy/borrow/clone capability inferred from spelling	Per expression: pure computation plus explicit observed sinks	NO_IMPLICIT_GRANT	NO	Spelling alias for g009-public:Graph.neighbors; no additional API counted; preserve qualified profile limits; native intrinsic identity is receiver-qualified; no serialized SymbolId or DocRecord is declared by this owner; interface metadata is verified by the separate metadata suite Int64 payloads; 32 nodes/256 edges; authenticated handle/owner pair; no stale or foreign handle	relation:graph-neighbors-node-type
claim:89dfddd5c928ea764b8de89d	Exact typed owner contract; no copy/borrow/clone capability inferred from spelling	Per expression: pure computation plus explicit observed sinks	NO_IMPLICIT_GRANT	NO	Spelling alias for g009-public:traversal.stopWhen; no additional API counted; preserve qualified profile limits; native intrinsic identity is receiver-qualified; no serialized SymbolId or DocRecord is declared by this owner; interface metadata is verified by the separate metadata suite Int64 payloads; 32 nodes/256 edges; authenticated handle/owner pair; no stale or foreign handle	relation:traversal-bad-predicate
claim:8a391605f4e96a02e9fde741	Exact typed owner contract; no copy/borrow/clone capability inferred from spelling	input,console	SYNTHETIC_INPUT_AND_RETAINED_CONSOLE	NO	Contextual alias for g170-scan:markdown; public typed source proof replaces the historical seed/probe evidence. Preserve the qualified row bounds; no separate global option or live capability is claimed. Synthetic mock/stdin replay; typed bounded ScanPlan; redaction; no real secret or live device	scan:multiline-type-conflict
claim:8a75e51d03aef913884b07a4	Exact typed owner contract; no copy/borrow/clone capability inferred from spelling	Per expression: pure computation plus explicit observed sinks	NO_IMPLICIT_GRANT	NO	Spelling alias for g010-public:Stream.window,g010-public:Stream<Int>.from,g010-public:Stream.next,g010-public:Stream.map,g010-public:Stream.filter,g010-public:Stream.sink,g010-public:Stream.batch,g010-public:Stream.batch.next,g010-public:Stream.batch.sink; no additional API counted; preserve qualified profile limits; native intrinsic identity is receiver-qualified; no serialized SymbolId or DocRecord is declared by this owner; interface metadata is verified by the separate metadata suite Typed nullable integer rows/columns/tables/datasets/streams; finite schema, rows and stages; lazy callbacks once	data:batch-copy,data:batch-option-copy,data:batch-sink-extra-argument,data:batch-sink-return-value,data:batch-sink-scalar-receiver,data:batch-size-arity,data:batch-size-invalid--1,data:batch-size-invalid-0,data:batch-size-invalid-65,data:batch-size-type,data:stream-copy,data:stream-element-type,data:stream-filter-return-type,data:stream-from-type,data:stream-map-arity,data:stream-map-return-type,data:stream-map-type,data:stream-next-arity,data:stream-sink-batch-receiver,data:stream-sink-return-type,data:stream-value-type,data:window-arity,data:window-callback-trap,data:window-copy,data:window-duration-type,data:window-invalid-duration--1,data:window-invalid-duration-0,data:window-missing-duration,data:window-option-copy,data:window-sink-type
claim:8d4785a4a08eba9369775a99	Exact typed owner contract; no copy/borrow/clone capability inferred from spelling	Per expression: pure computation plus explicit observed sinks	NO_IMPLICIT_GRANT	NO	Spelling alias for g008-public:Hasher.finish; no additional API counted; preserve qualified profile limits; native intrinsic identity is receiver-qualified; no serialized SymbolId or DocRecord is declared by this owner; interface metadata is verified by the separate metadata suite Typed key/value and hash/equality policy; two independent live stores; declared capacity and failure atomicity	dict:hasher-finish-arity
claim:8e15a8f4a8f5afb584c5a969	Exact typed owner contract; no copy/borrow/clone capability inferred from spelling	Per expression: pure computation plus explicit observed sinks	NO_IMPLICIT_GRANT	NO	Binary64 actual receiver and once-evaluated arguments; classifiers include IEEE subnormal/NaN/infinity/signed zero; explicit rounding modes restore caller control word; finite round magnitude <2^63; approxEquals preserves two source arguments with Vector<Float> tolerance [absolute,relative], exactly two lanes (runtime shape checked); nonnegative/non-NaN tolerances, identical infinities equal and distinct infinities unequal; Uncertain methods claim only exact typed operands; native registry identity and runtime profile are explicit; serialized interface metadata is verified by the separate metadata suite Native checked scalar/vector mathematics; independent numeric oracle; explicit process return separate from intermediate value	precision:floor-extra-argument
claim:906cf79438abd7c0f42d0f42	Exact typed owner contract; no copy/borrow/clone capability inferred from spelling	filesystem	PRIVATE_DIRECTORY	NO	Actual nominal immutable Path, canonical native normalize/join/isAbsolute/fileName owners; 4096-byte paths, 64 components, 255-byte components. File.readText/writeText consume typed Path and Text, explicit utf8 and truncate/append/atomic policies, at most 4096 bytes. Native File capability is restricted to the execution directory through openat2 beneath/no-symlink resolution. Every file and root descriptor closes; private filesystem byte effects and 512 repeated reads are independent observations. This is the material convenience profile, not a claim for arbitrary live handle or directory APIs. Caller-owned beneath directory; no symlinks; UTF-8; 4096-byte paths, 64 components, 255-byte component; atomic write	filesystem:path-type,filesystem:path-arity,filesystem:path-join-type,filesystem:path-status,filesystem:path-domain-escape,filesystem:path-domain-nul
claim:90f616b7d80dfdd6aefa604c	Exact typed owner contract; no copy/borrow/clone capability inferred from spelling	Per expression: pure computation plus explicit observed sinks	NO_IMPLICIT_GRANT	NO	Spelling alias for g009-public:Node.id; no additional API counted; preserve qualified profile limits; native intrinsic identity is receiver-qualified; no serialized SymbolId or DocRecord is declared by this owner; interface metadata is verified by the separate metadata suite Int64 payloads; 32 nodes/256 edges; authenticated handle/owner pair; no stale or foreign handle	relation:node-id-arity
claim:93d1c9445e431ff7c4c14a9f	Exact typed owner contract; no copy/borrow/clone capability inferred from spelling	Per expression: pure computation plus explicit observed sinks	NO_IMPLICIT_GRANT	NO	Actual edition-owned prelude SymbolId and unique stdlib owner; CLI metadata checked against the local .ni interface and independent FNV identity. Runtime profile is the cited source case family. Iterator/IntoIterator dispatch is bounded Range iteration, not a standalone cursor constructor or arbitrary iterator implementation. Ord reuses the existing comparable capability, with explicit Bool rejection. Native intrinsic profiles are not promoted to arbitrary generic APIs. Int64/Bool/binary64/Unicode scalar values; checked arithmetic; lexical evaluation once	composite:range-zero-step
claim:96cf60e02658947cd1ea3349	Exact typed owner contract; no copy/borrow/clone capability inferred from spelling	Per expression: pure computation plus explicit observed sinks	NO_IMPLICIT_GRANT	NO	Actual edition-owned prelude SymbolId and unique stdlib owner; CLI metadata checked against the local .ni interface and independent FNV identity. Runtime profile is the cited source case family. Iterator/IntoIterator dispatch is bounded Range iteration, not a standalone cursor constructor or arbitrary iterator implementation. Ord reuses the existing comparable capability, with explicit Bool rejection. Native intrinsic profiles are not promoted to arbitrary generic APIs. Int64/Bool/binary64/Unicode scalar values; checked arithmetic; lexical evaluation once	composite:generic-hash-eq-failure
claim:97876e7515f5a2663ca12f98	Exact typed owner contract; no copy/borrow/clone capability inferred from spelling	Per expression: pure computation plus explicit observed sinks	NO_IMPLICIT_GRANT	NO	Spelling alias for g008-public:Dict.collisionCount; no additional API counted; preserve qualified profile limits; native intrinsic identity is receiver-qualified; no serialized SymbolId or DocRecord is declared by this owner; interface metadata is verified by the separate metadata suite Typed key/value and hash/equality policy; two independent live stores; declared capacity and failure atomicity	dict:collision-arity
claim:980d2266a234a171cc0c5407	Exact typed owner contract; no copy/borrow/clone capability inferred from spelling	Per expression: pure computation plus explicit observed sinks	NO_IMPLICIT_GRANT	NO	Spelling alias for g008-public:Dict.clear; no additional API counted; preserve qualified profile limits; native intrinsic identity is receiver-qualified; no serialized SymbolId or DocRecord is declared by this owner; interface metadata is verified by the separate metadata suite Typed key/value and hash/equality policy; two independent live stores; declared capacity and failure atomicity	dict:borrow-mutation
claim:9817044e18a110e36db56434	Exact typed owner contract; no copy/borrow/clone capability inferred from spelling	Per expression: pure computation plus explicit observed sinks	NO_IMPLICIT_GRANT	NO	Spelling alias for g010-public:Dataset.repartition; no additional API counted; preserve qualified profile limits; native intrinsic identity is receiver-qualified; no serialized SymbolId or DocRecord is declared by this owner; interface metadata is verified by the separate metadata suite Typed nullable integer rows/columns/tables/datasets/streams; finite schema, rows and stages; lazy callbacks once	data:repartition-65-7,data:repartition-arity,data:repartition-invalid-0,data:repartition-invalid-33,data:repartition-size-type
claim:98c84ae23bad8170c6869b62	Exact typed owner contract; no copy/borrow/clone capability inferred from spelling	Per expression: pure computation plus explicit observed sinks	NO_IMPLICIT_GRANT	NO	dropBytes(Int); non-negative; saturates at byte length; ; borrowed view; public UTF-8 descriptor bridge and distinct bounded function storage; native intrinsic identity is receiver-qualified; no serialized SymbolId or DocRecord is declared by this owner; interface metadata is verified by the separate metadata suite UTF-8 byte/codepoint/grapheme units are distinct; per-member finite profile	text:type-dropBytes
claim:992d32bcce649fc5aa92fd76	Exact typed owner contract; no copy/borrow/clone capability inferred from spelling	console	SYNTHETIC_INPUT_AND_RETAINED_CONSOLE	NO	Actual edition-owned prelude SymbolId and unique stdlib owner; CLI metadata checked against the local .ni interface and independent FNV identity. Runtime profile is the cited source case family. Iterator/IntoIterator dispatch is bounded Range iteration, not a standalone cursor constructor or arbitrary iterator implementation. Ord reuses the existing comparable capability, with explicit Bool rejection. Native intrinsic profiles are not promoted to arbitrary generic APIs. Retained document/headless software profile; exact nodes and bytes; no live desktop claim	console:bare-color
claim:9c7d133565d37ffa1f0d008c	Exact typed owner contract; no copy/borrow/clone capability inferred from spelling	input,console	SYNTHETIC_INPUT_AND_RETAINED_CONSOLE	NO	Contextual alias for g170-scan:code; public typed source proof replaces the historical seed/probe evidence. Preserve the qualified row bounds; no separate global option or live capability is claimed. Synthetic mock/stdin replay; typed bounded ScanPlan; redaction; no real secret or live device	scan:multiline-type-code
claim:9c9df93d2fe2ff17ca8439de	Exact typed owner contract; no copy/borrow/clone capability inferred from spelling	Per expression: pure computation plus explicit observed sinks	NO_IMPLICIT_GRANT	NO	padStart(Int,Text); 4096 output bytes; byte width; ; owned caller workspace; public UTF-8 descriptor bridge and distinct bounded function storage; native intrinsic identity is receiver-qualified; no serialized SymbolId or DocRecord is declared by this owner; interface metadata is verified by the separate metadata suite UTF-8 byte/codepoint/grapheme units are distinct; per-member finite profile	text:type-padStart
claim:9eee2d656736e2dba5df8228	Exact typed owner contract; no copy/borrow/clone capability inferred from spelling	input,console	SYNTHETIC_INPUT_AND_RETAINED_CONSOLE	NO	Contextual alias for g170-scan:multiline; public typed source proof replaces the historical seed/probe evidence. Preserve the qualified row bounds; no separate global option or live capability is claimed. Synthetic mock/stdin replay; typed bounded ScanPlan; redaction; no real secret or live device	scan:multiline-type-conflict,scan:multiline-too-many-lines
claim:a04f7c67ac62f3dffd7e2d2d	Exact typed owner contract; no copy/borrow/clone capability inferred from spelling	Per expression: pure computation plus explicit observed sinks	NO_IMPLICIT_GRANT	NO	Explicit SplitMix64 v1 state, no entropy capability; native finite-domain distributions and categorical Float Vector weights; nonnegative Int uniform; shuffle of unique local mutable Int Slice at most 64 lanes; lexical creation/release provenance, separate descriptor/payload frames; sample of Int Vector/local Slice returns canonical List with 0..16 entries; independent seed/value/order oracles and rejected effectful interpolation; no whole-source report Independent deterministic seeded states; checked intervals and distribution domains; no cryptographic entropy claim	random:bernoulli-type,random:bernoulli-arity
claim:a123e52af2631ff4b4505176	Exact typed owner contract; no copy/borrow/clone capability inferred from spelling	Per expression: pure computation plus explicit observed sinks	NO_IMPLICIT_GRANT	NO	Spelling alias for g009-public:Graph.depthFirst; no additional API counted; preserve qualified profile limits; native intrinsic identity is receiver-qualified; no serialized SymbolId or DocRecord is declared by this owner; interface metadata is verified by the separate metadata suite Int64 payloads; 32 nodes/256 edges; authenticated handle/owner pair; no stale or foreign handle	relation:graph-depthFirst-node-type,relation:traversal-copy
claim:a3bc1e9e18ededf09763bc5a	Exact typed owner contract; no copy/borrow/clone capability inferred from spelling	Per expression: pure computation plus explicit observed sinks	NO_IMPLICIT_GRANT	NO	isDigits(); nonempty ASCII digits; O(n); ; borrowed immutable receiver; public UTF-8 descriptor bridge and distinct bounded function storage; native intrinsic identity is receiver-qualified; no serialized SymbolId or DocRecord is declared by this owner; interface metadata is verified by the separate metadata suite UTF-8 byte/codepoint/grapheme units are distinct; per-member finite profile	text:arity-isDigits
claim:a4d646f6ab5654f4270c69e7	Exact typed owner contract; no copy/borrow/clone capability inferred from spelling	Per expression: pure computation plus explicit observed sinks	NO_IMPLICIT_GRANT	NO	Actual edition-owned prelude SymbolId and unique stdlib owner; CLI metadata checked against the local .ni interface and independent FNV identity. Runtime profile is the cited source case family. Iterator/IntoIterator dispatch is bounded Range iteration, not a standalone cursor constructor or arbitrary iterator implementation. Ord reuses the existing comparable capability, with explicit Bool rejection. Native intrinsic profiles are not promoted to arbitrary generic APIs. Typed active variant and structured errors; bounded combinators; explicit ownership; no arbitrary callback promise	optionresult:option-zip-array
claim:a7d39a6257bb772bb07c730e	Exact typed owner contract; no copy/borrow/clone capability inferred from spelling	Per expression: pure computation plus explicit observed sinks	NO_IMPLICIT_GRANT	NO	Spelling alias for g008-public:Hasher.writeBytes; no additional API counted; preserve qualified profile limits; native intrinsic identity is receiver-qualified; no serialized SymbolId or DocRecord is declared by this owner; interface metadata is verified by the separate metadata suite Typed key/value and hash/equality policy; two independent live stores; declared capacity and failure atomicity	dict:hasher-bytes-type
claim:aa108d62ea5c02d471c7e874	Exact typed owner contract; no copy/borrow/clone capability inferred from spelling	Per expression: pure computation plus explicit observed sinks	NO_IMPLICIT_GRANT	NO	Actual edition-owned prelude SymbolId and unique stdlib owner; CLI metadata checked against the local .ni interface and independent FNV identity. Runtime profile is the cited source case family. Iterator/IntoIterator dispatch is bounded Range iteration, not a standalone cursor constructor or arbitrary iterator implementation. Ord reuses the existing comparable capability, with explicit Bool rejection. Native intrinsic profiles are not promoted to arbitrary generic APIs. Typed active variant and structured errors; bounded combinators; explicit ownership; no arbitrary callback promise	optionresult:result-or-else-type
claim:aad326d5fef4be450a5f0239	Exact typed owner contract; no copy/borrow/clone capability inferred from spelling	Per expression: pure computation plus explicit observed sinks	NO_IMPLICIT_GRANT	NO	Spelling alias for g008-public:Dict.length; no additional API counted; preserve qualified profile limits; native intrinsic identity is receiver-qualified; no serialized SymbolId or DocRecord is declared by this owner; interface metadata is verified by the separate metadata suite Typed key/value and hash/equality policy; two independent live stores; declared capacity and failure atomicity	dict:use-after-drop
claim:abad9ccaf4dae20d4328fccf	Exact typed owner contract; no copy/borrow/clone capability inferred from spelling	Per expression: pure computation plus explicit observed sinks	NO_IMPLICIT_GRANT	NO	Binary64 actual receiver and once-evaluated arguments; classifiers include IEEE subnormal/NaN/infinity/signed zero; explicit rounding modes restore caller control word; finite round magnitude <2^63; approxEquals preserves two source arguments with Vector<Float> tolerance [absolute,relative], exactly two lanes (runtime shape checked); nonnegative/non-NaN tolerances, identical infinities equal and distinct infinities unequal; Uncertain methods claim only exact typed operands; native registry identity and runtime profile are explicit; serialized interface metadata is verified by the separate metadata suite Native checked scalar/vector mathematics; independent numeric oracle; explicit process return separate from intermediate value	precision:floor-extra-argument
claim:abec9cca114540021e52bc8c	Exact typed owner contract; no copy/borrow/clone capability inferred from spelling	Per expression: pure computation plus explicit observed sinks	NO_IMPLICIT_GRANT	NO	Spelling alias for g008-public:Dict.reseed; no additional API counted; preserve qualified profile limits; native intrinsic identity is receiver-qualified; no serialized SymbolId or DocRecord is declared by this owner; interface metadata is verified by the separate metadata suite Typed key/value and hash/equality policy; two independent live stores; declared capacity and failure atomicity	dict:view-reseed
claim:ac60dc5c0711b39f0c57310e	Exact typed owner contract; no copy/borrow/clone capability inferred from spelling	Per expression: pure computation plus explicit observed sinks	NO_IMPLICIT_GRANT	NO	Spelling alias for g009-public:traversal.path; no additional API counted; preserve qualified profile limits; native intrinsic identity is receiver-qualified; no serialized SymbolId or DocRecord is declared by this owner; interface metadata is verified by the separate metadata suite Int64 payloads; 32 nodes/256 edges; authenticated handle/owner pair; no stale or foreign handle	relation:traversal-path-arity
claim:ae39db657afe152aa210ab2f	Exact typed owner contract; no copy/borrow/clone capability inferred from spelling	Per expression: pure computation plus explicit observed sinks	NO_IMPLICIT_GRANT	NO	Spelling alias for g008-public:Dict<Int,Int>.withCapacity; no additional API counted; preserve qualified profile limits; native intrinsic identity is receiver-qualified; no serialized SymbolId or DocRecord is declared by this owner; interface metadata is verified by the separate metadata suite Typed key/value and hash/equality policy; two independent live stores; declared capacity and failure atomicity	dict:capacity-invalid-9,dict:capacity-type
claim:ae8d22912c1a770129779c49	Exact typed owner contract; no copy/borrow/clone capability inferred from spelling	Per expression: pure computation plus explicit observed sinks	NO_IMPLICIT_GRANT	NO	Spelling alias for g008-public:Dict.entry; no additional API counted; preserve qualified profile limits; native intrinsic identity is receiver-qualified; no serialized SymbolId or DocRecord is declared by this owner; interface metadata is verified by the separate metadata suite Typed key/value and hash/equality policy; two independent live stores; declared capacity and failure atomicity	dict:entry-copy,dict:entry-key-type,dict:entry-read-conflict,dict:entry-write-type
claim:af1e211ae36a1ecb0c79ed3c	Exact typed owner contract; no copy/borrow/clone capability inferred from spelling	Per expression: pure computation plus explicit observed sinks	NO_IMPLICIT_GRANT	NO	split(Text); 254 items; ; borrowed items in caller workspace; public UTF-8 descriptor bridge and distinct bounded function storage; native intrinsic identity is receiver-qualified; no serialized SymbolId or DocRecord is declared by this owner; interface metadata is verified by the separate metadata suite UTF-8 byte/codepoint/grapheme units are distinct; per-member finite profile	text:type-split
claim:b0a714c04094f35b25d89ad4	Exact typed owner contract; no copy/borrow/clone capability inferred from spelling	input,console	SYNTHETIC_INPUT_AND_RETAINED_CONSOLE	NO	Contextual alias for g170-scan:untrusted; public typed source proof replaces the historical seed/probe evidence. Preserve the qualified row bounds; no separate global option or live capability is claimed. Synthetic mock/stdin replay; typed bounded ScanPlan; redaction; no real secret or live device	scan:secret-arity,scan:option-arity-untrusted
claim:b1968febf742b83dac424b01	Exact typed owner contract; no copy/borrow/clone capability inferred from spelling	input,console	SYNTHETIC_INPUT_AND_RETAINED_CONSOLE	NO	Contextual alias for g170-scan:console; public typed source proof replaces the historical seed/probe evidence. Preserve the qualified row bounds; no separate global option or live capability is claimed. Synthetic mock/stdin replay; typed bounded ScanPlan; redaction; no real secret or live device	scan:field-arity,scan:option-arity-console
claim:b46bc81bef2288d80c55f06c	Exact typed owner contract; no copy/borrow/clone capability inferred from spelling	Per expression: pure computation plus explicit observed sinks	NO_IMPLICIT_GRANT	NO	Literal Int64/binary64 operands; at most 128 complete statements; independent arithmetic trace and return matrix Native checked scalar/vector mathematics; independent numeric oracle; explicit process return separate from intermediate value	math:math-text-return,math:record-capacity-plus-one
claim:b4e6c473be922721f8308fa8	Exact typed owner contract; no copy/borrow/clone capability inferred from spelling	Per expression: pure computation plus explicit observed sinks	NO_IMPLICIT_GRANT	NO	isBlank(); ASCII SP/TAB/LF/CR; O(n); ; borrowed immutable receiver; public UTF-8 descriptor bridge and distinct bounded function storage; native intrinsic identity is receiver-qualified; no serialized SymbolId or DocRecord is declared by this owner; interface metadata is verified by the separate metadata suite UTF-8 byte/codepoint/grapheme units are distinct; per-member finite profile	text:arity-isBlank
claim:b4ef49137abb98c4399ea805	Exact typed owner contract; no copy/borrow/clone capability inferred from spelling	Per expression: pure computation plus explicit observed sinks	NO_IMPLICIT_GRANT	NO	Explicit SplitMix64 v1 state, no entropy capability; native finite-domain distributions and categorical Float Vector weights; nonnegative Int uniform; shuffle of unique local mutable Int Slice at most 64 lanes; lexical creation/release provenance, separate descriptor/payload frames; sample of Int Vector/local Slice returns canonical List with 0..16 entries; independent seed/value/order oracles and rejected effectful interpolation; no whole-source report Independent deterministic seeded states; checked intervals and distribution domains; no cryptographic entropy claim	random:sample-count-type,random:sample-after-release,random:sample-scalar,random:sample-arity
claim:b527988140b16cb2b195d6ab	Exact typed owner contract; no copy/borrow/clone capability inferred from spelling	Per expression: pure computation plus explicit observed sinks	NO_IMPLICIT_GRANT	NO	Spelling alias for g008-public:Set.contains; no additional API counted; preserve qualified profile limits; native intrinsic identity is receiver-qualified; no serialized SymbolId or DocRecord is declared by this owner; interface metadata is verified by the separate metadata suite Typed key/value and hash/equality policy; two independent live stores; declared capacity and failure atomicity	dict:set-contains-type
claim:b6afa9cf081896cc3c2a5f0c	Exact typed owner contract; no copy/borrow/clone capability inferred from spelling	Per expression: pure computation plus explicit observed sinks	NO_IMPLICIT_GRANT	NO	Spelling alias for g010-public:Stream.map; no additional API counted; preserve qualified profile limits; native intrinsic identity is receiver-qualified; no serialized SymbolId or DocRecord is declared by this owner; interface metadata is verified by the separate metadata suite Typed nullable integer rows/columns/tables/datasets/streams; finite schema, rows and stages; lazy callbacks once	data:stream-map-arity,data:stream-map-return-type,data:stream-map-type
claim:b7aeab092dbacdd8def161e7	Exact typed owner contract; no copy/borrow/clone capability inferred from spelling	Per expression: pure computation plus explicit observed sinks	NO_IMPLICIT_GRANT	NO	Spelling alias for g008-public:Dict.remove,g008-public:Set.remove; no additional API counted; preserve qualified profile limits; native intrinsic identity is receiver-qualified; no serialized SymbolId or DocRecord is declared by this owner; interface metadata is verified by the separate metadata suite Typed key/value and hash/equality policy; two independent live stores; declared capacity and failure atomicity	dict:set-remove-type,dict:use-after-drop
claim:b7d025f424a1282604832494	Exact typed owner contract; no copy/borrow/clone capability inferred from spelling	Per expression: pure computation plus explicit observed sinks	NO_IMPLICIT_GRANT	NO	Literal Int64/binary64 operands; at most 128 complete statements; independent arithmetic trace and return matrix Native checked scalar/vector mathematics; independent numeric oracle; explicit process return separate from intermediate value	math:math-text-return,math:record-capacity-plus-one
claim:b7ffcdf5e25b3713c3415c6c	Exact typed owner contract; no copy/borrow/clone capability inferred from spelling	input,console	SYNTHETIC_INPUT_AND_RETAINED_CONSOLE	NO	Contextual alias for g170-scan:panel; public typed source proof replaces the historical seed/probe evidence. Preserve the qualified row bounds; no separate global option or live capability is claimed. Synthetic mock/stdin replay; typed bounded ScanPlan; redaction; no real secret or live device	scan:option-type-panel
claim:bc28c557c108e7ae083d19ef	Exact typed owner contract; no copy/borrow/clone capability inferred from spelling	Per expression: pure computation plus explicit observed sinks	NO_IMPLICIT_GRANT	NO	Spelling alias for g010-public:Table.select; no additional API counted; preserve qualified profile limits; native intrinsic identity is receiver-qualified; no serialized SymbolId or DocRecord is declared by this owner; interface metadata is verified by the separate metadata suite Typed nullable integer rows/columns/tables/datasets/streams; finite schema, rows and stages; lazy callbacks once	data:table-select-duplicate-name,data:table-select-empty,data:table-select-name-type,data:table-select-unknown-name
claim:bcaffdb822955a437c82c671	Exact typed owner contract; no copy/borrow/clone capability inferred from spelling	Per expression: pure computation plus explicit observed sinks	NO_IMPLICIT_GRANT	NO	Spelling alias for g009-public:Node<Int>.new,g009-public:Node.id,g009-public:Node.value,g009-public:Node.replaceValue,g009-public:Node.degree; no additional API counted; preserve qualified profile limits; native intrinsic identity is receiver-qualified; no serialized SymbolId or DocRecord is declared by this owner; interface metadata is verified by the separate metadata suite Int64 payloads; 32 nodes/256 edges; authenticated handle/owner pair; no stale or foreign handle	relation:node-degree-arity,relation:node-id-arity,relation:node-value-arity,relation:node-wrong-replacement
claim:be1e782a2d56e77dcd88269d	Exact typed owner contract; no copy/borrow/clone capability inferred from spelling	input,console	SYNTHETIC_INPUT_AND_RETAINED_CONSOLE	NO	Actual edition-owned prelude SymbolId and unique stdlib owner; CLI metadata checked against the local .ni interface and independent FNV identity. Runtime profile is the cited source case family. Iterator/IntoIterator dispatch is bounded Range iteration, not a standalone cursor constructor or arbitrary iterator implementation. Ord reuses the existing comparable capability, with explicit Bool rejection. Native intrinsic profiles are not promoted to arbitrary generic APIs. Synthetic mock/stdin replay; typed bounded ScanPlan; redaction; no real secret or live device	scan:mock-type
claim:c01376d8eaedb654340c8593	Exact typed owner contract; no copy/borrow/clone capability inferred from spelling	Per expression: pure computation plus explicit observed sinks	NO_IMPLICIT_GRANT	NO	trimStart(); input bytes; ; borrowed view; public UTF-8 descriptor bridge and distinct bounded function storage; native intrinsic identity is receiver-qualified; no serialized SymbolId or DocRecord is declared by this owner; interface metadata is verified by the separate metadata suite UTF-8 byte/codepoint/grapheme units are distinct; per-member finite profile	text:arity-trimStart
claim:c0739f72efe3896918ce9731	Exact typed owner contract; no copy/borrow/clone capability inferred from spelling	Per expression: pure computation plus explicit observed sinks	NO_IMPLICIT_GRANT	NO	Actual Int64/binary64 lanes, extent 1..64; checked Int sum, native compensated Float sum, explicit population/sample and linearType7 policies; 1536-byte caller workspace isolates conversion/quantile scratch; source values unchanged; native domain/overflow traps and NaN propagation are observed; no source report or synthetic aggregate Native checked scalar/vector mathematics; independent numeric oracle; explicit process return separate from intermediate value	statistics:policy-standardDeviation-true,statistics:shadow-standardDeviation,statistics:sample-too-small-standardDeviation
claim:c0998ab6b8fbaf1f877a4314	Exact typed owner contract; no copy/borrow/clone capability inferred from spelling	Per expression: pure computation plus explicit observed sinks	NO_IMPLICIT_GRANT	NO	Explicit SplitMix64 v1 state, no entropy capability; native finite-domain distributions and categorical Float Vector weights; nonnegative Int uniform; shuffle of unique local mutable Int Slice at most 64 lanes; lexical creation/release provenance, separate descriptor/payload frames; sample of Int Vector/local Slice returns canonical List with 0..16 entries; independent seed/value/order oracles and rejected effectful interpolation; no whole-source report Independent deterministic seeded states; checked intervals and distribution domains; no cryptographic entropy claim	random:uniform-type,random:uniform-arity,random:uniform-extra
claim:c23da4ce0992b047ec8afe30	Exact typed owner contract; no copy/borrow/clone capability inferred from spelling	Per expression: pure computation plus explicit observed sinks	NO_IMPLICIT_GRANT	NO	Spelling alias for g008-public:hash.deterministic; no additional API counted; preserve qualified profile limits; native intrinsic identity is receiver-qualified; no serialized SymbolId or DocRecord is declared by this owner; interface metadata is verified by the separate metadata suite Typed key/value and hash/equality policy; two independent live stores; declared capacity and failure atomicity	hashpolicy:seed-missing,hashpolicy:seed-type
claim:c555e83e61df06e38b15a258	Exact typed owner contract; no copy/borrow/clone capability inferred from spelling	Per expression: pure computation plus explicit observed sinks	NO_IMPLICIT_GRANT	NO	Spelling alias for g010-public:Table.join; no additional API counted; preserve qualified profile limits; native intrinsic identity is receiver-qualified; no serialized SymbolId or DocRecord is declared by this owner; interface metadata is verified by the separate metadata suite Typed nullable integer rows/columns/tables/datasets/streams; finite schema, rows and stages; lazy callbacks once	data:join-arity,data:join-duplicate-nonkey,data:join-keys-type,data:join-kind-type,data:join-other-type,data:join-over-limit-1,data:join-over-limit-2
claim:c5b1151c2ef4cdd12eca18fe	Exact typed owner contract; no copy/borrow/clone capability inferred from spelling	input,console	SYNTHETIC_INPUT_AND_RETAINED_CONSOLE	NO	Contextual alias for g170-scan:choice; public typed source proof replaces the historical seed/probe evidence. Preserve the qualified row bounds; no separate global option or live capability is claimed. Synthetic mock/stdin replay; typed bounded ScanPlan; redaction; no real secret or live device	scan:choice-absent,scan:choice-type
claim:c5f600d8f08de68f0db6e718	Exact typed owner contract; no copy/borrow/clone capability inferred from spelling	Per expression: pure computation plus explicit observed sinks	NO_IMPLICIT_GRANT	NO	Spelling alias for g008-public:Dict.loadFactor; no additional API counted; preserve qualified profile limits; native intrinsic identity is receiver-qualified; no serialized SymbolId or DocRecord is declared by this owner; interface metadata is verified by the separate metadata suite Typed key/value and hash/equality policy; two independent live stores; declared capacity and failure atomicity	dict:use-after-drop
claim:c6fcab493c85eccb852feab7	Exact typed owner contract; no copy/borrow/clone capability inferred from spelling	Per expression: pure computation plus explicit observed sinks	NO_IMPLICIT_GRANT	NO	Spelling alias for g010-public:Column.fillMissing; no additional API counted; preserve qualified profile limits; native intrinsic identity is receiver-qualified; no serialized SymbolId or DocRecord is declared by this owner; interface metadata is verified by the separate metadata suite Typed nullable integer rows/columns/tables/datasets/streams; finite schema, rows and stages; lazy callbacks once	data:column-fillMissing-type
claim:c76165af03df20e5abaf51e2	Exact typed owner contract; no copy/borrow/clone capability inferred from spelling	Per expression: pure computation plus explicit observed sinks	NO_IMPLICIT_GRANT	NO	Explicit SplitMix64 v1 state, no entropy capability; native finite-domain distributions and categorical Float Vector weights; nonnegative Int uniform; shuffle of unique local mutable Int Slice at most 64 lanes; lexical creation/release provenance, separate descriptor/payload frames; sample of Int Vector/local Slice returns canonical List with 0..16 entries; independent seed/value/order oracles and rejected effectful interpolation; no whole-source report Independent deterministic seeded states; checked intervals and distribution domains; no cryptographic entropy claim	random:normal-type,random:normal-arity
claim:c8b14da9317fa2ae62e9ca17	Exact typed owner contract; no copy/borrow/clone capability inferred from spelling	Per expression: pure computation plus explicit observed sinks	NO_IMPLICIT_GRANT	NO	Actual edition-owned prelude SymbolId and unique stdlib owner; CLI metadata checked against the local .ni interface and independent FNV identity. Runtime profile is the cited source case family. Iterator/IntoIterator dispatch is bounded Range iteration, not a standalone cursor constructor or arbitrary iterator implementation. Ord reuses the existing comparable capability, with explicit Bool rejection. Native intrinsic profiles are not promoted to arbitrary generic APIs. Typed active variant and structured errors; bounded combinators; explicit ownership; no arbitrary callback promise	optionresult:error-invalid-diagnostic-span
claim:ca00b7de3e6e77425c82a097	Exact typed owner contract; no copy/borrow/clone capability inferred from spelling	Per expression: pure computation plus explicit observed sinks	NO_IMPLICIT_GRANT	NO	Spelling alias for g008-public:hash.randomized; no additional API counted; preserve qualified profile limits; native intrinsic identity is receiver-qualified; no serialized SymbolId or DocRecord is declared by this owner; interface metadata is verified by the separate metadata suite Typed key/value and hash/equality policy; two independent live stores; declared capacity and failure atomicity	hashpolicy:randomized-arity
claim:cb16a44ffa95d8c361d0c0c8	Exact typed owner contract; no copy/borrow/clone capability inferred from spelling	Per expression: pure computation plus explicit observed sinks	NO_IMPLICIT_GRANT	NO	Actual Int64/binary64 vector lanes; extent 1..64; typed filled/literal constructors; native vector algorithms and separate owned frames; exact shape/type checks; constant index bounds and dynamic native checks; linked scalar spills preserve RHS allocations; no whole-source report; native registry identity and runtime profile are explicit; serialized interface metadata is verified by the separate metadata suite Native checked scalar/vector mathematics; independent numeric oracle; explicit process return separate from intermediate value	vector:index-4,vector:index--1,vector:method-at-true,vector:method-at-empty
claim:cc1d47dce2d484b84f04478a	Exact typed owner contract; no copy/borrow/clone capability inferred from spelling	Per expression: pure computation plus explicit observed sinks	NO_IMPLICIT_GRANT	NO	equals(Text); byte-exact; O(n); ; borrowed immutable receiver and argument; public UTF-8 descriptor bridge and distinct bounded function storage; native intrinsic identity is receiver-qualified; no serialized SymbolId or DocRecord is declared by this owner; interface metadata is verified by the separate metadata suite UTF-8 byte/codepoint/grapheme units are distinct; per-member finite profile	text:type-equals
claim:cdf7651cb0c39fe2c1c7041e	Exact typed owner contract; no copy/borrow/clone capability inferred from spelling	Per expression: pure computation plus explicit observed sinks	NO_IMPLICIT_GRANT	NO	Spelling alias for g010-public:Schema.field; no additional API counted; preserve qualified profile limits; native intrinsic identity is receiver-qualified; no serialized SymbolId or DocRecord is declared by this owner; interface metadata is verified by the separate metadata suite Typed nullable integer rows/columns/tables/datasets/streams; finite schema, rows and stages; lazy callbacks once	data:schema-field-missing,data:schema-field-name-type,data:schema-field-projection-bound
claim:ce545f606b61e12a4dfa91de	Exact typed owner contract; no copy/borrow/clone capability inferred from spelling	Per expression: pure computation plus explicit observed sinks	NO_IMPLICIT_GRANT	NO	Spelling alias for g008-public:Dict.iterationOrder; no additional API counted; preserve qualified profile limits; native intrinsic identity is receiver-qualified; no serialized SymbolId or DocRecord is declared by this owner; interface metadata is verified by the separate metadata suite Typed key/value and hash/equality policy; two independent live stores; declared capacity and failure atomicity	dict:iteration-order-arity
claim:ce58a02fc4cc1d6cdeeaf444	Exact typed owner contract; no copy/borrow/clone capability inferred from spelling	console	SYNTHETIC_INPUT_AND_RETAINED_CONSOLE	NO	Spelling alias only; inspect every qualified declaration: g018-declaration:console.title(text); g018-declaration:chart.title(text) Retained document/headless software profile; exact nodes and bytes; no live desktop claim	console:title-limit,console:title-type
claim:cf0163f1d9536e519c18869b	Exact typed owner contract; no copy/borrow/clone capability inferred from spelling	Per expression: pure computation plus explicit observed sinks	NO_IMPLICIT_GRANT	NO	Actual Int64/binary64 lanes, extent 1..64; checked Int sum, native compensated Float sum, explicit population/sample and linearType7 policies; 1536-byte caller workspace isolates conversion/quantile scratch; source values unchanged; native domain/overflow traps and NaN propagation are observed; no source report or synthetic aggregate Native checked scalar/vector mathematics; independent numeric oracle; explicit process return separate from intermediate value	statistics:arity-sum
claim:d007c078c2c3e323f5cf3605	Exact typed owner contract; no copy/borrow/clone capability inferred from spelling	input,console	SYNTHETIC_INPUT_AND_RETAINED_CONSOLE	NO	Contextual alias for g170-scan:indexChoice; public typed source proof replaces the historical seed/probe evidence. Preserve the qualified row bounds; no separate global option or live capability is claimed. Synthetic mock/stdin replay; typed bounded ScanPlan; redaction; no real secret or live device	scan:choice-arity
claim:d1d386364763385ed98ce935	Exact typed owner contract; no copy/borrow/clone capability inferred from spelling	Per expression: pure computation plus explicit observed sinks	NO_IMPLICIT_GRANT	NO	Spelling alias for g010-public:Dataset.fromTables; no additional API counted; preserve qualified profile limits; native intrinsic identity is receiver-qualified; no serialized SymbolId or DocRecord is declared by this owner; interface metadata is verified by the separate metadata suite Typed nullable integer rows/columns/tables/datasets/streams; finite schema, rows and stages; lazy callbacks once	data:dataset-copy,data:dataset-empty-parts,data:dataset-over-parts,data:dataset-part-type,data:dataset-schema-mismatch,data:dataset-schema-order-mismatch
claim:d2f39b129b1dd314fc858bd1	Exact typed owner contract; no copy/borrow/clone capability inferred from spelling	Per expression: pure computation plus explicit observed sinks	NO_IMPLICIT_GRANT	NO	Explicit SplitMix64 v1 state, no entropy capability; native finite-domain distributions and categorical Float Vector weights; nonnegative Int uniform; shuffle of unique local mutable Int Slice at most 64 lanes; lexical creation/release provenance, separate descriptor/payload frames; sample of Int Vector/local Slice returns canonical List with 0..16 entries; independent seed/value/order oracles and rejected effectful interpolation; no whole-source report Independent deterministic seeded states; checked intervals and distribution domains; no cryptographic entropy claim	random:seed-type,random:seed-extra
claim:d31b675b1c30ee373abc69a1	Exact typed owner contract; no copy/borrow/clone capability inferred from spelling	console	SYNTHETIC_INPUT_AND_RETAINED_CONSOLE	NO	Spelling alias only; inspect every qualified declaration: g018-declaration:console.style(range, style) Retained document/headless software profile; exact nodes and bytes; no live desktop claim	console:style-bound--1-1,console:style-bound-0-3,console:style-bound-2-1,console:style-endpoint-type,console:style-role-type,console:style-selection-arity,console:style-selection-type
claim:d3d8d6de73194afe74a0a8de	Exact typed owner contract; no copy/borrow/clone capability inferred from spelling	Per expression: pure computation plus explicit observed sinks	NO_IMPLICIT_GRANT	NO	Spelling alias for g010-public:Stream.window; no additional API counted; preserve qualified profile limits; native intrinsic identity is receiver-qualified; no serialized SymbolId or DocRecord is declared by this owner; interface metadata is verified by the separate metadata suite Typed nullable integer rows/columns/tables/datasets/streams; finite schema, rows and stages; lazy callbacks once	data:window-arity,data:window-callback-trap,data:window-copy,data:window-duration-type,data:window-invalid-duration--1,data:window-invalid-duration-0,data:window-missing-duration,data:window-option-copy,data:window-sink-type
claim:d41dbfa820ee0843f5ee5bd4	Exact typed owner contract; no copy/borrow/clone capability inferred from spelling	Per expression: pure computation plus explicit observed sinks	NO_IMPLICIT_GRANT	NO	byteLength(); O(1); MAX_TEXT_BYTES; ; borrowed immutable receiver; public UTF-8 descriptor bridge and distinct bounded function storage; native intrinsic identity is receiver-qualified; no serialized SymbolId or DocRecord is declared by this owner; interface metadata is verified by the separate metadata suite UTF-8 byte/codepoint/grapheme units are distinct; per-member finite profile	text:arity-byteLength
claim:d44687ceab8f796e02bc5310	Exact typed owner contract; no copy/borrow/clone capability inferred from spelling	Per expression: pure computation plus explicit observed sinks	NO_IMPLICIT_GRANT	NO	Spelling alias for g010-public:Column.coalesce; no additional API counted; preserve qualified profile limits; native intrinsic identity is receiver-qualified; no serialized SymbolId or DocRecord is declared by this owner; interface metadata is verified by the separate metadata suite Typed nullable integer rows/columns/tables/datasets/streams; finite schema, rows and stages; lazy callbacks once	data:column-coalesce-type,data:column-dtype-coalesce
claim:d57dab5c6bd296989b402a05	Exact typed owner contract; no copy/borrow/clone capability inferred from spelling	input,console	SYNTHETIC_INPUT_AND_RETAINED_CONSOLE	NO	Contextual alias for g170-scan:minStrength; public typed source proof replaces the historical seed/probe evidence. Preserve the qualified row bounds; no separate global option or live capability is claimed. Synthetic mock/stdin replay; typed bounded ScanPlan; redaction; no real secret or live device	scan:option-type-minStrength
claim:d5944006021423146a51ff73	Exact typed owner contract; no copy/borrow/clone capability inferred from spelling	Per expression: pure computation plus explicit observed sinks	NO_IMPLICIT_GRANT	NO	Actual Int64/binary64 vector lanes; extent 1..64; typed filled/literal constructors; native vector algorithms and separate owned frames; exact shape/type checks; constant index bounds and dynamic native checks; linked scalar spills preserve RHS allocations; no whole-source report; native registry identity and runtime profile are explicit; serialized interface metadata is verified by the separate metadata suite Native checked scalar/vector mathematics; independent numeric oracle; explicit process return separate from intermediate value	vector:element-Text,vector:element-Bool,vector:extent-0,vector:extent-65,vector:literal-wrong-type,vector:literal-extent-mismatch
claim:d625462cb98de7afd1913ea7	Exact typed owner contract; no copy/borrow/clone capability inferred from spelling	Per expression: pure computation plus explicit observed sinks	NO_IMPLICIT_GRANT	NO	Spelling alias for g010-public:Schema.indexOf; no additional API counted; preserve qualified profile limits; native intrinsic identity is receiver-qualified; no serialized SymbolId or DocRecord is declared by this owner; interface metadata is verified by the separate metadata suite Typed nullable integer rows/columns/tables/datasets/streams; finite schema, rows and stages; lazy callbacks once	data:schema-index-name-type
claim:d785dbc264a12187d3df24c4	Exact typed owner contract; no copy/borrow/clone capability inferred from spelling	Per expression: pure computation plus explicit observed sinks	NO_IMPLICIT_GRANT	NO	Literal Int64/binary64 operands; at most 128 complete statements; independent arithmetic trace and return matrix Native checked scalar/vector mathematics; independent numeric oracle; explicit process return separate from intermediate value	math:math-text-return,math:record-capacity-plus-one
claim:d7e3b4d2a0621f233366f3a4	Exact typed owner contract; no copy/borrow/clone capability inferred from spelling	Per expression: pure computation plus explicit observed sinks	NO_IMPLICIT_GRANT	NO	Literal Int64/binary64 operands; at most 128 complete statements; independent arithmetic trace and return matrix Native checked scalar/vector mathematics; independent numeric oracle; explicit process return separate from intermediate value	math:math-text-return,math:record-capacity-plus-one
claim:d868cfc43c050cbac67070fb	Exact typed owner contract; no copy/borrow/clone capability inferred from spelling	Per expression: pure computation plus explicit observed sinks	NO_IMPLICIT_GRANT	NO	equalsAsciiIgnoreCase(Text); ASCII only; O(n); ; borrowed immutable receiver and argument; public UTF-8 descriptor bridge and distinct bounded function storage; native intrinsic identity is receiver-qualified; no serialized SymbolId or DocRecord is declared by this owner; interface metadata is verified by the separate metadata suite UTF-8 byte/codepoint/grapheme units are distinct; per-member finite profile	text:type-equalsAsciiIgnoreCase
claim:d87e5aa71b4e98274d214d47	Exact typed owner contract; no copy/borrow/clone capability inferred from spelling	Per expression: pure computation plus explicit observed sinks	NO_IMPLICIT_GRANT	NO	Actual Int64/binary64 lanes, extent 1..64; checked Int sum, native compensated Float sum, explicit population/sample and linearType7 policies; 1536-byte caller workspace isolates conversion/quantile scratch; source values unchanged; native domain/overflow traps and NaN propagation are observed; no source report or synthetic aggregate Native checked scalar/vector mathematics; independent numeric oracle; explicit process return separate from intermediate value	statistics:arity-median
claim:d9af5dbe5cd58b17c26c06a6	Exact typed owner contract; no copy/borrow/clone capability inferred from spelling	Per expression: pure computation plus explicit observed sinks	NO_IMPLICIT_GRANT	NO	Spelling alias for g008-public:Dict.capacity; no additional API counted; preserve qualified profile limits; native intrinsic identity is receiver-qualified; no serialized SymbolId or DocRecord is declared by this owner; interface metadata is verified by the separate metadata suite Typed key/value and hash/equality policy; two independent live stores; declared capacity and failure atomicity	dict:use-after-move
claim:da20bfa83f48811c625e1146	Exact typed owner contract; no copy/borrow/clone capability inferred from spelling	console	SYNTHETIC_INPUT_AND_RETAINED_CONSOLE	NO	Spelling alias only; inspect every qualified declaration: g018-declaration:console.clear(); g018-declaration:canvas.clear(color) Retained document/headless software profile; exact nodes and bytes; no live desktop claim	console:clear-arity,console:close-clear
claim:dab9d08c0346a6a395720dae	Exact typed owner contract; no copy/borrow/clone capability inferred from spelling	input,console	SYNTHETIC_INPUT_AND_RETAINED_CONSOLE	NO	Contextual alias for g170-scan:mock; public typed source proof replaces the historical seed/probe evidence. Preserve the qualified row bounds; no separate global option or live capability is claimed. Synthetic mock/stdin replay; typed bounded ScanPlan; redaction; no real secret or live device	scan:duplicate-mock,scan:mock-type
claim:dca093f988973a0a07cdd72b	Exact typed owner contract; no copy/borrow/clone capability inferred from spelling	Per expression: pure computation plus explicit observed sinks	NO_IMPLICIT_GRANT	NO	Spelling alias for g009-public:Graph.dijkstra; no additional API counted; preserve qualified profile limits; native intrinsic identity is receiver-qualified; no serialized SymbolId or DocRecord is declared by this owner; interface metadata is verified by the separate metadata suite Int64 payloads; 32 nodes/256 edges; authenticated handle/owner pair; no stale or foreign handle	relation:graph-dijkstra-nodes-type
claim:ddd75188695701aa50db12fa	Exact typed owner contract; no copy/borrow/clone capability inferred from spelling	Per expression: pure computation plus explicit observed sinks	NO_IMPLICIT_GRANT	NO	Literal Int64/binary64 operands; at most 128 complete statements; independent arithmetic trace and return matrix Native checked scalar/vector mathematics; independent numeric oracle; explicit process return separate from intermediate value	math:math-text-return,math:record-capacity-plus-one
claim:de9488198c88a7f95371751a	Exact typed owner contract; no copy/borrow/clone capability inferred from spelling	Per expression: pure computation plus explicit observed sinks	NO_IMPLICIT_GRANT	NO	replaceAll(Text,Text); 4096 output bytes; non-overlapping; ; owned caller workspace; public UTF-8 descriptor bridge and distinct bounded function storage; native intrinsic identity is receiver-qualified; no serialized SymbolId or DocRecord is declared by this owner; interface metadata is verified by the separate metadata suite UTF-8 byte/codepoint/grapheme units are distinct; per-member finite profile	text:type-replaceAll
claim:df4f0148b2440ecd656bf01f	Exact typed owner contract; no copy/borrow/clone capability inferred from spelling	Per expression: pure computation plus explicit observed sinks	NO_IMPLICIT_GRANT	NO	Spelling alias for g009-public:Graph.connectedComponents; no additional API counted; preserve qualified profile limits; native intrinsic identity is receiver-qualified; no serialized SymbolId or DocRecord is declared by this owner; interface metadata is verified by the separate metadata suite Int64 payloads; 32 nodes/256 edges; authenticated handle/owner pair; no stale or foreign handle	relation:graph-connectedComponents-arity
claim:e1043152c29f090c6eeb1943	Exact typed owner contract; no copy/borrow/clone capability inferred from spelling	Per expression: pure computation plus explicit observed sinks	NO_IMPLICIT_GRANT	NO	Spelling alias for g008-public:Int.equals; no additional API counted; preserve qualified profile limits; native intrinsic identity is receiver-qualified; no serialized SymbolId or DocRecord is declared by this owner; interface metadata is verified by the separate metadata suite Typed key/value and hash/equality policy; two independent live stores; declared capacity and failure atomicity	dict:equals-type
claim:e1282f512e9258c2f1e099b7	Exact typed owner contract; no copy/borrow/clone capability inferred from spelling	Per expression: pure computation plus explicit observed sinks	NO_IMPLICIT_GRANT	NO	Spelling alias for g009-public:Tree.addChild; no additional API counted; preserve qualified profile limits; native intrinsic identity is receiver-qualified; no serialized SymbolId or DocRecord is declared by this owner; interface metadata is verified by the separate metadata suite Int64 payloads; 32 nodes/256 edges; authenticated handle/owner pair; no stale or foreign handle	relation:tree-raw-handle,relation:tree-wrong-child-value
claim:e15da49ba928c94d5643b708	Exact typed owner contract; no copy/borrow/clone capability inferred from spelling	Per expression: pure computation plus explicit observed sinks	NO_IMPLICIT_GRANT	NO	Literal Int64/binary64 operands; at most 128 complete statements; independent arithmetic trace and return matrix Native checked scalar/vector mathematics; independent numeric oracle; explicit process return separate from intermediate value	math:math-text-return,math:record-capacity-plus-one
claim:e1694ab28375fdf523789369	Exact typed owner contract; no copy/borrow/clone capability inferred from spelling	Per expression: pure computation plus explicit observed sinks	NO_IMPLICIT_GRANT	NO	Spelling alias for g010-public:Table.join,g010-public:Table.validate,g010-public:Table.invalidRows,g010-public:Table.groupBy,g010-public:Table.groupBy.next,g010-public:Table.groupBy.sink,g010-public:Table.fromColumns,g010-public:Table.rowCount,g010-public:Table.columnCount,g010-public:Table.select,g010-public:Table.filter,g010-public:Table.sortBy; no additional API counted; preserve qualified profile limits; native intrinsic identity is receiver-qualified; no serialized SymbolId or DocRecord is declared by this owner; interface metadata is verified by the separate metadata suite Typed nullable integer rows/columns/tables/datasets/streams; finite schema, rows and stages; lazy callbacks once	data:group-copy,data:group-empty-expect,data:group-key-arity,data:group-key-two,data:group-key-type,data:group-method-arity,data:group-missing-name,data:group-sink-type,data:join-arity,data:join-duplicate-nonkey,data:join-keys-type,data:join-kind-type,data:join-other-type,data:join-over-limit-1,data:join-over-limit-2,data:quality-constraints-arity,data:quality-constraints-type,data:quality-invalid-rows-arity,data:quality-schema-count,data:quality-schema-name,data:table-column-count-arity,data:table-copy,data:table-duplicate-name,data:table-empty-columns,data:table-filter-arity,data:table-filter-receiver-type,data:table-filter-result-type,data:table-filter-trap,data:table-row-count-arity,data:table-select-duplicate-name,data:table-select-empty,data:table-select-name-type,data:table-select-unknown-name,data:table-sort-name-type,data:table-sort-two-keys,data:table-sort-unknown-name,data:table-unequal-lengths,data:table-wrong-column,data:table-wrong-name
claim:e1e12033665161272e214426	Exact typed owner contract; no copy/borrow/clone capability inferred from spelling	Per expression: pure computation plus explicit observed sinks	NO_IMPLICIT_GRANT	NO	Spelling alias for g010-public:Row.toTuple; no additional API counted; preserve qualified profile limits; native intrinsic identity is receiver-qualified; no serialized SymbolId or DocRecord is declared by this owner; interface metadata is verified by the separate metadata suite Typed nullable integer rows/columns/tables/datasets/streams; finite schema, rows and stages; lazy callbacks once	data:row-to-tuple-arity,data:row-tuple-copy,data:row-tuple-index-bound,data:row-tuple-static-bound
claim:e21a03c4a4d252ce269a85bb	Exact typed owner contract; no copy/borrow/clone capability inferred from spelling	Per expression: pure computation plus explicit observed sinks	NO_IMPLICIT_GRANT	NO	normalizeWhitespace(); 4096 output bytes; ASCII whitespace; ; owned caller workspace; public UTF-8 descriptor bridge and distinct bounded function storage; native intrinsic identity is receiver-qualified; no serialized SymbolId or DocRecord is declared by this owner; interface metadata is verified by the separate metadata suite UTF-8 byte/codepoint/grapheme units are distinct; per-member finite profile	text:arity-normalizeWhitespace
claim:e28c6ed1f7608e0e538cd4e2	Exact typed owner contract; no copy/borrow/clone capability inferred from spelling	Per expression: pure computation plus explicit observed sinks	NO_IMPLICIT_GRANT	NO	normalizeNewlines(); 4096 output bytes; CRLF/CR to LF; ; owned caller workspace; public UTF-8 descriptor bridge and distinct bounded function storage; native intrinsic identity is receiver-qualified; no serialized SymbolId or DocRecord is declared by this owner; interface metadata is verified by the separate metadata suite UTF-8 byte/codepoint/grapheme units are distinct; per-member finite profile	text:arity-normalizeNewlines
claim:e2f8aa80437d021072f2d498	Exact typed owner contract; no copy/borrow/clone capability inferred from spelling	Per expression: pure computation plus explicit observed sinks	NO_IMPLICIT_GRANT	NO	Spelling alias for g008-public:Dict.entries; no additional API counted; preserve qualified profile limits; native intrinsic identity is receiver-qualified; no serialized SymbolId or DocRecord is declared by this owner; interface metadata is verified by the separate metadata suite Typed key/value and hash/equality policy; two independent live stores; declared capacity and failure atomicity	dict:view-released
claim:e373f34ea6d115dc9edf77b3	Exact typed owner contract; no copy/borrow/clone capability inferred from spelling	input,console	SYNTHETIC_INPUT_AND_RETAINED_CONSOLE	NO	Contextual alias for g170-scan:confirmSecret; public typed source proof replaces the historical seed/probe evidence. Preserve the qualified row bounds; no separate global option or live capability is claimed. Synthetic mock/stdin replay; typed bounded ScanPlan; redaction; no real secret or live device	scan:confirm-eof-result,scan:confirm-binding-failure,scan:confirm-needs-secret,scan:security-arity-confirmSecret
claim:e51b046dbfa30b7291fbad28	Exact typed owner contract; no copy/borrow/clone capability inferred from spelling	Per expression: pure computation plus explicit observed sinks	NO_IMPLICIT_GRANT	NO	Binary64 actual receiver and once-evaluated arguments; classifiers include IEEE subnormal/NaN/infinity/signed zero; explicit rounding modes restore caller control word; finite round magnitude <2^63; approxEquals preserves two source arguments with Vector<Float> tolerance [absolute,relative], exactly two lanes (runtime shape checked); nonnegative/non-NaN tolerances, identical infinities equal and distinct infinities unequal; Uncertain methods claim only exact typed operands; native registry identity and runtime profile are explicit; serialized interface metadata is verified by the separate metadata suite Native checked scalar/vector mathematics; independent numeric oracle; explicit process return separate from intermediate value	precision:classifier-extra-argument
claim:e664b92dda5c99ae936f11a7	Exact typed owner contract; no copy/borrow/clone capability inferred from spelling	Per expression: pure computation plus explicit observed sinks	NO_IMPLICIT_GRANT	NO	Binary64 actual receiver and once-evaluated arguments; classifiers include IEEE subnormal/NaN/infinity/signed zero; explicit rounding modes restore caller control word; finite round magnitude <2^63; approxEquals preserves two source arguments with Vector<Float> tolerance [absolute,relative], exactly two lanes (runtime shape checked); nonnegative/non-NaN tolerances, identical infinities equal and distinct infinities unequal; Uncertain methods claim only exact typed operands; native registry identity and runtime profile are explicit; serialized interface metadata is verified by the separate metadata suite Native checked scalar/vector mathematics; independent numeric oracle; explicit process return separate from intermediate value	precision:round-mode-type,precision:round-missing-mode,precision:round-extra-mode,precision:round-process-return,precision:round-domain-0-positive-bound
claim:e7f93db4bceb04c0ad2147b4	Exact typed owner contract; no copy/borrow/clone capability inferred from spelling	Per expression: pure computation plus explicit observed sinks	NO_IMPLICIT_GRANT	NO	Spelling alias for g009-public:Graph.breadthFirst; no additional API counted; preserve qualified profile limits; native intrinsic identity is receiver-qualified; no serialized SymbolId or DocRecord is declared by this owner; interface metadata is verified by the separate metadata suite Int64 payloads; 32 nodes/256 edges; authenticated handle/owner pair; no stale or foreign handle	relation:graph-breadthFirst-node-type,relation:traversal-borrow
claim:e8149ff28098a7f2e0908db7	Exact typed owner contract; no copy/borrow/clone capability inferred from spelling	input,console	SYNTHETIC_INPUT_AND_RETAINED_CONSOLE	NO	Contextual alias for g170-scan:mask; public typed source proof replaces the historical seed/probe evidence. Preserve the qualified row bounds; no separate global option or live capability is claimed. Synthetic mock/stdin replay; typed bounded ScanPlan; redaction; no real secret or live device	scan:option-type-mask
claim:ea1c3af532dae0be53acddcd	Exact typed owner contract; no copy/borrow/clone capability inferred from spelling	Per expression: pure computation plus explicit observed sinks	NO_IMPLICIT_GRANT	NO	Literal Int64/binary64 operands; at most 128 complete statements; independent arithmetic trace and return matrix Native checked scalar/vector mathematics; independent numeric oracle; explicit process return separate from intermediate value	math:math-text-return,math:record-capacity-plus-one
claim:eac52e4a95d35b1330df17ef	Exact typed owner contract; no copy/borrow/clone capability inferred from spelling	Per expression: pure computation plus explicit observed sinks	NO_IMPLICIT_GRANT	NO	Spelling alias for g008-public:Dict<Int,Int>.new,g008-public:Set<Int>.new,g008-public:Hasher.new; no additional API counted; preserve qualified profile limits; native intrinsic identity is receiver-qualified; no serialized SymbolId or DocRecord is declared by this owner; interface metadata is verified by the separate metadata suite Typed key/value and hash/equality policy; two independent live stores; declared capacity and failure atomicity	dict:hasher-seed-type,dict:key-type,dict:set-new-arity,dict:value-type
claim:ebc047cacea7df56097706f2	Exact typed owner contract; no copy/borrow/clone capability inferred from spelling	Per expression: pure computation plus explicit observed sinks	NO_IMPLICIT_GRANT	NO	Actual owned typed Regex.compile(pattern) with the current default options, Regex.escape(Text), and isMatch(Text), reusing native pattern_find rather than a Python runtime or fixed report. Initial public native profile is Unicode literal patterns and escaped punctuation only: 256 pattern bytes, 4096 text bytes, 65536 search steps. Regex metacharacter operators/captures and custom options are explicitly rejected in this source profile; the wider SDK model is not counted as native source coverage. Independent Python re search/escape oracles, two live values and explicit return variations are executed. Literal matching and escaped punctuation; 256 pattern bytes; 4096 input bytes; bounded steps; no full regex claim	regex:compile-type,regex:match-type,regex:status-type,regex:pattern-domain-0,regex:text-domain,regex:steps-domain
claim:ebc56343af6bbadff156dda5	Exact typed owner contract; no copy/borrow/clone capability inferred from spelling	Per expression: pure computation plus explicit observed sinks	NO_IMPLICIT_GRANT	NO	Spelling alias for g010-public:Row.project; no additional API counted; preserve qualified profile limits; native intrinsic identity is receiver-qualified; no serialized SymbolId or DocRecord is declared by this owner; interface metadata is verified by the separate metadata suite Typed nullable integer rows/columns/tables/datasets/streams; finite schema, rows and stages; lazy callbacks once	data:row-project-argument-type,data:row-project-duplicate-name,data:row-project-empty,data:row-project-name-type,data:row-project-removed-name,data:row-project-unknown-name
claim:ec6979e772820bedad52b29f	Exact typed owner contract; no copy/borrow/clone capability inferred from spelling	Per expression: pure computation plus explicit observed sinks	NO_IMPLICIT_GRANT	NO	trimEnd(); input bytes; ; borrowed view; public UTF-8 descriptor bridge and distinct bounded function storage; native intrinsic identity is receiver-qualified; no serialized SymbolId or DocRecord is declared by this owner; interface metadata is verified by the separate metadata suite UTF-8 byte/codepoint/grapheme units are distinct; per-member finite profile	text:arity-trimEnd
claim:ed6761c74b27ad1b60f145eb	Exact typed owner contract; no copy/borrow/clone capability inferred from spelling	input,console	SYNTHETIC_INPUT_AND_RETAINED_CONSOLE	NO	Contextual alias for g170-scan:password; public typed source proof replaces the historical seed/probe evidence. Preserve the qualified row bounds; no separate global option or live capability is claimed. Synthetic mock/stdin replay; typed bounded ScanPlan; redaction; no real secret or live device	scan:weak-secret,scan:option-arity-password
claim:edba8deaca5346c91645f9ed	Exact typed owner contract; no copy/borrow/clone capability inferred from spelling	Per expression: pure computation plus explicit observed sinks	NO_IMPLICIT_GRANT	NO	Actual edition-owned prelude SymbolId and unique stdlib owner; CLI metadata checked against the local .ni interface and independent FNV identity. Runtime profile is the cited source case family. Iterator/IntoIterator dispatch is bounded Range iteration, not a standalone cursor constructor or arbitrary iterator implementation. Ord reuses the existing comparable capability, with explicit Bool rejection. Native intrinsic profiles are not promoted to arbitrary generic APIs. Int64/Bool/binary64/Unicode scalar values; checked arithmetic; lexical evaluation once	composite:range-zero-step
claim:ee65c8536fe60039f4a5f212	Exact typed owner contract; no copy/borrow/clone capability inferred from spelling	Per expression: pure computation plus explicit observed sinks	NO_IMPLICIT_GRANT	NO	Literal Int64/binary64 operands; at most 128 complete statements; independent arithmetic trace and return matrix Native checked scalar/vector mathematics; independent numeric oracle; explicit process return separate from intermediate value	math:math-text-return,math:record-capacity-plus-one
claim:ef117fcc0e9f03791231e0cf	Exact typed owner contract; no copy/borrow/clone capability inferred from spelling	Per expression: pure computation plus explicit observed sinks	NO_IMPLICIT_GRANT	NO	Spelling alias for g010-public:Column.sum; no additional API counted; preserve qualified profile limits; native intrinsic identity is receiver-qualified; no serialized SymbolId or DocRecord is declared by this owner; interface metadata is verified by the separate metadata suite Typed nullable integer rows/columns/tables/datasets/streams; finite schema, rows and stages; lazy callbacks once	data:column-sum-arity
claim:efa3beb45cb68277b395a2a8	Exact typed owner contract; no copy/borrow/clone capability inferred from spelling	Per expression: pure computation plus explicit observed sinks	NO_IMPLICIT_GRANT	NO	Literal Int64/binary64 operands; at most 128 complete statements; independent arithmetic trace and return matrix Native checked scalar/vector mathematics; independent numeric oracle; explicit process return separate from intermediate value	math:math-text-return,math:record-capacity-plus-one
claim:f0579b177e3fb61a2d0cdd03	Exact typed owner contract; no copy/borrow/clone capability inferred from spelling	Per expression: pure computation plus explicit observed sinks	NO_IMPLICIT_GRANT	NO	Spelling alias for g009-public:Node.replaceValue; no additional API counted; preserve qualified profile limits; native intrinsic identity is receiver-qualified; no serialized SymbolId or DocRecord is declared by this owner; interface metadata is verified by the separate metadata suite Int64 payloads; 32 nodes/256 edges; authenticated handle/owner pair; no stale or foreign handle	relation:node-wrong-replacement
claim:f1f3aa4cde215a622900f030	Exact typed owner contract; no copy/borrow/clone capability inferred from spelling	Per expression: pure computation plus explicit observed sinks	NO_IMPLICIT_GRANT	NO	Actual Int64/binary64 vector lanes; extent 1..64; typed filled/literal constructors; native vector algorithms and separate owned frames; exact shape/type checks; constant index bounds and dynamic native checks; linked scalar spills preserve RHS allocations; no whole-source report; native registry identity and runtime profile are explicit; serialized interface metadata is verified by the separate metadata suite Native checked scalar/vector mathematics; independent numeric oracle; explicit process return separate from intermediate value	vector:filled-type-Int-true,vector:filled-type-Float-17,vector:empty-arguments,vector:extra-arguments
claim:f21e8f40ed63519f770b9251	Exact typed owner contract; no copy/borrow/clone capability inferred from spelling	input,console	SYNTHETIC_INPUT_AND_RETAINED_CONSOLE	NO	Contextual alias for g170-scan:field; public typed source proof replaces the historical seed/probe evidence. Preserve the qualified row bounds; no separate global option or live capability is claimed. Synthetic mock/stdin replay; typed bounded ScanPlan; redaction; no real secret or live device	scan:field-key-type,scan:field-value-type,scan:field-arity
claim:f5e7ec639e82011bf56bb6ab	Exact typed owner contract; no copy/borrow/clone capability inferred from spelling	Per expression: pure computation plus explicit observed sinks	NO_IMPLICIT_GRANT	NO	Binary64 actual receiver and once-evaluated arguments; classifiers include IEEE subnormal/NaN/infinity/signed zero; explicit rounding modes restore caller control word; finite round magnitude <2^63; approxEquals preserves two source arguments with Vector<Float> tolerance [absolute,relative], exactly two lanes (runtime shape checked); nonnegative/non-NaN tolerances, identical infinities equal and distinct infinities unequal; Uncertain methods claim only exact typed operands; native registry identity and runtime profile are explicit; serialized interface metadata is verified by the separate metadata suite Native checked scalar/vector mathematics; independent numeric oracle; explicit process return separate from intermediate value	precision:classifier-extra-argument
claim:f63e75ad5095ebabf67198ad	Exact typed owner contract; no copy/borrow/clone capability inferred from spelling	Per expression: pure computation plus explicit observed sinks	NO_IMPLICIT_GRANT	NO	Actual edition-owned prelude SymbolId and unique stdlib owner; CLI metadata checked against the local .ni interface and independent FNV identity. Runtime profile is the cited source case family. Iterator/IntoIterator dispatch is bounded Range iteration, not a standalone cursor constructor or arbitrary iterator implementation. Ord reuses the existing comparable capability, with explicit Bool rejection. Native intrinsic profiles are not promoted to arbitrary generic APIs. Int64/Bool/binary64/Unicode scalar values; checked arithmetic; lexical evaluation once	composite:generic-hash-eq-failure
claim:f6db667ad6eb8d84d0a4c098	Exact typed owner contract; no copy/borrow/clone capability inferred from spelling	Per expression: pure computation plus explicit observed sinks	NO_IMPLICIT_GRANT	NO	Actual edition-owned prelude SymbolId and unique stdlib owner; CLI metadata checked against the local .ni interface and independent FNV identity. Runtime profile is the cited source case family. Iterator/IntoIterator dispatch is bounded Range iteration, not a standalone cursor constructor or arbitrary iterator implementation. Ord reuses the existing comparable capability, with explicit Bool rejection. Native intrinsic profiles are not promoted to arbitrary generic APIs. Int64/Bool/binary64/Unicode scalar values; checked arithmetic; lexical evaluation once	composite:generic-ord-bool
claim:f6f3bdc4481d28e97276b5ee	Exact typed owner contract; no copy/borrow/clone capability inferred from spelling	Per expression: pure computation plus explicit observed sinks	NO_IMPLICIT_GRANT	NO	Spelling alias for g009-public:Tree.parent; no additional API counted; preserve qualified profile limits; native intrinsic identity is receiver-qualified; no serialized SymbolId or DocRecord is declared by this owner; interface metadata is verified by the separate metadata suite Int64 payloads; 32 nodes/256 edges; authenticated handle/owner pair; no stale or foreign handle	relation:tree-parent-node-type
claim:f7adc0185da65a7014d9fd8e	Exact typed owner contract; no copy/borrow/clone capability inferred from spelling	input,console	SYNTHETIC_INPUT_AND_RETAINED_CONSOLE	NO	Contextual alias for g170-scan:scan; public typed source proof replaces the historical seed/probe evidence. Preserve the qualified row bounds; no separate global option or live capability is claimed. Synthetic mock/stdin replay; typed bounded ScanPlan; redaction; no real secret or live device	scan:invalid-process-type,scan:unknown
claim:f964af5f37200ef063a4f559	Exact typed owner contract; no copy/borrow/clone capability inferred from spelling	Per expression: pure computation plus explicit observed sinks	NO_IMPLICIT_GRANT	NO	Spelling alias for g010-public:Column.dropMissing; no additional API counted; preserve qualified profile limits; native intrinsic identity is receiver-qualified; no serialized SymbolId or DocRecord is declared by this owner; interface metadata is verified by the separate metadata suite Typed nullable integer rows/columns/tables/datasets/streams; finite schema, rows and stages; lazy callbacks once	data:column-dropMissing-arity
claim:f9aa11780a5d6e2053cc2d1f	Exact typed owner contract; no copy/borrow/clone capability inferred from spelling	input,console	SYNTHETIC_INPUT_AND_RETAINED_CONSOLE	NO	Contextual alias for g170-scan:enum; public typed source proof replaces the historical seed/probe evidence. Preserve the qualified row bounds; no separate global option or live capability is claimed. Synthetic mock/stdin replay; typed bounded ScanPlan; redaction; no real secret or live device	scan:choice-variant-enum-absent,scan:choice-type-enum
claim:f9d361b4f62271e8a2dd6e6d	Exact typed owner contract; no copy/borrow/clone capability inferred from spelling	Per expression: pure computation plus explicit observed sinks	NO_IMPLICIT_GRANT	NO	Spelling alias for g010-public:Column.countMissing; no additional API counted; preserve qualified profile limits; native intrinsic identity is receiver-qualified; no serialized SymbolId or DocRecord is declared by this owner; interface metadata is verified by the separate metadata suite Typed nullable integer rows/columns/tables/datasets/streams; finite schema, rows and stages; lazy callbacks once	data:column-countMissing-arity
claim:fb586a453cf389e6ca5ed7ed	Exact typed owner contract; no copy/borrow/clone capability inferred from spelling	console	SYNTHETIC_INPUT_AND_RETAINED_CONSOLE	NO	Actual edition-owned prelude SymbolId and unique stdlib owner; CLI metadata checked against the local .ni interface and independent FNV identity. Runtime profile is the cited source case family. Iterator/IntoIterator dispatch is bounded Range iteration, not a standalone cursor constructor or arbitrary iterator implementation. Ord reuses the existing comparable capability, with explicit Bool rejection. Native intrinsic profiles are not promoted to arbitrary generic APIs. Retained document/headless software profile; exact nodes and bytes; no live desktop claim	console:bare-color
claim:fdc16e93d3b89cd08b34b44b	Exact typed owner contract; no copy/borrow/clone capability inferred from spelling	Per expression: pure computation plus explicit observed sinks	NO_IMPLICIT_GRANT	NO	Spelling alias for g008-public:Dict.values; no additional API counted; preserve qualified profile limits; native intrinsic identity is receiver-qualified; no serialized SymbolId or DocRecord is declared by this owner; interface metadata is verified by the separate metadata suite Typed key/value and hash/equality policy; two independent live stores; declared capacity and failure atomicity	dict:view-reseed
claim:fe608d3195a9d10f99232fc9	Exact typed owner contract; no copy/borrow/clone capability inferred from spelling	Per expression: pure computation plus explicit observed sinks	NO_IMPLICIT_GRANT	NO	takeBytes(Int); non-negative; saturates at byte length; ; borrowed view; public UTF-8 descriptor bridge and distinct bounded function storage; native intrinsic identity is receiver-qualified; no serialized SymbolId or DocRecord is declared by this owner; interface metadata is verified by the separate metadata suite UTF-8 byte/codepoint/grapheme units are distinct; per-member finite profile	text:type-takeBytes
claim:feb47573c015bf6f3f8c20fb	Exact typed owner contract; no copy/borrow/clone capability inferred from spelling	Per expression: pure computation plus explicit observed sinks	NO_IMPLICIT_GRANT	NO	contains(Text); literal bytes; O((n-m+1)m); ; borrowed immutable receiver and argument; public UTF-8 descriptor bridge and distinct bounded function storage; native intrinsic identity is receiver-qualified; no serialized SymbolId or DocRecord is declared by this owner; interface metadata is verified by the separate metadata suite UTF-8 byte/codepoint/grapheme units are distinct; per-member finite profile	text:type-contains
g007-public:Deque.popBack	Exact typed owner contract; no copy/borrow/clone capability inferred from spelling	Per expression: pure computation plus explicit observed sinks	NO_IMPLICIT_GRANT	NO	Int64 elements; 16 live values; native List/Stack/ring storage and algorithms; typed callback bridges; native intrinsic identity is receiver-qualified; no serialized SymbolId or DocRecord is declared by this owner; interface metadata is verified by the separate metadata suite Typed sequential storage, views and checked indices; ownership and capacity follow exact declaration	sequence:deque-list-method
g007-public:Deque.popFront	Exact typed owner contract; no copy/borrow/clone capability inferred from spelling	Per expression: pure computation plus explicit observed sinks	NO_IMPLICIT_GRANT	NO	Int64 elements; 16 live values; native List/Stack/ring storage and algorithms; typed callback bridges; native intrinsic identity is receiver-qualified; no serialized SymbolId or DocRecord is declared by this owner; interface metadata is verified by the separate metadata suite Typed sequential storage, views and checked indices; ownership and capacity follow exact declaration	sequence:deque-list-method
g007-public:Deque.pushBack	Exact typed owner contract; no copy/borrow/clone capability inferred from spelling	Per expression: pure computation plus explicit observed sinks	NO_IMPLICIT_GRANT	NO	Int64 elements; 16 live values; native List/Stack/ring storage and algorithms; typed callback bridges; native intrinsic identity is receiver-qualified; no serialized SymbolId or DocRecord is declared by this owner; interface metadata is verified by the separate metadata suite Typed sequential storage, views and checked indices; ownership and capacity follow exact declaration	sequence:Deque-wrong-value
g007-public:Deque.pushFront	Exact typed owner contract; no copy/borrow/clone capability inferred from spelling	Per expression: pure computation plus explicit observed sinks	NO_IMPLICIT_GRANT	NO	Int64 elements; 16 live values; native List/Stack/ring storage and algorithms; typed callback bridges; native intrinsic identity is receiver-qualified; no serialized SymbolId or DocRecord is declared by this owner; interface metadata is verified by the separate metadata suite Typed sequential storage, views and checked indices; ownership and capacity follow exact declaration	sequence:Deque-wrong-value
g007-public:List.at	Exact typed owner contract; no copy/borrow/clone capability inferred from spelling	Per expression: pure computation plus explicit observed sinks	NO_IMPLICIT_GRANT	NO	Int64 elements; 16 live values; native List/Stack/ring storage and algorithms; typed callback bridges; native intrinsic identity is receiver-qualified; no serialized SymbolId or DocRecord is declared by this owner; interface metadata is verified by the separate metadata suite Typed sequential storage, views and checked indices; ownership and capacity follow exact declaration	sequence:list-at-type
g007-public:List.capacity	Exact typed owner contract; no copy/borrow/clone capability inferred from spelling	Per expression: pure computation plus explicit observed sinks	NO_IMPLICIT_GRANT	NO	Int64 elements; 16 live values; native List/Stack/ring storage and algorithms; typed callback bridges; native intrinsic identity is receiver-qualified; no serialized SymbolId or DocRecord is declared by this owner; interface metadata is verified by the separate metadata suite Typed sequential storage, views and checked indices; ownership and capacity follow exact declaration	sequence:list-capacity-arity
g007-public:List.contains	Exact typed owner contract; no copy/borrow/clone capability inferred from spelling	Per expression: pure computation plus explicit observed sinks	NO_IMPLICIT_GRANT	NO	Int64 elements; 16 live values; native List/Stack/ring storage and algorithms; typed callback bridges; native intrinsic identity is receiver-qualified; no serialized SymbolId or DocRecord is declared by this owner; interface metadata is verified by the separate metadata suite Typed sequential storage, views and checked indices; ownership and capacity follow exact declaration	sequence:list-contains-type
g007-public:List.deduplicate	Exact typed owner contract; no copy/borrow/clone capability inferred from spelling	Per expression: pure computation plus explicit observed sinks	NO_IMPLICIT_GRANT	NO	Int64 elements; 16 live values; native List/Stack/ring storage and algorithms; typed callback bridges; native intrinsic identity is receiver-qualified; no serialized SymbolId or DocRecord is declared by this owner; interface metadata is verified by the separate metadata suite Typed sequential storage, views and checked indices; ownership and capacity follow exact declaration	sequence:list-deduplicate-arity
g007-public:List.filter	Exact typed owner contract; no copy/borrow/clone capability inferred from spelling	Per expression: pure computation plus explicit observed sinks	NO_IMPLICIT_GRANT	NO	Int64 elements; 16 live values; native List/Stack/ring storage and algorithms; typed callback bridges; native intrinsic identity is receiver-qualified; no serialized SymbolId or DocRecord is declared by this owner; interface metadata is verified by the separate metadata suite Typed sequential storage, views and checked indices; ownership and capacity follow exact declaration	sequence:filter-return-type,sequence:list-filter-type
g007-public:List.find	Exact typed owner contract; no copy/borrow/clone capability inferred from spelling	Per expression: pure computation plus explicit observed sinks	NO_IMPLICIT_GRANT	NO	Int64 elements; 16 live values; native List/Stack/ring storage and algorithms; typed callback bridges; native intrinsic identity is receiver-qualified; no serialized SymbolId or DocRecord is declared by this owner; interface metadata is verified by the separate metadata suite Typed sequential storage, views and checked indices; ownership and capacity follow exact declaration	sequence:list-find-type
g007-public:List.get	Exact typed owner contract; no copy/borrow/clone capability inferred from spelling	Per expression: pure computation plus explicit observed sinks	NO_IMPLICIT_GRANT	NO	Int64 elements; 16 live values; native List/Stack/ring storage and algorithms; typed callback bridges; native intrinsic identity is receiver-qualified; no serialized SymbolId or DocRecord is declared by this owner; interface metadata is verified by the separate metadata suite Typed sequential storage, views and checked indices; ownership and capacity follow exact declaration	sequence:list-get-type
g007-public:List.insert	Exact typed owner contract; no copy/borrow/clone capability inferred from spelling	Per expression: pure computation plus explicit observed sinks	NO_IMPLICIT_GRANT	NO	Int64 elements; 16 live values; native List/Stack/ring storage and algorithms; typed callback bridges; native intrinsic identity is receiver-qualified; no serialized SymbolId or DocRecord is declared by this owner; interface metadata is verified by the separate metadata suite Typed sequential storage, views and checked indices; ownership and capacity follow exact declaration	sequence:list-insert-type
g007-public:List.length	Exact typed owner contract; no copy/borrow/clone capability inferred from spelling	Per expression: pure computation plus explicit observed sinks	NO_IMPLICIT_GRANT	NO	Int64 elements; 16 live values; native List/Stack/ring storage and algorithms; typed callback bridges; native intrinsic identity is receiver-qualified; no serialized SymbolId or DocRecord is declared by this owner; interface metadata is verified by the separate metadata suite Typed sequential storage, views and checked indices; ownership and capacity follow exact declaration	sequence:list-length-arity
g007-public:List.map	Exact typed owner contract; no copy/borrow/clone capability inferred from spelling	Per expression: pure computation plus explicit observed sinks	NO_IMPLICIT_GRANT	NO	Int64 elements; 16 live values; native List/Stack/ring storage and algorithms; typed callback bridges; native intrinsic identity is receiver-qualified; no serialized SymbolId or DocRecord is declared by this owner; interface metadata is verified by the separate metadata suite Typed sequential storage, views and checked indices; ownership and capacity follow exact declaration	sequence:map-return-type,sequence:map-arity,sequence:list-map-type
g007-public:List.pop	Exact typed owner contract; no copy/borrow/clone capability inferred from spelling	Per expression: pure computation plus explicit observed sinks	NO_IMPLICIT_GRANT	NO	Int64 elements; 16 live values; native List/Stack/ring storage and algorithms; typed callback bridges; native intrinsic identity is receiver-qualified; no serialized SymbolId or DocRecord is declared by this owner; interface metadata is verified by the separate metadata suite Typed sequential storage, views and checked indices; ownership and capacity follow exact declaration	sequence:list-pop-arity
g007-public:List.push	Exact typed owner contract; no copy/borrow/clone capability inferred from spelling	Per expression: pure computation plus explicit observed sinks	NO_IMPLICIT_GRANT	NO	Int64 elements; 16 live values; native List/Stack/ring storage and algorithms; typed callback bridges; native intrinsic identity is receiver-qualified; no serialized SymbolId or DocRecord is declared by this owner; interface metadata is verified by the separate metadata suite Typed sequential storage, views and checked indices; ownership and capacity follow exact declaration	sequence:List-wrong-value
g007-public:List.remove	Exact typed owner contract; no copy/borrow/clone capability inferred from spelling	Per expression: pure computation plus explicit observed sinks	NO_IMPLICIT_GRANT	NO	Int64 elements; 16 live values; native List/Stack/ring storage and algorithms; typed callback bridges; native intrinsic identity is receiver-qualified; no serialized SymbolId or DocRecord is declared by this owner; interface metadata is verified by the separate metadata suite Typed sequential storage, views and checked indices; ownership and capacity follow exact declaration	sequence:list-remove-type
g007-public:List.reserve	Exact typed owner contract; no copy/borrow/clone capability inferred from spelling	Per expression: pure computation plus explicit observed sinks	NO_IMPLICIT_GRANT	NO	Int64 elements; 16 live values; native List/Stack/ring storage and algorithms; typed callback bridges; native intrinsic identity is receiver-qualified; no serialized SymbolId or DocRecord is declared by this owner; interface metadata is verified by the separate metadata suite Typed sequential storage, views and checked indices; ownership and capacity follow exact declaration	sequence:list-reserve-type
g007-public:List.retain	Exact typed owner contract; no copy/borrow/clone capability inferred from spelling	Per expression: pure computation plus explicit observed sinks	NO_IMPLICIT_GRANT	NO	Int64 elements; 16 live values; native List/Stack/ring storage and algorithms; typed callback bridges; native intrinsic identity is receiver-qualified; no serialized SymbolId or DocRecord is declared by this owner; interface metadata is verified by the separate metadata suite Typed sequential storage, views and checked indices; ownership and capacity follow exact declaration	sequence:list-retain-type
g007-public:List.sort	Exact typed owner contract; no copy/borrow/clone capability inferred from spelling	Per expression: pure computation plus explicit observed sinks	NO_IMPLICIT_GRANT	NO	Int64 elements; 16 live values; native List/Stack/ring storage and algorithms; typed callback bridges; native intrinsic identity is receiver-qualified; no serialized SymbolId or DocRecord is declared by this owner; interface metadata is verified by the separate metadata suite Typed sequential storage, views and checked indices; ownership and capacity follow exact declaration	sequence:sort-return-type,sequence:list-sort-type
g007-public:List.swapRemove	Exact typed owner contract; no copy/borrow/clone capability inferred from spelling	Per expression: pure computation plus explicit observed sinks	NO_IMPLICIT_GRANT	NO	Int64 elements; 16 live values; native List/Stack/ring storage and algorithms; typed callback bridges; native intrinsic identity is receiver-qualified; no serialized SymbolId or DocRecord is declared by this owner; interface metadata is verified by the separate metadata suite Typed sequential storage, views and checked indices; ownership and capacity follow exact declaration	sequence:list-swapRemove-type
g007-public:List<Int>.from	Exact typed owner contract; no copy/borrow/clone capability inferred from spelling	Per expression: pure computation plus explicit observed sinks	NO_IMPLICIT_GRANT	NO	Int64 elements; 16 live values; native List/Stack/ring storage and algorithms; typed callback bridges; native intrinsic identity is receiver-qualified; no serialized SymbolId or DocRecord is declared by this owner; interface metadata is verified by the separate metadata suite Typed sequential storage, views and checked indices; ownership and capacity follow exact declaration	sequence:from-mixed,sequence:from-over-limit,sequence:from-type
g007-public:List<Int>.new	Exact typed owner contract; no copy/borrow/clone capability inferred from spelling	Per expression: pure computation plus explicit observed sinks	NO_IMPLICIT_GRANT	NO	Int64 elements; 16 live values; native List/Stack/ring storage and algorithms; typed callback bridges; native intrinsic identity is receiver-qualified; no serialized SymbolId or DocRecord is declared by this owner; interface metadata is verified by the separate metadata suite Typed sequential storage, views and checked indices; ownership and capacity follow exact declaration	sequence:List-element-type,sequence:List-constructor-arity
g007-public:List<Int>.withCapacity	Exact typed owner contract; no copy/borrow/clone capability inferred from spelling	Per expression: pure computation plus explicit observed sinks	NO_IMPLICIT_GRANT	NO	Int64 elements; 16 live values; native List/Stack/ring storage and algorithms; typed callback bridges; native intrinsic identity is receiver-qualified; no serialized SymbolId or DocRecord is declared by this owner; interface metadata is verified by the separate metadata suite Typed sequential storage, views and checked indices; ownership and capacity follow exact declaration	sequence:List-element-type
g007-public:Queue.dequeue	Exact typed owner contract; no copy/borrow/clone capability inferred from spelling	Per expression: pure computation plus explicit observed sinks	NO_IMPLICIT_GRANT	NO	Int64 elements; 16 live values; native List/Stack/ring storage and algorithms; typed callback bridges; native intrinsic identity is receiver-qualified; no serialized SymbolId or DocRecord is declared by this owner; interface metadata is verified by the separate metadata suite Typed sequential storage, views and checked indices; ownership and capacity follow exact declaration	sequence:Queue-copy
g007-public:Queue.enqueue	Exact typed owner contract; no copy/borrow/clone capability inferred from spelling	Per expression: pure computation plus explicit observed sinks	NO_IMPLICIT_GRANT	NO	Int64 elements; 16 live values; native List/Stack/ring storage and algorithms; typed callback bridges; native intrinsic identity is receiver-qualified; no serialized SymbolId or DocRecord is declared by this owner; interface metadata is verified by the separate metadata suite Typed sequential storage, views and checked indices; ownership and capacity follow exact declaration	sequence:Queue-wrong-value
g007-public:Queue.peek	Exact typed owner contract; no copy/borrow/clone capability inferred from spelling	Per expression: pure computation plus explicit observed sinks	NO_IMPLICIT_GRANT	NO	Int64 elements; 16 live values; native List/Stack/ring storage and algorithms; typed callback bridges; native intrinsic identity is receiver-qualified; no serialized SymbolId or DocRecord is declared by this owner; interface metadata is verified by the separate metadata suite Typed sequential storage, views and checked indices; ownership and capacity follow exact declaration	sequence:queue-deque-method
g007-public:Queue<Int>.new	Exact typed owner contract; no copy/borrow/clone capability inferred from spelling	Per expression: pure computation plus explicit observed sinks	NO_IMPLICIT_GRANT	NO	Int64 elements; 16 live values; native List/Stack/ring storage and algorithms; typed callback bridges; native intrinsic identity is receiver-qualified; no serialized SymbolId or DocRecord is declared by this owner; interface metadata is verified by the separate metadata suite Typed sequential storage, views and checked indices; ownership and capacity follow exact declaration	sequence:Queue-element-type,sequence:Queue-constructor-arity
g007-public:Stack.clear	Exact typed owner contract; no copy/borrow/clone capability inferred from spelling	Per expression: pure computation plus explicit observed sinks	NO_IMPLICIT_GRANT	NO	Int64 elements; 16 live values; native List/Stack/ring storage and algorithms; typed callback bridges; native intrinsic identity is receiver-qualified; no serialized SymbolId or DocRecord is declared by this owner; interface metadata is verified by the separate metadata suite Typed sequential storage, views and checked indices; ownership and capacity follow exact declaration	sequence:Stack-copy
g007-public:Stack.length	Exact typed owner contract; no copy/borrow/clone capability inferred from spelling	Per expression: pure computation plus explicit observed sinks	NO_IMPLICIT_GRANT	NO	Int64 elements; 16 live values; native List/Stack/ring storage and algorithms; typed callback bridges; native intrinsic identity is receiver-qualified; no serialized SymbolId or DocRecord is declared by this owner; interface metadata is verified by the separate metadata suite Typed sequential storage, views and checked indices; ownership and capacity follow exact declaration	sequence:Stack-copy
g007-public:Stack.peek	Exact typed owner contract; no copy/borrow/clone capability inferred from spelling	Per expression: pure computation plus explicit observed sinks	NO_IMPLICIT_GRANT	NO	Int64 elements; 16 live values; native List/Stack/ring storage and algorithms; typed callback bridges; native intrinsic identity is receiver-qualified; no serialized SymbolId or DocRecord is declared by this owner; interface metadata is verified by the separate metadata suite Typed sequential storage, views and checked indices; ownership and capacity follow exact declaration	sequence:stack-list-method
g007-public:Stack.pop	Exact typed owner contract; no copy/borrow/clone capability inferred from spelling	Per expression: pure computation plus explicit observed sinks	NO_IMPLICIT_GRANT	NO	Int64 elements; 16 live values; native List/Stack/ring storage and algorithms; typed callback bridges; native intrinsic identity is receiver-qualified; no serialized SymbolId or DocRecord is declared by this owner; interface metadata is verified by the separate metadata suite Typed sequential storage, views and checked indices; ownership and capacity follow exact declaration	sequence:Stack-copy
g007-public:Stack.push	Exact typed owner contract; no copy/borrow/clone capability inferred from spelling	Per expression: pure computation plus explicit observed sinks	NO_IMPLICIT_GRANT	NO	Int64 elements; 16 live values; native List/Stack/ring storage and algorithms; typed callback bridges; native intrinsic identity is receiver-qualified; no serialized SymbolId or DocRecord is declared by this owner; interface metadata is verified by the separate metadata suite Typed sequential storage, views and checked indices; ownership and capacity follow exact declaration	sequence:Stack-wrong-value
g007-public:Stack<Int>.new	Exact typed owner contract; no copy/borrow/clone capability inferred from spelling	Per expression: pure computation plus explicit observed sinks	NO_IMPLICIT_GRANT	NO	Int64 elements; 16 live values; native List/Stack/ring storage and algorithms; typed callback bridges; native intrinsic identity is receiver-qualified; no serialized SymbolId or DocRecord is declared by this owner; interface metadata is verified by the separate metadata suite Typed sequential storage, views and checked indices; ownership and capacity follow exact declaration	sequence:Stack-element-type,sequence:Stack-constructor-arity
g007-public:collection.iterator	Exact typed owner contract; no copy/borrow/clone capability inferred from spelling	Per expression: pure computation plus explicit observed sinks	NO_IMPLICIT_GRANT	NO	Int64 elements; 16 live values; native List/Stack/ring storage and algorithms; typed callback bridges; native intrinsic identity is receiver-qualified; no serialized SymbolId or DocRecord is declared by this owner; interface metadata is verified by the separate metadata suite Typed sequential storage, views and checked indices; ownership and capacity follow exact declaration	sequence:iterator-borrow,sequence:iterator-second,sequence:iterator-copy
g007-public:collection.iteratorMutable	Exact typed owner contract; no copy/borrow/clone capability inferred from spelling	Per expression: pure computation plus explicit observed sinks	NO_IMPLICIT_GRANT	NO	Int64 elements; 16 live values; native List/Stack/ring storage and algorithms; typed callback bridges; native intrinsic identity is receiver-qualified; no serialized SymbolId or DocRecord is declared by this owner; interface metadata is verified by the separate metadata suite Typed sequential storage, views and checked indices; ownership and capacity follow exact declaration	sequence:iterator-unique-read
g007-public:iterator.collect<List<Int>>	Exact typed owner contract; no copy/borrow/clone capability inferred from spelling	Per expression: pure computation plus explicit observed sinks	NO_IMPLICIT_GRANT	NO	Int64 elements; 16 live values; native List/Stack/ring storage and algorithms; typed callback bridges; native intrinsic identity is receiver-qualified; no serialized SymbolId or DocRecord is declared by this owner; interface metadata is verified by the separate metadata suite Typed sequential storage, views and checked indices; ownership and capacity follow exact declaration	sequence:iterator-collect-type,sequence:iterator-collect-pair-as-int
g007-public:iterator.enumerate	Exact typed owner contract; no copy/borrow/clone capability inferred from spelling	Per expression: pure computation plus explicit observed sinks	NO_IMPLICIT_GRANT	NO	Int64 elements; 16 live values; native List/Stack/ring storage and algorithms; typed callback bridges; native intrinsic identity is receiver-qualified; no serialized SymbolId or DocRecord is declared by this owner; interface metadata is verified by the separate metadata suite Typed sequential storage, views and checked indices; ownership and capacity follow exact declaration	sequence:iterator-enumerate-conditional,sequence:iterator-collect-pair-as-int
g007-public:iterator.next	Exact typed owner contract; no copy/borrow/clone capability inferred from spelling	Per expression: pure computation plus explicit observed sinks	NO_IMPLICIT_GRANT	NO	Int64 elements; 16 live values; native List/Stack/ring storage and algorithms; typed callback bridges; native intrinsic identity is receiver-qualified; no serialized SymbolId or DocRecord is declared by this owner; interface metadata is verified by the separate metadata suite Typed sequential storage, views and checked indices; ownership and capacity follow exact declaration	sequence:iterator-released
g007-public:iterator.skip	Exact typed owner contract; no copy/borrow/clone capability inferred from spelling	Per expression: pure computation plus explicit observed sinks	NO_IMPLICIT_GRANT	NO	Int64 elements; 16 live values; native List/Stack/ring storage and algorithms; typed callback bridges; native intrinsic identity is receiver-qualified; no serialized SymbolId or DocRecord is declared by this owner; interface metadata is verified by the separate metadata suite Typed sequential storage, views and checked indices; ownership and capacity follow exact declaration	sequence:iterator-skip-type
g007-public:iterator.take	Exact typed owner contract; no copy/borrow/clone capability inferred from spelling	Per expression: pure computation plus explicit observed sinks	NO_IMPLICIT_GRANT	NO	Int64 elements; 16 live values; native List/Stack/ring storage and algorithms; typed callback bridges; native intrinsic identity is receiver-qualified; no serialized SymbolId or DocRecord is declared by this owner; interface metadata is verified by the separate metadata suite Typed sequential storage, views and checked indices; ownership and capacity follow exact declaration	sequence:iterator-take-type
g008-public:Dict.capacity	Exact typed owner contract; no copy/borrow/clone capability inferred from spelling	Per expression: pure computation plus explicit observed sinks	NO_IMPLICIT_GRANT	NO	Int64 key/value; native capacity 8..64; caller storage; source runtime observations; native intrinsic identity is receiver-qualified; no serialized SymbolId or DocRecord is declared by this owner; interface metadata is verified by the separate metadata suite Typed key/value and hash/equality policy; two independent live stores; declared capacity and failure atomicity	dict:use-after-move
g008-public:Dict.clear	Exact typed owner contract; no copy/borrow/clone capability inferred from spelling	Per expression: pure computation plus explicit observed sinks	NO_IMPLICIT_GRANT	NO	Int64 key/value; native capacity 8..64; caller storage; source runtime observations; native intrinsic identity is receiver-qualified; no serialized SymbolId or DocRecord is declared by this owner; interface metadata is verified by the separate metadata suite Typed key/value and hash/equality policy; two independent live stores; declared capacity and failure atomicity	dict:borrow-mutation
g008-public:Dict.collisionCount	Exact typed owner contract; no copy/borrow/clone capability inferred from spelling	Per expression: pure computation plus explicit observed sinks	NO_IMPLICIT_GRANT	NO	Int64 key/value; native capacity 8..64; caller storage; source runtime observations; native intrinsic identity is receiver-qualified; no serialized SymbolId or DocRecord is declared by this owner; interface metadata is verified by the separate metadata suite Typed key/value and hash/equality policy; two independent live stores; declared capacity and failure atomicity	dict:collision-arity
g008-public:Dict.containsKey	Exact typed owner contract; no copy/borrow/clone capability inferred from spelling	Per expression: pure computation plus explicit observed sinks	NO_IMPLICIT_GRANT	NO	Int64 key/value; native capacity 8..64; caller storage; source runtime observations; native intrinsic identity is receiver-qualified; no serialized SymbolId or DocRecord is declared by this owner; interface metadata is verified by the separate metadata suite Typed key/value and hash/equality policy; two independent live stores; declared capacity and failure atomicity	dict:use-after-drop
g008-public:Dict.entries	Exact typed owner contract; no copy/borrow/clone capability inferred from spelling	Per expression: pure computation plus explicit observed sinks	NO_IMPLICIT_GRANT	NO	Int64 key/value; native capacity 8..64; caller storage; source runtime observations; native intrinsic identity is receiver-qualified; no serialized SymbolId or DocRecord is declared by this owner; interface metadata is verified by the separate metadata suite Typed key/value and hash/equality policy; two independent live stores; declared capacity and failure atomicity	dict:view-released
g008-public:Dict.entry	Exact typed owner contract; no copy/borrow/clone capability inferred from spelling	Per expression: pure computation plus explicit observed sinks	NO_IMPLICIT_GRANT	NO	Int64 key/value; native capacity 8..64; caller storage; source runtime observations; native intrinsic identity is receiver-qualified; no serialized SymbolId or DocRecord is declared by this owner; interface metadata is verified by the separate metadata suite Typed key/value and hash/equality policy; two independent live stores; declared capacity and failure atomicity	dict:entry-key-type,dict:entry-write-type,dict:entry-read-conflict,dict:entry-copy
g008-public:Dict.get	Exact typed owner contract; no copy/borrow/clone capability inferred from spelling	Per expression: pure computation plus explicit observed sinks	NO_IMPLICIT_GRANT	NO	Int64 key/value; native capacity 8..64; caller storage; source runtime observations; native intrinsic identity is receiver-qualified; no serialized SymbolId or DocRecord is declared by this owner; interface metadata is verified by the separate metadata suite Typed key/value and hash/equality policy; two independent live stores; declared capacity and failure atomicity	dict:released-reference-read
g008-public:Dict.getMutable	Exact typed owner contract; no copy/borrow/clone capability inferred from spelling	Per expression: pure computation plus explicit observed sinks	NO_IMPLICIT_GRANT	NO	Int64 key/value; native capacity 8..64; caller storage; source runtime observations; native intrinsic identity is receiver-qualified; no serialized SymbolId or DocRecord is declared by this owner; interface metadata is verified by the separate metadata suite Typed key/value and hash/equality policy; two independent live stores; declared capacity and failure atomicity	dict:unique-owner-read,dict:unique-view,dict:shared-unique,dict:unique-released,dict:unique-write-type,dict:unique-key-type
g008-public:Dict.insert	Exact typed owner contract; no copy/borrow/clone capability inferred from spelling	Per expression: pure computation plus explicit observed sinks	NO_IMPLICIT_GRANT	NO	Int64 key/value; native capacity 8..64; caller storage; source runtime observations; native intrinsic identity is receiver-qualified; no serialized SymbolId or DocRecord is declared by this owner; interface metadata is verified by the separate metadata suite Typed key/value and hash/equality policy; two independent live stores; declared capacity and failure atomicity	dict:insert-key-type,dict:insert-value-type
g008-public:Dict.iterationOrder	Exact typed owner contract; no copy/borrow/clone capability inferred from spelling	Per expression: pure computation plus explicit observed sinks	NO_IMPLICIT_GRANT	NO	Int64 key/value; native capacity 8..64; caller storage; source runtime observations; native intrinsic identity is receiver-qualified; no serialized SymbolId or DocRecord is declared by this owner; interface metadata is verified by the separate metadata suite Typed key/value and hash/equality policy; two independent live stores; declared capacity and failure atomicity	dict:iteration-order-arity
g008-public:Dict.keys	Exact typed owner contract; no copy/borrow/clone capability inferred from spelling	Per expression: pure computation plus explicit observed sinks	NO_IMPLICIT_GRANT	NO	Int64 key/value; native capacity 8..64; caller storage; source runtime observations; native intrinsic identity is receiver-qualified; no serialized SymbolId or DocRecord is declared by this owner; interface metadata is verified by the separate metadata suite Typed key/value and hash/equality policy; two independent live stores; declared capacity and failure atomicity	dict:view-copy,dict:view-mutation
g008-public:Dict.length	Exact typed owner contract; no copy/borrow/clone capability inferred from spelling	Per expression: pure computation plus explicit observed sinks	NO_IMPLICIT_GRANT	NO	Int64 key/value; native capacity 8..64; caller storage; source runtime observations; native intrinsic identity is receiver-qualified; no serialized SymbolId or DocRecord is declared by this owner; interface metadata is verified by the separate metadata suite Typed key/value and hash/equality policy; two independent live stores; declared capacity and failure atomicity	dict:use-after-drop
g008-public:Dict.loadFactor	Exact typed owner contract; no copy/borrow/clone capability inferred from spelling	Per expression: pure computation plus explicit observed sinks	NO_IMPLICIT_GRANT	NO	Int64 key/value; native capacity 8..64; caller storage; source runtime observations; native intrinsic identity is receiver-qualified; no serialized SymbolId or DocRecord is declared by this owner; interface metadata is verified by the separate metadata suite Typed key/value and hash/equality policy; two independent live stores; declared capacity and failure atomicity	dict:use-after-drop
g008-public:Dict.maxProbeLength	Exact typed owner contract; no copy/borrow/clone capability inferred from spelling	Per expression: pure computation plus explicit observed sinks	NO_IMPLICIT_GRANT	NO	Int64 key/value; native capacity 8..64; caller storage; source runtime observations; native intrinsic identity is receiver-qualified; no serialized SymbolId or DocRecord is declared by this owner; interface metadata is verified by the separate metadata suite Typed key/value and hash/equality policy; two independent live stores; declared capacity and failure atomicity	dict:use-after-drop
g008-public:Dict.remove	Exact typed owner contract; no copy/borrow/clone capability inferred from spelling	Per expression: pure computation plus explicit observed sinks	NO_IMPLICIT_GRANT	NO	Int64 key/value; native capacity 8..64; caller storage; source runtime observations; native intrinsic identity is receiver-qualified; no serialized SymbolId or DocRecord is declared by this owner; interface metadata is verified by the separate metadata suite Typed key/value and hash/equality policy; two independent live stores; declared capacity and failure atomicity	dict:use-after-drop
g008-public:Dict.reseed	Exact typed owner contract; no copy/borrow/clone capability inferred from spelling	Per expression: pure computation plus explicit observed sinks	NO_IMPLICIT_GRANT	NO	Int64 key/value; native capacity 8..64; caller storage; source runtime observations; native intrinsic identity is receiver-qualified; no serialized SymbolId or DocRecord is declared by this owner; interface metadata is verified by the separate metadata suite Typed key/value and hash/equality policy; two independent live stores; declared capacity and failure atomicity	dict:view-reseed
g008-public:Dict.reserve	Exact typed owner contract; no copy/borrow/clone capability inferred from spelling	Per expression: pure computation plus explicit observed sinks	NO_IMPLICIT_GRANT	NO	Int64 key/value; native capacity 8..64; caller storage; source runtime observations; native intrinsic identity is receiver-qualified; no serialized SymbolId or DocRecord is declared by this owner; interface metadata is verified by the separate metadata suite Typed key/value and hash/equality policy; two independent live stores; declared capacity and failure atomicity	dict:reserve-type
g008-public:Dict.retain	Exact typed owner contract; no copy/borrow/clone capability inferred from spelling	Per expression: pure computation plus explicit observed sinks	NO_IMPLICIT_GRANT	NO	Int64 key/value; native capacity 8..64; caller storage; source runtime observations; native intrinsic identity is receiver-qualified; no serialized SymbolId or DocRecord is declared by this owner; interface metadata is verified by the separate metadata suite Typed key/value and hash/equality policy; two independent live stores; declared capacity and failure atomicity	dict:retain-key-type,dict:retain-value-type,dict:retain-return-type,dict:retain-capture,dict:retain-borrow,dict:retain-non-callable
g008-public:Dict.toSortedEntries	Exact typed owner contract; no copy/borrow/clone capability inferred from spelling	Per expression: pure computation plus explicit observed sinks	NO_IMPLICIT_GRANT	NO	Int64 key/value; native capacity 8..64; caller storage; source runtime observations; native intrinsic identity is receiver-qualified; no serialized SymbolId or DocRecord is declared by this owner; interface metadata is verified by the separate metadata suite Typed key/value and hash/equality policy; two independent live stores; declared capacity and failure atomicity	dict:sorted-arity,dict:sorted-index-type
g008-public:Dict.validateInvariants	Exact typed owner contract; no copy/borrow/clone capability inferred from spelling	Per expression: pure computation plus explicit observed sinks	NO_IMPLICIT_GRANT	NO	Int64 key/value; native capacity 8..64; caller storage; source runtime observations; native intrinsic identity is receiver-qualified; no serialized SymbolId or DocRecord is declared by this owner; interface metadata is verified by the separate metadata suite Typed key/value and hash/equality policy; two independent live stores; declared capacity and failure atomicity	dict:use-after-drop
g008-public:Dict.values	Exact typed owner contract; no copy/borrow/clone capability inferred from spelling	Per expression: pure computation plus explicit observed sinks	NO_IMPLICIT_GRANT	NO	Int64 key/value; native capacity 8..64; caller storage; source runtime observations; native intrinsic identity is receiver-qualified; no serialized SymbolId or DocRecord is declared by this owner; interface metadata is verified by the separate metadata suite Typed key/value and hash/equality policy; two independent live stores; declared capacity and failure atomicity	dict:view-reseed
g008-public:Dict<Int,Int>.new	Exact typed owner contract; no copy/borrow/clone capability inferred from spelling	Per expression: pure computation plus explicit observed sinks	NO_IMPLICIT_GRANT	NO	Int64 key/value; native capacity 8..64; caller storage; source runtime observations; native intrinsic identity is receiver-qualified; no serialized SymbolId or DocRecord is declared by this owner; interface metadata is verified by the separate metadata suite Typed key/value and hash/equality policy; two independent live stores; declared capacity and failure atomicity	dict:key-type,dict:value-type
g008-public:Dict<Int,Int>.withCapacity	Exact typed owner contract; no copy/borrow/clone capability inferred from spelling	Per expression: pure computation plus explicit observed sinks	NO_IMPLICIT_GRANT	NO	Int64 key/value; native capacity 8..64; caller storage; source runtime observations; native intrinsic identity is receiver-qualified; no serialized SymbolId or DocRecord is declared by this owner; interface metadata is verified by the separate metadata suite Typed key/value and hash/equality policy; two independent live stores; declared capacity and failure atomicity	dict:capacity-invalid-9,dict:capacity-type
g008-public:Hasher.finish	Exact typed owner contract; no copy/borrow/clone capability inferred from spelling	Per expression: pure computation plus explicit observed sinks	NO_IMPLICIT_GRANT	NO	Int64 key/value; native capacity 8..64; caller storage; source runtime observations; native intrinsic identity is receiver-qualified; no serialized SymbolId or DocRecord is declared by this owner; interface metadata is verified by the separate metadata suite Typed key/value and hash/equality policy; two independent live stores; declared capacity and failure atomicity	dict:hasher-finish-arity
g008-public:Hasher.new	Exact typed owner contract; no copy/borrow/clone capability inferred from spelling	Per expression: pure computation plus explicit observed sinks	NO_IMPLICIT_GRANT	NO	Int64 key/value; native capacity 8..64; caller storage; source runtime observations; native intrinsic identity is receiver-qualified; no serialized SymbolId or DocRecord is declared by this owner; interface metadata is verified by the separate metadata suite Typed key/value and hash/equality policy; two independent live stores; declared capacity and failure atomicity	dict:hasher-seed-type
g008-public:Hasher.writeBytes	Exact typed owner contract; no copy/borrow/clone capability inferred from spelling	Per expression: pure computation plus explicit observed sinks	NO_IMPLICIT_GRANT	NO	Int64 key/value; native capacity 8..64; caller storage; source runtime observations; native intrinsic identity is receiver-qualified; no serialized SymbolId or DocRecord is declared by this owner; interface metadata is verified by the separate metadata suite Typed key/value and hash/equality policy; two independent live stores; declared capacity and failure atomicity	dict:hasher-bytes-type
g008-public:Int.equals	Exact typed owner contract; no copy/borrow/clone capability inferred from spelling	Per expression: pure computation plus explicit observed sinks	NO_IMPLICIT_GRANT	NO	Int64 key/value; native capacity 8..64; caller storage; source runtime observations; native intrinsic identity is receiver-qualified; no serialized SymbolId or DocRecord is declared by this owner; interface metadata is verified by the separate metadata suite Typed key/value and hash/equality policy; two independent live stores; declared capacity and failure atomicity	dict:equals-type
g008-public:Int.hash	Exact typed owner contract; no copy/borrow/clone capability inferred from spelling	Per expression: pure computation plus explicit observed sinks	NO_IMPLICIT_GRANT	NO	Int64 key/value; native capacity 8..64; caller storage; source runtime observations; native intrinsic identity is receiver-qualified; no serialized SymbolId or DocRecord is declared by this owner; interface metadata is verified by the separate metadata suite Typed key/value and hash/equality policy; two independent live stores; declared capacity and failure atomicity	dict:int-hash-type
g008-public:Int.hashStable	Exact typed owner contract; no copy/borrow/clone capability inferred from spelling	Per expression: pure computation plus explicit observed sinks	NO_IMPLICIT_GRANT	NO	Int64 key/value; native capacity 8..64; caller storage; source runtime observations; native intrinsic identity is receiver-qualified; no serialized SymbolId or DocRecord is declared by this owner; interface metadata is verified by the separate metadata suite Typed key/value and hash/equality policy; two independent live stores; declared capacity and failure atomicity	dict:hash-stable-arity
g008-public:Set.contains	Exact typed owner contract; no copy/borrow/clone capability inferred from spelling	Per expression: pure computation plus explicit observed sinks	NO_IMPLICIT_GRANT	NO	Int64 key/value; native capacity 8..64; caller storage; source runtime observations; native intrinsic identity is receiver-qualified; no serialized SymbolId or DocRecord is declared by this owner; interface metadata is verified by the separate metadata suite Typed key/value and hash/equality policy; two independent live stores; declared capacity and failure atomicity	dict:set-contains-type
g008-public:Set.difference	Exact typed owner contract; no copy/borrow/clone capability inferred from spelling	Per expression: pure computation plus explicit observed sinks	NO_IMPLICIT_GRANT	NO	Int64 key/value; native capacity 8..64; caller storage; source runtime observations; native intrinsic identity is receiver-qualified; no serialized SymbolId or DocRecord is declared by this owner; interface metadata is verified by the separate metadata suite Typed key/value and hash/equality policy; two independent live stores; declared capacity and failure atomicity	dict:set-difference-type
g008-public:Set.insert	Exact typed owner contract; no copy/borrow/clone capability inferred from spelling	Per expression: pure computation plus explicit observed sinks	NO_IMPLICIT_GRANT	NO	Int64 key/value; native capacity 8..64; caller storage; source runtime observations; native intrinsic identity is receiver-qualified; no serialized SymbolId or DocRecord is declared by this owner; interface metadata is verified by the separate metadata suite Typed key/value and hash/equality policy; two independent live stores; declared capacity and failure atomicity	dict:set-insert-type
g008-public:Set.intersection	Exact typed owner contract; no copy/borrow/clone capability inferred from spelling	Per expression: pure computation plus explicit observed sinks	NO_IMPLICIT_GRANT	NO	Int64 key/value; native capacity 8..64; caller storage; source runtime observations; native intrinsic identity is receiver-qualified; no serialized SymbolId or DocRecord is declared by this owner; interface metadata is verified by the separate metadata suite Typed key/value and hash/equality policy; two independent live stores; declared capacity and failure atomicity	dict:set-intersection-type
g008-public:Set.isSubsetOf	Exact typed owner contract; no copy/borrow/clone capability inferred from spelling	Per expression: pure computation plus explicit observed sinks	NO_IMPLICIT_GRANT	NO	Int64 key/value; native capacity 8..64; caller storage; source runtime observations; native intrinsic identity is receiver-qualified; no serialized SymbolId or DocRecord is declared by this owner; interface metadata is verified by the separate metadata suite Typed key/value and hash/equality policy; two independent live stores; declared capacity and failure atomicity	dict:set-isSubsetOf-type
g008-public:Set.remove	Exact typed owner contract; no copy/borrow/clone capability inferred from spelling	Per expression: pure computation plus explicit observed sinks	NO_IMPLICIT_GRANT	NO	Int64 key/value; native capacity 8..64; caller storage; source runtime observations; native intrinsic identity is receiver-qualified; no serialized SymbolId or DocRecord is declared by this owner; interface metadata is verified by the separate metadata suite Typed key/value and hash/equality policy; two independent live stores; declared capacity and failure atomicity	dict:set-remove-type
g008-public:Set.union	Exact typed owner contract; no copy/borrow/clone capability inferred from spelling	Per expression: pure computation plus explicit observed sinks	NO_IMPLICIT_GRANT	NO	Int64 key/value; native capacity 8..64; caller storage; source runtime observations; native intrinsic identity is receiver-qualified; no serialized SymbolId or DocRecord is declared by this owner; interface metadata is verified by the separate metadata suite Typed key/value and hash/equality policy; two independent live stores; declared capacity and failure atomicity	dict:set-union-type
g008-public:Set<Int>.new	Exact typed owner contract; no copy/borrow/clone capability inferred from spelling	Per expression: pure computation plus explicit observed sinks	NO_IMPLICIT_GRANT	NO	Int64 key/value; native capacity 8..64; caller storage; source runtime observations; native intrinsic identity is receiver-qualified; no serialized SymbolId or DocRecord is declared by this owner; interface metadata is verified by the separate metadata suite Typed key/value and hash/equality policy; two independent live stores; declared capacity and failure atomicity	dict:set-new-arity
g008-public:hash.deterministic	Exact typed owner contract; no copy/borrow/clone capability inferred from spelling	Per expression: pure computation plus explicit observed sinks	NO_IMPLICIT_GRANT	NO	Int64 key/value; native capacity 8..64; caller storage; source runtime observations; native intrinsic identity is receiver-qualified; no serialized SymbolId or DocRecord is declared by this owner; interface metadata is verified by the separate metadata suite Typed key/value and hash/equality policy; two independent live stores; declared capacity and failure atomicity	hashpolicy:seed-type,hashpolicy:seed-missing
g008-public:hash.randomized	Exact typed owner contract; no copy/borrow/clone capability inferred from spelling	Per expression: pure computation plus explicit observed sinks	NO_IMPLICIT_GRANT	NO	Int64 key/value; native capacity 8..64; caller storage; source runtime observations; native intrinsic identity is receiver-qualified; no serialized SymbolId or DocRecord is declared by this owner; interface metadata is verified by the separate metadata suite Typed key/value and hash/equality policy; two independent live stores; declared capacity and failure atomicity	hashpolicy:randomized-arity
g009-public:Graph.addEdge	Exact typed owner contract; no copy/borrow/clone capability inferred from spelling	Per expression: pure computation plus explicit observed sinks	NO_IMPLICIT_GRANT	NO	Int64 payloads/nonnegative weights; 32 nodes/256 edges; authenticated owner/handle pairs; native paths/partitions; BFS current path; native intrinsic identity is receiver-qualified; no serialized SymbolId or DocRecord is declared by this owner; interface metadata is verified by the separate metadata suite Int64 payloads; 32 nodes/256 edges; authenticated handle/owner pair; no stale or foreign handle	relation:graph-raw-handle,relation:graph-wrong-weight,relation:graph-edge-arity
g009-public:Graph.addNode	Exact typed owner contract; no copy/borrow/clone capability inferred from spelling	Per expression: pure computation plus explicit observed sinks	NO_IMPLICIT_GRANT	NO	Int64 payloads/nonnegative weights; 32 nodes/256 edges; authenticated owner/handle pairs; native paths/partitions; BFS current path; native intrinsic identity is receiver-qualified; no serialized SymbolId or DocRecord is declared by this owner; interface metadata is verified by the separate metadata suite Int64 payloads; 32 nodes/256 edges; authenticated handle/owner pair; no stale or foreign handle	relation:graph-add-node-type
g009-public:Graph.breadthFirst	Exact typed owner contract; no copy/borrow/clone capability inferred from spelling	Per expression: pure computation plus explicit observed sinks	NO_IMPLICIT_GRANT	NO	Int64 payloads/nonnegative weights; 32 nodes/256 edges; authenticated owner/handle pairs; native paths/partitions; BFS current path; native intrinsic identity is receiver-qualified; no serialized SymbolId or DocRecord is declared by this owner; interface metadata is verified by the separate metadata suite Int64 payloads; 32 nodes/256 edges; authenticated handle/owner pair; no stale or foreign handle	relation:graph-breadthFirst-node-type,relation:traversal-borrow
g009-public:Graph.connectedComponents	Exact typed owner contract; no copy/borrow/clone capability inferred from spelling	Per expression: pure computation plus explicit observed sinks	NO_IMPLICIT_GRANT	NO	Int64 payloads/nonnegative weights; 32 nodes/256 edges; authenticated owner/handle pairs; native paths/partitions; BFS current path; native intrinsic identity is receiver-qualified; no serialized SymbolId or DocRecord is declared by this owner; interface metadata is verified by the separate metadata suite Int64 payloads; 32 nodes/256 edges; authenticated handle/owner pair; no stale or foreign handle	relation:graph-connectedComponents-arity
g009-public:Graph.depthFirst	Exact typed owner contract; no copy/borrow/clone capability inferred from spelling	Per expression: pure computation plus explicit observed sinks	NO_IMPLICIT_GRANT	NO	Int64 payloads/nonnegative weights; 32 nodes/256 edges; authenticated owner/handle pairs; native paths/partitions; BFS current path; native intrinsic identity is receiver-qualified; no serialized SymbolId or DocRecord is declared by this owner; interface metadata is verified by the separate metadata suite Int64 payloads; 32 nodes/256 edges; authenticated handle/owner pair; no stale or foreign handle	relation:graph-depthFirst-node-type,relation:traversal-copy
g009-public:Graph.dijkstra	Exact typed owner contract; no copy/borrow/clone capability inferred from spelling	Per expression: pure computation plus explicit observed sinks	NO_IMPLICIT_GRANT	NO	Int64 payloads/nonnegative weights; 32 nodes/256 edges; authenticated owner/handle pairs; native paths/partitions; BFS current path; native intrinsic identity is receiver-qualified; no serialized SymbolId or DocRecord is declared by this owner; interface metadata is verified by the separate metadata suite Int64 payloads; 32 nodes/256 edges; authenticated handle/owner pair; no stale or foreign handle	relation:graph-dijkstra-nodes-type
g009-public:Graph.hasCycle	Exact typed owner contract; no copy/borrow/clone capability inferred from spelling	Per expression: pure computation plus explicit observed sinks	NO_IMPLICIT_GRANT	NO	Int64 payloads/nonnegative weights; 32 nodes/256 edges; authenticated owner/handle pairs; native paths/partitions; BFS current path; native intrinsic identity is receiver-qualified; no serialized SymbolId or DocRecord is declared by this owner; interface metadata is verified by the separate metadata suite Int64 payloads; 32 nodes/256 edges; authenticated handle/owner pair; no stale or foreign handle	relation:graph-hasCycle-arity
g009-public:Graph.neighbors	Exact typed owner contract; no copy/borrow/clone capability inferred from spelling	Per expression: pure computation plus explicit observed sinks	NO_IMPLICIT_GRANT	NO	Int64 payloads/nonnegative weights; 32 nodes/256 edges; authenticated owner/handle pairs; native paths/partitions; BFS current path; native intrinsic identity is receiver-qualified; no serialized SymbolId or DocRecord is declared by this owner; interface metadata is verified by the separate metadata suite Int64 payloads; 32 nodes/256 edges; authenticated handle/owner pair; no stale or foreign handle	relation:graph-neighbors-node-type
g009-public:Graph.removeEdge	Exact typed owner contract; no copy/borrow/clone capability inferred from spelling	Per expression: pure computation plus explicit observed sinks	NO_IMPLICIT_GRANT	NO	Int64 payloads/nonnegative weights; 32 nodes/256 edges; authenticated owner/handle pairs; native paths/partitions; BFS current path; native intrinsic identity is receiver-qualified; no serialized SymbolId or DocRecord is declared by this owner; interface metadata is verified by the separate metadata suite Int64 payloads; 32 nodes/256 edges; authenticated handle/owner pair; no stale or foreign handle	relation:graph-remove-edge-type
g009-public:Graph.removeNode	Exact typed owner contract; no copy/borrow/clone capability inferred from spelling	Per expression: pure computation plus explicit observed sinks	NO_IMPLICIT_GRANT	NO	Int64 payloads/nonnegative weights; 32 nodes/256 edges; authenticated owner/handle pairs; native paths/partitions; BFS current path; native intrinsic identity is receiver-qualified; no serialized SymbolId or DocRecord is declared by this owner; interface metadata is verified by the separate metadata suite Int64 payloads; 32 nodes/256 edges; authenticated handle/owner pair; no stale or foreign handle	relation:graph-removeNode-node-type
g009-public:Graph.shortestPathUnweighted	Exact typed owner contract; no copy/borrow/clone capability inferred from spelling	Per expression: pure computation plus explicit observed sinks	NO_IMPLICIT_GRANT	NO	Int64 payloads/nonnegative weights; 32 nodes/256 edges; authenticated owner/handle pairs; native paths/partitions; BFS current path; native intrinsic identity is receiver-qualified; no serialized SymbolId or DocRecord is declared by this owner; interface metadata is verified by the separate metadata suite Int64 payloads; 32 nodes/256 edges; authenticated handle/owner pair; no stale or foreign handle	relation:graph-shortestPathUnweighted-nodes-type
g009-public:Graph.topologicalSort	Exact typed owner contract; no copy/borrow/clone capability inferred from spelling	Per expression: pure computation plus explicit observed sinks	NO_IMPLICIT_GRANT	NO	Int64 payloads/nonnegative weights; 32 nodes/256 edges; authenticated owner/handle pairs; native paths/partitions; BFS current path; native intrinsic identity is receiver-qualified; no serialized SymbolId or DocRecord is declared by this owner; interface metadata is verified by the separate metadata suite Int64 payloads; 32 nodes/256 edges; authenticated handle/owner pair; no stale or foreign handle	relation:graph-topologicalSort-arity
g009-public:Graph<Int,Int>.directed	Exact typed owner contract; no copy/borrow/clone capability inferred from spelling	Per expression: pure computation plus explicit observed sinks	NO_IMPLICIT_GRANT	NO	Int64 payloads/nonnegative weights; 32 nodes/256 edges; authenticated owner/handle pairs; native paths/partitions; BFS current path; native intrinsic identity is receiver-qualified; no serialized SymbolId or DocRecord is declared by this owner; interface metadata is verified by the separate metadata suite Int64 payloads; 32 nodes/256 edges; authenticated handle/owner pair; no stale or foreign handle	relation:graph-missing-edge-type,relation:graph-edge-type
g009-public:Graph<Int,Int>.undirected	Exact typed owner contract; no copy/borrow/clone capability inferred from spelling	Per expression: pure computation plus explicit observed sinks	NO_IMPLICIT_GRANT	NO	Int64 payloads/nonnegative weights; 32 nodes/256 edges; authenticated owner/handle pairs; native paths/partitions; BFS current path; native intrinsic identity is receiver-qualified; no serialized SymbolId or DocRecord is declared by this owner; interface metadata is verified by the separate metadata suite Int64 payloads; 32 nodes/256 edges; authenticated handle/owner pair; no stale or foreign handle	relation:graph-edge-type
g009-public:Node.degree	Exact typed owner contract; no copy/borrow/clone capability inferred from spelling	Per expression: pure computation plus explicit observed sinks	NO_IMPLICIT_GRANT	NO	Int64 payloads/nonnegative weights; 32 nodes/256 edges; authenticated owner/handle pairs; native paths/partitions; BFS current path; native intrinsic identity is receiver-qualified; no serialized SymbolId or DocRecord is declared by this owner; interface metadata is verified by the separate metadata suite Int64 payloads; 32 nodes/256 edges; authenticated handle/owner pair; no stale or foreign handle	relation:node-degree-arity
g009-public:Node.id	Exact typed owner contract; no copy/borrow/clone capability inferred from spelling	Per expression: pure computation plus explicit observed sinks	NO_IMPLICIT_GRANT	NO	Int64 payloads/nonnegative weights; 32 nodes/256 edges; authenticated owner/handle pairs; native paths/partitions; BFS current path; native intrinsic identity is receiver-qualified; no serialized SymbolId or DocRecord is declared by this owner; interface metadata is verified by the separate metadata suite Int64 payloads; 32 nodes/256 edges; authenticated handle/owner pair; no stale or foreign handle	relation:node-id-arity
g009-public:Node.replaceValue	Exact typed owner contract; no copy/borrow/clone capability inferred from spelling	Per expression: pure computation plus explicit observed sinks	NO_IMPLICIT_GRANT	NO	Int64 payloads/nonnegative weights; 32 nodes/256 edges; authenticated owner/handle pairs; native paths/partitions; BFS current path; native intrinsic identity is receiver-qualified; no serialized SymbolId or DocRecord is declared by this owner; interface metadata is verified by the separate metadata suite Int64 payloads; 32 nodes/256 edges; authenticated handle/owner pair; no stale or foreign handle	relation:node-wrong-replacement
g009-public:Node.value	Exact typed owner contract; no copy/borrow/clone capability inferred from spelling	Per expression: pure computation plus explicit observed sinks	NO_IMPLICIT_GRANT	NO	Int64 payloads/nonnegative weights; 32 nodes/256 edges; authenticated owner/handle pairs; native paths/partitions; BFS current path; native intrinsic identity is receiver-qualified; no serialized SymbolId or DocRecord is declared by this owner; interface metadata is verified by the separate metadata suite Int64 payloads; 32 nodes/256 edges; authenticated handle/owner pair; no stale or foreign handle	relation:node-value-arity
g009-public:Node<Int> value	Exact typed owner contract; no copy/borrow/clone capability inferred from spelling	Per expression: pure computation plus explicit observed sinks	NO_IMPLICIT_GRANT	NO	Int64 payloads/nonnegative weights; 32 nodes/256 edges; authenticated owner/handle pairs; native paths/partitions; BFS current path; native intrinsic identity is receiver-qualified; no serialized SymbolId or DocRecord is declared by this owner; interface metadata is verified by the separate metadata suite Int64 payloads; 32 nodes/256 edges; authenticated handle/owner pair; no stale or foreign handle	relation:node-wrong-replacement
g009-public:Node<Int>.new	Exact typed owner contract; no copy/borrow/clone capability inferred from spelling	Per expression: pure computation plus explicit observed sinks	NO_IMPLICIT_GRANT	NO	Int64 payloads/nonnegative weights; 32 nodes/256 edges; authenticated owner/handle pairs; native paths/partitions; BFS current path; native intrinsic identity is receiver-qualified; no serialized SymbolId or DocRecord is declared by this owner; interface metadata is verified by the separate metadata suite Int64 payloads; 32 nodes/256 edges; authenticated handle/owner pair; no stale or foreign handle	relation:node-wrong-replacement
g009-public:Tree.addChild	Exact typed owner contract; no copy/borrow/clone capability inferred from spelling	Per expression: pure computation plus explicit observed sinks	NO_IMPLICIT_GRANT	NO	Int64 payloads/nonnegative weights; 32 nodes/256 edges; authenticated owner/handle pairs; native paths/partitions; BFS current path; native intrinsic identity is receiver-qualified; no serialized SymbolId or DocRecord is declared by this owner; interface metadata is verified by the separate metadata suite Int64 payloads; 32 nodes/256 edges; authenticated handle/owner pair; no stale or foreign handle	relation:tree-raw-handle,relation:tree-wrong-child-value
g009-public:Tree.children	Exact typed owner contract; no copy/borrow/clone capability inferred from spelling	Per expression: pure computation plus explicit observed sinks	NO_IMPLICIT_GRANT	NO	Int64 payloads/nonnegative weights; 32 nodes/256 edges; authenticated owner/handle pairs; native paths/partitions; BFS current path; native intrinsic identity is receiver-qualified; no serialized SymbolId or DocRecord is declared by this owner; interface metadata is verified by the separate metadata suite Int64 payloads; 32 nodes/256 edges; authenticated handle/owner pair; no stale or foreign handle	relation:tree-children-node-type
g009-public:Tree.height	Exact typed owner contract; no copy/borrow/clone capability inferred from spelling	Per expression: pure computation plus explicit observed sinks	NO_IMPLICIT_GRANT	NO	Int64 payloads/nonnegative weights; 32 nodes/256 edges; authenticated owner/handle pairs; native paths/partitions; BFS current path; native intrinsic identity is receiver-qualified; no serialized SymbolId or DocRecord is declared by this owner; interface metadata is verified by the separate metadata suite Int64 payloads; 32 nodes/256 edges; authenticated handle/owner pair; no stale or foreign handle	relation:tree-height-arity
g009-public:Tree.lowestCommonAncestor	Exact typed owner contract; no copy/borrow/clone capability inferred from spelling	Per expression: pure computation plus explicit observed sinks	NO_IMPLICIT_GRANT	NO	Int64 payloads/nonnegative weights; 32 nodes/256 edges; authenticated owner/handle pairs; native paths/partitions; BFS current path; native intrinsic identity is receiver-qualified; no serialized SymbolId or DocRecord is declared by this owner; interface metadata is verified by the separate metadata suite Int64 payloads; 32 nodes/256 edges; authenticated handle/owner pair; no stale or foreign handle	relation:tree-lca-node-type
g009-public:Tree.parent	Exact typed owner contract; no copy/borrow/clone capability inferred from spelling	Per expression: pure computation plus explicit observed sinks	NO_IMPLICIT_GRANT	NO	Int64 payloads/nonnegative weights; 32 nodes/256 edges; authenticated owner/handle pairs; native paths/partitions; BFS current path; native intrinsic identity is receiver-qualified; no serialized SymbolId or DocRecord is declared by this owner; interface metadata is verified by the separate metadata suite Int64 payloads; 32 nodes/256 edges; authenticated handle/owner pair; no stale or foreign handle	relation:tree-parent-node-type
g009-public:Tree.postorder	Exact typed owner contract; no copy/borrow/clone capability inferred from spelling	Per expression: pure computation plus explicit observed sinks	NO_IMPLICIT_GRANT	NO	Int64 payloads/nonnegative weights; 32 nodes/256 edges; authenticated owner/handle pairs; native paths/partitions; BFS current path; native intrinsic identity is receiver-qualified; no serialized SymbolId or DocRecord is declared by this owner; interface metadata is verified by the separate metadata suite Int64 payloads; 32 nodes/256 edges; authenticated handle/owner pair; no stale or foreign handle	relation:tree-postorder-arity
g009-public:Tree.preorder	Exact typed owner contract; no copy/borrow/clone capability inferred from spelling	Per expression: pure computation plus explicit observed sinks	NO_IMPLICIT_GRANT	NO	Int64 payloads/nonnegative weights; 32 nodes/256 edges; authenticated owner/handle pairs; native paths/partitions; BFS current path; native intrinsic identity is receiver-qualified; no serialized SymbolId or DocRecord is declared by this owner; interface metadata is verified by the separate metadata suite Int64 payloads; 32 nodes/256 edges; authenticated handle/owner pair; no stale or foreign handle	relation:tree-preorder-arity
g009-public:Tree.removeSubtree	Exact typed owner contract; no copy/borrow/clone capability inferred from spelling	Per expression: pure computation plus explicit observed sinks	NO_IMPLICIT_GRANT	NO	Int64 payloads/nonnegative weights; 32 nodes/256 edges; authenticated owner/handle pairs; native paths/partitions; BFS current path; native intrinsic identity is receiver-qualified; no serialized SymbolId or DocRecord is declared by this owner; interface metadata is verified by the separate metadata suite Int64 payloads; 32 nodes/256 edges; authenticated handle/owner pair; no stale or foreign handle	relation:tree-removeSubtree-node-type
g009-public:Tree.root	Exact typed owner contract; no copy/borrow/clone capability inferred from spelling	Per expression: pure computation plus explicit observed sinks	NO_IMPLICIT_GRANT	NO	Int64 payloads/nonnegative weights; 32 nodes/256 edges; authenticated owner/handle pairs; native paths/partitions; BFS current path; native intrinsic identity is receiver-qualified; no serialized SymbolId or DocRecord is declared by this owner; interface metadata is verified by the separate metadata suite Int64 payloads; 32 nodes/256 edges; authenticated handle/owner pair; no stale or foreign handle	relation:tree-root-arity
g009-public:Tree<Int>.new	Exact typed owner contract; no copy/borrow/clone capability inferred from spelling	Per expression: pure computation plus explicit observed sinks	NO_IMPLICIT_GRANT	NO	Int64 payloads/nonnegative weights; 32 nodes/256 edges; authenticated owner/handle pairs; native paths/partitions; BFS current path; native intrinsic identity is receiver-qualified; no serialized SymbolId or DocRecord is declared by this owner; interface metadata is verified by the separate metadata suite Int64 payloads; 32 nodes/256 edges; authenticated handle/owner pair; no stale or foreign handle	relation:tree-type,relation:tree-payload-type,relation:tree-copy
g009-public:traversal.next	Exact typed owner contract; no copy/borrow/clone capability inferred from spelling	Per expression: pure computation plus explicit observed sinks	NO_IMPLICIT_GRANT	NO	Int64 payloads/nonnegative weights; 32 nodes/256 edges; authenticated owner/handle pairs; native paths/partitions; BFS current path; native intrinsic identity is receiver-qualified; no serialized SymbolId or DocRecord is declared by this owner; interface metadata is verified by the separate metadata suite Int64 payloads; 32 nodes/256 edges; authenticated handle/owner pair; no stale or foreign handle	relation:traversal-released
g009-public:traversal.path	Exact typed owner contract; no copy/borrow/clone capability inferred from spelling	Per expression: pure computation plus explicit observed sinks	NO_IMPLICIT_GRANT	NO	Int64 payloads/nonnegative weights; 32 nodes/256 edges; authenticated owner/handle pairs; native paths/partitions; BFS current path; native intrinsic identity is receiver-qualified; no serialized SymbolId or DocRecord is declared by this owner; interface metadata is verified by the separate metadata suite Int64 payloads; 32 nodes/256 edges; authenticated handle/owner pair; no stale or foreign handle	relation:traversal-path-arity
g009-public:traversal.stopWhen	Exact typed owner contract; no copy/borrow/clone capability inferred from spelling	Per expression: pure computation plus explicit observed sinks	NO_IMPLICIT_GRANT	NO	Int64 payloads/nonnegative weights; 32 nodes/256 edges; authenticated owner/handle pairs; native paths/partitions; BFS current path; native intrinsic identity is receiver-qualified; no serialized SymbolId or DocRecord is declared by this owner; interface metadata is verified by the separate metadata suite Int64 payloads; 32 nodes/256 edges; authenticated handle/owner pair; no stale or foreign handle	relation:traversal-bad-predicate
g010-public:Column.cast<U>	Exact typed owner contract; no copy/borrow/clone capability inferred from spelling	Per expression: pure computation plus explicit observed sinks	NO_IMPLICIT_GRANT	NO	Up to 32 nullable Int cells; native missing bitmap, checked aggregates and Int/UInt cast storage; UInt is not an implicit process status; native registry identity and runtime profile are explicit; serialized interface metadata is verified by the separate metadata suite Typed nullable integer rows/columns/tables/datasets/streams; finite schema, rows and stages; lazy callbacks once	data:column-cast-type,data:column-dtype-coalesce,data:column-uint-process-status
g010-public:Column.coalesce	Exact typed owner contract; no copy/borrow/clone capability inferred from spelling	Per expression: pure computation plus explicit observed sinks	NO_IMPLICIT_GRANT	NO	Up to 32 nullable Int cells; native missing bitmap, checked aggregates and Int/UInt cast storage; UInt is not an implicit process status; native registry identity and runtime profile are explicit; serialized interface metadata is verified by the separate metadata suite Typed nullable integer rows/columns/tables/datasets/streams; finite schema, rows and stages; lazy callbacks once	data:column-coalesce-type,data:column-dtype-coalesce
g010-public:Column.countMissing	Exact typed owner contract; no copy/borrow/clone capability inferred from spelling	Per expression: pure computation plus explicit observed sinks	NO_IMPLICIT_GRANT	NO	Up to 32 nullable Int cells; native missing bitmap, checked aggregates and Int/UInt cast storage; UInt is not an implicit process status; native registry identity and runtime profile are explicit; serialized interface metadata is verified by the separate metadata suite Typed nullable integer rows/columns/tables/datasets/streams; finite schema, rows and stages; lazy callbacks once	data:column-countMissing-arity
g010-public:Column.dropMissing	Exact typed owner contract; no copy/borrow/clone capability inferred from spelling	Per expression: pure computation plus explicit observed sinks	NO_IMPLICIT_GRANT	NO	Up to 32 nullable Int cells; native missing bitmap, checked aggregates and Int/UInt cast storage; UInt is not an implicit process status; native registry identity and runtime profile are explicit; serialized interface metadata is verified by the separate metadata suite Typed nullable integer rows/columns/tables/datasets/streams; finite schema, rows and stages; lazy callbacks once	data:column-dropMissing-arity
g010-public:Column.fillMissing	Exact typed owner contract; no copy/borrow/clone capability inferred from spelling	Per expression: pure computation plus explicit observed sinks	NO_IMPLICIT_GRANT	NO	Up to 32 nullable Int cells; native missing bitmap, checked aggregates and Int/UInt cast storage; UInt is not an implicit process status; native registry identity and runtime profile are explicit; serialized interface metadata is verified by the separate metadata suite Typed nullable integer rows/columns/tables/datasets/streams; finite schema, rows and stages; lazy callbacks once	data:column-fillMissing-type
g010-public:Column.get	Exact typed owner contract; no copy/borrow/clone capability inferred from spelling	Per expression: pure computation plus explicit observed sinks	NO_IMPLICIT_GRANT	NO	Up to 32 nullable Int cells; native missing bitmap, checked aggregates and Int/UInt cast storage; UInt is not an implicit process status; native registry identity and runtime profile are explicit; serialized interface metadata is verified by the separate metadata suite Typed nullable integer rows/columns/tables/datasets/streams; finite schema, rows and stages; lazy callbacks once	data:column-get-type
g010-public:Column.isMissing	Exact typed owner contract; no copy/borrow/clone capability inferred from spelling	Per expression: pure computation plus explicit observed sinks	NO_IMPLICIT_GRANT	NO	Up to 32 nullable Int cells; native missing bitmap, checked aggregates and Int/UInt cast storage; UInt is not an implicit process status; native registry identity and runtime profile are explicit; serialized interface metadata is verified by the separate metadata suite Typed nullable integer rows/columns/tables/datasets/streams; finite schema, rows and stages; lazy callbacks once	data:column-isMissing-type
g010-public:Column.max	Exact typed owner contract; no copy/borrow/clone capability inferred from spelling	Per expression: pure computation plus explicit observed sinks	NO_IMPLICIT_GRANT	NO	Up to 32 nullable Int cells; native missing bitmap, checked aggregates and Int/UInt cast storage; UInt is not an implicit process status; native registry identity and runtime profile are explicit; serialized interface metadata is verified by the separate metadata suite Typed nullable integer rows/columns/tables/datasets/streams; finite schema, rows and stages; lazy callbacks once	data:column-max-arity
g010-public:Column.min	Exact typed owner contract; no copy/borrow/clone capability inferred from spelling	Per expression: pure computation plus explicit observed sinks	NO_IMPLICIT_GRANT	NO	Up to 32 nullable Int cells; native missing bitmap, checked aggregates and Int/UInt cast storage; UInt is not an implicit process status; native registry identity and runtime profile are explicit; serialized interface metadata is verified by the separate metadata suite Typed nullable integer rows/columns/tables/datasets/streams; finite schema, rows and stages; lazy callbacks once	data:column-min-arity
g010-public:Column.sum	Exact typed owner contract; no copy/borrow/clone capability inferred from spelling	Per expression: pure computation plus explicit observed sinks	NO_IMPLICIT_GRANT	NO	Up to 32 nullable Int cells; native missing bitmap, checked aggregates and Int/UInt cast storage; UInt is not an implicit process status; native registry identity and runtime profile are explicit; serialized interface metadata is verified by the separate metadata suite Typed nullable integer rows/columns/tables/datasets/streams; finite schema, rows and stages; lazy callbacks once	data:column-sum-arity
g010-public:Column<Int> [values]	Exact typed owner contract; no copy/borrow/clone capability inferred from spelling	Per expression: pure computation plus explicit observed sinks	NO_IMPLICIT_GRANT	NO	Up to 32 nullable Int cells; native missing bitmap, checked aggregates and Int/UInt cast storage; UInt is not an implicit process status; native registry identity and runtime profile are explicit; serialized interface metadata is verified by the separate metadata suite Typed nullable integer rows/columns/tables/datasets/streams; finite schema, rows and stages; lazy callbacks once	data:column-element-type
g010-public:Column<Int>.from	Exact typed owner contract; no copy/borrow/clone capability inferred from spelling	Per expression: pure computation plus explicit observed sinks	NO_IMPLICIT_GRANT	NO	Up to 32 nullable Int cells; native missing bitmap, checked aggregates and Int/UInt cast storage; UInt is not an implicit process status; native registry identity and runtime profile are explicit; serialized interface metadata is verified by the separate metadata suite Typed nullable integer rows/columns/tables/datasets/streams; finite schema, rows and stages; lazy callbacks once	data:column-element-type,data:column-value-type,data:column-mixed-type,data:column-copy,data:column-from-type
g010-public:Dataset.cache	Exact typed owner contract; no copy/borrow/clone capability inferred from spelling	Per expression: pure computation plus explicit observed sinks	NO_IMPLICIT_GRANT	NO	Up to 8 owned tables/256 rows/16384 value bytes; by-size repartition accepts 1..32 rows and preserves order; local cache policy 0/1; scan and collect preserve independent values/schema/missing; native registry identity and runtime profile are explicit; serialized interface metadata is verified by the separate metadata suite Typed nullable integer rows/columns/tables/datasets/streams; finite schema, rows and stages; lazy callbacks once	data:cache-policy-type,data:cache-arity,data:cache-invalid-2,data:cache-blocks-repartition
g010-public:Dataset.collect	Exact typed owner contract; no copy/borrow/clone capability inferred from spelling	Per expression: pure computation plus explicit observed sinks	NO_IMPLICIT_GRANT	NO	Up to 8 owned tables/256 rows/16384 value bytes; by-size repartition accepts 1..32 rows and preserves order; local cache policy 0/1; scan and collect preserve independent values/schema/missing; native registry identity and runtime profile are explicit; serialized interface metadata is verified by the separate metadata suite Typed nullable integer rows/columns/tables/datasets/streams; finite schema, rows and stages; lazy callbacks once	data:collect-arity,data:collect-copy,data:collect-count-257,data:collect-row-not-int
g010-public:Dataset.collect.at	Exact typed owner contract; no copy/borrow/clone capability inferred from spelling	Per expression: pure computation plus explicit observed sinks	NO_IMPLICIT_GRANT	NO	Up to 8 owned tables/256 rows/16384 value bytes; by-size repartition accepts 1..32 rows and preserves order; local cache policy 0/1; scan and collect preserve independent values/schema/missing; native registry identity and runtime profile are explicit; serialized interface metadata is verified by the separate metadata suite Typed nullable integer rows/columns/tables/datasets/streams; finite schema, rows and stages; lazy callbacks once	data:collect-at-type,data:collect-bound,data:collect-negative-index
g010-public:Dataset.collect.next	Exact typed owner contract; no copy/borrow/clone capability inferred from spelling	Per expression: pure computation plus explicit observed sinks	NO_IMPLICIT_GRANT	NO	Up to 8 owned tables/256 rows/16384 value bytes; by-size repartition accepts 1..32 rows and preserves order; local cache policy 0/1; scan and collect preserve independent values/schema/missing; native registry identity and runtime profile are explicit; serialized interface metadata is verified by the separate metadata suite Typed nullable integer rows/columns/tables/datasets/streams; finite schema, rows and stages; lazy callbacks once	data:collect-next-arity,data:collect-option-copy,data:collect-option-twice
g010-public:Dataset.fromTables	Exact typed owner contract; no copy/borrow/clone capability inferred from spelling	Per expression: pure computation plus explicit observed sinks	NO_IMPLICIT_GRANT	NO	Up to 8 owned tables/256 rows/16384 value bytes; by-size repartition accepts 1..32 rows and preserves order; local cache policy 0/1; scan and collect preserve independent values/schema/missing; native registry identity and runtime profile are explicit; serialized interface metadata is verified by the separate metadata suite Typed nullable integer rows/columns/tables/datasets/streams; finite schema, rows and stages; lazy callbacks once	data:dataset-empty-parts,data:dataset-over-parts,data:dataset-part-type,data:dataset-copy,data:dataset-schema-mismatch,data:dataset-schema-order-mismatch
g010-public:Dataset.partitionCount	Exact typed owner contract; no copy/borrow/clone capability inferred from spelling	Per expression: pure computation plus explicit observed sinks	NO_IMPLICIT_GRANT	NO	Up to 8 owned tables/256 rows/16384 value bytes; by-size repartition accepts 1..32 rows and preserves order; local cache policy 0/1; scan and collect preserve independent values/schema/missing; native registry identity and runtime profile are explicit; serialized interface metadata is verified by the separate metadata suite Typed nullable integer rows/columns/tables/datasets/streams; finite schema, rows and stages; lazy callbacks once	data:dataset-partition-count-arity
g010-public:Dataset.repartition	Exact typed owner contract; no copy/borrow/clone capability inferred from spelling	Per expression: pure computation plus explicit observed sinks	NO_IMPLICIT_GRANT	NO	Up to 8 owned tables/256 rows/16384 value bytes; by-size repartition accepts 1..32 rows and preserves order; local cache policy 0/1; scan and collect preserve independent values/schema/missing; native registry identity and runtime profile are explicit; serialized interface metadata is verified by the separate metadata suite Typed nullable integer rows/columns/tables/datasets/streams; finite schema, rows and stages; lazy callbacks once	data:repartition-size-type,data:repartition-arity,data:repartition-invalid-0,data:repartition-invalid-33,data:repartition-65-7
g010-public:Dataset.scan	Exact typed owner contract; no copy/borrow/clone capability inferred from spelling	Per expression: pure computation plus explicit observed sinks	NO_IMPLICIT_GRANT	NO	Up to 8 owned tables/256 rows/16384 value bytes; by-size repartition accepts 1..32 rows and preserves order; local cache policy 0/1; scan and collect preserve independent values/schema/missing; native registry identity and runtime profile are explicit; serialized interface metadata is verified by the separate metadata suite Typed nullable integer rows/columns/tables/datasets/streams; finite schema, rows and stages; lazy callbacks once	data:dataset-scan-copy,data:dataset-scan-option-copy,data:dataset-scan-option-twice
g010-public:Dataset.scan.sink	Exact typed owner contract; no copy/borrow/clone capability inferred from spelling	Per expression: pure computation plus explicit observed sinks	NO_IMPLICIT_GRANT	NO	Up to 8 owned tables/256 rows/16384 value bytes; by-size repartition accepts 1..32 rows and preserves order; local cache policy 0/1; scan and collect preserve independent values/schema/missing; native registry identity and runtime profile are explicit; serialized interface metadata is verified by the separate metadata suite Typed nullable integer rows/columns/tables/datasets/streams; finite schema, rows and stages; lazy callbacks once	data:dataset-sink-receiver-type,data:dataset-sink-return-type,data:dataset-sink-extra-argument,data:dataset-scan-callback-trap
g010-public:Dataset.schema	Exact typed owner contract; no copy/borrow/clone capability inferred from spelling	Per expression: pure computation plus explicit observed sinks	NO_IMPLICIT_GRANT	NO	Up to 8 owned tables/256 rows/16384 value bytes; by-size repartition accepts 1..32 rows and preserves order; local cache policy 0/1; scan and collect preserve independent values/schema/missing; native registry identity and runtime profile are explicit; serialized interface metadata is verified by the separate metadata suite Typed nullable integer rows/columns/tables/datasets/streams; finite schema, rows and stages; lazy callbacks once	data:dataset-schema-arity
g010-public:Event<Int>.value	Exact typed owner contract; no copy/borrow/clone capability inferred from spelling	Per expression: pure computation plus explicit observed sinks	NO_IMPLICIT_GRANT	NO	Finite 64-event Int profile; 16 ordered lazy stages; native cursor, typed callbacks and owned List batches; logical-timestamp windows are separately exercised; native registry identity and runtime profile are explicit; serialized interface metadata is verified by the separate metadata suite Typed nullable integer rows/columns/tables/datasets/streams; finite schema, rows and stages; lazy callbacks once	data:event-type
g010-public:Flow<Int>.value	Exact typed owner contract; no copy/borrow/clone capability inferred from spelling	Per expression: pure computation plus explicit observed sinks	NO_IMPLICIT_GRANT	NO	Finite 64-event Int profile; 16 ordered lazy stages; native cursor, typed callbacks and owned List batches; logical-timestamp windows are separately exercised; native registry identity and runtime profile are explicit; serialized interface metadata is verified by the separate metadata suite Typed nullable integer rows/columns/tables/datasets/streams; finite schema, rows and stages; lazy callbacks once	data:flow-type
g010-public:Row.from	Exact typed owner contract; no copy/borrow/clone capability inferred from spelling	Per expression: pure computation plus explicit observed sinks	NO_IMPLICIT_GRANT	NO	Int cells; up to 8 ordered fields and 32 rows; owned UTF-8 names/type/nullability and missing bits; native schema/row/table owners; stable ascending single-key sort with missing last; native registry identity and runtime profile are explicit; serialized interface metadata is verified by the separate metadata suite Typed nullable integer rows/columns/tables/datasets/streams; finite schema, rows and stages; lazy callbacks once	data:row-schema-type,data:row-value-type,data:row-value-float,data:row-copy,data:row-too-few,data:row-too-many,data:row-empty-values,data:row-missing-nonnullable
g010-public:Row.get	Exact typed owner contract; no copy/borrow/clone capability inferred from spelling	Per expression: pure computation plus explicit observed sinks	NO_IMPLICIT_GRANT	NO	Int cells; up to 8 ordered fields and 32 rows; owned UTF-8 names/type/nullability and missing bits; native schema/row/table owners; stable ascending single-key sort with missing last; native registry identity and runtime profile are explicit; serialized interface metadata is verified by the separate metadata suite Typed nullable integer rows/columns/tables/datasets/streams; finite schema, rows and stages; lazy callbacks once	data:row-get-name-type,data:row-unknown-name
g010-public:Row.project	Exact typed owner contract; no copy/borrow/clone capability inferred from spelling	Per expression: pure computation plus explicit observed sinks	NO_IMPLICIT_GRANT	NO	Int cells; up to 8 ordered fields and 32 rows; owned UTF-8 names/type/nullability and missing bits; native schema/row/table owners; stable ascending single-key sort with missing last; native registry identity and runtime profile are explicit; serialized interface metadata is verified by the separate metadata suite Typed nullable integer rows/columns/tables/datasets/streams; finite schema, rows and stages; lazy callbacks once	data:row-project-name-type,data:row-project-argument-type,data:row-project-empty,data:row-project-duplicate-name,data:row-project-unknown-name,data:row-project-removed-name
g010-public:Row.toTuple	Exact typed owner contract; no copy/borrow/clone capability inferred from spelling	Per expression: pure computation plus explicit observed sinks	NO_IMPLICIT_GRANT	NO	Int cells; up to 8 ordered fields and 32 rows; owned UTF-8 names/type/nullability and missing bits; native schema/row/table owners; stable ascending single-key sort with missing last; native registry identity and runtime profile are explicit; serialized interface metadata is verified by the separate metadata suite Typed nullable integer rows/columns/tables/datasets/streams; finite schema, rows and stages; lazy callbacks once	data:row-to-tuple-arity,data:row-tuple-copy,data:row-tuple-static-bound,data:row-tuple-index-bound
g010-public:Schema.field	Exact typed owner contract; no copy/borrow/clone capability inferred from spelling	Per expression: pure computation plus explicit observed sinks	NO_IMPLICIT_GRANT	NO	Int cells; up to 8 ordered fields and 32 rows; owned UTF-8 names/type/nullability and missing bits; native schema/row/table owners; stable ascending single-key sort with missing last; native registry identity and runtime profile are explicit; serialized interface metadata is verified by the separate metadata suite Typed nullable integer rows/columns/tables/datasets/streams; finite schema, rows and stages; lazy callbacks once	data:schema-field-name-type,data:schema-field-projection-bound,data:schema-field-missing
g010-public:Schema.indexOf	Exact typed owner contract; no copy/borrow/clone capability inferred from spelling	Per expression: pure computation plus explicit observed sinks	NO_IMPLICIT_GRANT	NO	Int cells; up to 8 ordered fields and 32 rows; owned UTF-8 names/type/nullability and missing bits; native schema/row/table owners; stable ascending single-key sort with missing last; native registry identity and runtime profile are explicit; serialized interface metadata is verified by the separate metadata suite Typed nullable integer rows/columns/tables/datasets/streams; finite schema, rows and stages; lazy callbacks once	data:schema-index-name-type
g010-public:Schema.new	Exact typed owner contract; no copy/borrow/clone capability inferred from spelling	Per expression: pure computation plus explicit observed sinks	NO_IMPLICIT_GRANT	NO	Int cells; up to 8 ordered fields and 32 rows; owned UTF-8 names/type/nullability and missing bits; native schema/row/table owners; stable ascending single-key sort with missing last; native registry identity and runtime profile are explicit; serialized interface metadata is verified by the separate metadata suite Typed nullable integer rows/columns/tables/datasets/streams; finite schema, rows and stages; lazy callbacks once	data:schema-wrong-type,data:schema-wrong-name,data:schema-wrong-nullability,data:schema-field-shape,data:schema-no-fields,data:schema-over-fields,data:schema-copy,data:schema-duplicate-name,data:schema-name-over-limit
g010-public:Stream.batch	Exact typed owner contract; no copy/borrow/clone capability inferred from spelling	Per expression: pure computation plus explicit observed sinks	NO_IMPLICIT_GRANT	NO	Finite 64-event Int profile; 16 ordered lazy stages; native cursor, typed callbacks and owned List batches; logical-timestamp windows are separately exercised; native registry identity and runtime profile are explicit; serialized interface metadata is verified by the separate metadata suite Typed nullable integer rows/columns/tables/datasets/streams; finite schema, rows and stages; lazy callbacks once	data:batch-size-type,data:batch-size-arity,data:batch-copy,data:batch-size-invalid-0,data:batch-size-invalid--1,data:batch-size-invalid-65
g010-public:Stream.batch.next	Exact typed owner contract; no copy/borrow/clone capability inferred from spelling	Per expression: pure computation plus explicit observed sinks	NO_IMPLICIT_GRANT	NO	Finite 64-event Int profile; 16 ordered lazy stages; native cursor, typed callbacks and owned List batches; logical-timestamp windows are separately exercised; native registry identity and runtime profile are explicit; serialized interface metadata is verified by the separate metadata suite Typed nullable integer rows/columns/tables/datasets/streams; finite schema, rows and stages; lazy callbacks once	data:batch-option-copy
g010-public:Stream.batch.sink	Exact typed owner contract; no copy/borrow/clone capability inferred from spelling	Per expression: pure computation plus explicit observed sinks	NO_IMPLICIT_GRANT	NO	Finite 64-event Int profile; 16 ordered lazy stages; native cursor, typed callbacks and owned List batches; logical-timestamp windows are separately exercised; native registry identity and runtime profile are explicit; serialized interface metadata is verified by the separate metadata suite Typed nullable integer rows/columns/tables/datasets/streams; finite schema, rows and stages; lazy callbacks once	data:batch-sink-scalar-receiver,data:batch-sink-return-value,data:batch-sink-extra-argument
g010-public:Stream.filter	Exact typed owner contract; no copy/borrow/clone capability inferred from spelling	Per expression: pure computation plus explicit observed sinks	NO_IMPLICIT_GRANT	NO	Finite 64-event Int profile; 16 ordered lazy stages; native cursor, typed callbacks and owned List batches; logical-timestamp windows are separately exercised; native registry identity and runtime profile are explicit; serialized interface metadata is verified by the separate metadata suite Typed nullable integer rows/columns/tables/datasets/streams; finite schema, rows and stages; lazy callbacks once	data:stream-filter-return-type
g010-public:Stream.map	Exact typed owner contract; no copy/borrow/clone capability inferred from spelling	Per expression: pure computation plus explicit observed sinks	NO_IMPLICIT_GRANT	NO	Finite 64-event Int profile; 16 ordered lazy stages; native cursor, typed callbacks and owned List batches; logical-timestamp windows are separately exercised; native registry identity and runtime profile are explicit; serialized interface metadata is verified by the separate metadata suite Typed nullable integer rows/columns/tables/datasets/streams; finite schema, rows and stages; lazy callbacks once	data:stream-map-return-type,data:stream-map-arity,data:stream-map-type
g010-public:Stream.next	Exact typed owner contract; no copy/borrow/clone capability inferred from spelling	Per expression: pure computation plus explicit observed sinks	NO_IMPLICIT_GRANT	NO	Finite 64-event Int profile; 16 ordered lazy stages; native cursor, typed callbacks and owned List batches; logical-timestamp windows are separately exercised; native registry identity and runtime profile are explicit; serialized interface metadata is verified by the separate metadata suite Typed nullable integer rows/columns/tables/datasets/streams; finite schema, rows and stages; lazy callbacks once	data:stream-next-arity
g010-public:Stream.sink	Exact typed owner contract; no copy/borrow/clone capability inferred from spelling	Per expression: pure computation plus explicit observed sinks	NO_IMPLICIT_GRANT	NO	Finite 64-event Int profile; 16 ordered lazy stages; native cursor, typed callbacks and owned List batches; logical-timestamp windows are separately exercised; native registry identity and runtime profile are explicit; serialized interface metadata is verified by the separate metadata suite Typed nullable integer rows/columns/tables/datasets/streams; finite schema, rows and stages; lazy callbacks once	data:stream-sink-return-type,data:stream-sink-batch-receiver
g010-public:Stream.window	Exact typed owner contract; no copy/borrow/clone capability inferred from spelling	Per expression: pure computation plus explicit observed sinks	NO_IMPLICIT_GRANT	NO	Finite 64-event profile; Event.sequence supplies monotonic logical timestamps; positive Int duration; lazy nonempty windows yield independent owned Lists; no next-window callback executes early; native registry identity and runtime profile are explicit; serialized interface metadata is verified by the separate metadata suite Typed nullable integer rows/columns/tables/datasets/streams; finite schema, rows and stages; lazy callbacks once	data:window-duration-type,data:window-arity,data:window-missing-duration,data:window-copy,data:window-option-copy,data:window-sink-type,data:window-invalid-duration-0,data:window-invalid-duration--1,data:window-callback-trap
g010-public:Stream<Int>.from	Exact typed owner contract; no copy/borrow/clone capability inferred from spelling	Per expression: pure computation plus explicit observed sinks	NO_IMPLICIT_GRANT	NO	Finite 64-event Int profile; 16 ordered lazy stages; native cursor, typed callbacks and owned List batches; logical-timestamp windows are separately exercised; native registry identity and runtime profile are explicit; serialized interface metadata is verified by the separate metadata suite Typed nullable integer rows/columns/tables/datasets/streams; finite schema, rows and stages; lazy callbacks once	data:stream-element-type,data:stream-value-type,data:stream-copy,data:stream-from-type
g010-public:Table.columnCount	Exact typed owner contract; no copy/borrow/clone capability inferred from spelling	Per expression: pure computation plus explicit observed sinks	NO_IMPLICIT_GRANT	NO	Int cells; up to 8 ordered fields and 32 rows; owned UTF-8 names/type/nullability and missing bits; native schema/row/table owners; stable ascending single-key sort with missing last; native registry identity and runtime profile are explicit; serialized interface metadata is verified by the separate metadata suite Typed nullable integer rows/columns/tables/datasets/streams; finite schema, rows and stages; lazy callbacks once	data:table-column-count-arity
g010-public:Table.filter	Exact typed owner contract; no copy/borrow/clone capability inferred from spelling	Per expression: pure computation plus explicit observed sinks	NO_IMPLICIT_GRANT	NO	Int cells; up to 8 ordered fields and 32 rows; owned UTF-8 names/type/nullability and missing bits; native schema/row/table owners; stable ascending single-key sort with missing last; native registry identity and runtime profile are explicit; serialized interface metadata is verified by the separate metadata suite Typed nullable integer rows/columns/tables/datasets/streams; finite schema, rows and stages; lazy callbacks once	data:table-filter-receiver-type,data:table-filter-result-type,data:table-filter-arity,data:table-filter-trap
g010-public:Table.fromColumns	Exact typed owner contract; no copy/borrow/clone capability inferred from spelling	Per expression: pure computation plus explicit observed sinks	NO_IMPLICIT_GRANT	NO	Int cells; up to 8 ordered fields and 32 rows; owned UTF-8 names/type/nullability and missing bits; native schema/row/table owners; stable ascending single-key sort with missing last; native registry identity and runtime profile are explicit; serialized interface metadata is verified by the separate metadata suite Typed nullable integer rows/columns/tables/datasets/streams; finite schema, rows and stages; lazy callbacks once	data:table-empty-columns,data:table-wrong-name,data:table-wrong-column,data:table-copy,data:table-unequal-lengths,data:table-duplicate-name
g010-public:Table.groupBy	Exact typed owner contract; no copy/borrow/clone capability inferred from spelling	Per expression: pure computation plus explicit observed sinks	NO_IMPLICIT_GRANT	NO	Up to 32 materialized native Table groups; one Int key; first-seen key and source row order; missing keys excluded by native policy; owned tables and independent cursor; native registry identity and runtime profile are explicit; serialized interface metadata is verified by the separate metadata suite Typed nullable integer rows/columns/tables/datasets/streams; finite schema, rows and stages; lazy callbacks once	data:group-key-type,data:group-key-arity,data:group-key-two,data:group-method-arity,data:group-copy,data:group-missing-name
g010-public:Table.groupBy.next	Exact typed owner contract; no copy/borrow/clone capability inferred from spelling	Per expression: pure computation plus explicit observed sinks	NO_IMPLICIT_GRANT	NO	Up to 32 materialized native Table groups; one Int key; first-seen key and source row order; missing keys excluded by native policy; owned tables and independent cursor; native registry identity and runtime profile are explicit; serialized interface metadata is verified by the separate metadata suite Typed nullable integer rows/columns/tables/datasets/streams; finite schema, rows and stages; lazy callbacks once	data:group-empty-expect,data:group-copy
g010-public:Table.groupBy.sink	Exact typed owner contract; no copy/borrow/clone capability inferred from spelling	Per expression: pure computation plus explicit observed sinks	NO_IMPLICIT_GRANT	NO	Up to 32 materialized native Table groups; one Int key; first-seen key and source row order; missing keys excluded by native policy; owned tables and independent cursor; native registry identity and runtime profile are explicit; serialized interface metadata is verified by the separate metadata suite Typed nullable integer rows/columns/tables/datasets/streams; finite schema, rows and stages; lazy callbacks once	data:group-sink-type
g010-public:Table.invalidRows	Exact typed owner contract; no copy/borrow/clone capability inferred from spelling	Per expression: pure computation plus explicit observed sinks	NO_IMPLICIT_GRANT	NO	Schema constraints preserve field name/type/order; nullability quality produces Bool and an independent invalid-row Table; source cells remain unchanged; native registry identity and runtime profile are explicit; serialized interface metadata is verified by the separate metadata suite Typed nullable integer rows/columns/tables/datasets/streams; finite schema, rows and stages; lazy callbacks once	data:quality-invalid-rows-arity
g010-public:Table.join	Exact typed owner contract; no copy/borrow/clone capability inferred from spelling	Per expression: pure computation plus explicit observed sinks	NO_IMPLICIT_GRANT	NO	Single shared Int key; native kind 1 inner/2 left; <=32 rows/8 output fields; key emitted once, distinct non-key names; left-then-right order; missing never matches; native registry identity and runtime profile are explicit; serialized interface metadata is verified by the separate metadata suite Typed nullable integer rows/columns/tables/datasets/streams; finite schema, rows and stages; lazy callbacks once	data:join-other-type,data:join-keys-type,data:join-kind-type,data:join-arity,data:join-over-limit-1,data:join-over-limit-2,data:join-duplicate-nonkey
g010-public:Table.rowCount	Exact typed owner contract; no copy/borrow/clone capability inferred from spelling	Per expression: pure computation plus explicit observed sinks	NO_IMPLICIT_GRANT	NO	Int cells; up to 8 ordered fields and 32 rows; owned UTF-8 names/type/nullability and missing bits; native schema/row/table owners; stable ascending single-key sort with missing last; native registry identity and runtime profile are explicit; serialized interface metadata is verified by the separate metadata suite Typed nullable integer rows/columns/tables/datasets/streams; finite schema, rows and stages; lazy callbacks once	data:table-row-count-arity
g010-public:Table.select	Exact typed owner contract; no copy/borrow/clone capability inferred from spelling	Per expression: pure computation plus explicit observed sinks	NO_IMPLICIT_GRANT	NO	Int cells; up to 8 ordered fields and 32 rows; owned UTF-8 names/type/nullability and missing bits; native schema/row/table owners; stable ascending single-key sort with missing last; native registry identity and runtime profile are explicit; serialized interface metadata is verified by the separate metadata suite Typed nullable integer rows/columns/tables/datasets/streams; finite schema, rows and stages; lazy callbacks once	data:table-select-name-type,data:table-select-empty,data:table-select-unknown-name,data:table-select-duplicate-name
g010-public:Table.sortBy	Exact typed owner contract; no copy/borrow/clone capability inferred from spelling	Per expression: pure computation plus explicit observed sinks	NO_IMPLICIT_GRANT	NO	Int cells; up to 8 ordered fields and 32 rows; owned UTF-8 names/type/nullability and missing bits; native schema/row/table owners; stable ascending single-key sort with missing last; native registry identity and runtime profile are explicit; serialized interface metadata is verified by the separate metadata suite Typed nullable integer rows/columns/tables/datasets/streams; finite schema, rows and stages; lazy callbacks once	data:table-sort-name-type,data:table-sort-two-keys,data:table-sort-unknown-name
g010-public:Table.validate	Exact typed owner contract; no copy/borrow/clone capability inferred from spelling	Per expression: pure computation plus explicit observed sinks	NO_IMPLICIT_GRANT	NO	Schema constraints preserve field name/type/order; nullability quality produces Bool and an independent invalid-row Table; source cells remain unchanged; native registry identity and runtime profile are explicit; serialized interface metadata is verified by the separate metadata suite Typed nullable integer rows/columns/tables/datasets/streams; finite schema, rows and stages; lazy callbacks once	data:quality-constraints-type,data:quality-constraints-arity,data:quality-schema-name,data:quality-schema-count
g018-declaration:Bool.console()	Exact typed owner contract; no copy/borrow/clone capability inferred from spelling	console	SYNTHETIC_INPUT_AND_RETAINED_CONSOLE	NO	Current typed source proof g170-console:Bool.console. Retained source values plus opt-in pointer-free document/RenderTree/software observation; 256x128 BGRA8 synthetic glyphs; linear document 4096 bytes and title 256 bytes; size is UTF-8 bytes/lines; style selects zero-based payload nodes; Position is logical software pixels; typed Color RGBA8 and native Result; structured Table<Int> 32x8, Tree<Int> 32 nodes/depth16, named products 8 fields/declarations; 4096 rendered bytes and 64 structured publications. Every effect executes once; no window/backend capability inferred. See G170 checklist for narrower method bounds; metadata joins remain in F01. Corrected G018 SHA256=0944468ee395ee0c83aa6697baf52d111053327405fafd499e3cf08d57031718 Retained document/headless software profile; exact nodes and bytes; no live desktop claim	console:bare-color
g018-declaration:Int.console()	Exact typed owner contract; no copy/borrow/clone capability inferred from spelling	console	SYNTHETIC_INPUT_AND_RETAINED_CONSOLE	NO	Current typed source proof g170-console:Int.console. Retained source values plus opt-in pointer-free document/RenderTree/software observation; 256x128 BGRA8 synthetic glyphs; linear document 4096 bytes and title 256 bytes; size is UTF-8 bytes/lines; style selects zero-based payload nodes; Position is logical software pixels; typed Color RGBA8 and native Result; structured Table<Int> 32x8, Tree<Int> 32 nodes/depth16, named products 8 fields/declarations; 4096 rendered bytes and 64 structured publications. Every effect executes once; no window/backend capability inferred. See G170 checklist for narrower method bounds; metadata joins remain in F01. Corrected G018 SHA256=0944468ee395ee0c83aa6697baf52d111053327405fafd499e3cf08d57031718 Retained document/headless software profile; exact nodes and bytes; no live desktop claim	console:bare-color
g018-declaration:Text.console()	Exact typed owner contract; no copy/borrow/clone capability inferred from spelling	console	SYNTHETIC_INPUT_AND_RETAINED_CONSOLE	NO	Current typed source proof g170-console:Text.console. Retained source values plus opt-in pointer-free document/RenderTree/software observation; 256x128 BGRA8 synthetic glyphs; linear document 4096 bytes and title 256 bytes; size is UTF-8 bytes/lines; style selects zero-based payload nodes; Position is logical software pixels; typed Color RGBA8 and native Result; structured Table<Int> 32x8, Tree<Int> 32 nodes/depth16, named products 8 fields/declarations; 4096 rendered bytes and 64 structured publications. Every effect executes once; no window/backend capability inferred. See G170 checklist for narrower method bounds; metadata joins remain in F01. Corrected G018 SHA256=0944468ee395ee0c83aa6697baf52d111053327405fafd499e3cf08d57031718 Retained document/headless software profile; exact nodes and bytes; no live desktop claim	console:bare-color
g018-declaration:Text.scan()	Exact typed owner contract; no copy/borrow/clone capability inferred from spelling	input,console	SYNTHETIC_INPUT_AND_RETAINED_CONSOLE	NO	Current typed source proof g170-scan:scan. Real contextual option AST children, lexical operands and native ScanPlan owners. Text UTF-8 <=4096 bytes; Int64; Bool true/false; Char one-byte profile; 1..32 choices; finite retries <=8; readonly relative replay file <=4096 bytes/path<=256; typed Option<Int>/Result<T,ScanError>; headless Console metadata and pointer-free native events. Public secret events hide input bytes/length/digest. No live backend claim. Multiline/paragraph/block/Markdown/code/JSON/raw modes use native G078/G080 owners with at most 256 lines; finite Console enum choices are not nominal enum reflection; multiSelect exposes the native unique 32-bit mask; confirmSecret consumes a second input; forgetAfterUse zeroizes consumed private bytes and preserves the owned result. At most 32 total options. SymbolId/DocRecord reconciliation stays in F01. Corrected G018 SHA256=0944468ee395ee0c83aa6697baf52d111053327405fafd499e3cf08d57031718 Synthetic mock/stdin replay; typed bounded ScanPlan; redaction; no real secret or live device	scan:invalid-process-type,scan:unknown
g018-declaration:console.append(value, style)	Exact typed owner contract; no copy/borrow/clone capability inferred from spelling	console	SYNTHETIC_INPUT_AND_RETAINED_CONSOLE	NO	Current typed source proof g170-console:Console.append. Retained source values plus opt-in pointer-free document/RenderTree/software observation; 256x128 BGRA8 synthetic glyphs; linear document 4096 bytes and title 256 bytes; size is UTF-8 bytes/lines; style selects zero-based payload nodes; Position is logical software pixels; typed Color RGBA8 and native Result; structured Table<Int> 32x8, Tree<Int> 32 nodes/depth16, named products 8 fields/declarations; 4096 rendered bytes and 64 structured publications. Every effect executes once; no window/backend capability inferred. See G170 checklist for narrower method bounds; metadata joins remain in F01. Corrected G018 SHA256=0944468ee395ee0c83aa6697baf52d111053327405fafd499e3cf08d57031718 Retained document/headless software profile; exact nodes and bytes; no live desktop claim	console:append-float,console:append-missing,console:styled-append-type,console:styled-append-arity
g018-declaration:console.clear()	Exact typed owner contract; no copy/borrow/clone capability inferred from spelling	console	SYNTHETIC_INPUT_AND_RETAINED_CONSOLE	NO	Current typed source proof g170-console:Console.clear. Retained source values plus opt-in pointer-free document/RenderTree/software observation; 256x128 BGRA8 synthetic glyphs; linear document 4096 bytes and title 256 bytes; size is UTF-8 bytes/lines; style selects zero-based payload nodes; Position is logical software pixels; typed Color RGBA8 and native Result; structured Table<Int> 32x8, Tree<Int> 32 nodes/depth16, named products 8 fields/declarations; 4096 rendered bytes and 64 structured publications. Every effect executes once; no window/backend capability inferred. See G170 checklist for narrower method bounds; metadata joins remain in F01. Corrected G018 SHA256=0944468ee395ee0c83aa6697baf52d111053327405fafd499e3cf08d57031718 Retained document/headless software profile; exact nodes and bytes; no live desktop claim	console:clear-arity,console:close-clear
g018-declaration:console.close()	Exact typed owner contract; no copy/borrow/clone capability inferred from spelling	console	SYNTHETIC_INPUT_AND_RETAINED_CONSOLE	NO	Current typed source proof g170-console:Console.close. Retained source values plus opt-in pointer-free document/RenderTree/software observation; 256x128 BGRA8 synthetic glyphs; linear document 4096 bytes and title 256 bytes; size is UTF-8 bytes/lines; style selects zero-based payload nodes; Position is logical software pixels; typed Color RGBA8 and native Result; structured Table<Int> 32x8, Tree<Int> 32 nodes/depth16, named products 8 fields/declarations; 4096 rendered bytes and 64 structured publications. Every effect executes once; no window/backend capability inferred. See G170 checklist for narrower method bounds; metadata joins remain in F01. Corrected G018 SHA256=0944468ee395ee0c83aa6697baf52d111053327405fafd499e3cf08d57031718 Retained document/headless software profile; exact nodes and bytes; no live desktop claim	console:close-arity,console:close-twice,console:close-publish
g018-declaration:console.scrollToEnd()	Exact typed owner contract; no copy/borrow/clone capability inferred from spelling	console	SYNTHETIC_INPUT_AND_RETAINED_CONSOLE	NO	Current typed source proof g170-console:Console.scrollToEnd. Retained source values plus opt-in pointer-free document/RenderTree/software observation; 256x128 BGRA8 synthetic glyphs; linear document 4096 bytes and title 256 bytes; size is UTF-8 bytes/lines; style selects zero-based payload nodes; Position is logical software pixels; typed Color RGBA8 and native Result; structured Table<Int> 32x8, Tree<Int> 32 nodes/depth16, named products 8 fields/declarations; 4096 rendered bytes and 64 structured publications. Every effect executes once; no window/backend capability inferred. See G170 checklist for narrower method bounds; metadata joins remain in F01. Corrected G018 SHA256=0944468ee395ee0c83aa6697baf52d111053327405fafd499e3cf08d57031718 Retained document/headless software profile; exact nodes and bytes; no live desktop claim	console:scroll-arity
g018-declaration:console.size()	Exact typed owner contract; no copy/borrow/clone capability inferred from spelling	console	SYNTHETIC_INPUT_AND_RETAINED_CONSOLE	NO	Current typed source proof g170-console:Console.size. Retained source values plus opt-in pointer-free document/RenderTree/software observation; 256x128 BGRA8 synthetic glyphs; linear document 4096 bytes and title 256 bytes; size is UTF-8 bytes/lines; style selects zero-based payload nodes; Position is logical software pixels; typed Color RGBA8 and native Result; structured Table<Int> 32x8, Tree<Int> 32 nodes/depth16, named products 8 fields/declarations; 4096 rendered bytes and 64 structured publications. Every effect executes once; no window/backend capability inferred. See G170 checklist for narrower method bounds; metadata joins remain in F01. Corrected G018 SHA256=0944468ee395ee0c83aa6697baf52d111053327405fafd499e3cf08d57031718 Retained document/headless software profile; exact nodes and bytes; no live desktop claim	console:size-arity
g018-declaration:console.style(range, style)	Exact typed owner contract; no copy/borrow/clone capability inferred from spelling	console	SYNTHETIC_INPUT_AND_RETAINED_CONSOLE	NO	Current typed source proof g170-console:Console.style. Retained source values plus opt-in pointer-free document/RenderTree/software observation; 256x128 BGRA8 synthetic glyphs; linear document 4096 bytes and title 256 bytes; size is UTF-8 bytes/lines; style selects zero-based payload nodes; Position is logical software pixels; typed Color RGBA8 and native Result; structured Table<Int> 32x8, Tree<Int> 32 nodes/depth16, named products 8 fields/declarations; 4096 rendered bytes and 64 structured publications. Every effect executes once; no window/backend capability inferred. See G170 checklist for narrower method bounds; metadata joins remain in F01. Corrected G018 SHA256=0944468ee395ee0c83aa6697baf52d111053327405fafd499e3cf08d57031718 Retained document/headless software profile; exact nodes and bytes; no live desktop claim	console:style-selection-type,console:style-endpoint-type,console:style-selection-arity,console:style-role-type,console:style-bound--1-1,console:style-bound-0-3,console:style-bound-2-1
g018-declaration:console.title(text)	Exact typed owner contract; no copy/borrow/clone capability inferred from spelling	console	SYNTHETIC_INPUT_AND_RETAINED_CONSOLE	NO	Current typed source proof g170-console:Console.title. Retained source values plus opt-in pointer-free document/RenderTree/software observation; 256x128 BGRA8 synthetic glyphs; linear document 4096 bytes and title 256 bytes; size is UTF-8 bytes/lines; style selects zero-based payload nodes; Position is logical software pixels; typed Color RGBA8 and native Result; structured Table<Int> 32x8, Tree<Int> 32 nodes/depth16, named products 8 fields/declarations; 4096 rendered bytes and 64 structured publications. Every effect executes once; no window/backend capability inferred. See G170 checklist for narrower method bounds; metadata joins remain in F01. Corrected G018 SHA256=0944468ee395ee0c83aa6697baf52d111053327405fafd499e3cf08d57031718 Retained document/headless software profile; exact nodes and bytes; no live desktop claim	console:title-type,console:title-limit
g018-declaration:visual.summarize(value)	Exact typed owner contract; no copy/borrow/clone capability inferred from spelling	console	SYNTHETIC_INPUT_AND_RETAINED_CONSOLE	NO	Current typed source proof g170-console:visual.summarize. Canonical existing pure visual_summary_foundation owner, actual Int value 0..255, decimal provenance, one evaluation and independent explicit return; no document/window/rendering effect is claimed. Corrected G018 SHA256=0944468ee395ee0c83aa6697baf52d111053327405fafd499e3cf08d57031718 Retained document/headless software profile; exact nodes and bytes; no live desktop claim	console:visual-summary-range--1,console:visual-summary-range-256,console:visual-summary-type,console:visual-summary-arity,console:visual-summary-shadow
"g059-format:""%s tem %d anos"".format(nome, idade).console();"	Exact typed owner contract; no copy/borrow/clone capability inferred from spelling	Per expression: pure computation plus explicit observed sinks	NO_IMPLICIT_GRANT	NO	Actual Int64/Float/Bool/Text arguments; literal strict template or dynamic checked policy; 4096 template bytes, 128 nodes, 64 args, width 256, precision 6, output 1 MiB; native typed renderer and distinct owned result frames; named lexical values evaluated once; native registry identity and runtime profile are explicit; serialized interface metadata is verified by the separate metadata suite Checked format/interpolation profile; 64 segments; finite text/output budgets; pure interpolation	format:wrong-type
g059-format:ConsoleOptions	Exact typed owner contract; no copy/borrow/clone capability inferred from spelling	console	SYNTHETIC_INPUT_AND_RETAINED_CONSOLE	NO	Actual Int64/Float/Bool/Text arguments; literal strict template or dynamic checked policy; 4096 template bytes, 128 nodes, 64 args, width 256, precision 6, output 1 MiB; native typed renderer and distinct owned result frames; named lexical values evaluated once; native registry identity and runtime profile are explicit; serialized interface metadata is verified by the separate metadata suite Retained document/headless software profile; exact nodes and bytes; no live desktop claim	console:fg-type,console:position-type,console:style-role-type
g059-format:FormatError.AllocationFailed	Exact typed owner contract; no copy/borrow/clone capability inferred from spelling	Per expression: pure computation plus explicit observed sinks	NO_IMPLICIT_GRANT	NO	Actual Int64/Float/Bool/Text arguments; literal strict template or dynamic checked policy; 4096 template bytes, 128 nodes, 64 args, width 256, precision 6, output 1 MiB; native typed renderer and distinct owned result frames; named lexical values evaluated once; native registry identity and runtime profile are explicit; serialized interface metadata is verified by the separate metadata suite Checked format/interpolation profile; 64 segments; finite text/output budgets; pure interpolation	format:template-4097
g059-format:FormatError.InvalidTemplate	Exact typed owner contract; no copy/borrow/clone capability inferred from spelling	Per expression: pure computation plus explicit observed sinks	NO_IMPLICIT_GRANT	NO	Actual Int64/Float/Bool/Text arguments; literal strict template or dynamic checked policy; 4096 template bytes, 128 nodes, 64 args, width 256, precision 6, output 1 MiB; native typed renderer and distinct owned result frames; named lexical values evaluated once; native registry identity and runtime profile are explicit; serialized interface metadata is verified by the separate metadata suite Checked format/interpolation profile; 64 segments; finite text/output budgets; pure interpolation	format:unknown,format:missing
g059-format:FormatError.SizeOverflow	Exact typed owner contract; no copy/borrow/clone capability inferred from spelling	Per expression: pure computation plus explicit observed sinks	NO_IMPLICIT_GRANT	NO	Actual Int64/Float/Bool/Text arguments; literal strict template or dynamic checked policy; 4096 template bytes, 128 nodes, 64 args, width 256, precision 6, output 1 MiB; native typed renderer and distinct owned result frames; named lexical values evaluated once; native registry identity and runtime profile are explicit; serialized interface metadata is verified by the separate metadata suite Checked format/interpolation profile; 64 segments; finite text/output budgets; pure interpolation	format:template-4097
g059-format:FormatString.parseChecked(Text)	Exact typed owner contract; no copy/borrow/clone capability inferred from spelling	Per expression: pure computation plus explicit observed sinks	NO_IMPLICIT_GRANT	NO	Actual Int64/Float/Bool/Text arguments; literal strict template or dynamic checked policy; 4096 template bytes, 128 nodes, 64 args, width 256, precision 6, output 1 MiB; native typed renderer and distinct owned result frames; named lexical values evaluated once; native registry identity and runtime profile are explicit; serialized interface metadata is verified by the separate metadata suite Checked format/interpolation profile; 64 segments; finite text/output budgets; pure interpolation	format:parsed-argument-type,format:parsed-arity,format:parsed-extra
g059-format:FormatString.validate(types)	Exact typed owner contract; no copy/borrow/clone capability inferred from spelling	Per expression: pure computation plus explicit observed sinks	NO_IMPLICIT_GRANT	NO	Actual Int64/Float/Bool/Text arguments; literal strict template or dynamic checked policy; 4096 template bytes, 128 nodes, 64 args, width 256, precision 6, output 1 MiB; native typed renderer and distinct owned result frames; named lexical values evaluated once; native registry identity and runtime profile are explicit; serialized interface metadata is verified by the separate metadata suite Checked format/interpolation profile; 64 segments; finite text/output budgets; pure interpolation	format:parsed-signature-unknown,format:parsed-signature-limit
g059-format:FormatString<TArgs>	Exact typed owner contract; no copy/borrow/clone capability inferred from spelling	Per expression: pure computation plus explicit observed sinks	NO_IMPLICIT_GRANT	NO	Actual Int64/Float/Bool/Text arguments; literal strict template or dynamic checked policy; 4096 template bytes, 128 nodes, 64 args, width 256, precision 6, output 1 MiB; native typed renderer and distinct owned result frames; named lexical values evaluated once; native registry identity and runtime profile are explicit; serialized interface metadata is verified by the separate metadata suite Checked format/interpolation profile; 64 segments; finite text/output budgets; pure interpolation	format:parsed-signature-type,format:parsed-signature-shadow
g059-format:StaticFormatString	Exact typed owner contract; no copy/borrow/clone capability inferred from spelling	Per expression: pure computation plus explicit observed sinks	NO_IMPLICIT_GRANT	NO	Actual Int64/Float/Bool/Text arguments; literal strict template or dynamic checked policy; 4096 template bytes, 128 nodes, 64 args, width 256, precision 6, output 1 MiB; native typed renderer and distinct owned result frames; named lexical values evaluated once; native registry identity and runtime profile are explicit; serialized interface metadata is verified by the separate metadata suite Checked format/interpolation profile; 64 segments; finite text/output budgets; pure interpolation	format:wrong-type,format:unknown
g059-format:Text.console(options...)	Exact typed owner contract; no copy/borrow/clone capability inferred from spelling	console	SYNTHETIC_INPUT_AND_RETAINED_CONSOLE	NO	Actual Int64/Float/Bool/Text arguments; literal strict template or dynamic checked policy; 4096 template bytes, 128 nodes, 64 args, width 256, precision 6, output 1 MiB; native typed renderer and distinct owned result frames; named lexical values evaluated once; native registry identity and runtime profile are explicit; serialized interface metadata is verified by the separate metadata suite Retained document/headless software profile; exact nodes and bytes; no live desktop claim	console:fg-type,console:position-type,console:style-role-type
g059-format:Text.format(args...) -> Text	Exact typed owner contract; no copy/borrow/clone capability inferred from spelling	Per expression: pure computation plus explicit observed sinks	NO_IMPLICIT_GRANT	NO	Actual Int64/Float/Bool/Text arguments; literal strict template or dynamic checked policy; 4096 template bytes, 128 nodes, 64 args, width 256, precision 6, output 1 MiB; native typed renderer and distinct owned result frames; named lexical values evaluated once; native registry identity and runtime profile are explicit; serialized interface metadata is verified by the separate metadata suite Checked format/interpolation profile; 64 segments; finite text/output budgets; pure interpolation	format:wrong-type,format:missing,format:extra,format:dynamic-strict
g059-format:Text.formatWith(policy, args...) -> Result<Text, FormatError>	Exact typed owner contract; no copy/borrow/clone capability inferred from spelling	Per expression: pure computation plus explicit observed sinks	NO_IMPLICIT_GRANT	NO	Actual Int64/Float/Bool/Text arguments; literal strict template or dynamic checked policy; 4096 template bytes, 128 nodes, 64 args, width 256, precision 6, output 1 MiB; native typed renderer and distinct owned result frames; named lexical values evaluated once; native registry identity and runtime profile are explicit; serialized interface metadata is verified by the separate metadata suite Checked format/interpolation profile; 64 segments; finite text/output budgets; pure interpolation	format:checked-policy-type,format:checked-policy-missing,format:checked-fallback-type,format:checked-predicate-arity
g059-format:format(...).binding	Exact typed owner contract; no copy/borrow/clone capability inferred from spelling	Per expression: pure computation plus explicit observed sinks	NO_IMPLICIT_GRANT	NO	Actual Int64/Float/Bool/Text arguments; literal strict template or dynamic checked policy; 4096 template bytes, 128 nodes, 64 args, width 256, precision 6, output 1 MiB; native typed renderer and distinct owned result frames; named lexical values evaluated once; native registry identity and runtime profile are explicit; serialized interface metadata is verified by the separate metadata suite Checked format/interpolation profile; 64 segments; finite text/output budgets; pure interpolation	format:wrong-type
g060-format:%#	Exact typed owner contract; no copy/borrow/clone capability inferred from spelling	Per expression: pure computation plus explicit observed sinks	NO_IMPLICIT_GRANT	NO	Actual Int64/Float/Bool/Text arguments; literal strict template or dynamic checked policy; 4096 template bytes, 128 nodes, 64 args, width 256, precision 6, output 1 MiB; native typed renderer and distinct owned result frames; named lexical values evaluated once; native registry identity and runtime profile are explicit; serialized interface metadata is verified by the separate metadata suite Checked format/interpolation profile; 64 segments; finite text/output budgets; pure interpolation	format:wrong-value
g060-format:%%	Exact typed owner contract; no copy/borrow/clone capability inferred from spelling	Per expression: pure computation plus explicit observed sinks	NO_IMPLICIT_GRANT	NO	Actual Int64/Float/Bool/Text arguments; literal strict template or dynamic checked policy; 4096 template bytes, 128 nodes, 64 args, width 256, precision 6, output 1 MiB; native typed renderer and distinct owned result frames; named lexical values evaluated once; native registry identity and runtime profile are explicit; serialized interface metadata is verified by the separate metadata suite Checked format/interpolation profile; 64 segments; finite text/output budgets; pure interpolation	format:unknown
g060-format:%-8s	Exact typed owner contract; no copy/borrow/clone capability inferred from spelling	Per expression: pure computation plus explicit observed sinks	NO_IMPLICIT_GRANT	NO	Actual Int64/Float/Bool/Text arguments; literal strict template or dynamic checked policy; 4096 template bytes, 128 nodes, 64 args, width 256, precision 6, output 1 MiB; native typed renderer and distinct owned result frames; named lexical values evaluated once; native registry identity and runtime profile are explicit; serialized interface metadata is verified by the separate metadata suite Checked format/interpolation profile; 64 segments; finite text/output budgets; pure interpolation	format:width-limit
g060-format:%.2f	Exact typed owner contract; no copy/borrow/clone capability inferred from spelling	Per expression: pure computation plus explicit observed sinks	NO_IMPLICIT_GRANT	NO	Actual Int64/Float/Bool/Text arguments; literal strict template or dynamic checked policy; 4096 template bytes, 128 nodes, 64 args, width 256, precision 6, output 1 MiB; native typed renderer and distinct owned result frames; named lexical values evaluated once; native registry identity and runtime profile are explicit; serialized interface metadata is verified by the separate metadata suite Checked format/interpolation profile; 64 segments; finite text/output budgets; pure interpolation	format:precision-limit
g060-format:%04d	Exact typed owner contract; no copy/borrow/clone capability inferred from spelling	Per expression: pure computation plus explicit observed sinks	NO_IMPLICIT_GRANT	NO	Actual Int64/Float/Bool/Text arguments; literal strict template or dynamic checked policy; 4096 template bytes, 128 nodes, 64 args, width 256, precision 6, output 1 MiB; native typed renderer and distinct owned result frames; named lexical values evaluated once; native registry identity and runtime profile are explicit; serialized interface metadata is verified by the separate metadata suite Checked format/interpolation profile; 64 segments; finite text/output budgets; pure interpolation	format:width-limit
g060-format:%1$d	Exact typed owner contract; no copy/borrow/clone capability inferred from spelling	Per expression: pure computation plus explicit observed sinks	NO_IMPLICIT_GRANT	NO	Actual Int64/Float/Bool/Text arguments; literal strict template or dynamic checked policy; 4096 template bytes, 128 nodes, 64 args, width 256, precision 6, output 1 MiB; native typed renderer and distinct owned result frames; named lexical values evaluated once; native registry identity and runtime profile are explicit; serialized interface metadata is verified by the separate metadata suite Checked format/interpolation profile; 64 segments; finite text/output budgets; pure interpolation	format:position-zero,format:position-missing
g060-format:%2$s	Exact typed owner contract; no copy/borrow/clone capability inferred from spelling	Per expression: pure computation plus explicit observed sinks	NO_IMPLICIT_GRANT	NO	Actual Int64/Float/Bool/Text arguments; literal strict template or dynamic checked policy; 4096 template bytes, 128 nodes, 64 args, width 256, precision 6, output 1 MiB; native typed renderer and distinct owned result frames; named lexical values evaluated once; native registry identity and runtime profile are explicit; serialized interface metadata is verified by the separate metadata suite Checked format/interpolation profile; 64 segments; finite text/output budgets; pure interpolation	format:position-zero,format:position-missing
g060-format:%8s	Exact typed owner contract; no copy/borrow/clone capability inferred from spelling	Per expression: pure computation plus explicit observed sinks	NO_IMPLICIT_GRANT	NO	Actual Int64/Float/Bool/Text arguments; literal strict template or dynamic checked policy; 4096 template bytes, 128 nodes, 64 args, width 256, precision 6, output 1 MiB; native typed renderer and distinct owned result frames; named lexical values evaluated once; native registry identity and runtime profile are explicit; serialized interface metadata is verified by the separate metadata suite Checked format/interpolation profile; 64 segments; finite text/output budgets; pure interpolation	format:width-limit
g060-format:%?	Exact typed owner contract; no copy/borrow/clone capability inferred from spelling	Per expression: pure computation plus explicit observed sinks	NO_IMPLICIT_GRANT	NO	Actual Int64/Float/Bool/Text arguments; literal strict template or dynamic checked policy; 4096 template bytes, 128 nodes, 64 args, width 256, precision 6, output 1 MiB; native typed renderer and distinct owned result frames; named lexical values evaluated once; native registry identity and runtime profile are explicit; serialized interface metadata is verified by the separate metadata suite Checked format/interpolation profile; 64 segments; finite text/output budgets; pure interpolation	format:wrong-typename
g060-format:%T	Exact typed owner contract; no copy/borrow/clone capability inferred from spelling	Per expression: pure computation plus explicit observed sinks	NO_IMPLICIT_GRANT	NO	Actual Int64/Float/Bool/Text arguments; literal strict template or dynamic checked policy; 4096 template bytes, 128 nodes, 64 args, width 256, precision 6, output 1 MiB; native typed renderer and distinct owned result frames; named lexical values evaluated once; native registry identity and runtime profile are explicit; serialized interface metadata is verified by the separate metadata suite Checked format/interpolation profile; 64 segments; finite text/output budgets; pure interpolation	format:wrong-typename
g060-format:%b	Exact typed owner contract; no copy/borrow/clone capability inferred from spelling	Per expression: pure computation plus explicit observed sinks	NO_IMPLICIT_GRANT	NO	Actual Int64/Float/Bool/Text arguments; literal strict template or dynamic checked policy; 4096 template bytes, 128 nodes, 64 args, width 256, precision 6, output 1 MiB; native typed renderer and distinct owned result frames; named lexical values evaluated once; native registry identity and runtime profile are explicit; serialized interface metadata is verified by the separate metadata suite Checked format/interpolation profile; 64 segments; finite text/output budgets; pure interpolation	format:wrong-bool
g060-format:%d	Exact typed owner contract; no copy/borrow/clone capability inferred from spelling	Per expression: pure computation plus explicit observed sinks	NO_IMPLICIT_GRANT	NO	Actual Int64/Float/Bool/Text arguments; literal strict template or dynamic checked policy; 4096 template bytes, 128 nodes, 64 args, width 256, precision 6, output 1 MiB; native typed renderer and distinct owned result frames; named lexical values evaluated once; native registry identity and runtime profile are explicit; serialized interface metadata is verified by the separate metadata suite Checked format/interpolation profile; 64 segments; finite text/output budgets; pure interpolation	format:wrong-type
g060-format:%e	Exact typed owner contract; no copy/borrow/clone capability inferred from spelling	Per expression: pure computation plus explicit observed sinks	NO_IMPLICIT_GRANT	NO	Actual Int64/Float/Bool/Text arguments; literal strict template or dynamic checked policy; 4096 template bytes, 128 nodes, 64 args, width 256, precision 6, output 1 MiB; native typed renderer and distinct owned result frames; named lexical values evaluated once; native registry identity and runtime profile are explicit; serialized interface metadata is verified by the separate metadata suite Checked format/interpolation profile; 64 segments; finite text/output budgets; pure interpolation	format:wrong-scientific,format:precision-limit
g060-format:%f	Exact typed owner contract; no copy/borrow/clone capability inferred from spelling	Per expression: pure computation plus explicit observed sinks	NO_IMPLICIT_GRANT	NO	Actual Int64/Float/Bool/Text arguments; literal strict template or dynamic checked policy; 4096 template bytes, 128 nodes, 64 args, width 256, precision 6, output 1 MiB; native typed renderer and distinct owned result frames; named lexical values evaluated once; native registry identity and runtime profile are explicit; serialized interface metadata is verified by the separate metadata suite Checked format/interpolation profile; 64 segments; finite text/output budgets; pure interpolation	format:wrong-float,format:precision-limit
g060-format:%j	Exact typed owner contract; no copy/borrow/clone capability inferred from spelling	Per expression: pure computation plus explicit observed sinks	NO_IMPLICIT_GRANT	NO	Actual Int64/Float/Bool/Text arguments; literal strict template or dynamic checked policy; 4096 template bytes, 128 nodes, 64 args, width 256, precision 6, output 1 MiB; native typed renderer and distinct owned result frames; named lexical values evaluated once; native registry identity and runtime profile are explicit; serialized interface metadata is verified by the separate metadata suite Checked format/interpolation profile; 64 segments; finite text/output budgets; pure interpolation	format:wrong-json
g060-format:%o	Exact typed owner contract; no copy/borrow/clone capability inferred from spelling	Per expression: pure computation plus explicit observed sinks	NO_IMPLICIT_GRANT	NO	Actual Int64/Float/Bool/Text arguments; literal strict template or dynamic checked policy; 4096 template bytes, 128 nodes, 64 args, width 256, precision 6, output 1 MiB; native typed renderer and distinct owned result frames; named lexical values evaluated once; native registry identity and runtime profile are explicit; serialized interface metadata is verified by the separate metadata suite Checked format/interpolation profile; 64 segments; finite text/output budgets; pure interpolation	format:wrong-octal
g060-format:%q	Exact typed owner contract; no copy/borrow/clone capability inferred from spelling	Per expression: pure computation plus explicit observed sinks	NO_IMPLICIT_GRANT	NO	Actual Int64/Float/Bool/Text arguments; literal strict template or dynamic checked policy; 4096 template bytes, 128 nodes, 64 args, width 256, precision 6, output 1 MiB; native typed renderer and distinct owned result frames; named lexical values evaluated once; native registry identity and runtime profile are explicit; serialized interface metadata is verified by the separate metadata suite Checked format/interpolation profile; 64 segments; finite text/output budgets; pure interpolation	format:wrong-quote
g060-format:%s	Exact typed owner contract; no copy/borrow/clone capability inferred from spelling	Per expression: pure computation plus explicit observed sinks	NO_IMPLICIT_GRANT	NO	Actual Int64/Float/Bool/Text arguments; literal strict template or dynamic checked policy; 4096 template bytes, 128 nodes, 64 args, width 256, precision 6, output 1 MiB; native typed renderer and distinct owned result frames; named lexical values evaluated once; native registry identity and runtime profile are explicit; serialized interface metadata is verified by the separate metadata suite Checked format/interpolation profile; 64 segments; finite text/output budgets; pure interpolation	format:coercion-forbidden
g060-format:%v	Exact typed owner contract; no copy/borrow/clone capability inferred from spelling	Per expression: pure computation plus explicit observed sinks	NO_IMPLICIT_GRANT	NO	Actual Int64/Float/Bool/Text arguments; literal strict template or dynamic checked policy; 4096 template bytes, 128 nodes, 64 args, width 256, precision 6, output 1 MiB; native typed renderer and distinct owned result frames; named lexical values evaluated once; native registry identity and runtime profile are explicit; serialized interface metadata is verified by the separate metadata suite Checked format/interpolation profile; 64 segments; finite text/output budgets; pure interpolation	format:wrong-value
g060-format:%x	Exact typed owner contract; no copy/borrow/clone capability inferred from spelling	Per expression: pure computation plus explicit observed sinks	NO_IMPLICIT_GRANT	NO	Actual Int64/Float/Bool/Text arguments; literal strict template or dynamic checked policy; 4096 template bytes, 128 nodes, 64 args, width 256, precision 6, output 1 MiB; native typed renderer and distinct owned result frames; named lexical values evaluated once; native registry identity and runtime profile are explicit; serialized interface metadata is verified by the separate metadata suite Checked format/interpolation profile; 64 segments; finite text/output budgets; pure interpolation	format:wrong-hex
g060-format:%{idade:d}	Exact typed owner contract; no copy/borrow/clone capability inferred from spelling	Per expression: pure computation plus explicit observed sinks	NO_IMPLICIT_GRANT	NO	Actual Int64/Float/Bool/Text arguments; literal strict template or dynamic checked policy; 4096 template bytes, 128 nodes, 64 args, width 256, precision 6, output 1 MiB; native typed renderer and distinct owned result frames; named lexical values evaluated once; native registry identity and runtime profile are explicit; serialized interface metadata is verified by the separate metadata suite Checked format/interpolation profile; 64 segments; finite text/output budgets; pure interpolation	format:named-type,format:named-duplicate
g060-format:%{nome:s}	Exact typed owner contract; no copy/borrow/clone capability inferred from spelling	Per expression: pure computation plus explicit observed sinks	NO_IMPLICIT_GRANT	NO	Actual Int64/Float/Bool/Text arguments; literal strict template or dynamic checked policy; 4096 template bytes, 128 nodes, 64 args, width 256, precision 6, output 1 MiB; native typed renderer and distinct owned result frames; named lexical values evaluated once; native registry identity and runtime profile are explicit; serialized interface metadata is verified by the separate metadata suite Checked format/interpolation profile; 64 segments; finite text/output budgets; pure interpolation	format:named-duplicate,format:named-absent
g060-format:.allowCoerce()	Exact typed owner contract; no copy/borrow/clone capability inferred from spelling	Per expression: pure computation plus explicit observed sinks	NO_IMPLICIT_GRANT	NO	Actual Int64/Float/Bool/Text arguments; literal strict template or dynamic checked policy; 4096 template bytes, 128 nodes, 64 args, width 256, precision 6, output 1 MiB; native typed renderer and distinct owned result frames; named lexical values evaluated once; native registry identity and runtime profile are explicit; serialized interface metadata is verified by the separate metadata suite Checked format/interpolation profile; 64 segments; finite text/output budgets; pure interpolation	format:configured-arity-allowCoerce
g060-format:.extraArgs(policy)	Exact typed owner contract; no copy/borrow/clone capability inferred from spelling	Per expression: pure computation plus explicit observed sinks	NO_IMPLICIT_GRANT	NO	Actual Int64/Float/Bool/Text arguments; literal strict template or dynamic checked policy; 4096 template bytes, 128 nodes, 64 args, width 256, precision 6, output 1 MiB; native typed renderer and distinct owned result frames; named lexical values evaluated once; native registry identity and runtime profile are explicit; serialized interface metadata is verified by the separate metadata suite Checked format/interpolation profile; 64 segments; finite text/output budgets; pure interpolation	format:configured-type-extraArgs,format:configured-domain-extraArgs
g060-format:.formatOnly()	Exact typed owner contract; no copy/borrow/clone capability inferred from spelling	Per expression: pure computation plus explicit observed sinks	NO_IMPLICIT_GRANT	NO	Actual Int64/Float/Bool/Text arguments; literal strict template or dynamic checked policy; 4096 template bytes, 128 nodes, 64 args, width 256, precision 6, output 1 MiB; native typed renderer and distinct owned result frames; named lexical values evaluated once; native registry identity and runtime profile are explicit; serialized interface metadata is verified by the separate metadata suite Checked format/interpolation profile; 64 segments; finite text/output budgets; pure interpolation	format:configured-arity-formatOnly
g060-format:.loose()	Exact typed owner contract; no copy/borrow/clone capability inferred from spelling	Per expression: pure computation plus explicit observed sinks	NO_IMPLICIT_GRANT	NO	Actual Int64/Float/Bool/Text arguments; literal strict template or dynamic checked policy; 4096 template bytes, 128 nodes, 64 args, width 256, precision 6, output 1 MiB; native typed renderer and distinct owned result frames; named lexical values evaluated once; native registry identity and runtime profile are explicit; serialized interface metadata is verified by the separate metadata suite Checked format/interpolation profile; 64 segments; finite text/output budgets; pure interpolation	format:configured-arity-loose
g060-format:.missingArgs(policy)	Exact typed owner contract; no copy/borrow/clone capability inferred from spelling	Per expression: pure computation plus explicit observed sinks	NO_IMPLICIT_GRANT	NO	Actual Int64/Float/Bool/Text arguments; literal strict template or dynamic checked policy; 4096 template bytes, 128 nodes, 64 args, width 256, precision 6, output 1 MiB; native typed renderer and distinct owned result frames; named lexical values evaluated once; native registry identity and runtime profile are explicit; serialized interface metadata is verified by the separate metadata suite Checked format/interpolation profile; 64 segments; finite text/output budgets; pure interpolation	format:configured-type-missingArgs,format:configured-domain-missingArgs
g060-format:.noCoerce()	Exact typed owner contract; no copy/borrow/clone capability inferred from spelling	Per expression: pure computation plus explicit observed sinks	NO_IMPLICIT_GRANT	NO	Actual Int64/Float/Bool/Text arguments; literal strict template or dynamic checked policy; 4096 template bytes, 128 nodes, 64 args, width 256, precision 6, output 1 MiB; native typed renderer and distinct owned result frames; named lexical values evaluated once; native registry identity and runtime profile are explicit; serialized interface metadata is verified by the separate metadata suite Checked format/interpolation profile; 64 segments; finite text/output budgets; pure interpolation	format:configured-arity-noCoerce
g060-format:.placeholderMode(mode)	Exact typed owner contract; no copy/borrow/clone capability inferred from spelling	Per expression: pure computation plus explicit observed sinks	NO_IMPLICIT_GRANT	NO	Actual Int64/Float/Bool/Text arguments; literal strict template or dynamic checked policy; 4096 template bytes, 128 nodes, 64 args, width 256, precision 6, output 1 MiB; native typed renderer and distinct owned result frames; named lexical values evaluated once; native registry identity and runtime profile are explicit; serialized interface metadata is verified by the separate metadata suite Checked format/interpolation profile; 64 segments; finite text/output budgets; pure interpolation	format:configured-type-placeholderMode,format:configured-domain-placeholderMode
g060-format:.strict()	Exact typed owner contract; no copy/borrow/clone capability inferred from spelling	Per expression: pure computation plus explicit observed sinks	NO_IMPLICIT_GRANT	NO	Actual Int64/Float/Bool/Text arguments; literal strict template or dynamic checked policy; 4096 template bytes, 128 nodes, 64 args, width 256, precision 6, output 1 MiB; native typed renderer and distinct owned result frames; named lexical values evaluated once; native registry identity and runtime profile are explicit; serialized interface metadata is verified by the separate metadata suite Checked format/interpolation profile; 64 segments; finite text/output budgets; pure interpolation	format:configured-arity-strict
g060-format:.unknownPlaceholder(policy)	Exact typed owner contract; no copy/borrow/clone capability inferred from spelling	Per expression: pure computation plus explicit observed sinks	NO_IMPLICIT_GRANT	NO	Actual Int64/Float/Bool/Text arguments; literal strict template or dynamic checked policy; 4096 template bytes, 128 nodes, 64 args, width 256, precision 6, output 1 MiB; native typed renderer and distinct owned result frames; named lexical values evaluated once; native registry identity and runtime profile are explicit; serialized interface metadata is verified by the separate metadata suite Checked format/interpolation profile; 64 segments; finite text/output budgets; pure interpolation	format:configured-type-unknownPlaceholder,format:configured-domain-unknownPlaceholder
g060-format:.validateOnly()	Exact typed owner contract; no copy/borrow/clone capability inferred from spelling	Per expression: pure computation plus explicit observed sinks	NO_IMPLICIT_GRANT	NO	Actual Int64/Float/Bool/Text arguments; literal strict template or dynamic checked policy; 4096 template bytes, 128 nodes, 64 args, width 256, precision 6, output 1 MiB; native typed renderer and distinct owned result frames; named lexical values evaluated once; native registry identity and runtime profile are explicit; serialized interface metadata is verified by the separate metadata suite Checked format/interpolation profile; 64 segments; finite text/output budgets; pure interpolation	format:configured-arity-validateOnly
g060-format:NEBO-FORMAT-001	Exact typed owner contract; no copy/borrow/clone capability inferred from spelling	Per expression: pure computation plus explicit observed sinks	NO_IMPLICIT_GRANT	NO	Actual Int64/Float/Bool/Text arguments; literal strict template or dynamic checked policy; 4096 template bytes, 128 nodes, 64 args, width 256, precision 6, output 1 MiB; native typed renderer and distinct owned result frames; named lexical values evaluated once; native registry identity and runtime profile are explicit; serialized interface metadata is verified by the separate metadata suite Checked format/interpolation profile; 64 segments; finite text/output budgets; pure interpolation	format:unknown
g060-format:NEBO-FORMAT-002	Exact typed owner contract; no copy/borrow/clone capability inferred from spelling	Per expression: pure computation plus explicit observed sinks	NO_IMPLICIT_GRANT	NO	Actual Int64/Float/Bool/Text arguments; literal strict template or dynamic checked policy; 4096 template bytes, 128 nodes, 64 args, width 256, precision 6, output 1 MiB; native typed renderer and distinct owned result frames; named lexical values evaluated once; native registry identity and runtime profile are explicit; serialized interface metadata is verified by the separate metadata suite Checked format/interpolation profile; 64 segments; finite text/output budgets; pure interpolation	format:missing,format:extra
g060-format:NEBO-FORMAT-003	Exact typed owner contract; no copy/borrow/clone capability inferred from spelling	Per expression: pure computation plus explicit observed sinks	NO_IMPLICIT_GRANT	NO	Actual Int64/Float/Bool/Text arguments; literal strict template or dynamic checked policy; 4096 template bytes, 128 nodes, 64 args, width 256, precision 6, output 1 MiB; native typed renderer and distinct owned result frames; named lexical values evaluated once; native registry identity and runtime profile are explicit; serialized interface metadata is verified by the separate metadata suite Checked format/interpolation profile; 64 segments; finite text/output budgets; pure interpolation	format:wrong-type
g060-format:NEBO-FORMAT-004	Exact typed owner contract; no copy/borrow/clone capability inferred from spelling	Per expression: pure computation plus explicit observed sinks	NO_IMPLICIT_GRANT	NO	Actual Int64/Float/Bool/Text arguments; literal strict template or dynamic checked policy; 4096 template bytes, 128 nodes, 64 args, width 256, precision 6, output 1 MiB; native typed renderer and distinct owned result frames; named lexical values evaluated once; native registry identity and runtime profile are explicit; serialized interface metadata is verified by the separate metadata suite Checked format/interpolation profile; 64 segments; finite text/output budgets; pure interpolation	format:width-limit,format:precision-limit
g060-format:NEBO-FORMAT-005	Exact typed owner contract; no copy/borrow/clone capability inferred from spelling	Per expression: pure computation plus explicit observed sinks	NO_IMPLICIT_GRANT	NO	Actual Int64/Float/Bool/Text arguments; literal strict template or dynamic checked policy; 4096 template bytes, 128 nodes, 64 args, width 256, precision 6, output 1 MiB; native typed renderer and distinct owned result frames; named lexical values evaluated once; native registry identity and runtime profile are explicit; serialized interface metadata is verified by the separate metadata suite Checked format/interpolation profile; 64 segments; finite text/output budgets; pure interpolation	format:named-duplicate,format:named-absent
g060-format:NEBO-FORMAT-006	Exact typed owner contract; no copy/borrow/clone capability inferred from spelling	Per expression: pure computation plus explicit observed sinks	NO_IMPLICIT_GRANT	NO	Actual Int64/Float/Bool/Text arguments; literal strict template or dynamic checked policy; 4096 template bytes, 128 nodes, 64 args, width 256, precision 6, output 1 MiB; native typed renderer and distinct owned result frames; named lexical values evaluated once; native registry identity and runtime profile are explicit; serialized interface metadata is verified by the separate metadata suite Checked format/interpolation profile; 64 segments; finite text/output budgets; pure interpolation	format:position-zero,format:position-missing
g060-format:NEBO-FORMAT-007	Exact typed owner contract; no copy/borrow/clone capability inferred from spelling	Per expression: pure computation plus explicit observed sinks	NO_IMPLICIT_GRANT	NO	Actual Int64/Float/Bool/Text arguments; literal strict template or dynamic checked policy; 4096 template bytes, 128 nodes, 64 args, width 256, precision 6, output 1 MiB; native typed renderer and distinct owned result frames; named lexical values evaluated once; native registry identity and runtime profile are explicit; serialized interface metadata is verified by the separate metadata suite Checked format/interpolation profile; 64 segments; finite text/output budgets; pure interpolation	format:coercion-forbidden
g060-format:NEBO-FORMAT-008	Exact typed owner contract; no copy/borrow/clone capability inferred from spelling	Per expression: pure computation plus explicit observed sinks	NO_IMPLICIT_GRANT	NO	Actual Int64/Float/Bool/Text arguments; literal strict template or dynamic checked policy; 4096 template bytes, 128 nodes, 64 args, width 256, precision 6, output 1 MiB; native typed renderer and distinct owned result frames; named lexical values evaluated once; native registry identity and runtime profile are explicit; serialized interface metadata is verified by the separate metadata suite Checked format/interpolation profile; 64 segments; finite text/output budgets; pure interpolation	format:template-4097
g061-format:${id:hex(width: 8)}	Exact typed owner contract; no copy/borrow/clone capability inferred from spelling	Per expression: pure computation plus explicit observed sinks	NO_IMPLICIT_GRANT	NO	Ordinary token/AST expression children; native pure-only effect policy with resolved callee bodies; static G059 nodes and G062 profiles; 64 segments, 16 nested quotes, 4096 source-content bytes; native named-product fields preserve declared types/offsets and source order (8 declarations/8 fields); native-token tooling preserves literals and exposes expressions; rename uses existing G162 receiver-method SymbolIds; privacy remains a separate obligation Checked format/interpolation profile; 64 segments; finite text/output budgets; pure interpolation	interpolation:width-limit,interpolation:width-type,interpolation:width-name
g061-format:${nome:align(right, 20)}	Exact typed owner contract; no copy/borrow/clone capability inferred from spelling	Per expression: pure computation plus explicit observed sinks	NO_IMPLICIT_GRANT	NO	Ordinary token/AST expression children; native pure-only effect policy with resolved callee bodies; static G059 nodes and G062 profiles; 64 segments, 16 nested quotes, 4096 source-content bytes; native named-product fields preserve declared types/offsets and source order (8 declarations/8 fields); native-token tooling preserves literals and exposes expressions; rename uses existing G162 receiver-method SymbolIds; privacy remains a separate obligation Checked format/interpolation profile; 64 segments; finite text/output budgets; pure interpolation	interpolation:align-side,interpolation:align-width
g061-format:${nome}	Exact typed owner contract; no copy/borrow/clone capability inferred from spelling	Per expression: pure computation plus explicit observed sinks	NO_IMPLICIT_GRANT	NO	Ordinary token/AST expression children; native pure-only effect policy with resolved callee bodies; static G059 nodes and G062 profiles; 64 segments, 16 nested quotes, 4096 source-content bytes; native named-product fields preserve declared types/offsets and source order (8 declarations/8 fields); native-token tooling preserves literals and exposes expressions; rename uses existing G162 receiver-method SymbolIds; privacy remains a separate obligation Checked format/interpolation profile; 64 segments; finite text/output budgets; pure interpolation	interpolation:missing-name
g061-format:${preco:fixed(2)}	Exact typed owner contract; no copy/borrow/clone capability inferred from spelling	Per expression: pure computation plus explicit observed sinks	NO_IMPLICIT_GRANT	NO	Ordinary token/AST expression children; native pure-only effect policy with resolved callee bodies; static G059 nodes and G062 profiles; 64 segments, 16 nested quotes, 4096 source-content bytes; native named-product fields preserve declared types/offsets and source order (8 declarations/8 fields); native-token tooling preserves literals and exposes expressions; rename uses existing G162 receiver-method SymbolIds; privacy remains a separate obligation Checked format/interpolation profile; 64 segments; finite text/output budgets; pure interpolation	interpolation:wrong-type-fixed,interpolation:precision-limit
g061-format:${texto.codepointCount()}	Exact typed owner contract; no copy/borrow/clone capability inferred from spelling	Per expression: pure computation plus explicit observed sinks	NO_IMPLICIT_GRANT	NO	Ordinary token/AST expression children; native pure-only effect policy with resolved callee bodies; static G059 nodes and G062 profiles; 64 segments, 16 nested quotes, 4096 source-content bytes; native named-product fields preserve declared types/offsets and source order (8 declarations/8 fields); native-token tooling preserves literals and exposes expressions; rename uses existing G162 receiver-method SymbolIds; privacy remains a separate obligation Checked format/interpolation profile; 64 segments; finite text/output budgets; pure interpolation	interpolation:effect-console
g061-format:${utilizador.nome}	Exact typed owner contract; no copy/borrow/clone capability inferred from spelling	Per expression: pure computation plus explicit observed sinks	NO_IMPLICIT_GRANT	NO	Ordinary token/AST expression children; native pure-only effect policy with resolved callee bodies; static G059 nodes and G062 profiles; 64 segments, 16 nested quotes, 4096 source-content bytes; native named-product fields preserve declared types/offsets and source order (8 declarations/8 fields); native-token tooling preserves literals and exposes expressions; rename uses existing G162 receiver-method SymbolIds; privacy remains a separate obligation Int64/Bool/binary64/Unicode scalar values; checked arithmetic; lexical evaluation once	composite:typed-struct-wrong-text,composite:typed-struct-wrong-int,composite:typed-struct-unknown-projection,composite:typed-struct-interpolation-effects
g061-format:${valor:fixed(2)}	Exact typed owner contract; no copy/borrow/clone capability inferred from spelling	Per expression: pure computation plus explicit observed sinks	NO_IMPLICIT_GRANT	NO	Ordinary token/AST expression children; native pure-only effect policy with resolved callee bodies; static G059 nodes and G062 profiles; 64 segments, 16 nested quotes, 4096 source-content bytes; native named-product fields preserve declared types/offsets and source order (8 declarations/8 fields); native-token tooling preserves literals and exposes expressions; rename uses existing G162 receiver-method SymbolIds; privacy remains a separate obligation Checked format/interpolation profile; 64 segments; finite text/output budgets; pure interpolation	interpolation:wrong-type-fixed,interpolation:precision-limit
g061-format:${x + y}	Exact typed owner contract; no copy/borrow/clone capability inferred from spelling	Per expression: pure computation plus explicit observed sinks	NO_IMPLICIT_GRANT	NO	Ordinary token/AST expression children; native pure-only effect policy with resolved callee bodies; static G059 nodes and G062 profiles; 64 segments, 16 nested quotes, 4096 source-content bytes; native named-product fields preserve declared types/offsets and source order (8 declarations/8 fields); native-token tooling preserves literals and exposes expressions; rename uses existing G162 receiver-method SymbolIds; privacy remains a separate obligation Checked format/interpolation profile; 64 segments; finite text/output budgets; pure interpolation	interpolation:missing-name
g061-format:A_B_FORMAT_PLAN_EQUIVALENCE	Exact typed owner contract; no copy/borrow/clone capability inferred from spelling	Per expression: pure computation plus explicit observed sinks	NO_IMPLICIT_GRANT	NO	Ordinary token/AST expression children; native pure-only effect policy with resolved callee bodies; static G059 nodes and G062 profiles; 64 segments, 16 nested quotes, 4096 source-content bytes; native named-product fields preserve declared types/offsets and source order (8 declarations/8 fields); native-token tooling preserves literals and exposes expressions; rename uses existing G162 receiver-method SymbolIds; privacy remains a separate obligation Checked format/interpolation profile; 64 segments; finite text/output budgets; pure interpolation	interpolation:wrong-type-fixed
g061-format:FormatProfileExpr	Exact typed owner contract; no copy/borrow/clone capability inferred from spelling	Per expression: pure computation plus explicit observed sinks	NO_IMPLICIT_GRANT	NO	Ordinary token/AST expression children; native pure-only effect policy with resolved callee bodies; static G059 nodes and G062 profiles; 64 segments, 16 nested quotes, 4096 source-content bytes; native named-product fields preserve declared types/offsets and source order (8 declarations/8 fields); native-token tooling preserves literals and exposes expressions; rename uses existing G162 receiver-method SymbolIds; privacy remains a separate obligation Checked format/interpolation profile; 64 segments; finite text/output budgets; pure interpolation	interpolation:unknown-profile,interpolation:width-name
g061-format:INTERPOLATION_EFFECT_POLICY=PURE_ONLY	Exact typed owner contract; no copy/borrow/clone capability inferred from spelling	Per expression: pure computation plus explicit observed sinks	NO_IMPLICIT_GRANT	NO	Ordinary token/AST expression children; native pure-only effect policy with resolved callee bodies; static G059 nodes and G062 profiles; 64 segments, 16 nested quotes, 4096 source-content bytes; native named-product fields preserve declared types/offsets and source order (8 declarations/8 fields); native-token tooling preserves literals and exposes expressions; rename uses existing G162 receiver-method SymbolIds; privacy remains a separate obligation Checked format/interpolation profile; 64 segments; finite text/output budgets; pure interpolation	interpolation:effect-console,interpolation:effect-function,interpolation:effect-transitive,interpolation:effect-mutable
g061-format:INTERPOLATION_EVALUATION=EXACTLY_ONCE	Exact typed owner contract; no copy/borrow/clone capability inferred from spelling	Per expression: pure computation plus explicit observed sinks	NO_IMPLICIT_GRANT	NO	Ordinary token/AST expression children; native pure-only effect policy with resolved callee bodies; static G059 nodes and G062 profiles; 64 segments, 16 nested quotes, 4096 source-content bytes; native named-product fields preserve declared types/offsets and source order (8 declarations/8 fields); native-token tooling preserves literals and exposes expressions; rename uses existing G162 receiver-method SymbolIds; privacy remains a separate obligation Checked format/interpolation profile; 64 segments; finite text/output budgets; pure interpolation	interpolation:effect-function
g061-format:INTERPOLATION_ORDER=LEFT_TO_RIGHT	Exact typed owner contract; no copy/borrow/clone capability inferred from spelling	Per expression: pure computation plus explicit observed sinks	NO_IMPLICIT_GRANT	NO	Ordinary token/AST expression children; native pure-only effect policy with resolved callee bodies; static G059 nodes and G062 profiles; 64 segments, 16 nested quotes, 4096 source-content bytes; native named-product fields preserve declared types/offsets and source order (8 declarations/8 fields); native-token tooling preserves literals and exposes expressions; rename uses existing G162 receiver-method SymbolIds; privacy remains a separate obligation Checked format/interpolation profile; 64 segments; finite text/output budgets; pure interpolation	interpolation:effect-transitive
g061-format:InterpolatedTextExpr	Exact typed owner contract; no copy/borrow/clone capability inferred from spelling	Per expression: pure computation plus explicit observed sinks	NO_IMPLICIT_GRANT	NO	Ordinary token/AST expression children; native pure-only effect policy with resolved callee bodies; static G059 nodes and G062 profiles; 64 segments, 16 nested quotes, 4096 source-content bytes; native named-product fields preserve declared types/offsets and source order (8 declarations/8 fields); native-token tooling preserves literals and exposes expressions; rename uses existing G162 receiver-method SymbolIds; privacy remains a separate obligation Checked format/interpolation profile; 64 segments; finite text/output budgets; pure interpolation	interpolation:effect-console
g061-format:InterpolatedTextExpr.lowerToFormatPlan()	Exact typed owner contract; no copy/borrow/clone capability inferred from spelling	Per expression: pure computation plus explicit observed sinks	NO_IMPLICIT_GRANT	NO	Ordinary token/AST expression children; native pure-only effect policy with resolved callee bodies; static G059 nodes and G062 profiles; 64 segments, 16 nested quotes, 4096 source-content bytes; native named-product fields preserve declared types/offsets and source order (8 declarations/8 fields); native-token tooling preserves literals and exposes expressions; rename uses existing G162 receiver-method SymbolIds; privacy remains a separate obligation Checked format/interpolation profile; 64 segments; finite text/output budgets; pure interpolation	interpolation:precision-limit
g061-format:InterpolationEndToken	Exact typed owner contract; no copy/borrow/clone capability inferred from spelling	Per expression: pure computation plus explicit observed sinks	NO_IMPLICIT_GRANT	NO	Ordinary token/AST expression children; native pure-only effect policy with resolved callee bodies; static G059 nodes and G062 profiles; 64 segments, 16 nested quotes, 4096 source-content bytes; native named-product fields preserve declared types/offsets and source order (8 declarations/8 fields); native-token tooling preserves literals and exposes expressions; rename uses existing G162 receiver-method SymbolIds; privacy remains a separate obligation Checked format/interpolation profile; 64 segments; finite text/output budgets; pure interpolation	interpolation:nesting-limit
g061-format:InterpolationPurityCheck	Exact typed owner contract; no copy/borrow/clone capability inferred from spelling	Per expression: pure computation plus explicit observed sinks	NO_IMPLICIT_GRANT	NO	Ordinary token/AST expression children; native pure-only effect policy with resolved callee bodies; static G059 nodes and G062 profiles; 64 segments, 16 nested quotes, 4096 source-content bytes; native named-product fields preserve declared types/offsets and source order (8 declarations/8 fields); native-token tooling preserves literals and exposes expressions; rename uses existing G162 receiver-method SymbolIds; privacy remains a separate obligation Checked format/interpolation profile; 64 segments; finite text/output budgets; pure interpolation	interpolation:effect-transitive,interpolation:effect-mutable
g061-format:InterpolationRecovery	Exact typed owner contract; no copy/borrow/clone capability inferred from spelling	Per expression: pure computation plus explicit observed sinks	NO_IMPLICIT_GRANT	NO	Ordinary token/AST expression children; native pure-only effect policy with resolved callee bodies; static G059 nodes and G062 profiles; 64 segments, 16 nested quotes, 4096 source-content bytes; native named-product fields preserve declared types/offsets and source order (8 declarations/8 fields); native-token tooling preserves literals and exposes expressions; rename uses existing G162 receiver-method SymbolIds; privacy remains a separate obligation Checked format/interpolation profile; 64 segments; finite text/output budgets; pure interpolation	interpolation:nesting-limit,interpolation:segments-limit
g061-format:InterpolationSegment.expression	Exact typed owner contract; no copy/borrow/clone capability inferred from spelling	Per expression: pure computation plus explicit observed sinks	NO_IMPLICIT_GRANT	NO	Ordinary token/AST expression children; native pure-only effect policy with resolved callee bodies; static G059 nodes and G062 profiles; 64 segments, 16 nested quotes, 4096 source-content bytes; native named-product fields preserve declared types/offsets and source order (8 declarations/8 fields); native-token tooling preserves literals and exposes expressions; rename uses existing G162 receiver-method SymbolIds; privacy remains a separate obligation Checked format/interpolation profile; 64 segments; finite text/output budgets; pure interpolation	interpolation:effect-console
g061-format:InterpolationSegment.literal	Exact typed owner contract; no copy/borrow/clone capability inferred from spelling	Per expression: pure computation plus explicit observed sinks	NO_IMPLICIT_GRANT	NO	Ordinary token/AST expression children; native pure-only effect policy with resolved callee bodies; static G059 nodes and G062 profiles; 64 segments, 16 nested quotes, 4096 source-content bytes; native named-product fields preserve declared types/offsets and source order (8 declarations/8 fields); native-token tooling preserves literals and exposes expressions; rename uses existing G162 receiver-method SymbolIds; privacy remains a separate obligation Checked format/interpolation profile; 64 segments; finite text/output budgets; pure interpolation	interpolation:template-tail-limit
g061-format:InterpolationStartToken	Exact typed owner contract; no copy/borrow/clone capability inferred from spelling	Per expression: pure computation plus explicit observed sinks	NO_IMPLICIT_GRANT	NO	Ordinary token/AST expression children; native pure-only effect policy with resolved callee bodies; static G059 nodes and G062 profiles; 64 segments, 16 nested quotes, 4096 source-content bytes; native named-product fields preserve declared types/offsets and source order (8 declarations/8 fields); native-token tooling preserves literals and exposes expressions; rename uses existing G162 receiver-method SymbolIds; privacy remains a separate obligation Checked format/interpolation profile; 64 segments; finite text/output budgets; pure interpolation	interpolation:effect-console
g061-format:InterpolationTemporary	Exact typed owner contract; no copy/borrow/clone capability inferred from spelling	Per expression: pure computation plus explicit observed sinks	NO_IMPLICIT_GRANT	NO	Ordinary token/AST expression children; native pure-only effect policy with resolved callee bodies; static G059 nodes and G062 profiles; 64 segments, 16 nested quotes, 4096 source-content bytes; native named-product fields preserve declared types/offsets and source order (8 declarations/8 fields); native-token tooling preserves literals and exposes expressions; rename uses existing G162 receiver-method SymbolIds; privacy remains a separate obligation Checked format/interpolation profile; 64 segments; finite text/output budgets; pure interpolation	interpolation:effect-mutable
g061-format:LSP interpolation tokens	Exact typed owner contract; no copy/borrow/clone capability inferred from spelling	Per expression: pure computation plus explicit observed sinks	NO_IMPLICIT_GRANT	NO	Ordinary token/AST expression children; native pure-only effect policy with resolved callee bodies; static G059 nodes and G062 profiles; 64 segments, 16 nested quotes, 4096 source-content bytes; native named-product fields preserve declared types/offsets and source order (8 declarations/8 fields); native-token tooling preserves literals and exposes expressions; rename uses existing G162 receiver-method SymbolIds; privacy remains a separate obligation Checked format/interpolation profile; 64 segments; finite text/output budgets; pure interpolation	interpolation:tooling-literal-and-comment,interpolation:tooling-token-limit
g061-format:RUNTIME_TEMPLATE_PARSE=NO	Exact typed owner contract; no copy/borrow/clone capability inferred from spelling	Per expression: pure computation plus explicit observed sinks	NO_IMPLICIT_GRANT	NO	Ordinary token/AST expression children; native pure-only effect policy with resolved callee bodies; static G059 nodes and G062 profiles; 64 segments, 16 nested quotes, 4096 source-content bytes; native named-product fields preserve declared types/offsets and source order (8 declarations/8 fields); native-token tooling preserves literals and exposes expressions; rename uses existing G162 receiver-method SymbolIds; privacy remains a separate obligation Checked format/interpolation profile; 64 segments; finite text/output budgets; pure interpolation	interpolation:unknown-profile
g061-format:\${	Exact typed owner contract; no copy/borrow/clone capability inferred from spelling	Per expression: pure computation plus explicit observed sinks	NO_IMPLICIT_GRANT	NO	Ordinary token/AST expression children; native pure-only effect policy with resolved callee bodies; static G059 nodes and G062 profiles; 64 segments, 16 nested quotes, 4096 source-content bytes; native named-product fields preserve declared types/offsets and source order (8 declarations/8 fields); native-token tooling preserves literals and exposes expressions; rename uses existing G162 receiver-method SymbolIds; privacy remains a separate obligation Checked format/interpolation profile; 64 segments; finite text/output budgets; pure interpolation	interpolation:effect-console
g061-format:formatter interpolation	Exact typed owner contract; no copy/borrow/clone capability inferred from spelling	Per expression: pure computation plus explicit observed sinks	NO_IMPLICIT_GRANT	NO	Ordinary token/AST expression children; native pure-only effect policy with resolved callee bodies; static G059 nodes and G062 profiles; 64 segments, 16 nested quotes, 4096 source-content bytes; native named-product fields preserve declared types/offsets and source order (8 declarations/8 fields); native-token tooling preserves literals and exposes expressions; rename uses existing G162 receiver-method SymbolIds; privacy remains a separate obligation Checked format/interpolation profile; 64 segments; finite text/output budgets; pure interpolation	interpolation:tooling-format-invalid
g061-format:rename inside interpolation	Exact typed owner contract; no copy/borrow/clone capability inferred from spelling	Per expression: pure computation plus explicit observed sinks	NO_IMPLICIT_GRANT	NO	Ordinary token/AST expression children; native pure-only effect policy with resolved callee bodies; static G059 nodes and G062 profiles; 64 segments, 16 nested quotes, 4096 source-content bytes; native named-product fields preserve declared types/offsets and source order (8 declarations/8 fields); native-token tooling preserves literals and exposes expressions; rename uses existing G162 receiver-method SymbolIds; privacy remains a separate obligation Checked format/interpolation profile; 64 segments; finite text/output budgets; pure interpolation	interpolation:tooling-rename-literal
g170-console:Bool.console	Exact typed owner contract; no copy/borrow/clone capability inferred from spelling	console	SYNTHETIC_INPUT_AND_RETAINED_CONSOLE	NO	Retained source values plus opt-in pointer-free document/RenderTree/software observation; 256x128 BGRA8 synthetic glyphs; linear document 4096 bytes and title 256 bytes; size is UTF-8 bytes/lines; style selects zero-based payload nodes; Position is logical software pixels; typed Color RGBA8 and native Result; structured Table<Int> 32x8, Tree<Int> 32 nodes/depth16, named products 8 fields/declarations; 4096 rendered bytes and 64 structured publications. Every effect executes once; no window/backend capability inferred. See G170 checklist for narrower method bounds; metadata joins remain in F01. Retained document/headless software profile; exact nodes and bytes; no live desktop claim	console:bare-color
g170-console:Color(Int,Int,Int)	Exact typed owner contract; no copy/borrow/clone capability inferred from spelling	console	SYNTHETIC_INPUT_AND_RETAINED_CONSOLE	NO	Retained source values plus opt-in pointer-free document/RenderTree/software observation; 256x128 BGRA8 synthetic glyphs; linear document 4096 bytes and title 256 bytes; size is UTF-8 bytes/lines; style selects zero-based payload nodes; Position is logical software pixels; typed Color RGBA8 and native Result; structured Table<Int> 32x8, Tree<Int> 32 nodes/depth16, named products 8 fields/declarations; 4096 rendered bytes and 64 structured publications. Every effect executes once; no window/backend capability inferred. See G170 checklist for narrower method bounds; metadata joins remain in F01. Retained document/headless software profile; exact nodes and bytes; no live desktop claim	console:color-sugar-arity
g170-console:Color(Int,Int,Int,Int)	Exact typed owner contract; no copy/borrow/clone capability inferred from spelling	console	SYNTHETIC_INPUT_AND_RETAINED_CONSOLE	NO	Retained source values plus opt-in pointer-free document/RenderTree/software observation; 256x128 BGRA8 synthetic glyphs; linear document 4096 bytes and title 256 bytes; size is UTF-8 bytes/lines; style selects zero-based payload nodes; Position is logical software pixels; typed Color RGBA8 and native Result; structured Table<Int> 32x8, Tree<Int> 32 nodes/depth16, named products 8 fields/declarations; 4096 rendered bytes and 64 structured publications. Every effect executes once; no window/backend capability inferred. See G170 checklist for narrower method bounds; metadata joins remain in F01. Retained document/headless software profile; exact nodes and bytes; no live desktop claim	console:color-sugar-arity
g170-console:Color(TextLiteral)	Exact typed owner contract; no copy/borrow/clone capability inferred from spelling	console	SYNTHETIC_INPUT_AND_RETAINED_CONSOLE	NO	Retained source values plus opt-in pointer-free document/RenderTree/software observation; 256x128 BGRA8 synthetic glyphs; linear document 4096 bytes and title 256 bytes; size is UTF-8 bytes/lines; style selects zero-based payload nodes; Position is logical software pixels; typed Color RGBA8 and native Result; structured Table<Int> 32x8, Tree<Int> 32 nodes/depth16, named products 8 fields/declarations; 4096 rendered bytes and 64 structured publications. Every effect executes once; no window/backend capability inferred. See G170 checklist for narrower method bounds; metadata joins remain in F01. Retained document/headless software profile; exact nodes and bytes; no live desktop claim	console:color-sugar-arity
g170-console:Color.alpha	Exact typed owner contract; no copy/borrow/clone capability inferred from spelling	console	SYNTHETIC_INPUT_AND_RETAINED_CONSOLE	NO	Retained source values plus opt-in pointer-free document/RenderTree/software observation; 256x128 BGRA8 synthetic glyphs; linear document 4096 bytes and title 256 bytes; size is UTF-8 bytes/lines; style selects zero-based payload nodes; Position is logical software pixels; typed Color RGBA8 and native Result; structured Table<Int> 32x8, Tree<Int> 32 nodes/depth16, named products 8 fields/declarations; 4096 rendered bytes and 64 structured publications. Every effect executes once; no window/backend capability inferred. See G170 checklist for narrower method bounds; metadata joins remain in F01. Retained document/headless software profile; exact nodes and bytes; no live desktop claim	console:channel-arity
g170-console:Color.blue	Exact typed owner contract; no copy/borrow/clone capability inferred from spelling	console	SYNTHETIC_INPUT_AND_RETAINED_CONSOLE	NO	Retained source values plus opt-in pointer-free document/RenderTree/software observation; 256x128 BGRA8 synthetic glyphs; linear document 4096 bytes and title 256 bytes; size is UTF-8 bytes/lines; style selects zero-based payload nodes; Position is logical software pixels; typed Color RGBA8 and native Result; structured Table<Int> 32x8, Tree<Int> 32 nodes/depth16, named products 8 fields/declarations; 4096 rendered bytes and 64 structured publications. Every effect executes once; no window/backend capability inferred. See G170 checklist for narrower method bounds; metadata joins remain in F01. Retained document/headless software profile; exact nodes and bytes; no live desktop claim	console:channel-arity
g170-console:Color.copy	Exact typed owner contract; no copy/borrow/clone capability inferred from spelling	console	SYNTHETIC_INPUT_AND_RETAINED_CONSOLE	NO	Retained source values plus opt-in pointer-free document/RenderTree/software observation; 256x128 BGRA8 synthetic glyphs; linear document 4096 bytes and title 256 bytes; size is UTF-8 bytes/lines; style selects zero-based payload nodes; Position is logical software pixels; typed Color RGBA8 and native Result; structured Table<Int> 32x8, Tree<Int> 32 nodes/depth16, named products 8 fields/declarations; 4096 rendered bytes and 64 structured publications. Every effect executes once; no window/backend capability inferred. See G170 checklist for narrower method bounds; metadata joins remain in F01. Retained document/headless software profile; exact nodes and bytes; no live desktop claim	console:equals-type
g170-console:Color.equals	Exact typed owner contract; no copy/borrow/clone capability inferred from spelling	console	SYNTHETIC_INPUT_AND_RETAINED_CONSOLE	NO	Retained source values plus opt-in pointer-free document/RenderTree/software observation; 256x128 BGRA8 synthetic glyphs; linear document 4096 bytes and title 256 bytes; size is UTF-8 bytes/lines; style selects zero-based payload nodes; Position is logical software pixels; typed Color RGBA8 and native Result; structured Table<Int> 32x8, Tree<Int> 32 nodes/depth16, named products 8 fields/declarations; 4096 rendered bytes and 64 structured publications. Every effect executes once; no window/backend capability inferred. See G170 checklist for narrower method bounds; metadata joins remain in F01. Retained document/headless software profile; exact nodes and bytes; no live desktop claim	console:equals-type
g170-console:Color.green	Exact typed owner contract; no copy/borrow/clone capability inferred from spelling	console	SYNTHETIC_INPUT_AND_RETAINED_CONSOLE	NO	Retained source values plus opt-in pointer-free document/RenderTree/software observation; 256x128 BGRA8 synthetic glyphs; linear document 4096 bytes and title 256 bytes; size is UTF-8 bytes/lines; style selects zero-based payload nodes; Position is logical software pixels; typed Color RGBA8 and native Result; structured Table<Int> 32x8, Tree<Int> 32 nodes/depth16, named products 8 fields/declarations; 4096 rendered bytes and 64 structured publications. Every effect executes once; no window/backend capability inferred. See G170 checklist for narrower method bounds; metadata joins remain in F01. Retained document/headless software profile; exact nodes and bytes; no live desktop claim	console:channel-arity
g170-console:Color.hash	Exact typed owner contract; no copy/borrow/clone capability inferred from spelling	console	SYNTHETIC_INPUT_AND_RETAINED_CONSOLE	NO	Retained source values plus opt-in pointer-free document/RenderTree/software observation; 256x128 BGRA8 synthetic glyphs; linear document 4096 bytes and title 256 bytes; size is UTF-8 bytes/lines; style selects zero-based payload nodes; Position is logical software pixels; typed Color RGBA8 and native Result; structured Table<Int> 32x8, Tree<Int> 32 nodes/depth16, named products 8 fields/declarations; 4096 rendered bytes and 64 structured publications. Every effect executes once; no window/backend capability inferred. See G170 checklist for narrower method bounds; metadata joins remain in F01. Retained document/headless software profile; exact nodes and bytes; no live desktop claim	console:color-hash-arity
g170-console:Color.hex	Exact typed owner contract; no copy/borrow/clone capability inferred from spelling	console	SYNTHETIC_INPUT_AND_RETAINED_CONSOLE	NO	Retained source values plus opt-in pointer-free document/RenderTree/software observation; 256x128 BGRA8 synthetic glyphs; linear document 4096 bytes and title 256 bytes; size is UTF-8 bytes/lines; style selects zero-based payload nodes; Position is logical software pixels; typed Color RGBA8 and native Result; structured Table<Int> 32x8, Tree<Int> 32 nodes/depth16, named products 8 fields/declarations; 4096 rendered bytes and 64 structured publications. Every effect executes once; no window/backend capability inferred. See G170 checklist for narrower method bounds; metadata joins remain in F01. Retained document/headless software profile; exact nodes and bytes; no live desktop claim	console:color-invalid-hex,console:color-hex-arity,console:color-dynamic-hex
g170-console:Color.isOpaque	Exact typed owner contract; no copy/borrow/clone capability inferred from spelling	console	SYNTHETIC_INPUT_AND_RETAINED_CONSOLE	NO	Retained source values plus opt-in pointer-free document/RenderTree/software observation; 256x128 BGRA8 synthetic glyphs; linear document 4096 bytes and title 256 bytes; size is UTF-8 bytes/lines; style selects zero-based payload nodes; Position is logical software pixels; typed Color RGBA8 and native Result; structured Table<Int> 32x8, Tree<Int> 32 nodes/depth16, named products 8 fields/declarations; 4096 rendered bytes and 64 structured publications. Every effect executes once; no window/backend capability inferred. See G170 checklist for narrower method bounds; metadata joins remain in F01. Retained document/headless software profile; exact nodes and bytes; no live desktop claim	console:color-opaque-arity
g170-console:Color.parseHex	Exact typed owner contract; no copy/borrow/clone capability inferred from spelling	console	SYNTHETIC_INPUT_AND_RETAINED_CONSOLE	NO	Retained source values plus opt-in pointer-free document/RenderTree/software observation; 256x128 BGRA8 synthetic glyphs; linear document 4096 bytes and title 256 bytes; size is UTF-8 bytes/lines; style selects zero-based payload nodes; Position is logical software pixels; typed Color RGBA8 and native Result; structured Table<Int> 32x8, Tree<Int> 32 nodes/depth16, named products 8 fields/declarations; 4096 rendered bytes and 64 structured publications. Every effect executes once; no window/backend capability inferred. See G170 checklist for narrower method bounds; metadata joins remain in F01. Retained document/headless software profile; exact nodes and bytes; no live desktop claim	console:color-result-fallback-type,console:color-expect-error-#12G456
g170-console:Color.red	Exact typed owner contract; no copy/borrow/clone capability inferred from spelling	console	SYNTHETIC_INPUT_AND_RETAINED_CONSOLE	NO	Retained source values plus opt-in pointer-free document/RenderTree/software observation; 256x128 BGRA8 synthetic glyphs; linear document 4096 bytes and title 256 bytes; size is UTF-8 bytes/lines; style selects zero-based payload nodes; Position is logical software pixels; typed Color RGBA8 and native Result; structured Table<Int> 32x8, Tree<Int> 32 nodes/depth16, named products 8 fields/declarations; 4096 rendered bytes and 64 structured publications. Every effect executes once; no window/backend capability inferred. See G170 checklist for narrower method bounds; metadata joins remain in F01. Retained document/headless software profile; exact nodes and bytes; no live desktop claim	console:channel-arity
g170-console:Color.rgb	Exact typed owner contract; no copy/borrow/clone capability inferred from spelling	console	SYNTHETIC_INPUT_AND_RETAINED_CONSOLE	NO	Retained source values plus opt-in pointer-free document/RenderTree/software observation; 256x128 BGRA8 synthetic glyphs; linear document 4096 bytes and title 256 bytes; size is UTF-8 bytes/lines; style selects zero-based payload nodes; Position is logical software pixels; typed Color RGBA8 and native Result; structured Table<Int> 32x8, Tree<Int> 32 nodes/depth16, named products 8 fields/declarations; 4096 rendered bytes and 64 structured publications. Every effect executes once; no window/backend capability inferred. See G170 checklist for narrower method bounds; metadata joins remain in F01. Retained document/headless software profile; exact nodes and bytes; no live desktop claim	console:color-static-channel-high,console:rgb-type,console:rgb-arity,console:rgb-high
g170-console:Color.rgba	Exact typed owner contract; no copy/borrow/clone capability inferred from spelling	console	SYNTHETIC_INPUT_AND_RETAINED_CONSOLE	NO	Retained source values plus opt-in pointer-free document/RenderTree/software observation; 256x128 BGRA8 synthetic glyphs; linear document 4096 bytes and title 256 bytes; size is UTF-8 bytes/lines; style selects zero-based payload nodes; Position is logical software pixels; typed Color RGBA8 and native Result; structured Table<Int> 32x8, Tree<Int> 32 nodes/depth16, named products 8 fields/declarations; 4096 rendered bytes and 64 structured publications. Every effect executes once; no window/backend capability inferred. See G170 checklist for narrower method bounds; metadata joins remain in F01. Retained document/headless software profile; exact nodes and bytes; no live desktop claim	console:color-static-channel-low,console:rgba-type,console:rgba-high
g170-console:Color.toHex	Exact typed owner contract; no copy/borrow/clone capability inferred from spelling	console	SYNTHETIC_INPUT_AND_RETAINED_CONSOLE	NO	Retained source values plus opt-in pointer-free document/RenderTree/software observation; 256x128 BGRA8 synthetic glyphs; linear document 4096 bytes and title 256 bytes; size is UTF-8 bytes/lines; style selects zero-based payload nodes; Position is logical software pixels; typed Color RGBA8 and native Result; structured Table<Int> 32x8, Tree<Int> 32 nodes/depth16, named products 8 fields/declarations; 4096 rendered bytes and 64 structured publications. Every effect executes once; no window/backend capability inferred. See G170 checklist for narrower method bounds; metadata joins remain in F01. Retained document/headless software profile; exact nodes and bytes; no live desktop claim	console:color-serialize-arity
g170-console:Color.toHexWithAlpha	Exact typed owner contract; no copy/borrow/clone capability inferred from spelling	console	SYNTHETIC_INPUT_AND_RETAINED_CONSOLE	NO	Retained source values plus opt-in pointer-free document/RenderTree/software observation; 256x128 BGRA8 synthetic glyphs; linear document 4096 bytes and title 256 bytes; size is UTF-8 bytes/lines; style selects zero-based payload nodes; Position is logical software pixels; typed Color RGBA8 and native Result; structured Table<Int> 32x8, Tree<Int> 32 nodes/depth16, named products 8 fields/declarations; 4096 rendered bytes and 64 structured publications. Every effect executes once; no window/backend capability inferred. See G170 checklist for narrower method bounds; metadata joins remain in F01. Retained document/headless software profile; exact nodes and bytes; no live desktop claim	console:color-serialize-arity
g170-console:Color.withAlpha	Exact typed owner contract; no copy/borrow/clone capability inferred from spelling	console	SYNTHETIC_INPUT_AND_RETAINED_CONSOLE	NO	Retained source values plus opt-in pointer-free document/RenderTree/software observation; 256x128 BGRA8 synthetic glyphs; linear document 4096 bytes and title 256 bytes; size is UTF-8 bytes/lines; style selects zero-based payload nodes; Position is logical software pixels; typed Color RGBA8 and native Result; structured Table<Int> 32x8, Tree<Int> 32 nodes/depth16, named products 8 fields/declarations; 4096 rendered bytes and 64 structured publications. Every effect executes once; no window/backend capability inferred. See G170 checklist for narrower method bounds; metadata joins remain in F01. Retained document/headless software profile; exact nodes and bytes; no live desktop claim	console:alpha-type,console:color-static-alpha,console:alpha-low
g170-console:Console.append	Exact typed owner contract; no copy/borrow/clone capability inferred from spelling	console	SYNTHETIC_INPUT_AND_RETAINED_CONSOLE	NO	Retained source values plus opt-in pointer-free document/RenderTree/software observation; 256x128 BGRA8 synthetic glyphs; linear document 4096 bytes and title 256 bytes; size is UTF-8 bytes/lines; style selects zero-based payload nodes; Position is logical software pixels; typed Color RGBA8 and native Result; structured Table<Int> 32x8, Tree<Int> 32 nodes/depth16, named products 8 fields/declarations; 4096 rendered bytes and 64 structured publications. Every effect executes once; no window/backend capability inferred. See G170 checklist for narrower method bounds; metadata joins remain in F01. Retained document/headless software profile; exact nodes and bytes; no live desktop claim	console:append-float,console:append-missing,console:styled-append-type,console:styled-append-arity
g170-console:Console.bg	Exact typed owner contract; no copy/borrow/clone capability inferred from spelling	console	SYNTHETIC_INPUT_AND_RETAINED_CONSOLE	NO	Retained source values plus opt-in pointer-free document/RenderTree/software observation; 256x128 BGRA8 synthetic glyphs; linear document 4096 bytes and title 256 bytes; size is UTF-8 bytes/lines; style selects zero-based payload nodes; Position is logical software pixels; typed Color RGBA8 and native Result; structured Table<Int> 32x8, Tree<Int> 32 nodes/depth16, named products 8 fields/declarations; 4096 rendered bytes and 64 structured publications. Every effect executes once; no window/backend capability inferred. See G170 checklist for narrower method bounds; metadata joins remain in F01. Retained document/headless software profile; exact nodes and bytes; no live desktop claim	console:bg-arity,console:duplicate-role
g170-console:Console.clear	Exact typed owner contract; no copy/borrow/clone capability inferred from spelling	console	SYNTHETIC_INPUT_AND_RETAINED_CONSOLE	NO	Retained source values plus opt-in pointer-free document/RenderTree/software observation; 256x128 BGRA8 synthetic glyphs; linear document 4096 bytes and title 256 bytes; size is UTF-8 bytes/lines; style selects zero-based payload nodes; Position is logical software pixels; typed Color RGBA8 and native Result; structured Table<Int> 32x8, Tree<Int> 32 nodes/depth16, named products 8 fields/declarations; 4096 rendered bytes and 64 structured publications. Every effect executes once; no window/backend capability inferred. See G170 checklist for narrower method bounds; metadata joins remain in F01. Retained document/headless software profile; exact nodes and bytes; no live desktop claim	console:clear-arity,console:close-clear
g170-console:Console.close	Exact typed owner contract; no copy/borrow/clone capability inferred from spelling	console	SYNTHETIC_INPUT_AND_RETAINED_CONSOLE	NO	Retained source values plus opt-in pointer-free document/RenderTree/software observation; 256x128 BGRA8 synthetic glyphs; linear document 4096 bytes and title 256 bytes; size is UTF-8 bytes/lines; style selects zero-based payload nodes; Position is logical software pixels; typed Color RGBA8 and native Result; structured Table<Int> 32x8, Tree<Int> 32 nodes/depth16, named products 8 fields/declarations; 4096 rendered bytes and 64 structured publications. Every effect executes once; no window/backend capability inferred. See G170 checklist for narrower method bounds; metadata joins remain in F01. Retained document/headless software profile; exact nodes and bytes; no live desktop claim	console:close-arity,console:close-twice,console:close-publish
g170-console:Console.fg	Exact typed owner contract; no copy/borrow/clone capability inferred from spelling	console	SYNTHETIC_INPUT_AND_RETAINED_CONSOLE	NO	Retained source values plus opt-in pointer-free document/RenderTree/software observation; 256x128 BGRA8 synthetic glyphs; linear document 4096 bytes and title 256 bytes; size is UTF-8 bytes/lines; style selects zero-based payload nodes; Position is logical software pixels; typed Color RGBA8 and native Result; structured Table<Int> 32x8, Tree<Int> 32 nodes/depth16, named products 8 fields/declarations; 4096 rendered bytes and 64 structured publications. Every effect executes once; no window/backend capability inferred. See G170 checklist for narrower method bounds; metadata joins remain in F01. Retained document/headless software profile; exact nodes and bytes; no live desktop claim	console:fg-type,console:duplicate-role
g170-console:Console.scrollToEnd	Exact typed owner contract; no copy/borrow/clone capability inferred from spelling	console	SYNTHETIC_INPUT_AND_RETAINED_CONSOLE	NO	Retained source values plus opt-in pointer-free document/RenderTree/software observation; 256x128 BGRA8 synthetic glyphs; linear document 4096 bytes and title 256 bytes; size is UTF-8 bytes/lines; style selects zero-based payload nodes; Position is logical software pixels; typed Color RGBA8 and native Result; structured Table<Int> 32x8, Tree<Int> 32 nodes/depth16, named products 8 fields/declarations; 4096 rendered bytes and 64 structured publications. Every effect executes once; no window/backend capability inferred. See G170 checklist for narrower method bounds; metadata joins remain in F01. Retained document/headless software profile; exact nodes and bytes; no live desktop claim	console:scroll-arity
g170-console:Console.size	Exact typed owner contract; no copy/borrow/clone capability inferred from spelling	console	SYNTHETIC_INPUT_AND_RETAINED_CONSOLE	NO	Retained source values plus opt-in pointer-free document/RenderTree/software observation; 256x128 BGRA8 synthetic glyphs; linear document 4096 bytes and title 256 bytes; size is UTF-8 bytes/lines; style selects zero-based payload nodes; Position is logical software pixels; typed Color RGBA8 and native Result; structured Table<Int> 32x8, Tree<Int> 32 nodes/depth16, named products 8 fields/declarations; 4096 rendered bytes and 64 structured publications. Every effect executes once; no window/backend capability inferred. See G170 checklist for narrower method bounds; metadata joins remain in F01. Retained document/headless software profile; exact nodes and bytes; no live desktop claim	console:size-arity
g170-console:Console.style	Exact typed owner contract; no copy/borrow/clone capability inferred from spelling	console	SYNTHETIC_INPUT_AND_RETAINED_CONSOLE	NO	Retained source values plus opt-in pointer-free document/RenderTree/software observation; 256x128 BGRA8 synthetic glyphs; linear document 4096 bytes and title 256 bytes; size is UTF-8 bytes/lines; style selects zero-based payload nodes; Position is logical software pixels; typed Color RGBA8 and native Result; structured Table<Int> 32x8, Tree<Int> 32 nodes/depth16, named products 8 fields/declarations; 4096 rendered bytes and 64 structured publications. Every effect executes once; no window/backend capability inferred. See G170 checklist for narrower method bounds; metadata joins remain in F01. Retained document/headless software profile; exact nodes and bytes; no live desktop claim	console:style-selection-type,console:style-endpoint-type,console:style-selection-arity,console:style-role-type,console:style-bound--1-1,console:style-bound-0-3,console:style-bound-2-1
g170-console:Console.title	Exact typed owner contract; no copy/borrow/clone capability inferred from spelling	console	SYNTHETIC_INPUT_AND_RETAINED_CONSOLE	NO	Retained source values plus opt-in pointer-free document/RenderTree/software observation; 256x128 BGRA8 synthetic glyphs; linear document 4096 bytes and title 256 bytes; size is UTF-8 bytes/lines; style selects zero-based payload nodes; Position is logical software pixels; typed Color RGBA8 and native Result; structured Table<Int> 32x8, Tree<Int> 32 nodes/depth16, named products 8 fields/declarations; 4096 rendered bytes and 64 structured publications. Every effect executes once; no window/backend capability inferred. See G170 checklist for narrower method bounds; metadata joins remain in F01. Retained document/headless software profile; exact nodes and bytes; no live desktop claim	console:title-type,console:title-limit
g170-console:Int.console	Exact typed owner contract; no copy/borrow/clone capability inferred from spelling	console	SYNTHETIC_INPUT_AND_RETAINED_CONSOLE	NO	Retained source values plus opt-in pointer-free document/RenderTree/software observation; 256x128 BGRA8 synthetic glyphs; linear document 4096 bytes and title 256 bytes; size is UTF-8 bytes/lines; style selects zero-based payload nodes; Position is logical software pixels; typed Color RGBA8 and native Result; structured Table<Int> 32x8, Tree<Int> 32 nodes/depth16, named products 8 fields/declarations; 4096 rendered bytes and 64 structured publications. Every effect executes once; no window/backend capability inferred. See G170 checklist for narrower method bounds; metadata joins remain in F01. Retained document/headless software profile; exact nodes and bytes; no live desktop claim	console:bare-color
g170-console:Object.console	Exact typed owner contract; no copy/borrow/clone capability inferred from spelling	console	SYNTHETIC_INPUT_AND_RETAINED_CONSOLE	NO	Retained source values plus opt-in pointer-free document/RenderTree/software observation; 256x128 BGRA8 synthetic glyphs; linear document 4096 bytes and title 256 bytes; size is UTF-8 bytes/lines; style selects zero-based payload nodes; Position is logical software pixels; typed Color RGBA8 and native Result; structured Table<Int> 32x8, Tree<Int> 32 nodes/depth16, named products 8 fields/declarations; 4096 rendered bytes and 64 structured publications. Every effect executes once; no window/backend capability inferred. See G170 checklist for narrower method bounds; metadata joins remain in F01. Retained document/headless software profile; exact nodes and bytes; no live desktop claim	console:structured-object-status,console:structured-object-field,console:structured-object-type
g170-console:Position.at	Exact typed owner contract; no copy/borrow/clone capability inferred from spelling	console	SYNTHETIC_INPUT_AND_RETAINED_CONSOLE	NO	Retained source values plus opt-in pointer-free document/RenderTree/software observation; 256x128 BGRA8 synthetic glyphs; linear document 4096 bytes and title 256 bytes; size is UTF-8 bytes/lines; style selects zero-based payload nodes; Position is logical software pixels; typed Color RGBA8 and native Result; structured Table<Int> 32x8, Tree<Int> 32 nodes/depth16, named products 8 fields/declarations; 4096 rendered bytes and 64 structured publications. Every effect executes once; no window/backend capability inferred. See G170 checklist for narrower method bounds; metadata joins remain in F01. Retained document/headless software profile; exact nodes and bytes; no live desktop claim	console:position-arity,console:position-type,console:position-limit--1-29,console:position-limit-256-53
g170-console:Result<Color,ColorParseError>.expect	Exact typed owner contract; no copy/borrow/clone capability inferred from spelling	console	SYNTHETIC_INPUT_AND_RETAINED_CONSOLE	NO	Retained source values plus opt-in pointer-free document/RenderTree/software observation; 256x128 BGRA8 synthetic glyphs; linear document 4096 bytes and title 256 bytes; size is UTF-8 bytes/lines; style selects zero-based payload nodes; Position is logical software pixels; typed Color RGBA8 and native Result; structured Table<Int> 32x8, Tree<Int> 32 nodes/depth16, named products 8 fields/declarations; 4096 rendered bytes and 64 structured publications. Every effect executes once; no window/backend capability inferred. See G170 checklist for narrower method bounds; metadata joins remain in F01. Retained document/headless software profile; exact nodes and bytes; no live desktop claim	console:color-result-fallback-type,console:color-result-expect-type,console:color-expect-error-#12G456
g170-console:Result<Color,ColorParseError>.isErr	Exact typed owner contract; no copy/borrow/clone capability inferred from spelling	console	SYNTHETIC_INPUT_AND_RETAINED_CONSOLE	NO	Retained source values plus opt-in pointer-free document/RenderTree/software observation; 256x128 BGRA8 synthetic glyphs; linear document 4096 bytes and title 256 bytes; size is UTF-8 bytes/lines; style selects zero-based payload nodes; Position is logical software pixels; typed Color RGBA8 and native Result; structured Table<Int> 32x8, Tree<Int> 32 nodes/depth16, named products 8 fields/declarations; 4096 rendered bytes and 64 structured publications. Every effect executes once; no window/backend capability inferred. See G170 checklist for narrower method bounds; metadata joins remain in F01. Retained document/headless software profile; exact nodes and bytes; no live desktop claim	console:color-result-fallback-type,console:color-result-expect-type,console:color-expect-error-#12G456
g170-console:Result<Color,ColorParseError>.isOk	Exact typed owner contract; no copy/borrow/clone capability inferred from spelling	console	SYNTHETIC_INPUT_AND_RETAINED_CONSOLE	NO	Retained source values plus opt-in pointer-free document/RenderTree/software observation; 256x128 BGRA8 synthetic glyphs; linear document 4096 bytes and title 256 bytes; size is UTF-8 bytes/lines; style selects zero-based payload nodes; Position is logical software pixels; typed Color RGBA8 and native Result; structured Table<Int> 32x8, Tree<Int> 32 nodes/depth16, named products 8 fields/declarations; 4096 rendered bytes and 64 structured publications. Every effect executes once; no window/backend capability inferred. See G170 checklist for narrower method bounds; metadata joins remain in F01. Retained document/headless software profile; exact nodes and bytes; no live desktop claim	console:color-result-fallback-type,console:color-result-expect-type,console:color-expect-error-#12G456
g170-console:Result<Color,ColorParseError>.unwrapOr	Exact typed owner contract; no copy/borrow/clone capability inferred from spelling	console	SYNTHETIC_INPUT_AND_RETAINED_CONSOLE	NO	Retained source values plus opt-in pointer-free document/RenderTree/software observation; 256x128 BGRA8 synthetic glyphs; linear document 4096 bytes and title 256 bytes; size is UTF-8 bytes/lines; style selects zero-based payload nodes; Position is logical software pixels; typed Color RGBA8 and native Result; structured Table<Int> 32x8, Tree<Int> 32 nodes/depth16, named products 8 fields/declarations; 4096 rendered bytes and 64 structured publications. Every effect executes once; no window/backend capability inferred. See G170 checklist for narrower method bounds; metadata joins remain in F01. Retained document/headless software profile; exact nodes and bytes; no live desktop claim	console:color-result-fallback-type,console:color-result-expect-type,console:color-expect-error-#12G456
g170-console:Table.console	Exact typed owner contract; no copy/borrow/clone capability inferred from spelling	console	SYNTHETIC_INPUT_AND_RETAINED_CONSOLE	NO	Retained source values plus opt-in pointer-free document/RenderTree/software observation; 256x128 BGRA8 synthetic glyphs; linear document 4096 bytes and title 256 bytes; size is UTF-8 bytes/lines; style selects zero-based payload nodes; Position is logical software pixels; typed Color RGBA8 and native Result; structured Table<Int> 32x8, Tree<Int> 32 nodes/depth16, named products 8 fields/declarations; 4096 rendered bytes and 64 structured publications. Every effect executes once; no window/backend capability inferred. See G170 checklist for narrower method bounds; metadata joins remain in F01. Retained document/headless software profile; exact nodes and bytes; no live desktop claim	console:structured-table-column,console:structured-view-count-limit
g170-console:Text.console	Exact typed owner contract; no copy/borrow/clone capability inferred from spelling	console	SYNTHETIC_INPUT_AND_RETAINED_CONSOLE	NO	Retained source values plus opt-in pointer-free document/RenderTree/software observation; 256x128 BGRA8 synthetic glyphs; linear document 4096 bytes and title 256 bytes; size is UTF-8 bytes/lines; style selects zero-based payload nodes; Position is logical software pixels; typed Color RGBA8 and native Result; structured Table<Int> 32x8, Tree<Int> 32 nodes/depth16, named products 8 fields/declarations; 4096 rendered bytes and 64 structured publications. Every effect executes once; no window/backend capability inferred. See G170 checklist for narrower method bounds; metadata joins remain in F01. Retained document/headless software profile; exact nodes and bytes; no live desktop claim	console:bare-color
g170-console:Text.hash	Exact typed owner contract; no copy/borrow/clone capability inferred from spelling	console	SYNTHETIC_INPUT_AND_RETAINED_CONSOLE	NO	Retained source values plus opt-in pointer-free document/RenderTree/software observation; 256x128 BGRA8 synthetic glyphs; linear document 4096 bytes and title 256 bytes; size is UTF-8 bytes/lines; style selects zero-based payload nodes; Position is logical software pixels; typed Color RGBA8 and native Result; structured Table<Int> 32x8, Tree<Int> 32 nodes/depth16, named products 8 fields/declarations; 4096 rendered bytes and 64 structured publications. Every effect executes once; no window/backend capability inferred. See G170 checklist for narrower method bounds; metadata joins remain in F01. Retained document/headless software profile; exact nodes and bytes; no live desktop claim	console:color-text-hash-limit
g170-console:Tree.console	Exact typed owner contract; no copy/borrow/clone capability inferred from spelling	console	SYNTHETIC_INPUT_AND_RETAINED_CONSOLE	NO	Retained source values plus opt-in pointer-free document/RenderTree/software observation; 256x128 BGRA8 synthetic glyphs; linear document 4096 bytes and title 256 bytes; size is UTF-8 bytes/lines; style selects zero-based payload nodes; Position is logical software pixels; typed Color RGBA8 and native Result; structured Table<Int> 32x8, Tree<Int> 32 nodes/depth16, named products 8 fields/declarations; 4096 rendered bytes and 64 structured publications. Every effect executes once; no window/backend capability inferred. See G170 checklist for narrower method bounds; metadata joins remain in F01. Retained document/headless software profile; exact nodes and bytes; no live desktop claim	console:structured-tree-value,console:structured-tree-depth-limit
g170-console:visual.summarize	Exact typed owner contract; no copy/borrow/clone capability inferred from spelling	console	SYNTHETIC_INPUT_AND_RETAINED_CONSOLE	NO	Canonical existing pure visual_summary_foundation owner, actual Int value 0..255, decimal provenance, one evaluation and independent explicit return; no document/window/rendering effect is claimed. Retained document/headless software profile; exact nodes and bytes; no live desktop claim	console:visual-summary-range--1,console:visual-summary-range-256,console:visual-summary-type,console:visual-summary-arity,console:visual-summary-shadow
g170-scan:allowEmpty	Exact typed owner contract; no copy/borrow/clone capability inferred from spelling	input,console	SYNTHETIC_INPUT_AND_RETAINED_CONSOLE	NO	Real contextual option AST children, lexical operands and native ScanPlan owners. Text UTF-8 <=4096 bytes; Int64; Bool true/false; Char one-byte profile; 1..32 choices; finite retries <=8; readonly relative replay file <=4096 bytes/path<=256; typed Option<Int>/Result<T,ScanError>; headless Console metadata and pointer-free native events. Public secret events hide input bytes/length/digest. No live backend claim. Multiline/paragraph/block/Markdown/code/JSON/raw modes use native G078/G080 owners with at most 256 lines; finite Console enum choices are not nominal enum reflection; multiSelect exposes the native unique 32-bit mask; confirmSecret consumes a second input; forgetAfterUse zeroizes consumed private bytes and preserves the owned result. At most 32 total options. SymbolId/DocRecord reconciliation stays in F01. Synthetic mock/stdin replay; typed bounded ScanPlan; redaction; no real secret or live device	scan:too-long,scan:option-arity-allowEmpty
g170-scan:autocomplete	Exact typed owner contract; no copy/borrow/clone capability inferred from spelling	input,console	SYNTHETIC_INPUT_AND_RETAINED_CONSOLE	NO	Real contextual option AST children, lexical operands and native ScanPlan owners. Text UTF-8 <=4096 bytes; Int64; Bool true/false; Char one-byte profile; 1..32 choices; finite retries <=8; readonly relative replay file <=4096 bytes/path<=256; typed Option<Int>/Result<T,ScanError>; headless Console metadata and pointer-free native events. Public secret events hide input bytes/length/digest. No live backend claim. Multiline/paragraph/block/Markdown/code/JSON/raw modes use native G078/G080 owners with at most 256 lines; finite Console enum choices are not nominal enum reflection; multiSelect exposes the native unique 32-bit mask; confirmSecret consumes a second input; forgetAfterUse zeroizes consumed private bytes and preserves the owned result. At most 32 total options. SymbolId/DocRecord reconciliation stays in F01. Synthetic mock/stdin replay; typed bounded ScanPlan; redaction; no real secret or live device	scan:autocomplete-ambiguous,scan:autocomplete-absent,scan:choice-type-autocomplete
g170-scan:block	Exact typed owner contract; no copy/borrow/clone capability inferred from spelling	input,console	SYNTHETIC_INPUT_AND_RETAINED_CONSOLE	NO	Real contextual option AST children, lexical operands and native ScanPlan owners. Text UTF-8 <=4096 bytes; Int64; Bool true/false; Char one-byte profile; 1..32 choices; finite retries <=8; readonly relative replay file <=4096 bytes/path<=256; typed Option<Int>/Result<T,ScanError>; headless Console metadata and pointer-free native events. Public secret events hide input bytes/length/digest. No live backend claim. Multiline/paragraph/block/Markdown/code/JSON/raw modes use native G078/G080 owners with at most 256 lines; finite Console enum choices are not nominal enum reflection; multiSelect exposes the native unique 32-bit mask; confirmSecret consumes a second input; forgetAfterUse zeroizes consumed private bytes and preserves the owned result. At most 32 total options. SymbolId/DocRecord reconciliation stays in F01. Synthetic mock/stdin replay; typed bounded ScanPlan; redaction; no real secret or live device	scan:multiline-missing-terminator,scan:multiline-type-block
g170-scan:bool	Exact typed owner contract; no copy/borrow/clone capability inferred from spelling	input,console	SYNTHETIC_INPUT_AND_RETAINED_CONSOLE	NO	Real contextual option AST children, lexical operands and native ScanPlan owners. Text UTF-8 <=4096 bytes; Int64; Bool true/false; Char one-byte profile; 1..32 choices; finite retries <=8; readonly relative replay file <=4096 bytes/path<=256; typed Option<Int>/Result<T,ScanError>; headless Console metadata and pointer-free native events. Public secret events hide input bytes/length/digest. No live backend claim. Multiline/paragraph/block/Markdown/code/JSON/raw modes use native G078/G080 owners with at most 256 lines; finite Console enum choices are not nominal enum reflection; multiSelect exposes the native unique 32-bit mask; confirmSecret consumes a second input; forgetAfterUse zeroizes consumed private bytes and preserves the owned result. At most 32 total options. SymbolId/DocRecord reconciliation stays in F01. Synthetic mock/stdin replay; typed bounded ScanPlan; redaction; no real secret or live device	scan:bool-invalid,scan:option-arity-bool
g170-scan:cancelOn	Exact typed owner contract; no copy/borrow/clone capability inferred from spelling	input,console	SYNTHETIC_INPUT_AND_RETAINED_CONSOLE	NO	Real contextual option AST children, lexical operands and native ScanPlan owners. Text UTF-8 <=4096 bytes; Int64; Bool true/false; Char one-byte profile; 1..32 choices; finite retries <=8; readonly relative replay file <=4096 bytes/path<=256; typed Option<Int>/Result<T,ScanError>; headless Console metadata and pointer-free native events. Public secret events hide input bytes/length/digest. No live backend claim. Multiline/paragraph/block/Markdown/code/JSON/raw modes use native G078/G080 owners with at most 256 lines; finite Console enum choices are not nominal enum reflection; multiSelect exposes the native unique 32-bit mask; confirmSecret consumes a second input; forgetAfterUse zeroizes consumed private bytes and preserves the owned result. At most 32 total options. SymbolId/DocRecord reconciliation stays in F01. Synthetic mock/stdin replay; typed bounded ScanPlan; redaction; no real secret or live device	scan:option-type-cancelOn
g170-scan:char	Exact typed owner contract; no copy/borrow/clone capability inferred from spelling	input,console	SYNTHETIC_INPUT_AND_RETAINED_CONSOLE	NO	Real contextual option AST children, lexical operands and native ScanPlan owners. Text UTF-8 <=4096 bytes; Int64; Bool true/false; Char one-byte profile; 1..32 choices; finite retries <=8; readonly relative replay file <=4096 bytes/path<=256; typed Option<Int>/Result<T,ScanError>; headless Console metadata and pointer-free native events. Public secret events hide input bytes/length/digest. No live backend claim. Multiline/paragraph/block/Markdown/code/JSON/raw modes use native G078/G080 owners with at most 256 lines; finite Console enum choices are not nominal enum reflection; multiSelect exposes the native unique 32-bit mask; confirmSecret consumes a second input; forgetAfterUse zeroizes consumed private bytes and preserves the owned result. At most 32 total options. SymbolId/DocRecord reconciliation stays in F01. Synthetic mock/stdin replay; typed bounded ScanPlan; redaction; no real secret or live device	scan:char-utf8,scan:char-empty,scan:option-arity-char
g170-scan:choice	Exact typed owner contract; no copy/borrow/clone capability inferred from spelling	input,console	SYNTHETIC_INPUT_AND_RETAINED_CONSOLE	NO	Real contextual option AST children, lexical operands and native ScanPlan owners. Text UTF-8 <=4096 bytes; Int64; Bool true/false; Char one-byte profile; 1..32 choices; finite retries <=8; readonly relative replay file <=4096 bytes/path<=256; typed Option<Int>/Result<T,ScanError>; headless Console metadata and pointer-free native events. Public secret events hide input bytes/length/digest. No live backend claim. Multiline/paragraph/block/Markdown/code/JSON/raw modes use native G078/G080 owners with at most 256 lines; finite Console enum choices are not nominal enum reflection; multiSelect exposes the native unique 32-bit mask; confirmSecret consumes a second input; forgetAfterUse zeroizes consumed private bytes and preserves the owned result. At most 32 total options. SymbolId/DocRecord reconciliation stays in F01. Synthetic mock/stdin replay; typed bounded ScanPlan; redaction; no real secret or live device	scan:choice-absent,scan:choice-type
g170-scan:chomp	Exact typed owner contract; no copy/borrow/clone capability inferred from spelling	input,console	SYNTHETIC_INPUT_AND_RETAINED_CONSOLE	NO	Real contextual option AST children, lexical operands and native ScanPlan owners. Text UTF-8 <=4096 bytes; Int64; Bool true/false; Char one-byte profile; 1..32 choices; finite retries <=8; readonly relative replay file <=4096 bytes/path<=256; typed Option<Int>/Result<T,ScanError>; headless Console metadata and pointer-free native events. Public secret events hide input bytes/length/digest. No live backend claim. Multiline/paragraph/block/Markdown/code/JSON/raw modes use native G078/G080 owners with at most 256 lines; finite Console enum choices are not nominal enum reflection; multiSelect exposes the native unique 32-bit mask; confirmSecret consumes a second input; forgetAfterUse zeroizes consumed private bytes and preserves the owned result. At most 32 total options. SymbolId/DocRecord reconciliation stays in F01. Synthetic mock/stdin replay; typed bounded ScanPlan; redaction; no real secret or live device	scan:option-arity-chomp
g170-scan:code	Exact typed owner contract; no copy/borrow/clone capability inferred from spelling	input,console	SYNTHETIC_INPUT_AND_RETAINED_CONSOLE	NO	Real contextual option AST children, lexical operands and native ScanPlan owners. Text UTF-8 <=4096 bytes; Int64; Bool true/false; Char one-byte profile; 1..32 choices; finite retries <=8; readonly relative replay file <=4096 bytes/path<=256; typed Option<Int>/Result<T,ScanError>; headless Console metadata and pointer-free native events. Public secret events hide input bytes/length/digest. No live backend claim. Multiline/paragraph/block/Markdown/code/JSON/raw modes use native G078/G080 owners with at most 256 lines; finite Console enum choices are not nominal enum reflection; multiSelect exposes the native unique 32-bit mask; confirmSecret consumes a second input; forgetAfterUse zeroizes consumed private bytes and preserves the owned result. At most 32 total options. SymbolId/DocRecord reconciliation stays in F01. Synthetic mock/stdin replay; typed bounded ScanPlan; redaction; no real secret or live device	scan:multiline-type-code
g170-scan:confirm	Exact typed owner contract; no copy/borrow/clone capability inferred from spelling	input,console	SYNTHETIC_INPUT_AND_RETAINED_CONSOLE	NO	Real contextual option AST children, lexical operands and native ScanPlan owners. Text UTF-8 <=4096 bytes; Int64; Bool true/false; Char one-byte profile; 1..32 choices; finite retries <=8; readonly relative replay file <=4096 bytes/path<=256; typed Option<Int>/Result<T,ScanError>; headless Console metadata and pointer-free native events. Public secret events hide input bytes/length/digest. No live backend claim. Multiline/paragraph/block/Markdown/code/JSON/raw modes use native G078/G080 owners with at most 256 lines; finite Console enum choices are not nominal enum reflection; multiSelect exposes the native unique 32-bit mask; confirmSecret consumes a second input; forgetAfterUse zeroizes consumed private bytes and preserves the owned result. At most 32 total options. SymbolId/DocRecord reconciliation stays in F01. Synthetic mock/stdin replay; typed bounded ScanPlan; redaction; no real secret or live device	scan:choice-confirm-invalid
g170-scan:confirmSecret	Exact typed owner contract; no copy/borrow/clone capability inferred from spelling	input,console	SYNTHETIC_INPUT_AND_RETAINED_CONSOLE	NO	Real contextual option AST children, lexical operands and native ScanPlan owners. Text UTF-8 <=4096 bytes; Int64; Bool true/false; Char one-byte profile; 1..32 choices; finite retries <=8; readonly relative replay file <=4096 bytes/path<=256; typed Option<Int>/Result<T,ScanError>; headless Console metadata and pointer-free native events. Public secret events hide input bytes/length/digest. No live backend claim. Multiline/paragraph/block/Markdown/code/JSON/raw modes use native G078/G080 owners with at most 256 lines; finite Console enum choices are not nominal enum reflection; multiSelect exposes the native unique 32-bit mask; confirmSecret consumes a second input; forgetAfterUse zeroizes consumed private bytes and preserves the owned result. At most 32 total options. SymbolId/DocRecord reconciliation stays in F01. Synthetic mock/stdin replay; typed bounded ScanPlan; redaction; no real secret or live device	scan:confirm-eof-result,scan:confirm-binding-failure,scan:confirm-needs-secret,scan:security-arity-confirmSecret
g170-scan:console	Exact typed owner contract; no copy/borrow/clone capability inferred from spelling	input,console	SYNTHETIC_INPUT_AND_RETAINED_CONSOLE	NO	Real contextual option AST children, lexical operands and native ScanPlan owners. Text UTF-8 <=4096 bytes; Int64; Bool true/false; Char one-byte profile; 1..32 choices; finite retries <=8; readonly relative replay file <=4096 bytes/path<=256; typed Option<Int>/Result<T,ScanError>; headless Console metadata and pointer-free native events. Public secret events hide input bytes/length/digest. No live backend claim. Multiline/paragraph/block/Markdown/code/JSON/raw modes use native G078/G080 owners with at most 256 lines; finite Console enum choices are not nominal enum reflection; multiSelect exposes the native unique 32-bit mask; confirmSecret consumes a second input; forgetAfterUse zeroizes consumed private bytes and preserves the owned result. At most 32 total options. SymbolId/DocRecord reconciliation stays in F01. Synthetic mock/stdin replay; typed bounded ScanPlan; redaction; no real secret or live device	scan:field-arity,scan:option-arity-console
g170-scan:enum	Exact typed owner contract; no copy/borrow/clone capability inferred from spelling	input,console	SYNTHETIC_INPUT_AND_RETAINED_CONSOLE	NO	Real contextual option AST children, lexical operands and native ScanPlan owners. Text UTF-8 <=4096 bytes; Int64; Bool true/false; Char one-byte profile; 1..32 choices; finite retries <=8; readonly relative replay file <=4096 bytes/path<=256; typed Option<Int>/Result<T,ScanError>; headless Console metadata and pointer-free native events. Public secret events hide input bytes/length/digest. No live backend claim. Multiline/paragraph/block/Markdown/code/JSON/raw modes use native G078/G080 owners with at most 256 lines; finite Console enum choices are not nominal enum reflection; multiSelect exposes the native unique 32-bit mask; confirmSecret consumes a second input; forgetAfterUse zeroizes consumed private bytes and preserves the owned result. At most 32 total options. SymbolId/DocRecord reconciliation stays in F01. Synthetic mock/stdin replay; typed bounded ScanPlan; redaction; no real secret or live device	scan:choice-variant-enum-absent,scan:choice-type-enum
g170-scan:eofAs	Exact typed owner contract; no copy/borrow/clone capability inferred from spelling	input,console	SYNTHETIC_INPUT_AND_RETAINED_CONSOLE	NO	Real contextual option AST children, lexical operands and native ScanPlan owners. Text UTF-8 <=4096 bytes; Int64; Bool true/false; Char one-byte profile; 1..32 choices; finite retries <=8; readonly relative replay file <=4096 bytes/path<=256; typed Option<Int>/Result<T,ScanError>; headless Console metadata and pointer-free native events. Public secret events hide input bytes/length/digest. No live backend claim. Multiline/paragraph/block/Markdown/code/JSON/raw modes use native G078/G080 owners with at most 256 lines; finite Console enum choices are not nominal enum reflection; multiSelect exposes the native unique 32-bit mask; confirmSecret consumes a second input; forgetAfterUse zeroizes consumed private bytes and preserves the owned result. At most 32 total options. SymbolId/DocRecord reconciliation stays in F01. Synthetic mock/stdin replay; typed bounded ScanPlan; redaction; no real secret or live device	scan:eof-fallback-type
g170-scan:eofAsNone	Exact typed owner contract; no copy/borrow/clone capability inferred from spelling	input,console	SYNTHETIC_INPUT_AND_RETAINED_CONSOLE	NO	Real contextual option AST children, lexical operands and native ScanPlan owners. Text UTF-8 <=4096 bytes; Int64; Bool true/false; Char one-byte profile; 1..32 choices; finite retries <=8; readonly relative replay file <=4096 bytes/path<=256; typed Option<Int>/Result<T,ScanError>; headless Console metadata and pointer-free native events. Public secret events hide input bytes/length/digest. No live backend claim. Multiline/paragraph/block/Markdown/code/JSON/raw modes use native G078/G080 owners with at most 256 lines; finite Console enum choices are not nominal enum reflection; multiSelect exposes the native unique 32-bit mask; confirmSecret consumes a second input; forgetAfterUse zeroizes consumed private bytes and preserves the owned result. At most 32 total options. SymbolId/DocRecord reconciliation stays in F01. Synthetic mock/stdin replay; typed bounded ScanPlan; redaction; no real secret or live device	scan:eof-option-empty-is-invalid,scan:eof-policy-conflict,scan:option-arity-eofAsNone
g170-scan:feedback	Exact typed owner contract; no copy/borrow/clone capability inferred from spelling	input,console	SYNTHETIC_INPUT_AND_RETAINED_CONSOLE	NO	Real contextual option AST children, lexical operands and native ScanPlan owners. Text UTF-8 <=4096 bytes; Int64; Bool true/false; Char one-byte profile; 1..32 choices; finite retries <=8; readonly relative replay file <=4096 bytes/path<=256; typed Option<Int>/Result<T,ScanError>; headless Console metadata and pointer-free native events. Public secret events hide input bytes/length/digest. No live backend claim. Multiline/paragraph/block/Markdown/code/JSON/raw modes use native G078/G080 owners with at most 256 lines; finite Console enum choices are not nominal enum reflection; multiSelect exposes the native unique 32-bit mask; confirmSecret consumes a second input; forgetAfterUse zeroizes consumed private bytes and preserves the owned result. At most 32 total options. SymbolId/DocRecord reconciliation stays in F01. Synthetic mock/stdin replay; typed bounded ScanPlan; redaction; no real secret or live device	scan:metadata-type,scan:option-arity-feedback
g170-scan:field	Exact typed owner contract; no copy/borrow/clone capability inferred from spelling	input,console	SYNTHETIC_INPUT_AND_RETAINED_CONSOLE	NO	Real contextual option AST children, lexical operands and native ScanPlan owners. Text UTF-8 <=4096 bytes; Int64; Bool true/false; Char one-byte profile; 1..32 choices; finite retries <=8; readonly relative replay file <=4096 bytes/path<=256; typed Option<Int>/Result<T,ScanError>; headless Console metadata and pointer-free native events. Public secret events hide input bytes/length/digest. No live backend claim. Multiline/paragraph/block/Markdown/code/JSON/raw modes use native G078/G080 owners with at most 256 lines; finite Console enum choices are not nominal enum reflection; multiSelect exposes the native unique 32-bit mask; confirmSecret consumes a second input; forgetAfterUse zeroizes consumed private bytes and preserves the owned result. At most 32 total options. SymbolId/DocRecord reconciliation stays in F01. Synthetic mock/stdin replay; typed bounded ScanPlan; redaction; no real secret or live device	scan:field-key-type,scan:field-value-type,scan:field-arity
g170-scan:forgetAfterUse	Exact typed owner contract; no copy/borrow/clone capability inferred from spelling	input,console	SYNTHETIC_INPUT_AND_RETAINED_CONSOLE	NO	Real contextual option AST children, lexical operands and native ScanPlan owners. Text UTF-8 <=4096 bytes; Int64; Bool true/false; Char one-byte profile; 1..32 choices; finite retries <=8; readonly relative replay file <=4096 bytes/path<=256; typed Option<Int>/Result<T,ScanError>; headless Console metadata and pointer-free native events. Public secret events hide input bytes/length/digest. No live backend claim. Multiline/paragraph/block/Markdown/code/JSON/raw modes use native G078/G080 owners with at most 256 lines; finite Console enum choices are not nominal enum reflection; multiSelect exposes the native unique 32-bit mask; confirmSecret consumes a second input; forgetAfterUse zeroizes consumed private bytes and preserves the owned result. At most 32 total options. SymbolId/DocRecord reconciliation stays in F01. Synthetic mock/stdin replay; typed bounded ScanPlan; redaction; no real secret or live device	scan:forget-needs-secret,scan:security-arity-forgetAfterUse
g170-scan:form	Exact typed owner contract; no copy/borrow/clone capability inferred from spelling	input,console	SYNTHETIC_INPUT_AND_RETAINED_CONSOLE	NO	Real contextual option AST children, lexical operands and native ScanPlan owners. Text UTF-8 <=4096 bytes; Int64; Bool true/false; Char one-byte profile; 1..32 choices; finite retries <=8; readonly relative replay file <=4096 bytes/path<=256; typed Option<Int>/Result<T,ScanError>; headless Console metadata and pointer-free native events. Public secret events hide input bytes/length/digest. No live backend claim. Multiline/paragraph/block/Markdown/code/JSON/raw modes use native G078/G080 owners with at most 256 lines; finite Console enum choices are not nominal enum reflection; multiSelect exposes the native unique 32-bit mask; confirmSecret consumes a second input; forgetAfterUse zeroizes consumed private bytes and preserves the owned result. At most 32 total options. SymbolId/DocRecord reconciliation stays in F01. Synthetic mock/stdin replay; typed bounded ScanPlan; redaction; no real secret or live device	scan:option-type-form
g170-scan:indexChoice	Exact typed owner contract; no copy/borrow/clone capability inferred from spelling	input,console	SYNTHETIC_INPUT_AND_RETAINED_CONSOLE	NO	Real contextual option AST children, lexical operands and native ScanPlan owners. Text UTF-8 <=4096 bytes; Int64; Bool true/false; Char one-byte profile; 1..32 choices; finite retries <=8; readonly relative replay file <=4096 bytes/path<=256; typed Option<Int>/Result<T,ScanError>; headless Console metadata and pointer-free native events. Public secret events hide input bytes/length/digest. No live backend claim. Multiline/paragraph/block/Markdown/code/JSON/raw modes use native G078/G080 owners with at most 256 lines; finite Console enum choices are not nominal enum reflection; multiSelect exposes the native unique 32-bit mask; confirmSecret consumes a second input; forgetAfterUse zeroizes consumed private bytes and preserves the owned result. At most 32 total options. SymbolId/DocRecord reconciliation stays in F01. Synthetic mock/stdin replay; typed bounded ScanPlan; redaction; no real secret or live device	scan:choice-arity
g170-scan:int	Exact typed owner contract; no copy/borrow/clone capability inferred from spelling	input,console	SYNTHETIC_INPUT_AND_RETAINED_CONSOLE	NO	Real contextual option AST children, lexical operands and native ScanPlan owners. Text UTF-8 <=4096 bytes; Int64; Bool true/false; Char one-byte profile; 1..32 choices; finite retries <=8; readonly relative replay file <=4096 bytes/path<=256; typed Option<Int>/Result<T,ScanError>; headless Console metadata and pointer-free native events. Public secret events hide input bytes/length/digest. No live backend claim. Multiline/paragraph/block/Markdown/code/JSON/raw modes use native G078/G080 owners with at most 256 lines; finite Console enum choices are not nominal enum reflection; multiSelect exposes the native unique 32-bit mask; confirmSecret consumes a second input; forgetAfterUse zeroizes consumed private bytes and preserves the owned result. At most 32 total options. SymbolId/DocRecord reconciliation stays in F01. Synthetic mock/stdin replay; typed bounded ScanPlan; redaction; no real secret or live device	scan:int-overflow,scan:int-invalid
g170-scan:jsonBlock	Exact typed owner contract; no copy/borrow/clone capability inferred from spelling	input,console	SYNTHETIC_INPUT_AND_RETAINED_CONSOLE	NO	Real contextual option AST children, lexical operands and native ScanPlan owners. Text UTF-8 <=4096 bytes; Int64; Bool true/false; Char one-byte profile; 1..32 choices; finite retries <=8; readonly relative replay file <=4096 bytes/path<=256; typed Option<Int>/Result<T,ScanError>; headless Console metadata and pointer-free native events. Public secret events hide input bytes/length/digest. No live backend claim. Multiline/paragraph/block/Markdown/code/JSON/raw modes use native G078/G080 owners with at most 256 lines; finite Console enum choices are not nominal enum reflection; multiSelect exposes the native unique 32-bit mask; confirmSecret consumes a second input; forgetAfterUse zeroizes consumed private bytes and preserves the owned result. At most 32 total options. SymbolId/DocRecord reconciliation stays in F01. Synthetic mock/stdin replay; typed bounded ScanPlan; redaction; no real secret or live device	scan:multiline-bad-json,scan:multiline-duplicate-json
g170-scan:lower	Exact typed owner contract; no copy/borrow/clone capability inferred from spelling	input,console	SYNTHETIC_INPUT_AND_RETAINED_CONSOLE	NO	Real contextual option AST children, lexical operands and native ScanPlan owners. Text UTF-8 <=4096 bytes; Int64; Bool true/false; Char one-byte profile; 1..32 choices; finite retries <=8; readonly relative replay file <=4096 bytes/path<=256; typed Option<Int>/Result<T,ScanError>; headless Console metadata and pointer-free native events. Public secret events hide input bytes/length/digest. No live backend claim. Multiline/paragraph/block/Markdown/code/JSON/raw modes use native G078/G080 owners with at most 256 lines; finite Console enum choices are not nominal enum reflection; multiSelect exposes the native unique 32-bit mask; confirmSecret consumes a second input; forgetAfterUse zeroizes consumed private bytes and preserves the owned result. At most 32 total options. SymbolId/DocRecord reconciliation stays in F01. Synthetic mock/stdin replay; typed bounded ScanPlan; redaction; no real secret or live device	scan:case-conflict,scan:option-arity-lower
g170-scan:markdown	Exact typed owner contract; no copy/borrow/clone capability inferred from spelling	input,console	SYNTHETIC_INPUT_AND_RETAINED_CONSOLE	NO	Real contextual option AST children, lexical operands and native ScanPlan owners. Text UTF-8 <=4096 bytes; Int64; Bool true/false; Char one-byte profile; 1..32 choices; finite retries <=8; readonly relative replay file <=4096 bytes/path<=256; typed Option<Int>/Result<T,ScanError>; headless Console metadata and pointer-free native events. Public secret events hide input bytes/length/digest. No live backend claim. Multiline/paragraph/block/Markdown/code/JSON/raw modes use native G078/G080 owners with at most 256 lines; finite Console enum choices are not nominal enum reflection; multiSelect exposes the native unique 32-bit mask; confirmSecret consumes a second input; forgetAfterUse zeroizes consumed private bytes and preserves the owned result. At most 32 total options. SymbolId/DocRecord reconciliation stays in F01. Synthetic mock/stdin replay; typed bounded ScanPlan; redaction; no real secret or live device	scan:multiline-type-conflict
g170-scan:mask	Exact typed owner contract; no copy/borrow/clone capability inferred from spelling	input,console	SYNTHETIC_INPUT_AND_RETAINED_CONSOLE	NO	Real contextual option AST children, lexical operands and native ScanPlan owners. Text UTF-8 <=4096 bytes; Int64; Bool true/false; Char one-byte profile; 1..32 choices; finite retries <=8; readonly relative replay file <=4096 bytes/path<=256; typed Option<Int>/Result<T,ScanError>; headless Console metadata and pointer-free native events. Public secret events hide input bytes/length/digest. No live backend claim. Multiline/paragraph/block/Markdown/code/JSON/raw modes use native G078/G080 owners with at most 256 lines; finite Console enum choices are not nominal enum reflection; multiSelect exposes the native unique 32-bit mask; confirmSecret consumes a second input; forgetAfterUse zeroizes consumed private bytes and preserves the owned result. At most 32 total options. SymbolId/DocRecord reconciliation stays in F01. Synthetic mock/stdin replay; typed bounded ScanPlan; redaction; no real secret or live device	scan:option-type-mask
g170-scan:max	Exact typed owner contract; no copy/borrow/clone capability inferred from spelling	input,console	SYNTHETIC_INPUT_AND_RETAINED_CONSOLE	NO	Real contextual option AST children, lexical operands and native ScanPlan owners. Text UTF-8 <=4096 bytes; Int64; Bool true/false; Char one-byte profile; 1..32 choices; finite retries <=8; readonly relative replay file <=4096 bytes/path<=256; typed Option<Int>/Result<T,ScanError>; headless Console metadata and pointer-free native events. Public secret events hide input bytes/length/digest. No live backend claim. Multiline/paragraph/block/Markdown/code/JSON/raw modes use native G078/G080 owners with at most 256 lines; finite Console enum choices are not nominal enum reflection; multiSelect exposes the native unique 32-bit mask; confirmSecret consumes a second input; forgetAfterUse zeroizes consumed private bytes and preserves the owned result. At most 32 total options. SymbolId/DocRecord reconciliation stays in F01. Synthetic mock/stdin replay; typed bounded ScanPlan; redaction; no real secret or live device	scan:upper-bound
g170-scan:maxAttempts	Exact typed owner contract; no copy/borrow/clone capability inferred from spelling	input,console	SYNTHETIC_INPUT_AND_RETAINED_CONSOLE	NO	Real contextual option AST children, lexical operands and native ScanPlan owners. Text UTF-8 <=4096 bytes; Int64; Bool true/false; Char one-byte profile; 1..32 choices; finite retries <=8; readonly relative replay file <=4096 bytes/path<=256; typed Option<Int>/Result<T,ScanError>; headless Console metadata and pointer-free native events. Public secret events hide input bytes/length/digest. No live backend claim. Multiline/paragraph/block/Markdown/code/JSON/raw modes use native G078/G080 owners with at most 256 lines; finite Console enum choices are not nominal enum reflection; multiSelect exposes the native unique 32-bit mask; confirmSecret consumes a second input; forgetAfterUse zeroizes consumed private bytes and preserves the owned result. At most 32 total options. SymbolId/DocRecord reconciliation stays in F01. Synthetic mock/stdin replay; typed bounded ScanPlan; redaction; no real secret or live device	scan:attempts-zero,scan:attempts-nine
g170-scan:maxLen	Exact typed owner contract; no copy/borrow/clone capability inferred from spelling	input,console	SYNTHETIC_INPUT_AND_RETAINED_CONSOLE	NO	Real contextual option AST children, lexical operands and native ScanPlan owners. Text UTF-8 <=4096 bytes; Int64; Bool true/false; Char one-byte profile; 1..32 choices; finite retries <=8; readonly relative replay file <=4096 bytes/path<=256; typed Option<Int>/Result<T,ScanError>; headless Console metadata and pointer-free native events. Public secret events hide input bytes/length/digest. No live backend claim. Multiline/paragraph/block/Markdown/code/JSON/raw modes use native G078/G080 owners with at most 256 lines; finite Console enum choices are not nominal enum reflection; multiSelect exposes the native unique 32-bit mask; confirmSecret consumes a second input; forgetAfterUse zeroizes consumed private bytes and preserves the owned result. At most 32 total options. SymbolId/DocRecord reconciliation stays in F01. Synthetic mock/stdin replay; typed bounded ScanPlan; redaction; no real secret or live device	scan:maximum-length,scan:option-type-maxLen
g170-scan:maxLines	Exact typed owner contract; no copy/borrow/clone capability inferred from spelling	input,console	SYNTHETIC_INPUT_AND_RETAINED_CONSOLE	NO	Real contextual option AST children, lexical operands and native ScanPlan owners. Text UTF-8 <=4096 bytes; Int64; Bool true/false; Char one-byte profile; 1..32 choices; finite retries <=8; readonly relative replay file <=4096 bytes/path<=256; typed Option<Int>/Result<T,ScanError>; headless Console metadata and pointer-free native events. Public secret events hide input bytes/length/digest. No live backend claim. Multiline/paragraph/block/Markdown/code/JSON/raw modes use native G078/G080 owners with at most 256 lines; finite Console enum choices are not nominal enum reflection; multiSelect exposes the native unique 32-bit mask; confirmSecret consumes a second input; forgetAfterUse zeroizes consumed private bytes and preserves the owned result. At most 32 total options. SymbolId/DocRecord reconciliation stays in F01. Synthetic mock/stdin replay; typed bounded ScanPlan; redaction; no real secret or live device	scan:multiline-maxlines-zero,scan:multiline-maxlines-over
g170-scan:menu	Exact typed owner contract; no copy/borrow/clone capability inferred from spelling	input,console	SYNTHETIC_INPUT_AND_RETAINED_CONSOLE	NO	Real contextual option AST children, lexical operands and native ScanPlan owners. Text UTF-8 <=4096 bytes; Int64; Bool true/false; Char one-byte profile; 1..32 choices; finite retries <=8; readonly relative replay file <=4096 bytes/path<=256; typed Option<Int>/Result<T,ScanError>; headless Console metadata and pointer-free native events. Public secret events hide input bytes/length/digest. No live backend claim. Multiline/paragraph/block/Markdown/code/JSON/raw modes use native G078/G080 owners with at most 256 lines; finite Console enum choices are not nominal enum reflection; multiSelect exposes the native unique 32-bit mask; confirmSecret consumes a second input; forgetAfterUse zeroizes consumed private bytes and preserves the owned result. At most 32 total options. SymbolId/DocRecord reconciliation stays in F01. Synthetic mock/stdin replay; typed bounded ScanPlan; redaction; no real secret or live device	scan:choice-variant-menu-absent,scan:choice-type-menu
g170-scan:min	Exact typed owner contract; no copy/borrow/clone capability inferred from spelling	input,console	SYNTHETIC_INPUT_AND_RETAINED_CONSOLE	NO	Real contextual option AST children, lexical operands and native ScanPlan owners. Text UTF-8 <=4096 bytes; Int64; Bool true/false; Char one-byte profile; 1..32 choices; finite retries <=8; readonly relative replay file <=4096 bytes/path<=256; typed Option<Int>/Result<T,ScanError>; headless Console metadata and pointer-free native events. Public secret events hide input bytes/length/digest. No live backend claim. Multiline/paragraph/block/Markdown/code/JSON/raw modes use native G078/G080 owners with at most 256 lines; finite Console enum choices are not nominal enum reflection; multiSelect exposes the native unique 32-bit mask; confirmSecret consumes a second input; forgetAfterUse zeroizes consumed private bytes and preserves the owned result. At most 32 total options. SymbolId/DocRecord reconciliation stays in F01. Synthetic mock/stdin replay; typed bounded ScanPlan; redaction; no real secret or live device	scan:lower-bound
g170-scan:minLen	Exact typed owner contract; no copy/borrow/clone capability inferred from spelling	input,console	SYNTHETIC_INPUT_AND_RETAINED_CONSOLE	NO	Real contextual option AST children, lexical operands and native ScanPlan owners. Text UTF-8 <=4096 bytes; Int64; Bool true/false; Char one-byte profile; 1..32 choices; finite retries <=8; readonly relative replay file <=4096 bytes/path<=256; typed Option<Int>/Result<T,ScanError>; headless Console metadata and pointer-free native events. Public secret events hide input bytes/length/digest. No live backend claim. Multiline/paragraph/block/Markdown/code/JSON/raw modes use native G078/G080 owners with at most 256 lines; finite Console enum choices are not nominal enum reflection; multiSelect exposes the native unique 32-bit mask; confirmSecret consumes a second input; forgetAfterUse zeroizes consumed private bytes and preserves the owned result. At most 32 total options. SymbolId/DocRecord reconciliation stays in F01. Synthetic mock/stdin replay; typed bounded ScanPlan; redaction; no real secret or live device	scan:minimum-length,scan:option-type-minLen
g170-scan:minStrength	Exact typed owner contract; no copy/borrow/clone capability inferred from spelling	input,console	SYNTHETIC_INPUT_AND_RETAINED_CONSOLE	NO	Real contextual option AST children, lexical operands and native ScanPlan owners. Text UTF-8 <=4096 bytes; Int64; Bool true/false; Char one-byte profile; 1..32 choices; finite retries <=8; readonly relative replay file <=4096 bytes/path<=256; typed Option<Int>/Result<T,ScanError>; headless Console metadata and pointer-free native events. Public secret events hide input bytes/length/digest. No live backend claim. Multiline/paragraph/block/Markdown/code/JSON/raw modes use native G078/G080 owners with at most 256 lines; finite Console enum choices are not nominal enum reflection; multiSelect exposes the native unique 32-bit mask; confirmSecret consumes a second input; forgetAfterUse zeroizes consumed private bytes and preserves the owned result. At most 32 total options. SymbolId/DocRecord reconciliation stays in F01. Synthetic mock/stdin replay; typed bounded ScanPlan; redaction; no real secret or live device	scan:option-type-minStrength
g170-scan:mock	Exact typed owner contract; no copy/borrow/clone capability inferred from spelling	input,console	SYNTHETIC_INPUT_AND_RETAINED_CONSOLE	NO	Real contextual option AST children, lexical operands and native ScanPlan owners. Text UTF-8 <=4096 bytes; Int64; Bool true/false; Char one-byte profile; 1..32 choices; finite retries <=8; readonly relative replay file <=4096 bytes/path<=256; typed Option<Int>/Result<T,ScanError>; headless Console metadata and pointer-free native events. Public secret events hide input bytes/length/digest. No live backend claim. Multiline/paragraph/block/Markdown/code/JSON/raw modes use native G078/G080 owners with at most 256 lines; finite Console enum choices are not nominal enum reflection; multiSelect exposes the native unique 32-bit mask; confirmSecret consumes a second input; forgetAfterUse zeroizes consumed private bytes and preserves the owned result. At most 32 total options. SymbolId/DocRecord reconciliation stays in F01. Synthetic mock/stdin replay; typed bounded ScanPlan; redaction; no real secret or live device	scan:duplicate-mock,scan:mock-type
g170-scan:multiSelect	Exact typed owner contract; no copy/borrow/clone capability inferred from spelling	input,console	SYNTHETIC_INPUT_AND_RETAINED_CONSOLE	NO	Real contextual option AST children, lexical operands and native ScanPlan owners. Text UTF-8 <=4096 bytes; Int64; Bool true/false; Char one-byte profile; 1..32 choices; finite retries <=8; readonly relative replay file <=4096 bytes/path<=256; typed Option<Int>/Result<T,ScanError>; headless Console metadata and pointer-free native events. Public secret events hide input bytes/length/digest. No live backend claim. Multiline/paragraph/block/Markdown/code/JSON/raw modes use native G078/G080 owners with at most 256 lines; finite Console enum choices are not nominal enum reflection; multiSelect exposes the native unique 32-bit mask; confirmSecret consumes a second input; forgetAfterUse zeroizes consumed private bytes and preserves the owned result. At most 32 total options. SymbolId/DocRecord reconciliation stays in F01. Synthetic mock/stdin replay; typed bounded ScanPlan; redaction; no real secret or live device	scan:multi-select-duplicate,scan:multi-select-absent,scan:choice-type-multiSelect
g170-scan:multiline	Exact typed owner contract; no copy/borrow/clone capability inferred from spelling	input,console	SYNTHETIC_INPUT_AND_RETAINED_CONSOLE	NO	Real contextual option AST children, lexical operands and native ScanPlan owners. Text UTF-8 <=4096 bytes; Int64; Bool true/false; Char one-byte profile; 1..32 choices; finite retries <=8; readonly relative replay file <=4096 bytes/path<=256; typed Option<Int>/Result<T,ScanError>; headless Console metadata and pointer-free native events. Public secret events hide input bytes/length/digest. No live backend claim. Multiline/paragraph/block/Markdown/code/JSON/raw modes use native G078/G080 owners with at most 256 lines; finite Console enum choices are not nominal enum reflection; multiSelect exposes the native unique 32-bit mask; confirmSecret consumes a second input; forgetAfterUse zeroizes consumed private bytes and preserves the owned result. At most 32 total options. SymbolId/DocRecord reconciliation stays in F01. Synthetic mock/stdin replay; typed bounded ScanPlan; redaction; no real secret or live device	scan:multiline-type-conflict,scan:multiline-too-many-lines
g170-scan:noEcho	Exact typed owner contract; no copy/borrow/clone capability inferred from spelling	input,console	SYNTHETIC_INPUT_AND_RETAINED_CONSOLE	NO	Real contextual option AST children, lexical operands and native ScanPlan owners. Text UTF-8 <=4096 bytes; Int64; Bool true/false; Char one-byte profile; 1..32 choices; finite retries <=8; readonly relative replay file <=4096 bytes/path<=256; typed Option<Int>/Result<T,ScanError>; headless Console metadata and pointer-free native events. Public secret events hide input bytes/length/digest. No live backend claim. Multiline/paragraph/block/Markdown/code/JSON/raw modes use native G078/G080 owners with at most 256 lines; finite Console enum choices are not nominal enum reflection; multiSelect exposes the native unique 32-bit mask; confirmSecret consumes a second input; forgetAfterUse zeroizes consumed private bytes and preserves the owned result. At most 32 total options. SymbolId/DocRecord reconciliation stays in F01. Synthetic mock/stdin replay; typed bounded ScanPlan; redaction; no real secret or live device	scan:secret-arity,scan:option-arity-noEcho
g170-scan:noHistory	Exact typed owner contract; no copy/borrow/clone capability inferred from spelling	input,console	SYNTHETIC_INPUT_AND_RETAINED_CONSOLE	NO	Real contextual option AST children, lexical operands and native ScanPlan owners. Text UTF-8 <=4096 bytes; Int64; Bool true/false; Char one-byte profile; 1..32 choices; finite retries <=8; readonly relative replay file <=4096 bytes/path<=256; typed Option<Int>/Result<T,ScanError>; headless Console metadata and pointer-free native events. Public secret events hide input bytes/length/digest. No live backend claim. Multiline/paragraph/block/Markdown/code/JSON/raw modes use native G078/G080 owners with at most 256 lines; finite Console enum choices are not nominal enum reflection; multiSelect exposes the native unique 32-bit mask; confirmSecret consumes a second input; forgetAfterUse zeroizes consumed private bytes and preserves the owned result. At most 32 total options. SymbolId/DocRecord reconciliation stays in F01. Synthetic mock/stdin replay; typed bounded ScanPlan; redaction; no real secret or live device	scan:secret-arity,scan:option-arity-noHistory
g170-scan:onCancel	Exact typed owner contract; no copy/borrow/clone capability inferred from spelling	input,console	SYNTHETIC_INPUT_AND_RETAINED_CONSOLE	NO	Real contextual option AST children, lexical operands and native ScanPlan owners. Text UTF-8 <=4096 bytes; Int64; Bool true/false; Char one-byte profile; 1..32 choices; finite retries <=8; readonly relative replay file <=4096 bytes/path<=256; typed Option<Int>/Result<T,ScanError>; headless Console metadata and pointer-free native events. Public secret events hide input bytes/length/digest. No live backend claim. Multiline/paragraph/block/Markdown/code/JSON/raw modes use native G078/G080 owners with at most 256 lines; finite Console enum choices are not nominal enum reflection; multiSelect exposes the native unique 32-bit mask; confirmSecret consumes a second input; forgetAfterUse zeroizes consumed private bytes and preserves the owned result. At most 32 total options. SymbolId/DocRecord reconciliation stays in F01. Synthetic mock/stdin replay; typed bounded ScanPlan; redaction; no real secret or live device	scan:cancel-fallback-type
g170-scan:oneOf	Exact typed owner contract; no copy/borrow/clone capability inferred from spelling	input,console	SYNTHETIC_INPUT_AND_RETAINED_CONSOLE	NO	Real contextual option AST children, lexical operands and native ScanPlan owners. Text UTF-8 <=4096 bytes; Int64; Bool true/false; Char one-byte profile; 1..32 choices; finite retries <=8; readonly relative replay file <=4096 bytes/path<=256; typed Option<Int>/Result<T,ScanError>; headless Console metadata and pointer-free native events. Public secret events hide input bytes/length/digest. No live backend claim. Multiline/paragraph/block/Markdown/code/JSON/raw modes use native G078/G080 owners with at most 256 lines; finite Console enum choices are not nominal enum reflection; multiSelect exposes the native unique 32-bit mask; confirmSecret consumes a second input; forgetAfterUse zeroizes consumed private bytes and preserves the owned result. At most 32 total options. SymbolId/DocRecord reconciliation stays in F01. Synthetic mock/stdin replay; typed bounded ScanPlan; redaction; no real secret or live device	scan:choice-variant-oneOf-absent,scan:choice-type-oneOf
g170-scan:optional	Exact typed owner contract; no copy/borrow/clone capability inferred from spelling	input,console	SYNTHETIC_INPUT_AND_RETAINED_CONSOLE	NO	Real contextual option AST children, lexical operands and native ScanPlan owners. Text UTF-8 <=4096 bytes; Int64; Bool true/false; Char one-byte profile; 1..32 choices; finite retries <=8; readonly relative replay file <=4096 bytes/path<=256; typed Option<Int>/Result<T,ScanError>; headless Console metadata and pointer-free native events. Public secret events hide input bytes/length/digest. No live backend claim. Multiline/paragraph/block/Markdown/code/JSON/raw modes use native G078/G080 owners with at most 256 lines; finite Console enum choices are not nominal enum reflection; multiSelect exposes the native unique 32-bit mask; confirmSecret consumes a second input; forgetAfterUse zeroizes consumed private bytes and preserves the owned result. At most 32 total options. SymbolId/DocRecord reconciliation stays in F01. Synthetic mock/stdin replay; typed bounded ScanPlan; redaction; no real secret or live device	scan:optional-type,scan:option-arity-optional
g170-scan:panel	Exact typed owner contract; no copy/borrow/clone capability inferred from spelling	input,console	SYNTHETIC_INPUT_AND_RETAINED_CONSOLE	NO	Real contextual option AST children, lexical operands and native ScanPlan owners. Text UTF-8 <=4096 bytes; Int64; Bool true/false; Char one-byte profile; 1..32 choices; finite retries <=8; readonly relative replay file <=4096 bytes/path<=256; typed Option<Int>/Result<T,ScanError>; headless Console metadata and pointer-free native events. Public secret events hide input bytes/length/digest. No live backend claim. Multiline/paragraph/block/Markdown/code/JSON/raw modes use native G078/G080 owners with at most 256 lines; finite Console enum choices are not nominal enum reflection; multiSelect exposes the native unique 32-bit mask; confirmSecret consumes a second input; forgetAfterUse zeroizes consumed private bytes and preserves the owned result. At most 32 total options. SymbolId/DocRecord reconciliation stays in F01. Synthetic mock/stdin replay; typed bounded ScanPlan; redaction; no real secret or live device	scan:option-type-panel
g170-scan:paragraph	Exact typed owner contract; no copy/borrow/clone capability inferred from spelling	input,console	SYNTHETIC_INPUT_AND_RETAINED_CONSOLE	NO	Real contextual option AST children, lexical operands and native ScanPlan owners. Text UTF-8 <=4096 bytes; Int64; Bool true/false; Char one-byte profile; 1..32 choices; finite retries <=8; readonly relative replay file <=4096 bytes/path<=256; typed Option<Int>/Result<T,ScanError>; headless Console metadata and pointer-free native events. Public secret events hide input bytes/length/digest. No live backend claim. Multiline/paragraph/block/Markdown/code/JSON/raw modes use native G078/G080 owners with at most 256 lines; finite Console enum choices are not nominal enum reflection; multiSelect exposes the native unique 32-bit mask; confirmSecret consumes a second input; forgetAfterUse zeroizes consumed private bytes and preserves the owned result. At most 32 total options. SymbolId/DocRecord reconciliation stays in F01. Synthetic mock/stdin replay; typed bounded ScanPlan; redaction; no real secret or live device	scan:multiline-mode-conflict
g170-scan:password	Exact typed owner contract; no copy/borrow/clone capability inferred from spelling	input,console	SYNTHETIC_INPUT_AND_RETAINED_CONSOLE	NO	Real contextual option AST children, lexical operands and native ScanPlan owners. Text UTF-8 <=4096 bytes; Int64; Bool true/false; Char one-byte profile; 1..32 choices; finite retries <=8; readonly relative replay file <=4096 bytes/path<=256; typed Option<Int>/Result<T,ScanError>; headless Console metadata and pointer-free native events. Public secret events hide input bytes/length/digest. No live backend claim. Multiline/paragraph/block/Markdown/code/JSON/raw modes use native G078/G080 owners with at most 256 lines; finite Console enum choices are not nominal enum reflection; multiSelect exposes the native unique 32-bit mask; confirmSecret consumes a second input; forgetAfterUse zeroizes consumed private bytes and preserves the owned result. At most 32 total options. SymbolId/DocRecord reconciliation stays in F01. Synthetic mock/stdin replay; typed bounded ScanPlan; redaction; no real secret or live device	scan:weak-secret,scan:option-arity-password
g170-scan:rawBlock	Exact typed owner contract; no copy/borrow/clone capability inferred from spelling	input,console	SYNTHETIC_INPUT_AND_RETAINED_CONSOLE	NO	Real contextual option AST children, lexical operands and native ScanPlan owners. Text UTF-8 <=4096 bytes; Int64; Bool true/false; Char one-byte profile; 1..32 choices; finite retries <=8; readonly relative replay file <=4096 bytes/path<=256; typed Option<Int>/Result<T,ScanError>; headless Console metadata and pointer-free native events. Public secret events hide input bytes/length/digest. No live backend claim. Multiline/paragraph/block/Markdown/code/JSON/raw modes use native G078/G080 owners with at most 256 lines; finite Console enum choices are not nominal enum reflection; multiSelect exposes the native unique 32-bit mask; confirmSecret consumes a second input; forgetAfterUse zeroizes consumed private bytes and preserves the owned result. At most 32 total options. SymbolId/DocRecord reconciliation stays in F01. Synthetic mock/stdin replay; typed bounded ScanPlan; redaction; no real secret or live device	scan:multiline-mode-conflict
g170-scan:redact	Exact typed owner contract; no copy/borrow/clone capability inferred from spelling	input,console	SYNTHETIC_INPUT_AND_RETAINED_CONSOLE	NO	Real contextual option AST children, lexical operands and native ScanPlan owners. Text UTF-8 <=4096 bytes; Int64; Bool true/false; Char one-byte profile; 1..32 choices; finite retries <=8; readonly relative replay file <=4096 bytes/path<=256; typed Option<Int>/Result<T,ScanError>; headless Console metadata and pointer-free native events. Public secret events hide input bytes/length/digest. No live backend claim. Multiline/paragraph/block/Markdown/code/JSON/raw modes use native G078/G080 owners with at most 256 lines; finite Console enum choices are not nominal enum reflection; multiSelect exposes the native unique 32-bit mask; confirmSecret consumes a second input; forgetAfterUse zeroizes consumed private bytes and preserves the owned result. At most 32 total options. SymbolId/DocRecord reconciliation stays in F01. Synthetic mock/stdin replay; typed bounded ScanPlan; redaction; no real secret or live device	scan:secret-arity,scan:option-arity-redact
g170-scan:replay	Exact typed owner contract; no copy/borrow/clone capability inferred from spelling	input,console	SYNTHETIC_INPUT_AND_RETAINED_CONSOLE	NO	Real contextual option AST children, lexical operands and native ScanPlan owners. Text UTF-8 <=4096 bytes; Int64; Bool true/false; Char one-byte profile; 1..32 choices; finite retries <=8; readonly relative replay file <=4096 bytes/path<=256; typed Option<Int>/Result<T,ScanError>; headless Console metadata and pointer-free native events. Public secret events hide input bytes/length/digest. No live backend claim. Multiline/paragraph/block/Markdown/code/JSON/raw modes use native G078/G080 owners with at most 256 lines; finite Console enum choices are not nominal enum reflection; multiSelect exposes the native unique 32-bit mask; confirmSecret consumes a second input; forgetAfterUse zeroizes consumed private bytes and preserves the owned result. At most 32 total options. SymbolId/DocRecord reconciliation stays in F01. Synthetic mock/stdin replay; typed bounded ScanPlan; redaction; no real secret or live device	scan:replay-missing,scan:replay-limit,scan:replay-parent,scan:replay-absolute
g170-scan:required	Exact typed owner contract; no copy/borrow/clone capability inferred from spelling	input,console	SYNTHETIC_INPUT_AND_RETAINED_CONSOLE	NO	Real contextual option AST children, lexical operands and native ScanPlan owners. Text UTF-8 <=4096 bytes; Int64; Bool true/false; Char one-byte profile; 1..32 choices; finite retries <=8; readonly relative replay file <=4096 bytes/path<=256; typed Option<Int>/Result<T,ScanError>; headless Console metadata and pointer-free native events. Public secret events hide input bytes/length/digest. No live backend claim. Multiline/paragraph/block/Markdown/code/JSON/raw modes use native G078/G080 owners with at most 256 lines; finite Console enum choices are not nominal enum reflection; multiSelect exposes the native unique 32-bit mask; confirmSecret consumes a second input; forgetAfterUse zeroizes consumed private bytes and preserves the owned result. At most 32 total options. SymbolId/DocRecord reconciliation stays in F01. Synthetic mock/stdin replay; typed bounded ScanPlan; redaction; no real secret or live device	scan:required-empty,scan:option-arity-required
g170-scan:result	Exact typed owner contract; no copy/borrow/clone capability inferred from spelling	input,console	SYNTHETIC_INPUT_AND_RETAINED_CONSOLE	NO	Real contextual option AST children, lexical operands and native ScanPlan owners. Text UTF-8 <=4096 bytes; Int64; Bool true/false; Char one-byte profile; 1..32 choices; finite retries <=8; readonly relative replay file <=4096 bytes/path<=256; typed Option<Int>/Result<T,ScanError>; headless Console metadata and pointer-free native events. Public secret events hide input bytes/length/digest. No live backend claim. Multiline/paragraph/block/Markdown/code/JSON/raw modes use native G078/G080 owners with at most 256 lines; finite Console enum choices are not nominal enum reflection; multiSelect exposes the native unique 32-bit mask; confirmSecret consumes a second input; forgetAfterUse zeroizes consumed private bytes and preserves the owned result. At most 32 total options. SymbolId/DocRecord reconciliation stays in F01. Synthetic mock/stdin replay; typed bounded ScanPlan; redaction; no real secret or live device	scan:result-optional-conflict,scan:option-arity-result
g170-scan:retry	Exact typed owner contract; no copy/borrow/clone capability inferred from spelling	input,console	SYNTHETIC_INPUT_AND_RETAINED_CONSOLE	NO	Real contextual option AST children, lexical operands and native ScanPlan owners. Text UTF-8 <=4096 bytes; Int64; Bool true/false; Char one-byte profile; 1..32 choices; finite retries <=8; readonly relative replay file <=4096 bytes/path<=256; typed Option<Int>/Result<T,ScanError>; headless Console metadata and pointer-free native events. Public secret events hide input bytes/length/digest. No live backend claim. Multiline/paragraph/block/Markdown/code/JSON/raw modes use native G078/G080 owners with at most 256 lines; finite Console enum choices are not nominal enum reflection; multiSelect exposes the native unique 32-bit mask; confirmSecret consumes a second input; forgetAfterUse zeroizes consumed private bytes and preserves the owned result. At most 32 total options. SymbolId/DocRecord reconciliation stays in F01. Synthetic mock/stdin replay; typed bounded ScanPlan; redaction; no real secret or live device	scan:retry-exhausted,scan:retry-default-exhausted,scan:option-arity-retry
g170-scan:scan	Exact typed owner contract; no copy/borrow/clone capability inferred from spelling	input,console	SYNTHETIC_INPUT_AND_RETAINED_CONSOLE	NO	Real contextual option AST children, lexical operands and native ScanPlan owners. Text UTF-8 <=4096 bytes; Int64; Bool true/false; Char one-byte profile; 1..32 choices; finite retries <=8; readonly relative replay file <=4096 bytes/path<=256; typed Option<Int>/Result<T,ScanError>; headless Console metadata and pointer-free native events. Public secret events hide input bytes/length/digest. No live backend claim. Multiline/paragraph/block/Markdown/code/JSON/raw modes use native G078/G080 owners with at most 256 lines; finite Console enum choices are not nominal enum reflection; multiSelect exposes the native unique 32-bit mask; confirmSecret consumes a second input; forgetAfterUse zeroizes consumed private bytes and preserves the owned result. At most 32 total options. SymbolId/DocRecord reconciliation stays in F01. Synthetic mock/stdin replay; typed bounded ScanPlan; redaction; no real secret or live device	scan:invalid-process-type,scan:unknown
g170-scan:secret	Exact typed owner contract; no copy/borrow/clone capability inferred from spelling	input,console	SYNTHETIC_INPUT_AND_RETAINED_CONSOLE	NO	Real contextual option AST children, lexical operands and native ScanPlan owners. Text UTF-8 <=4096 bytes; Int64; Bool true/false; Char one-byte profile; 1..32 choices; finite retries <=8; readonly relative replay file <=4096 bytes/path<=256; typed Option<Int>/Result<T,ScanError>; headless Console metadata and pointer-free native events. Public secret events hide input bytes/length/digest. No live backend claim. Multiline/paragraph/block/Markdown/code/JSON/raw modes use native G078/G080 owners with at most 256 lines; finite Console enum choices are not nominal enum reflection; multiSelect exposes the native unique 32-bit mask; confirmSecret consumes a second input; forgetAfterUse zeroizes consumed private bytes and preserves the owned result. At most 32 total options. SymbolId/DocRecord reconciliation stays in F01. Synthetic mock/stdin replay; typed bounded ScanPlan; redaction; no real secret or live device	scan:weak-secret,scan:secret-arity,scan:option-arity-secret
g170-scan:select	Exact typed owner contract; no copy/borrow/clone capability inferred from spelling	input,console	SYNTHETIC_INPUT_AND_RETAINED_CONSOLE	NO	Real contextual option AST children, lexical operands and native ScanPlan owners. Text UTF-8 <=4096 bytes; Int64; Bool true/false; Char one-byte profile; 1..32 choices; finite retries <=8; readonly relative replay file <=4096 bytes/path<=256; typed Option<Int>/Result<T,ScanError>; headless Console metadata and pointer-free native events. Public secret events hide input bytes/length/digest. No live backend claim. Multiline/paragraph/block/Markdown/code/JSON/raw modes use native G078/G080 owners with at most 256 lines; finite Console enum choices are not nominal enum reflection; multiSelect exposes the native unique 32-bit mask; confirmSecret consumes a second input; forgetAfterUse zeroizes consumed private bytes and preserves the owned result. At most 32 total options. SymbolId/DocRecord reconciliation stays in F01. Synthetic mock/stdin replay; typed bounded ScanPlan; redaction; no real secret or live device	scan:choice-variant-select-absent,scan:choice-type-select
g170-scan:sensitive	Exact typed owner contract; no copy/borrow/clone capability inferred from spelling	input,console	SYNTHETIC_INPUT_AND_RETAINED_CONSOLE	NO	Real contextual option AST children, lexical operands and native ScanPlan owners. Text UTF-8 <=4096 bytes; Int64; Bool true/false; Char one-byte profile; 1..32 choices; finite retries <=8; readonly relative replay file <=4096 bytes/path<=256; typed Option<Int>/Result<T,ScanError>; headless Console metadata and pointer-free native events. Public secret events hide input bytes/length/digest. No live backend claim. Multiline/paragraph/block/Markdown/code/JSON/raw modes use native G078/G080 owners with at most 256 lines; finite Console enum choices are not nominal enum reflection; multiSelect exposes the native unique 32-bit mask; confirmSecret consumes a second input; forgetAfterUse zeroizes consumed private bytes and preserves the owned result. At most 32 total options. SymbolId/DocRecord reconciliation stays in F01. Synthetic mock/stdin replay; typed bounded ScanPlan; redaction; no real secret or live device	scan:secret-arity,scan:option-arity-sensitive
g170-scan:style	Exact typed owner contract; no copy/borrow/clone capability inferred from spelling	input,console	SYNTHETIC_INPUT_AND_RETAINED_CONSOLE	NO	Real contextual option AST children, lexical operands and native ScanPlan owners. Text UTF-8 <=4096 bytes; Int64; Bool true/false; Char one-byte profile; 1..32 choices; finite retries <=8; readonly relative replay file <=4096 bytes/path<=256; typed Option<Int>/Result<T,ScanError>; headless Console metadata and pointer-free native events. Public secret events hide input bytes/length/digest. No live backend claim. Multiline/paragraph/block/Markdown/code/JSON/raw modes use native G078/G080 owners with at most 256 lines; finite Console enum choices are not nominal enum reflection; multiSelect exposes the native unique 32-bit mask; confirmSecret consumes a second input; forgetAfterUse zeroizes consumed private bytes and preserves the owned result. At most 32 total options. SymbolId/DocRecord reconciliation stays in F01. Synthetic mock/stdin replay; typed bounded ScanPlan; redaction; no real secret or live device	scan:option-type-style
g170-scan:text	Exact typed owner contract; no copy/borrow/clone capability inferred from spelling	input,console	SYNTHETIC_INPUT_AND_RETAINED_CONSOLE	NO	Real contextual option AST children, lexical operands and native ScanPlan owners. Text UTF-8 <=4096 bytes; Int64; Bool true/false; Char one-byte profile; 1..32 choices; finite retries <=8; readonly relative replay file <=4096 bytes/path<=256; typed Option<Int>/Result<T,ScanError>; headless Console metadata and pointer-free native events. Public secret events hide input bytes/length/digest. No live backend claim. Multiline/paragraph/block/Markdown/code/JSON/raw modes use native G078/G080 owners with at most 256 lines; finite Console enum choices are not nominal enum reflection; multiSelect exposes the native unique 32-bit mask; confirmSecret consumes a second input; forgetAfterUse zeroizes consumed private bytes and preserves the owned result. At most 32 total options. SymbolId/DocRecord reconciliation stays in F01. Synthetic mock/stdin replay; typed bounded ScanPlan; redaction; no real secret or live device	scan:mock-type,scan:option-arity-text
g170-scan:trim	Exact typed owner contract; no copy/borrow/clone capability inferred from spelling	input,console	SYNTHETIC_INPUT_AND_RETAINED_CONSOLE	NO	Real contextual option AST children, lexical operands and native ScanPlan owners. Text UTF-8 <=4096 bytes; Int64; Bool true/false; Char one-byte profile; 1..32 choices; finite retries <=8; readonly relative replay file <=4096 bytes/path<=256; typed Option<Int>/Result<T,ScanError>; headless Console metadata and pointer-free native events. Public secret events hide input bytes/length/digest. No live backend claim. Multiline/paragraph/block/Markdown/code/JSON/raw modes use native G078/G080 owners with at most 256 lines; finite Console enum choices are not nominal enum reflection; multiSelect exposes the native unique 32-bit mask; confirmSecret consumes a second input; forgetAfterUse zeroizes consumed private bytes and preserves the owned result. At most 32 total options. SymbolId/DocRecord reconciliation stays in F01. Synthetic mock/stdin replay; typed bounded ScanPlan; redaction; no real secret or live device	scan:mock-type,scan:option-arity-trim
g170-scan:until	Exact typed owner contract; no copy/borrow/clone capability inferred from spelling	input,console	SYNTHETIC_INPUT_AND_RETAINED_CONSOLE	NO	Real contextual option AST children, lexical operands and native ScanPlan owners. Text UTF-8 <=4096 bytes; Int64; Bool true/false; Char one-byte profile; 1..32 choices; finite retries <=8; readonly relative replay file <=4096 bytes/path<=256; typed Option<Int>/Result<T,ScanError>; headless Console metadata and pointer-free native events. Public secret events hide input bytes/length/digest. No live backend claim. Multiline/paragraph/block/Markdown/code/JSON/raw modes use native G078/G080 owners with at most 256 lines; finite Console enum choices are not nominal enum reflection; multiSelect exposes the native unique 32-bit mask; confirmSecret consumes a second input; forgetAfterUse zeroizes consumed private bytes and preserves the owned result. At most 32 total options. SymbolId/DocRecord reconciliation stays in F01. Synthetic mock/stdin replay; typed bounded ScanPlan; redaction; no real secret or live device	scan:multiline-empty-delimiter,scan:multiline-type-until
g170-scan:untrusted	Exact typed owner contract; no copy/borrow/clone capability inferred from spelling	input,console	SYNTHETIC_INPUT_AND_RETAINED_CONSOLE	NO	Real contextual option AST children, lexical operands and native ScanPlan owners. Text UTF-8 <=4096 bytes; Int64; Bool true/false; Char one-byte profile; 1..32 choices; finite retries <=8; readonly relative replay file <=4096 bytes/path<=256; typed Option<Int>/Result<T,ScanError>; headless Console metadata and pointer-free native events. Public secret events hide input bytes/length/digest. No live backend claim. Multiline/paragraph/block/Markdown/code/JSON/raw modes use native G078/G080 owners with at most 256 lines; finite Console enum choices are not nominal enum reflection; multiSelect exposes the native unique 32-bit mask; confirmSecret consumes a second input; forgetAfterUse zeroizes consumed private bytes and preserves the owned result. At most 32 total options. SymbolId/DocRecord reconciliation stays in F01. Synthetic mock/stdin replay; typed bounded ScanPlan; redaction; no real secret or live device	scan:secret-arity,scan:option-arity-untrusted
g170-scan:upper	Exact typed owner contract; no copy/borrow/clone capability inferred from spelling	input,console	SYNTHETIC_INPUT_AND_RETAINED_CONSOLE	NO	Real contextual option AST children, lexical operands and native ScanPlan owners. Text UTF-8 <=4096 bytes; Int64; Bool true/false; Char one-byte profile; 1..32 choices; finite retries <=8; readonly relative replay file <=4096 bytes/path<=256; typed Option<Int>/Result<T,ScanError>; headless Console metadata and pointer-free native events. Public secret events hide input bytes/length/digest. No live backend claim. Multiline/paragraph/block/Markdown/code/JSON/raw modes use native G078/G080 owners with at most 256 lines; finite Console enum choices are not nominal enum reflection; multiSelect exposes the native unique 32-bit mask; confirmSecret consumes a second input; forgetAfterUse zeroizes consumed private bytes and preserves the owned result. At most 32 total options. SymbolId/DocRecord reconciliation stays in F01. Synthetic mock/stdin replay; typed bounded ScanPlan; redaction; no real secret or live device	scan:case-conflict,scan:option-arity-upper
g170-scan:view	Exact typed owner contract; no copy/borrow/clone capability inferred from spelling	input,console	SYNTHETIC_INPUT_AND_RETAINED_CONSOLE	NO	Real contextual option AST children, lexical operands and native ScanPlan owners. Text UTF-8 <=4096 bytes; Int64; Bool true/false; Char one-byte profile; 1..32 choices; finite retries <=8; readonly relative replay file <=4096 bytes/path<=256; typed Option<Int>/Result<T,ScanError>; headless Console metadata and pointer-free native events. Public secret events hide input bytes/length/digest. No live backend claim. Multiline/paragraph/block/Markdown/code/JSON/raw modes use native G078/G080 owners with at most 256 lines; finite Console enum choices are not nominal enum reflection; multiSelect exposes the native unique 32-bit mask; confirmSecret consumes a second input; forgetAfterUse zeroizes consumed private bytes and preserves the owned result. At most 32 total options. SymbolId/DocRecord reconciliation stays in F01. Synthetic mock/stdin replay; typed bounded ScanPlan; redaction; no real secret or live device	scan:option-type-view
g170-scan:yesNo	Exact typed owner contract; no copy/borrow/clone capability inferred from spelling	input,console	SYNTHETIC_INPUT_AND_RETAINED_CONSOLE	NO	Real contextual option AST children, lexical operands and native ScanPlan owners. Text UTF-8 <=4096 bytes; Int64; Bool true/false; Char one-byte profile; 1..32 choices; finite retries <=8; readonly relative replay file <=4096 bytes/path<=256; typed Option<Int>/Result<T,ScanError>; headless Console metadata and pointer-free native events. Public secret events hide input bytes/length/digest. No live backend claim. Multiline/paragraph/block/Markdown/code/JSON/raw modes use native G078/G080 owners with at most 256 lines; finite Console enum choices are not nominal enum reflection; multiSelect exposes the native unique 32-bit mask; confirmSecret consumes a second input; forgetAfterUse zeroizes consumed private bytes and preserves the owned result. At most 32 total options. SymbolId/DocRecord reconciliation stays in F01. Synthetic mock/stdin replay; typed bounded ScanPlan; redaction; no real secret or live device	scan:choice-yesNo-invalid
