canonical_identity	target	owner	field	definition	abi_fingerprint	scope
compiler/abi/abi_versioning.inc::NEBO_ABI_METADATA_MAGIC	x86_64-systemv-elf-linux	compiler/abi/abi_versioning.inc	NEBO_ABI_METADATA_MAGIC	0x4e42414249323731	7e1fa633792cde7f4e7572feccbc3951c317315da554328082d5bc65f8f42fbe	Owner contract; internal fields remain internal; no universal ABI promise
compiler/abi/abi_versioning.inc::NEBO_ABI_REPORT_MAGIC	x86_64-systemv-elf-linux	compiler/abi/abi_versioning.inc	NEBO_ABI_REPORT_MAGIC	0x4e42415250543237	93f647d4cf81221605ad16c7ec5c1c781e9908d13eeb6783db4f862c7e209700	Owner contract; internal fields remain internal; no universal ABI promise
compiler/abi/abi_versioning.inc::NEBO_ABI_SCHEMA_VERSION	x86_64-systemv-elf-linux	compiler/abi/abi_versioning.inc	NEBO_ABI_SCHEMA_VERSION	1	65468960c667ef31235ec3b916fb61f184052647c3b152c389da40e98735a71f	Owner contract; internal fields remain internal; no universal ABI promise
compiler/abi/abi_versioning.inc::NEBO_ABI_CURRENT_MAJOR	x86_64-systemv-elf-linux	compiler/abi/abi_versioning.inc	NEBO_ABI_CURRENT_MAJOR	0	eb63a88f632d121e2ec3586c82c0290986097b1f7c1ff6c90dc523b0c959afe0	Owner contract; internal fields remain internal; no universal ABI promise
compiler/abi/abi_versioning.inc::NEBO_ABI_CURRENT_MINOR	x86_64-systemv-elf-linux	compiler/abi/abi_versioning.inc	NEBO_ABI_CURRENT_MINOR	0	5a496a5081163b2254efab35997d66db552799b40b2f93f4bbdefca850114840	Owner contract; internal fields remain internal; no universal ABI promise
compiler/abi/abi_versioning.inc::NEBO_RUNTIME_CURRENT_MAJOR	x86_64-systemv-elf-linux	compiler/abi/abi_versioning.inc	NEBO_RUNTIME_CURRENT_MAJOR	0	57373219165d510b4f678bd44532ff245ba9ebc6073c2d4aa544ed00cb3bdf24	Owner contract; internal fields remain internal; no universal ABI promise
compiler/abi/abi_versioning.inc::NEBO_RUNTIME_CURRENT_MINOR	x86_64-systemv-elf-linux	compiler/abi/abi_versioning.inc	NEBO_RUNTIME_CURRENT_MINOR	0	c0b252db36c509d321dd59c4d3d2eea14b675b5e61f1e81bc943f7978544507f	Owner contract; internal fields remain internal; no universal ABI promise
compiler/abi/abi_versioning.inc::NEBO_OBJECT_METADATA_VERSION	x86_64-systemv-elf-linux	compiler/abi/abi_versioning.inc	NEBO_OBJECT_METADATA_VERSION	1	cc80b8c7b078d26c84ce762edf7fc9aeaca6ace7a868744953aa4e19a70d7509	Owner contract; internal fields remain internal; no universal ABI promise
compiler/abi/abi_versioning.inc::NEBO_ABI_TARGET_X86_64_SYSTEMV_ELF_LINUX	x86_64-systemv-elf-linux	compiler/abi/abi_versioning.inc	NEBO_ABI_TARGET_X86_64_SYSTEMV_ELF_LINUX	0x7838365f36345f6c	2b2c383769bae6d3787c7cc8f33667474a57121ef4cb6346129edd7f0e387dbd	Owner contract; internal fields remain internal; no universal ABI promise
compiler/abi/abi_versioning.inc::NEBO_ABI_DATALAYOUT_X86_64_SYSTEMV_ELF	x86_64-systemv-elf-linux	compiler/abi/abi_versioning.inc	NEBO_ABI_DATALAYOUT_X86_64_SYSTEMV_ELF	0x400801	07bceb124d3f2c97d0753c99d986775027d137a10c3607b994e200363d22f322	Owner contract; internal fields remain internal; no universal ABI promise
compiler/abi/abi_versioning.inc::NEBO_ABI_FEATURE_BASE	x86_64-systemv-elf-linux	compiler/abi/abi_versioning.inc	NEBO_ABI_FEATURE_BASE	1	a53036cd51ec6857bcbc26ff6792e245dc3b1e6b026412468727c74d4deeea87	Owner contract; internal fields remain internal; no universal ABI promise
compiler/abi/abi_versioning.inc::NEBO_ABI_FEATURE_RUNTIME	x86_64-systemv-elf-linux	compiler/abi/abi_versioning.inc	NEBO_ABI_FEATURE_RUNTIME	2	3c122a30dab1a3ba72c06b3dd77ffa1070e75af660ef28804632b3d02e2e5324	Owner contract; internal fields remain internal; no universal ABI promise
compiler/abi/abi_versioning.inc::NEBO_ABI_FEATURE_EFFECTS	x86_64-systemv-elf-linux	compiler/abi/abi_versioning.inc	NEBO_ABI_FEATURE_EFFECTS	4	34211dc562ca205ffc930b01f7d24f4e1d0fdd4451b5cc2833c3582982d1104e	Owner contract; internal fields remain internal; no universal ABI promise
compiler/abi/abi_versioning.inc::NEBO_ABI_FEATURE_CAPABILITIES	x86_64-systemv-elf-linux	compiler/abi/abi_versioning.inc	NEBO_ABI_FEATURE_CAPABILITIES	8	a18e6e889141f311a46065c51cf958c883acc1accc6063c979e6fddee55eb871	Owner contract; internal fields remain internal; no universal ABI promise
compiler/abi/abi_versioning.inc::NEBO_ABI_FEATURE_DEBUG_METADATA	x86_64-systemv-elf-linux	compiler/abi/abi_versioning.inc	NEBO_ABI_FEATURE_DEBUG_METADATA	16	3047454f69b581474ad2a5bc33d1a6ef41a865dc8e230811cdb7e992ba02109d	Owner contract; internal fields remain internal; no universal ABI promise
compiler/abi/abi_versioning.inc::NEBO_ABI_FEATURE_KNOWN_MASK	x86_64-systemv-elf-linux	compiler/abi/abi_versioning.inc	NEBO_ABI_FEATURE_KNOWN_MASK	31	9f8319fa748da18e564869baf50037c9e886017b22f069068db964dfd7da2ebf	Owner contract; internal fields remain internal; no universal ABI promise
compiler/abi/abi_versioning.inc::NEBO_ABI_METADATA_MAGIC_OFF	x86_64-systemv-elf-linux	compiler/abi/abi_versioning.inc	NEBO_ABI_METADATA_MAGIC_OFF	0	8ffd3611a71b0078d16943ad773fc093d1a982cec30bf9769ce3e8fba81e2f89	Owner contract; internal fields remain internal; no universal ABI promise
compiler/abi/abi_versioning.inc::NEBO_ABI_METADATA_SCHEMA	x86_64-systemv-elf-linux	compiler/abi/abi_versioning.inc	NEBO_ABI_METADATA_SCHEMA	8	6336072747135834cdcb3c5d454580a6e47a7b81ca9143297f3964b693c65b7d	Owner contract; internal fields remain internal; no universal ABI promise
compiler/abi/abi_versioning.inc::NEBO_ABI_METADATA_TARGET	x86_64-systemv-elf-linux	compiler/abi/abi_versioning.inc	NEBO_ABI_METADATA_TARGET	16	bf14b514171034c7ab4d772c0c7840251a83a0c4ff98be88b67697b900fd6f63	Owner contract; internal fields remain internal; no universal ABI promise
compiler/abi/abi_versioning.inc::NEBO_ABI_METADATA_ABI_MAJOR	x86_64-systemv-elf-linux	compiler/abi/abi_versioning.inc	NEBO_ABI_METADATA_ABI_MAJOR	24	9d8767383f68bb189f4e7ecf99e26607c6ea1f76077427f804282408e7efb24b	Owner contract; internal fields remain internal; no universal ABI promise
compiler/abi/abi_versioning.inc::NEBO_ABI_METADATA_ABI_MINOR	x86_64-systemv-elf-linux	compiler/abi/abi_versioning.inc	NEBO_ABI_METADATA_ABI_MINOR	32	ef108df7163997ae35eda69acb5bac2f9879ddb550758cec54abd4e95c2638ab	Owner contract; internal fields remain internal; no universal ABI promise
compiler/abi/abi_versioning.inc::NEBO_ABI_METADATA_RUNTIME_MAJOR	x86_64-systemv-elf-linux	compiler/abi/abi_versioning.inc	NEBO_ABI_METADATA_RUNTIME_MAJOR	40	810e61b9d51ab99596990842624c4ec54bb25baed427a91c3cd9ccda07f00ee1	Owner contract; internal fields remain internal; no universal ABI promise
compiler/abi/abi_versioning.inc::NEBO_ABI_METADATA_RUNTIME_MINOR	x86_64-systemv-elf-linux	compiler/abi/abi_versioning.inc	NEBO_ABI_METADATA_RUNTIME_MINOR	48	52f15d242673bfc1e53f56d41243bd8a9c74e2e43b98ccce27cf01c06cbc5344	Owner contract; internal fields remain internal; no universal ABI promise
compiler/abi/abi_versioning.inc::NEBO_ABI_METADATA_OBJECT_VERSION	x86_64-systemv-elf-linux	compiler/abi/abi_versioning.inc	NEBO_ABI_METADATA_OBJECT_VERSION	56	ef85741ffb94b1f113ddf41cf26f602a9a994e61392aeadeaccdd104c52511fb	Owner contract; internal fields remain internal; no universal ABI promise
compiler/abi/abi_versioning.inc::NEBO_ABI_METADATA_REQUIRED_FEATURES	x86_64-systemv-elf-linux	compiler/abi/abi_versioning.inc	NEBO_ABI_METADATA_REQUIRED_FEATURES	64	50d597f98ac4b176018abd329f36e0743b8eac7d14cc660efef89456d85df6c1	Owner contract; internal fields remain internal; no universal ABI promise
compiler/abi/abi_versioning.inc::NEBO_ABI_METADATA_DATALAYOUT	x86_64-systemv-elf-linux	compiler/abi/abi_versioning.inc	NEBO_ABI_METADATA_DATALAYOUT	72	6f4dad6b2039f31571f807456b6b05acead842235ee164fc31329b34641aa5a5	Owner contract; internal fields remain internal; no universal ABI promise
compiler/abi/abi_versioning.inc::NEBO_ABI_METADATA_SIZE	x86_64-systemv-elf-linux	compiler/abi/abi_versioning.inc	NEBO_ABI_METADATA_SIZE	80	1c736689be7f9d418757b45ee3e3c6bc3b06e72bcff8fa5a6b89d202996a084d	Owner contract; internal fields remain internal; no universal ABI promise
compiler/abi/abi_versioning.inc::NEBO_ABI_INIT_OUTPUT	x86_64-systemv-elf-linux	compiler/abi/abi_versioning.inc	NEBO_ABI_INIT_OUTPUT	0	20d05e8f61b7f52c4aa947cfacb686664a654d7e6d47e877e0fd2977e477e216	Owner contract; internal fields remain internal; no universal ABI promise
compiler/abi/abi_versioning.inc::NEBO_ABI_INIT_CAPACITY	x86_64-systemv-elf-linux	compiler/abi/abi_versioning.inc	NEBO_ABI_INIT_CAPACITY	8	969e1e9713b03f3294f1cf5cbd16a062394c656040de63ff33000c77c88e6f21	Owner contract; internal fields remain internal; no universal ABI promise
compiler/abi/abi_versioning.inc::NEBO_ABI_INIT_FEATURES	x86_64-systemv-elf-linux	compiler/abi/abi_versioning.inc	NEBO_ABI_INIT_FEATURES	16	d7b04593d53669282aa4fc6bf8fd5b4d2277f62fe28e38a5abc831cf590c6e05	Owner contract; internal fields remain internal; no universal ABI promise
compiler/abi/abi_versioning.inc::NEBO_ABI_INIT_RESULT	x86_64-systemv-elf-linux	compiler/abi/abi_versioning.inc	NEBO_ABI_INIT_RESULT	24	24eb34db769f3327a4b40dd69c0c41144e3fa1c12af588aa915167fdbc22ebec	Owner contract; internal fields remain internal; no universal ABI promise
compiler/abi/abi_versioning.inc::NEBO_ABI_INIT_SIZE	x86_64-systemv-elf-linux	compiler/abi/abi_versioning.inc	NEBO_ABI_INIT_SIZE	32	867d6958e3353bc329e89a713261a3f8651147126081373131f92d5ca82048f8	Owner contract; internal fields remain internal; no universal ABI promise
compiler/abi/abi_versioning.inc::NEBO_ABI_VALIDATE_METADATA	x86_64-systemv-elf-linux	compiler/abi/abi_versioning.inc	NEBO_ABI_VALIDATE_METADATA	0	e7c8b453381ed60cd290af5d52911e80bbd6bd9377d2e85e7cab2df8d2a29257	Owner contract; internal fields remain internal; no universal ABI promise
compiler/abi/abi_versioning.inc::NEBO_ABI_VALIDATE_REPORT	x86_64-systemv-elf-linux	compiler/abi/abi_versioning.inc	NEBO_ABI_VALIDATE_REPORT	8	88dba71fb6111aa4f463d88059b27cc011cdf50e2d2a9c61999e2357943f0a04	Owner contract; internal fields remain internal; no universal ABI promise
compiler/abi/abi_versioning.inc::NEBO_ABI_VALIDATE_CAPACITY	x86_64-systemv-elf-linux	compiler/abi/abi_versioning.inc	NEBO_ABI_VALIDATE_CAPACITY	16	5281d25c39f7e46e38bad5d5a034250f171adec7b55a5a1d720b514283288669	Owner contract; internal fields remain internal; no universal ABI promise
compiler/abi/abi_versioning.inc::NEBO_ABI_VALIDATE_SUPPORTED	x86_64-systemv-elf-linux	compiler/abi/abi_versioning.inc	NEBO_ABI_VALIDATE_SUPPORTED	24	a55d78133824fa726c45a35c1c81e020487765d682639bb1bbc892be2cafb929	Owner contract; internal fields remain internal; no universal ABI promise
compiler/abi/abi_versioning.inc::NEBO_ABI_VALIDATE_RESULT	x86_64-systemv-elf-linux	compiler/abi/abi_versioning.inc	NEBO_ABI_VALIDATE_RESULT	32	85ec24a36754afb2bcad09374ae97122c51243c5ae4615959a146d2bc3a339ba	Owner contract; internal fields remain internal; no universal ABI promise
compiler/abi/abi_versioning.inc::NEBO_ABI_VALIDATE_SIZE	x86_64-systemv-elf-linux	compiler/abi/abi_versioning.inc	NEBO_ABI_VALIDATE_SIZE	40	017bd580442029e5e1e8032eb406d8a3a586537a82411747b8d50c0cb0105564	Owner contract; internal fields remain internal; no universal ABI promise
compiler/abi/abi_versioning.inc::NEBO_ABI_LINK_OBJECTS	x86_64-systemv-elf-linux	compiler/abi/abi_versioning.inc	NEBO_ABI_LINK_OBJECTS	0	e35e78af95e38a7ba3ae254436a56ce8dab7f656ff5b9c78aae3d65946848aef	Owner contract; internal fields remain internal; no universal ABI promise
compiler/abi/abi_versioning.inc::NEBO_ABI_LINK_COUNT	x86_64-systemv-elf-linux	compiler/abi/abi_versioning.inc	NEBO_ABI_LINK_COUNT	8	3abbccb06d4ede6d58f6b739f7f2d68b36275579b80a77c6fce609168279db32	Owner contract; internal fields remain internal; no universal ABI promise
compiler/abi/abi_versioning.inc::NEBO_ABI_LINK_STRIDE	x86_64-systemv-elf-linux	compiler/abi/abi_versioning.inc	NEBO_ABI_LINK_STRIDE	16	a253ce783d152e95214a7ea2f8ed7c1f4c643804853be78824529817c469c51f	Owner contract; internal fields remain internal; no universal ABI promise
compiler/abi/abi_versioning.inc::NEBO_ABI_LINK_REPORT	x86_64-systemv-elf-linux	compiler/abi/abi_versioning.inc	NEBO_ABI_LINK_REPORT	24	123644d60872fe40986cbfbb27f47c0a7abc4d22bc06197c6b3b34aa7d9b5114	Owner contract; internal fields remain internal; no universal ABI promise
compiler/abi/abi_versioning.inc::NEBO_ABI_LINK_CAPACITY	x86_64-systemv-elf-linux	compiler/abi/abi_versioning.inc	NEBO_ABI_LINK_CAPACITY	32	642a6e0eea97b945352f3a4de34d150b5e79b3fb6a7b285dce11c7877564718a	Owner contract; internal fields remain internal; no universal ABI promise
compiler/abi/abi_versioning.inc::NEBO_ABI_LINK_SUPPORTED	x86_64-systemv-elf-linux	compiler/abi/abi_versioning.inc	NEBO_ABI_LINK_SUPPORTED	40	58fac602929211a6e0d97d87df274e24310dbcbea7b45c0dea4d702fbad20434	Owner contract; internal fields remain internal; no universal ABI promise
compiler/abi/abi_versioning.inc::NEBO_ABI_LINK_RESULT	x86_64-systemv-elf-linux	compiler/abi/abi_versioning.inc	NEBO_ABI_LINK_RESULT	48	aac8315958d7358e9bc7e332534f8d01f0cb2d291c245cafc37f2008c7984125	Owner contract; internal fields remain internal; no universal ABI promise
compiler/abi/abi_versioning.inc::NEBO_ABI_LINK_SIZE	x86_64-systemv-elf-linux	compiler/abi/abi_versioning.inc	NEBO_ABI_LINK_SIZE	56	21b4baf972f0c43bd40ff2a601a5e8a99dbd2db65134e74231b9923eb50e4d64	Owner contract; internal fields remain internal; no universal ABI promise
compiler/abi/abi_versioning.inc::NEBO_ABI_REPORT_MAGIC_OFF	x86_64-systemv-elf-linux	compiler/abi/abi_versioning.inc	NEBO_ABI_REPORT_MAGIC_OFF	0	de251a9f2736026345216c37fe3c9567aecd37e7cc6fd6d00d7e8a33c6cc2022	Owner contract; internal fields remain internal; no universal ABI promise
compiler/abi/abi_versioning.inc::NEBO_ABI_REPORT_SCHEMA	x86_64-systemv-elf-linux	compiler/abi/abi_versioning.inc	NEBO_ABI_REPORT_SCHEMA	8	c89b590c88533d7a09d6269f5bdc88923d2d5941d18a56798faf398f4ce766f2	Owner contract; internal fields remain internal; no universal ABI promise
compiler/abi/abi_versioning.inc::NEBO_ABI_REPORT_OBJECT_COUNT	x86_64-systemv-elf-linux	compiler/abi/abi_versioning.inc	NEBO_ABI_REPORT_OBJECT_COUNT	16	6af951a757d3a21609191ca6131cb77ddc894f7f7253ffff1cefe0346f225f01	Owner contract; internal fields remain internal; no universal ABI promise
compiler/abi/abi_versioning.inc::NEBO_ABI_REPORT_TARGET	x86_64-systemv-elf-linux	compiler/abi/abi_versioning.inc	NEBO_ABI_REPORT_TARGET	24	f8b0ce1019cf253b0b735855d1c4bf513920efc2d4f5349041873a16e17d2d97	Owner contract; internal fields remain internal; no universal ABI promise
compiler/abi/abi_versioning.inc::NEBO_ABI_REPORT_ABI_MAJOR	x86_64-systemv-elf-linux	compiler/abi/abi_versioning.inc	NEBO_ABI_REPORT_ABI_MAJOR	32	9ba3b0b44a92deb160fc5434ac2e02c781465dbc0be9c462da10593b11d85668	Owner contract; internal fields remain internal; no universal ABI promise
compiler/abi/abi_versioning.inc::NEBO_ABI_REPORT_ABI_MINOR	x86_64-systemv-elf-linux	compiler/abi/abi_versioning.inc	NEBO_ABI_REPORT_ABI_MINOR	40	975fd2bb4e526d9314d324caabee599e0ff113ff5ed172593981d00636e37cd7	Owner contract; internal fields remain internal; no universal ABI promise
compiler/abi/abi_versioning.inc::NEBO_ABI_REPORT_RUNTIME_MAJOR	x86_64-systemv-elf-linux	compiler/abi/abi_versioning.inc	NEBO_ABI_REPORT_RUNTIME_MAJOR	48	3b3e0021fda0d55c83ff32e7b4bddd82c90fe42482a069d851398d88dd587d3e	Owner contract; internal fields remain internal; no universal ABI promise
compiler/abi/abi_versioning.inc::NEBO_ABI_REPORT_RUNTIME_MINOR	x86_64-systemv-elf-linux	compiler/abi/abi_versioning.inc	NEBO_ABI_REPORT_RUNTIME_MINOR	56	48237f17b41d99bb75e95e0b07ce32a560706adfd94d9e6188f892fe1747fb4f	Owner contract; internal fields remain internal; no universal ABI promise
compiler/abi/abi_versioning.inc::NEBO_ABI_REPORT_OBJECT_VERSION	x86_64-systemv-elf-linux	compiler/abi/abi_versioning.inc	NEBO_ABI_REPORT_OBJECT_VERSION	64	2a93ab42d42c8088037c028975589bca73405115d66cd8fee438ad058b8dc452	Owner contract; internal fields remain internal; no universal ABI promise
compiler/abi/abi_versioning.inc::NEBO_ABI_REPORT_FEATURES	x86_64-systemv-elf-linux	compiler/abi/abi_versioning.inc	NEBO_ABI_REPORT_FEATURES	72	25f7274d16fe3d17d7684507fc2ef7a871e15b3b44430b0ef8b6039fcb74f8bc	Owner contract; internal fields remain internal; no universal ABI promise
compiler/abi/abi_versioning.inc::NEBO_ABI_REPORT_DATALAYOUT	x86_64-systemv-elf-linux	compiler/abi/abi_versioning.inc	NEBO_ABI_REPORT_DATALAYOUT	80	a5d616b96a976014b4f77800b4430599e3aa6dddba3b295aebc3ec1f83ed90af	Owner contract; internal fields remain internal; no universal ABI promise
compiler/abi/abi_versioning.inc::NEBO_ABI_REPORT_SIZE	x86_64-systemv-elf-linux	compiler/abi/abi_versioning.inc	NEBO_ABI_REPORT_SIZE	88	aebc0496ec278ce3a0fa576e700ece585164177c9b3d65c6c9df4b9fb843b0cf	Owner contract; internal fields remain internal; no universal ABI promise
compiler/abi/abi_versioning.inc::NEBO_ABI_STATUS_OK	x86_64-systemv-elf-linux	compiler/abi/abi_versioning.inc	NEBO_ABI_STATUS_OK	0	065552d00bb2d7edc9b01d263b154c5186e71778e14281af5d497f0e1241e3c6	Owner contract; internal fields remain internal; no universal ABI promise
compiler/abi/abi_versioning.inc::NEBO_ABI_STATUS_INVALID_ARGUMENT	x86_64-systemv-elf-linux	compiler/abi/abi_versioning.inc	NEBO_ABI_STATUS_INVALID_ARGUMENT	1	f60ff3615012ca25e9395dc01ce305888f3f65a2106088cdfe4678641aad9f68	Owner contract; internal fields remain internal; no universal ABI promise
compiler/abi/abi_versioning.inc::NEBO_ABI_STATUS_LIMIT	x86_64-systemv-elf-linux	compiler/abi/abi_versioning.inc	NEBO_ABI_STATUS_LIMIT	2	911a761f37fc7bc3e1c58e097311af70d0eac845cc469e89b1e64aa8450ac450	Owner contract; internal fields remain internal; no universal ABI promise
compiler/abi/abi_versioning.inc::NEBO_ABI_STATUS_CORRUPT	x86_64-systemv-elf-linux	compiler/abi/abi_versioning.inc	NEBO_ABI_STATUS_CORRUPT	3	6f8e121069846c4a2faea1761ba5ba5dde4f6c645aa0010c8d90d638e5eb6743	Owner contract; internal fields remain internal; no universal ABI promise
compiler/abi/abi_versioning.inc::NEBO_ABI_STATUS_SCHEMA	x86_64-systemv-elf-linux	compiler/abi/abi_versioning.inc	NEBO_ABI_STATUS_SCHEMA	4	12fffcb9280bbc75dc45421c09bb6914171918e04ac75bf24fd2757cf59faf1a	Owner contract; internal fields remain internal; no universal ABI promise
compiler/abi/abi_versioning.inc::NEBO_ABI_STATUS_TARGET	x86_64-systemv-elf-linux	compiler/abi/abi_versioning.inc	NEBO_ABI_STATUS_TARGET	5	13de528dd22cb65d9ff1f57c1f6f6c63de1c0beee9a2b1d9a7822b2620dfb7ad	Owner contract; internal fields remain internal; no universal ABI promise
compiler/abi/abi_versioning.inc::NEBO_ABI_STATUS_ABI_VERSION	x86_64-systemv-elf-linux	compiler/abi/abi_versioning.inc	NEBO_ABI_STATUS_ABI_VERSION	6	d6fa6712f93d0755c917d0ac08ae6a5fd1d632c0b424ecfc834ab690ca51e6a4	Owner contract; internal fields remain internal; no universal ABI promise
compiler/abi/abi_versioning.inc::NEBO_ABI_STATUS_RUNTIME_VERSION	x86_64-systemv-elf-linux	compiler/abi/abi_versioning.inc	NEBO_ABI_STATUS_RUNTIME_VERSION	7	5783a6b232915fd117dd06059d539441595d2e36299a74b953b30ae65a3d2f8d	Owner contract; internal fields remain internal; no universal ABI promise
compiler/abi/abi_versioning.inc::NEBO_ABI_STATUS_OBJECT_VERSION	x86_64-systemv-elf-linux	compiler/abi/abi_versioning.inc	NEBO_ABI_STATUS_OBJECT_VERSION	8	d9322c9fa4de7d9c22b892fc17cb491f1e301aceb7489762a3ea3d45e6a873f5	Owner contract; internal fields remain internal; no universal ABI promise
compiler/abi/abi_versioning.inc::NEBO_ABI_STATUS_FEATURE	x86_64-systemv-elf-linux	compiler/abi/abi_versioning.inc	NEBO_ABI_STATUS_FEATURE	9	26ea79463465ea596cc44d6e8c6c3fdfa1a6052c29446dcd5ea148c34f95dcc0	Owner contract; internal fields remain internal; no universal ABI promise
compiler/abi/abi_versioning.inc::NEBO_ABI_STATUS_DATALAYOUT	x86_64-systemv-elf-linux	compiler/abi/abi_versioning.inc	NEBO_ABI_STATUS_DATALAYOUT	10	46d918cdd05511597fa6734588bf1b914a0df8ac06c5e1993d15f004274e8067	Owner contract; internal fields remain internal; no universal ABI promise
compiler/abi/abi_versioning.inc::NEBO_ABI_MAX_LINK_OBJECTS	x86_64-systemv-elf-linux	compiler/abi/abi_versioning.inc	NEBO_ABI_MAX_LINK_OBJECTS	64	3346b418464b8fb28e1f99ffa161524e185e3d8a91fbdcab2dae7a84004a66ff	Owner contract; internal fields remain internal; no universal ABI promise
compiler/abi/internal/x86_64/neboc_internal_abi.inc::NEBOC_INTERNAL_ABI_VERSION	x86_64-systemv-elf-linux	compiler/abi/internal/x86_64/neboc_internal_abi.inc	NEBOC_INTERNAL_ABI_VERSION	0	2c0127609f6e3c53bdb3f7504f3e44d0f5ed60e9e345bfbbaf2d74fdb63ae2ee	Owner contract; internal fields remain internal; no universal ABI promise
compiler/abi/internal/x86_64/neboc_internal_abi.inc::NEBOC_ABI_STACK_ALIGNMENT	x86_64-systemv-elf-linux	compiler/abi/internal/x86_64/neboc_internal_abi.inc	NEBOC_ABI_STACK_ALIGNMENT	16	d667a1382af10f17a585489cb70d403f6a594279777a881c944067a6164a8698	Owner contract; internal fields remain internal; no universal ABI promise
compiler/abi/internal/x86_64/neboc_internal_abi.inc::NEBOC_ABI_RED_ZONE_BYTES	x86_64-systemv-elf-linux	compiler/abi/internal/x86_64/neboc_internal_abi.inc	NEBOC_ABI_RED_ZONE_BYTES	0	7de168e9c54ad78f93973c63d77aa870ce362cca7c18ade9ecb16b3feb86351b	Owner contract; internal fields remain internal; no universal ABI promise
compiler/abi/internal/x86_64/neboc_internal_abi.inc::NEBOC_ABI_INTEGER_ARGUMENT_REGISTERS	x86_64-systemv-elf-linux	compiler/abi/internal/x86_64/neboc_internal_abi.inc	NEBOC_ABI_INTEGER_ARGUMENT_REGISTERS	6	277ddb0cd903c13b04011e3ef99c7734e8b0e79c4e5c61d4a9821a9c79cce381	Owner contract; internal fields remain internal; no universal ABI promise
compiler/abi/internal/x86_64/neboc_internal_abi.inc::NEBOC_ABI_ARG0	x86_64-systemv-elf-linux	compiler/abi/internal/x86_64/neboc_internal_abi.inc	NEBOC_ABI_ARG0	rdi	9bb2bef87f50a623ba1bcba55a4378b4d77431b84f3c1e64bb085c7e1dadaee6	Owner contract; internal fields remain internal; no universal ABI promise
compiler/abi/internal/x86_64/neboc_internal_abi.inc::NEBOC_ABI_ARG1	x86_64-systemv-elf-linux	compiler/abi/internal/x86_64/neboc_internal_abi.inc	NEBOC_ABI_ARG1	rsi	4da2b0285c3f635be68bc41f01dc668db35e453f9d1657782361bf633a6e69a4	Owner contract; internal fields remain internal; no universal ABI promise
compiler/abi/internal/x86_64/neboc_internal_abi.inc::NEBOC_ABI_ARG2	x86_64-systemv-elf-linux	compiler/abi/internal/x86_64/neboc_internal_abi.inc	NEBOC_ABI_ARG2	rdx	ab0397010a270e4b201e8170def061960576924e300218052eba59826a447b3d	Owner contract; internal fields remain internal; no universal ABI promise
compiler/abi/internal/x86_64/neboc_internal_abi.inc::NEBOC_ABI_ARG3	x86_64-systemv-elf-linux	compiler/abi/internal/x86_64/neboc_internal_abi.inc	NEBOC_ABI_ARG3	rcx	fc81b3e803fbdaf8e69b0a89f4fcde871ec362d71d9592b2fee94218850d0a2b	Owner contract; internal fields remain internal; no universal ABI promise
compiler/abi/internal/x86_64/neboc_internal_abi.inc::NEBOC_ABI_ARG4	x86_64-systemv-elf-linux	compiler/abi/internal/x86_64/neboc_internal_abi.inc	NEBOC_ABI_ARG4	r8	f7cd0c47e8a74fb4d10b4da0f6117179a3486741466b26514420cd3c76ea84aa	Owner contract; internal fields remain internal; no universal ABI promise
compiler/abi/internal/x86_64/neboc_internal_abi.inc::NEBOC_ABI_ARG5	x86_64-systemv-elf-linux	compiler/abi/internal/x86_64/neboc_internal_abi.inc	NEBOC_ABI_ARG5	r9	c1d9548bf3699fc5dfab80fa4a49e57b4a5ae47be1716d680b7c6e7da7b80c63	Owner contract; internal fields remain internal; no universal ABI promise
compiler/abi/internal/x86_64/neboc_internal_abi.inc::NEBOC_ABI_STATUS_REGISTER	x86_64-systemv-elf-linux	compiler/abi/internal/x86_64/neboc_internal_abi.inc	NEBOC_ABI_STATUS_REGISTER	eax	85bfdf02e6ff55e458c8eab59527e8149fe433e7da1e82fd6a25907c7f5860d0	Owner contract; internal fields remain internal; no universal ABI promise
compiler/abi/internal/x86_64/neboc_internal_abi.inc::NEBOC_ABI_SCALAR_RETURN_REGISTER	x86_64-systemv-elf-linux	compiler/abi/internal/x86_64/neboc_internal_abi.inc	NEBOC_ABI_SCALAR_RETURN_REGISTER	rax	8cc9deff40313063aadde40d9196462d0ddd44c6f7939cec5be5567fb629afd2	Owner contract; internal fields remain internal; no universal ABI promise
compiler/codegen/abi/diagnostics/abi_diagnostics.inc::NEBOC_ABI_DIAG_BAD_REQUEST_LENGTH	x86_64-systemv-elf-linux	compiler/codegen/abi/diagnostics/abi_diagnostics.inc	NEBOC_ABI_DIAG_BAD_REQUEST_LENGTH	19	3a531407ee04ecbf1ecd732abe6a9595ab7b29d5b6ab8127b5355b7d5f611ccf	Owner contract; internal fields remain internal; no universal ABI promise
compiler/codegen/abi/diagnostics/abi_diagnostics.inc::NEBOC_ABI_DIAG_INTERNAL_VERSION_LENGTH	x86_64-systemv-elf-linux	compiler/codegen/abi/diagnostics/abi_diagnostics.inc	NEBOC_ABI_DIAG_INTERNAL_VERSION_LENGTH	29	111f000db2008cd7747d48c53742b182c6bcdd2bd7c5928eb6c6fd82591afa56	Owner contract; internal fields remain internal; no universal ABI promise
compiler/codegen/abi/diagnostics/abi_diagnostics.inc::NEBOC_ABI_DIAG_RUNTIME_VERSION_LENGTH	x86_64-systemv-elf-linux	compiler/codegen/abi/diagnostics/abi_diagnostics.inc	NEBOC_ABI_DIAG_RUNTIME_VERSION_LENGTH	28	6989656c1d02e134d20b7b45657dea9d59ecffa9bf756755fed9c28a1926a1ab	Owner contract; internal fields remain internal; no universal ABI promise
compiler/codegen/abi/diagnostics/abi_diagnostics.inc::NEBOC_ABI_DIAG_TARGET_MISMATCH_LENGTH	x86_64-systemv-elf-linux	compiler/codegen/abi/diagnostics/abi_diagnostics.inc	NEBOC_ABI_DIAG_TARGET_MISMATCH_LENGTH	19	ca347ebd3af9ae364a2f51975c7f493ef51fc2d13cca0222658a83ae035e4031	Owner contract; internal fields remain internal; no universal ABI promise
compiler/codegen/abi/diagnostics/abi_diagnostics.inc::NEBOC_ABI_DIAG_BACKEND_NOT_READY_LENGTH	x86_64-systemv-elf-linux	compiler/codegen/abi/diagnostics/abi_diagnostics.inc	NEBOC_ABI_DIAG_BACKEND_NOT_READY_LENGTH	21	b9dc60ad6a9d90184cc4ee7e22381213eaf014580573b0a4c3e386d3e85e8203	Owner contract; internal fields remain internal; no universal ABI promise
compiler/codegen/abi/diagnostics/abi_diagnostics.inc::NEBOC_ABI_DIAG_WRITER_NOT_READY_LENGTH	x86_64-systemv-elf-linux	compiler/codegen/abi/diagnostics/abi_diagnostics.inc	NEBOC_ABI_DIAG_WRITER_NOT_READY_LENGTH	20	b75a4ebce840d583a72c66a495826fb5c75e8deb9f540b980a79a990dd14002c	Owner contract; internal fields remain internal; no universal ABI promise
compiler/codegen/abi/diagnostics/abi_diagnostics.inc::NEBOC_ABI_DIAG_SIGNATURE_INVALID_LENGTH	x86_64-systemv-elf-linux	compiler/codegen/abi/diagnostics/abi_diagnostics.inc	NEBOC_ABI_DIAG_SIGNATURE_INVALID_LENGTH	21	57e59c69ab79662e2c18d214b790093e438aefd9a0d251b1fa094b9805586c3f	Owner contract; internal fields remain internal; no universal ABI promise
compiler/codegen/abi/diagnostics/abi_diagnostics.inc::NEBOC_ABI_DIAG_BAD_STATE_LENGTH	x86_64-systemv-elf-linux	compiler/codegen/abi/diagnostics/abi_diagnostics.inc	NEBOC_ABI_DIAG_BAD_STATE_LENGTH	17	bc2feb4ff413203405a8ff949b0fd31cac0bee28ea4bb54c609e6ede0a3adcb8	Owner contract; internal fields remain internal; no universal ABI promise
compiler/codegen/abi/diagnostics/abi_diagnostics.inc::NEBOC_ABI_DIAG_PARAMETER_LIMIT_LENGTH	x86_64-systemv-elf-linux	compiler/codegen/abi/diagnostics/abi_diagnostics.inc	NEBOC_ABI_DIAG_PARAMETER_LIMIT_LENGTH	19	ab488ffaaf207131beca6b01a86e94cc816b11dc5cd87bbeec9993e1ae5cc1d4	Owner contract; internal fields remain internal; no universal ABI promise
compiler/codegen/abi/diagnostics/abi_diagnostics.inc::NEBOC_ABI_DIAG_STACK_SLOT_LENGTH	x86_64-systemv-elf-linux	compiler/codegen/abi/diagnostics/abi_diagnostics.inc	NEBOC_ABI_DIAG_STACK_SLOT_LENGTH	22	05e32bf5972995897e5ef5ebe908eb96a3786e797c86bab8a3a9c5e1ad48837f	Owner contract; internal fields remain internal; no universal ABI promise
compiler/codegen/abi/diagnostics/abi_diagnostics.inc::NEBOC_ABI_DIAG_CALL_INVALID_LENGTH	x86_64-systemv-elf-linux	compiler/codegen/abi/diagnostics/abi_diagnostics.inc	NEBOC_ABI_DIAG_CALL_INVALID_LENGTH	16	0fb68b150a2f6023af20de5fe91537c2cc3862409ff89bd88e9438e5b380e291	Owner contract; internal fields remain internal; no universal ABI promise
compiler/codegen/abi/diagnostics/abi_diagnostics.inc::NEBOC_ABI_DIAG_FUNCTION_MISMATCH_LENGTH	x86_64-systemv-elf-linux	compiler/codegen/abi/diagnostics/abi_diagnostics.inc	NEBOC_ABI_DIAG_FUNCTION_MISMATCH_LENGTH	21	80745cd6d7f4bf5932cb796ed9a18c769e69d847c86b87c6f0b5916cbde80be4	Owner contract; internal fields remain internal; no universal ABI promise
compiler/codegen/abi/diagnostics/abi_diagnostics.inc::NEBOC_ABI_DIAG_WRITER_LIMIT_LENGTH	x86_64-systemv-elf-linux	compiler/codegen/abi/diagnostics/abi_diagnostics.inc	NEBOC_ABI_DIAG_WRITER_LIMIT_LENGTH	16	720588beb46db2c5c9da3e3aa1f273a29765287ed1abce8b6d4c89fda1eb5488	Owner contract; internal fields remain internal; no universal ABI promise
compiler/codegen/abi/x86_64/abi_adapter.inc::NEBOC_RUNTIME_ABI_VERSION_V0	x86_64-systemv-elf-linux	compiler/codegen/abi/x86_64/abi_adapter.inc	NEBOC_RUNTIME_ABI_VERSION_V0	0	7fb56ab028a579e891b832882373e8fb8dcb105080fc29a449aa61ec23879cc3	Owner contract; internal fields remain internal; no universal ABI promise
compiler/codegen/abi/x86_64/abi_adapter.inc::NEBOC_ABI_ADAPTER_STATE_EMPTY	x86_64-systemv-elf-linux	compiler/codegen/abi/x86_64/abi_adapter.inc	NEBOC_ABI_ADAPTER_STATE_EMPTY	0	6a806cf496a2143e6373dc4d4593eef875e007f31e9daa361a1153b2c4f94617	Owner contract; internal fields remain internal; no universal ABI promise
compiler/codegen/abi/x86_64/abi_adapter.inc::NEBOC_ABI_ADAPTER_STATE_READY	x86_64-systemv-elf-linux	compiler/codegen/abi/x86_64/abi_adapter.inc	NEBOC_ABI_ADAPTER_STATE_READY	1	af4009dcef8a8ffa6164779c27256f481187309b637c39a1eb5699c9dc926464	Owner contract; internal fields remain internal; no universal ABI promise
compiler/codegen/abi/x86_64/abi_adapter.inc::NEBOC_ABI_ADAPTER_STATE_FUNCTION	x86_64-systemv-elf-linux	compiler/codegen/abi/x86_64/abi_adapter.inc	NEBOC_ABI_ADAPTER_STATE_FUNCTION	2	f9e4ef30ee513a5b8f366ef07cfb09c683b9969e8e35df36e6c587d6deaba5cd	Owner contract; internal fields remain internal; no universal ABI promise
compiler/codegen/abi/x86_64/abi_adapter.inc::NEBOC_ABI_ADAPTER_FLAG_TARGET_VALIDATED	x86_64-systemv-elf-linux	compiler/codegen/abi/x86_64/abi_adapter.inc	NEBOC_ABI_ADAPTER_FLAG_TARGET_VALIDATED	1	1aab85273ad5813365658e9167594f1aa79e34b29f982ec864397a47dfe691bc	Owner contract; internal fields remain internal; no universal ABI promise
compiler/codegen/abi/x86_64/abi_adapter.inc::NEBOC_ABI_ADAPTER_FLAG_BACKEND_VALIDATED	x86_64-systemv-elf-linux	compiler/codegen/abi/x86_64/abi_adapter.inc	NEBOC_ABI_ADAPTER_FLAG_BACKEND_VALIDATED	2	63b88377ca722ac438ead69d6953aa5c2cae56110ad2c7a205d0598f46fe4745	Owner contract; internal fields remain internal; no universal ABI promise
compiler/codegen/abi/x86_64/abi_adapter.inc::NEBOC_ABI_ADAPTER_FLAG_INTERNAL_ABI_V0	x86_64-systemv-elf-linux	compiler/codegen/abi/x86_64/abi_adapter.inc	NEBOC_ABI_ADAPTER_FLAG_INTERNAL_ABI_V0	4	1181dcc005a0b72bce8cd0d5776f424990b5a05bf720bad8d5ec43609b44b70c	Owner contract; internal fields remain internal; no universal ABI promise
compiler/codegen/abi/x86_64/abi_adapter.inc::NEBOC_ABI_ADAPTER_FLAG_RUNTIME_ABI_V0	x86_64-systemv-elf-linux	compiler/codegen/abi/x86_64/abi_adapter.inc	NEBOC_ABI_ADAPTER_FLAG_RUNTIME_ABI_V0	8	0576a175ce58644b363cd965a019ecc577218328c02a29d713f25a5605e6c89a	Owner contract; internal fields remain internal; no universal ABI promise
compiler/codegen/abi/x86_64/abi_adapter.inc::NEBOC_ABI_ADAPTER_FLAG_STACK16	x86_64-systemv-elf-linux	compiler/codegen/abi/x86_64/abi_adapter.inc	NEBOC_ABI_ADAPTER_FLAG_STACK16	16	380d0048e53a920b93346395855da85001553b85854f6ed9ad4b6eed9e499aaa	Owner contract; internal fields remain internal; no universal ABI promise
compiler/codegen/abi/x86_64/abi_adapter.inc::NEBOC_ABI_ADAPTER_FLAG_NO_RED_ZONE	x86_64-systemv-elf-linux	compiler/codegen/abi/x86_64/abi_adapter.inc	NEBOC_ABI_ADAPTER_FLAG_NO_RED_ZONE	32	3b8c80d67b31c3b7e67dd854ff9827d1d9957ac60479acf67c3e7aa10739facc	Owner contract; internal fields remain internal; no universal ABI promise
compiler/codegen/abi/x86_64/abi_adapter.inc::NEBOC_ABI_ADAPTER_FLAG_DETERMINISTIC	x86_64-systemv-elf-linux	compiler/codegen/abi/x86_64/abi_adapter.inc	NEBOC_ABI_ADAPTER_FLAG_DETERMINISTIC	64	3d10f461f1de2cf2fa53adb2df2b83f05df89b5feb259b641b4aed321605b152	Owner contract; internal fields remain internal; no universal ABI promise
compiler/codegen/abi/x86_64/abi_adapter.inc::NEBOC_ABI_ADAPTER_REQUIRED_FLAGS	x86_64-systemv-elf-linux	compiler/codegen/abi/x86_64/abi_adapter.inc	NEBOC_ABI_ADAPTER_REQUIRED_FLAGS	127	5407a47e741ff2d9129565eb55f0500e8b2326ec4c0c1834bd249d2152bfaa3f	Owner contract; internal fields remain internal; no universal ABI promise
compiler/codegen/abi/x86_64/abi_adapter.inc::NEBOC_ABI_REQUEST_INTERNAL_VERSION_OFFSET	x86_64-systemv-elf-linux	compiler/codegen/abi/x86_64/abi_adapter.inc	NEBOC_ABI_REQUEST_INTERNAL_VERSION_OFFSET	0	d22c48ac278caecda4029ea0dd29c3bcd7b812a4227797eb571b1a76c6fb7f70	Owner contract; internal fields remain internal; no universal ABI promise
compiler/codegen/abi/x86_64/abi_adapter.inc::NEBOC_ABI_REQUEST_RUNTIME_VERSION_OFFSET	x86_64-systemv-elf-linux	compiler/codegen/abi/x86_64/abi_adapter.inc	NEBOC_ABI_REQUEST_RUNTIME_VERSION_OFFSET	8	012c6e17d141de032a08aa6f0e31f3a077f4b8af6d6f82f378b0b8e1ef4c3de9	Owner contract; internal fields remain internal; no universal ABI promise
compiler/codegen/abi/x86_64/abi_adapter.inc::NEBOC_ABI_REQUEST_TARGET_ABI_ID_OFFSET	x86_64-systemv-elf-linux	compiler/codegen/abi/x86_64/abi_adapter.inc	NEBOC_ABI_REQUEST_TARGET_ABI_ID_OFFSET	16	71c33b7419d5b20154a6a29518cfd0a3f050b6086b2ecacfead28a07285480bb	Owner contract; internal fields remain internal; no universal ABI promise
compiler/codegen/abi/x86_64/abi_adapter.inc::NEBOC_ABI_REQUEST_STACK_ALIGNMENT_OFFSET	x86_64-systemv-elf-linux	compiler/codegen/abi/x86_64/abi_adapter.inc	NEBOC_ABI_REQUEST_STACK_ALIGNMENT_OFFSET	24	3c4d91904fe0df014acad3929ad9d624e69f9f1412c03702574b4d3f052ba8b8	Owner contract; internal fields remain internal; no universal ABI promise
compiler/codegen/abi/x86_64/abi_adapter.inc::NEBOC_ABI_REQUEST_FLAGS_OFFSET	x86_64-systemv-elf-linux	compiler/codegen/abi/x86_64/abi_adapter.inc	NEBOC_ABI_REQUEST_FLAGS_OFFSET	32	71c6572654d5989dd0c1070b14237ec94571f7b48400174e67e760c294b23a22	Owner contract; internal fields remain internal; no universal ABI promise
compiler/codegen/abi/x86_64/abi_adapter.inc::NEBOC_ABI_REQUEST_ERROR_CODE_OFFSET	x86_64-systemv-elf-linux	compiler/codegen/abi/x86_64/abi_adapter.inc	NEBOC_ABI_REQUEST_ERROR_CODE_OFFSET	40	49563a550ee8af2d87bb912d7961b313423624544bc7414348a9031b4fe9acb2	Owner contract; internal fields remain internal; no universal ABI promise
compiler/codegen/abi/x86_64/abi_adapter.inc::NEBOC_ABI_REQUEST_SIZE	x86_64-systemv-elf-linux	compiler/codegen/abi/x86_64/abi_adapter.inc	NEBOC_ABI_REQUEST_SIZE	48	9fcb0bb26b659bfdaf5d4b8c75ed12f08c5d5fa434720f2419a5193452c724cb	Owner contract; internal fields remain internal; no universal ABI promise
compiler/codegen/abi/x86_64/abi_adapter.inc::NEBOC_ABI_REQUEST_QWORDS	x86_64-systemv-elf-linux	compiler/codegen/abi/x86_64/abi_adapter.inc	NEBOC_ABI_REQUEST_QWORDS	6	f0c10d379f98ce5bf2d40c92604429cfba3fcb204806de472f7a8e351b9c7bc7	Owner contract; internal fields remain internal; no universal ABI promise
compiler/codegen/abi/x86_64/abi_adapter.inc::NEBOC_ABI_REQUEST_REQUIRED_FLAGS	x86_64-systemv-elf-linux	compiler/codegen/abi/x86_64/abi_adapter.inc	NEBOC_ABI_REQUEST_REQUIRED_FLAGS	7	28d3bda64a6bade3edae547310e40bf85597c244d13f01e3dc8213cf38b7f8bb	Owner contract; internal fields remain internal; no universal ABI promise
compiler/codegen/abi/x86_64/abi_adapter.inc::NEBOC_ABI_ADAPTER_TARGET_CONTEXT_OFFSET	x86_64-systemv-elf-linux	compiler/codegen/abi/x86_64/abi_adapter.inc	NEBOC_ABI_ADAPTER_TARGET_CONTEXT_OFFSET	0	c7f3957c47e2a0f7f4ee664734d230d4f6eba28dbfdc6e2a143f9b06c5b1e70b	Owner contract; internal fields remain internal; no universal ABI promise
compiler/codegen/abi/x86_64/abi_adapter.inc::NEBOC_ABI_ADAPTER_DATA_LAYOUT_OFFSET	x86_64-systemv-elf-linux	compiler/codegen/abi/x86_64/abi_adapter.inc	NEBOC_ABI_ADAPTER_DATA_LAYOUT_OFFSET	8	e6a91885b3d98dbefbec6d2b8aa91b92d7a46cc3f3aa76715367677f6b659faf	Owner contract; internal fields remain internal; no universal ABI promise
compiler/codegen/abi/x86_64/abi_adapter.inc::NEBOC_ABI_ADAPTER_BACKEND_OFFSET	x86_64-systemv-elf-linux	compiler/codegen/abi/x86_64/abi_adapter.inc	NEBOC_ABI_ADAPTER_BACKEND_OFFSET	16	88a6eb96ef5539424ce8701d1d446f206ac71654d870ea765ff8c7f97cf05581	Owner contract; internal fields remain internal; no universal ABI promise
compiler/codegen/abi/x86_64/abi_adapter.inc::NEBOC_ABI_ADAPTER_WRITER_OFFSET	x86_64-systemv-elf-linux	compiler/codegen/abi/x86_64/abi_adapter.inc	NEBOC_ABI_ADAPTER_WRITER_OFFSET	24	718cb8d87b53a64c331dbfd66f6d464aa80f035c61c4c1c1863f6f22221d1846	Owner contract; internal fields remain internal; no universal ABI promise
compiler/codegen/abi/x86_64/abi_adapter.inc::NEBOC_ABI_ADAPTER_STATE_OFFSET	x86_64-systemv-elf-linux	compiler/codegen/abi/x86_64/abi_adapter.inc	NEBOC_ABI_ADAPTER_STATE_OFFSET	32	f5dcc8ec2b8ffbd08876bd2beb53d0da4e278317c48939311869a71ae97598f5	Owner contract; internal fields remain internal; no universal ABI promise
compiler/codegen/abi/x86_64/abi_adapter.inc::NEBOC_ABI_ADAPTER_CURRENT_SIGNATURE_OFFSET	x86_64-systemv-elf-linux	compiler/codegen/abi/x86_64/abi_adapter.inc	NEBOC_ABI_ADAPTER_CURRENT_SIGNATURE_OFFSET	40	ad4b6add9392710369e4306162eac745aeade816c10c9734acce0cb86b6ff52b	Owner contract; internal fields remain internal; no universal ABI promise
compiler/codegen/abi/x86_64/abi_adapter.inc::NEBOC_ABI_ADAPTER_INTERNAL_VERSION_OFFSET	x86_64-systemv-elf-linux	compiler/codegen/abi/x86_64/abi_adapter.inc	NEBOC_ABI_ADAPTER_INTERNAL_VERSION_OFFSET	48	f189969aa66bb4e3e57716fd2ff4cf42cbf956436d4241d4d4489572092a345e	Owner contract; internal fields remain internal; no universal ABI promise
compiler/codegen/abi/x86_64/abi_adapter.inc::NEBOC_ABI_ADAPTER_RUNTIME_VERSION_OFFSET	x86_64-systemv-elf-linux	compiler/codegen/abi/x86_64/abi_adapter.inc	NEBOC_ABI_ADAPTER_RUNTIME_VERSION_OFFSET	56	71615319c7199bccdddb1b3ec2e61e6800288e9014cacc51830a70c434362b48	Owner contract; internal fields remain internal; no universal ABI promise
compiler/codegen/abi/x86_64/abi_adapter.inc::NEBOC_ABI_ADAPTER_STACK_ALIGNMENT_OFFSET	x86_64-systemv-elf-linux	compiler/codegen/abi/x86_64/abi_adapter.inc	NEBOC_ABI_ADAPTER_STACK_ALIGNMENT_OFFSET	64	c110a482acde67262739fe1f14c31418a940d45fcd180e4d3f2ee49184df26f5	Owner contract; internal fields remain internal; no universal ABI promise
compiler/codegen/abi/x86_64/abi_adapter.inc::NEBOC_ABI_ADAPTER_CALLER_SAVED_MASK_OFFSET	x86_64-systemv-elf-linux	compiler/codegen/abi/x86_64/abi_adapter.inc	NEBOC_ABI_ADAPTER_CALLER_SAVED_MASK_OFFSET	72	c3dae530a461d0c9fc84dcefcc04d696d290377f1ae44748ff7236803a9835d5	Owner contract; internal fields remain internal; no universal ABI promise
compiler/codegen/abi/x86_64/abi_adapter.inc::NEBOC_ABI_ADAPTER_CALLEE_SAVED_MASK_OFFSET	x86_64-systemv-elf-linux	compiler/codegen/abi/x86_64/abi_adapter.inc	NEBOC_ABI_ADAPTER_CALLEE_SAVED_MASK_OFFSET	80	a8c807a6f11f042431b5e5d74e673cee6b653bc17e76e5c8ba117afddba166e5	Owner contract; internal fields remain internal; no universal ABI promise
compiler/codegen/abi/x86_64/abi_adapter.inc::NEBOC_ABI_ADAPTER_EMITTED_FUNCTIONS_OFFSET	x86_64-systemv-elf-linux	compiler/codegen/abi/x86_64/abi_adapter.inc	NEBOC_ABI_ADAPTER_EMITTED_FUNCTIONS_OFFSET	88	36d6f6f35f0a08c52fe52df1bc5e7ac2d9eec3b780bb568da3520a8a235fe445	Owner contract; internal fields remain internal; no universal ABI promise
compiler/codegen/abi/x86_64/abi_adapter.inc::NEBOC_ABI_ADAPTER_EMITTED_CALLS_OFFSET	x86_64-systemv-elf-linux	compiler/codegen/abi/x86_64/abi_adapter.inc	NEBOC_ABI_ADAPTER_EMITTED_CALLS_OFFSET	96	d3dd658eef2e7ca7e1c1b0dccf232a967cfdff34544178e0cbd6bfc83238f0b8	Owner contract; internal fields remain internal; no universal ABI promise
compiler/codegen/abi/x86_64/abi_adapter.inc::NEBOC_ABI_ADAPTER_EMITTED_THUNKS_OFFSET	x86_64-systemv-elf-linux	compiler/codegen/abi/x86_64/abi_adapter.inc	NEBOC_ABI_ADAPTER_EMITTED_THUNKS_OFFSET	104	04c82a17c4ae1356c1db9e2d2069056c018a289a8e3acdae3f16131616c8249f	Owner contract; internal fields remain internal; no universal ABI promise
compiler/codegen/abi/x86_64/abi_adapter.inc::NEBOC_ABI_ADAPTER_LAST_ERROR_OFFSET	x86_64-systemv-elf-linux	compiler/codegen/abi/x86_64/abi_adapter.inc	NEBOC_ABI_ADAPTER_LAST_ERROR_OFFSET	112	5a7343b02933c3c6b6d2c33f65b0518891422f4fb5106104e65159ce10fc40ed	Owner contract; internal fields remain internal; no universal ABI promise
compiler/codegen/abi/x86_64/abi_adapter.inc::NEBOC_ABI_ADAPTER_FLAGS_OFFSET	x86_64-systemv-elf-linux	compiler/codegen/abi/x86_64/abi_adapter.inc	NEBOC_ABI_ADAPTER_FLAGS_OFFSET	120	f22f17346a9c366796dc9d1fde1f2a3fba07724e0a8b17886a934e2b68858bee	Owner contract; internal fields remain internal; no universal ABI promise
compiler/codegen/abi/x86_64/abi_adapter.inc::NEBOC_ABI_ADAPTER_CURRENT_FUNCTION_CALLS_OFFSET	x86_64-systemv-elf-linux	compiler/codegen/abi/x86_64/abi_adapter.inc	NEBOC_ABI_ADAPTER_CURRENT_FUNCTION_CALLS_OFFSET	128	ceab425d6a290c7d6f58257bcbe587f8ab27b5cef0a768165f03ec654738cf1f	Owner contract; internal fields remain internal; no universal ABI promise
compiler/codegen/abi/x86_64/abi_adapter.inc::NEBOC_ABI_ADAPTER_SIZE	x86_64-systemv-elf-linux	compiler/codegen/abi/x86_64/abi_adapter.inc	NEBOC_ABI_ADAPTER_SIZE	136	923adbe6dc68a46b63de2e49c0b32b1832cbd7e83a89b4e507f12175e507ce14	Owner contract; internal fields remain internal; no universal ABI promise
compiler/codegen/abi/x86_64/abi_adapter.inc::NEBOC_ABI_ADAPTER_QWORDS	x86_64-systemv-elf-linux	compiler/codegen/abi/x86_64/abi_adapter.inc	NEBOC_ABI_ADAPTER_QWORDS	17	f8fd838cc04a9c58f78912683274f17a82255ab66505143653f90228d34b4815	Owner contract; internal fields remain internal; no universal ABI promise
compiler/codegen/abi/x86_64/abi_adapter.inc::NEBOC_ABI_CALLER_SAVED_MASK_V0	x86_64-systemv-elf-linux	compiler/codegen/abi/x86_64/abi_adapter.inc	NEBOC_ABI_CALLER_SAVED_MASK_V0	2047	d08f20d3b28b9f8b7560e18ba69b204714386545c9c125e8b5e9b5e20d2fbc0d	Owner contract; internal fields remain internal; no universal ABI promise
compiler/codegen/abi/x86_64/abi_adapter.inc::NEBOC_ABI_CALLEE_SAVED_MASK_V0	x86_64-systemv-elf-linux	compiler/codegen/abi/x86_64/abi_adapter.inc	NEBOC_ABI_CALLEE_SAVED_MASK_V0	63	5839509995e55ede55684c834cae362477f6aeed5d82555b4023e4d906108340	Owner contract; internal fields remain internal; no universal ABI promise
compiler/codegen/abi/x86_64/abi_adapter.inc::NEBOC_ABI_MAX_PARAMETERS	x86_64-systemv-elf-linux	compiler/codegen/abi/x86_64/abi_adapter.inc	NEBOC_ABI_MAX_PARAMETERS	16	58becbc2e6f588246dbe188c7b43279930c09cebb2a9422715cd1f8fb6e1beef	Owner contract; internal fields remain internal; no universal ABI promise
compiler/codegen/abi/x86_64/abi_adapter.inc::NEBOC_ABI_MAX_LOCAL_SLOTS	x86_64-systemv-elf-linux	compiler/codegen/abi/x86_64/abi_adapter.inc	NEBOC_ABI_MAX_LOCAL_SLOTS	256	b494e32a3a9db4f5b69dfb752ba784ebae3ac2292805e8253fe6ffdcdc73c6a8	Owner contract; internal fields remain internal; no universal ABI promise
compiler/codegen/abi/x86_64/abi_adapter.inc::NEBOC_ABI_MAX_RUNTIME_CALLS	x86_64-systemv-elf-linux	compiler/codegen/abi/x86_64/abi_adapter.inc	NEBOC_ABI_MAX_RUNTIME_CALLS	256	bf543541d4111d81ef5469f073659b6cf540e0589cac451bd5388f4a147e2f41	Owner contract; internal fields remain internal; no universal ABI promise
compiler/codegen/abi/x86_64/abi_adapter.inc::NEBOC_ABI_REGISTER_PARAMETER_COUNT	x86_64-systemv-elf-linux	compiler/codegen/abi/x86_64/abi_adapter.inc	NEBOC_ABI_REGISTER_PARAMETER_COUNT	6	f27652a507ddfee131c8bdc39f3f5d523abec674a9d972ace95c3a183ef1c85c	Owner contract; internal fields remain internal; no universal ABI promise
compiler/codegen/abi/x86_64/abi_adapter.inc::NEBOC_ABI_RETURN_VOID	x86_64-systemv-elf-linux	compiler/codegen/abi/x86_64/abi_adapter.inc	NEBOC_ABI_RETURN_VOID	0	d705bfcb841dc587b6b5aa5bad9a47a5d1a54229052d3c58d8e680d1c0275fdf	Owner contract; internal fields remain internal; no universal ABI promise
compiler/codegen/abi/x86_64/abi_adapter.inc::NEBOC_ABI_RETURN_SCALAR	x86_64-systemv-elf-linux	compiler/codegen/abi/x86_64/abi_adapter.inc	NEBOC_ABI_RETURN_SCALAR	1	1a146ce911a709e73981b475e76929e4d1deea21d3008381dab7094299ed9c36	Owner contract; internal fields remain internal; no universal ABI promise
compiler/codegen/abi/x86_64/abi_adapter.inc::NEBOC_ABI_RETURN_KIND_STATUS	x86_64-systemv-elf-linux	compiler/codegen/abi/x86_64/abi_adapter.inc	NEBOC_ABI_RETURN_KIND_STATUS	2	9095c28371bbbe27a246675113f2135211900a9aa74d35a9642e15438b85a8c7	Owner contract; internal fields remain internal; no universal ABI promise
compiler/codegen/abi/x86_64/abi_adapter.inc::NEBOC_ABI_RETURN_KIND_COUNT	x86_64-systemv-elf-linux	compiler/codegen/abi/x86_64/abi_adapter.inc	NEBOC_ABI_RETURN_KIND_COUNT	3	16cdc931a52a7ba35d01ce776fcbe37d9e266f1168717800331b9fc14fbeec34	Owner contract; internal fields remain internal; no universal ABI promise
compiler/codegen/abi/x86_64/abi_adapter.inc::NEBOC_ABI_SIGNATURE_FUNCTION_ID_OFFSET	x86_64-systemv-elf-linux	compiler/codegen/abi/x86_64/abi_adapter.inc	NEBOC_ABI_SIGNATURE_FUNCTION_ID_OFFSET	0	abb264c2654b6568164073d2879d6149fdcb8ef37d2db5f372c260eb1a19bb03	Owner contract; internal fields remain internal; no universal ABI promise
compiler/codegen/abi/x86_64/abi_adapter.inc::NEBOC_ABI_SIGNATURE_PARAMETER_COUNT_OFFSET	x86_64-systemv-elf-linux	compiler/codegen/abi/x86_64/abi_adapter.inc	NEBOC_ABI_SIGNATURE_PARAMETER_COUNT_OFFSET	8	558bd779dbe6b8c5efed7f5c3f4bb335e463e2a32c36e479391716e69de4e350	Owner contract; internal fields remain internal; no universal ABI promise
compiler/codegen/abi/x86_64/abi_adapter.inc::NEBOC_ABI_SIGNATURE_REGISTER_PARAMETER_COUNT_OFFSET	x86_64-systemv-elf-linux	compiler/codegen/abi/x86_64/abi_adapter.inc	NEBOC_ABI_SIGNATURE_REGISTER_PARAMETER_COUNT_OFFSET	16	774c36dbab393e0167efb750fd32441416e8357b875f4dbef1cfae89016dae0a	Owner contract; internal fields remain internal; no universal ABI promise
compiler/codegen/abi/x86_64/abi_adapter.inc::NEBOC_ABI_SIGNATURE_STACK_PARAMETER_COUNT_OFFSET	x86_64-systemv-elf-linux	compiler/codegen/abi/x86_64/abi_adapter.inc	NEBOC_ABI_SIGNATURE_STACK_PARAMETER_COUNT_OFFSET	24	36766fff19592c6f077f9c85c1b2bcebe187c910379de289c8f7cab7a0364ffd	Owner contract; internal fields remain internal; no universal ABI promise
compiler/codegen/abi/x86_64/abi_adapter.inc::NEBOC_ABI_SIGNATURE_LOCAL_SLOT_COUNT_OFFSET	x86_64-systemv-elf-linux	compiler/codegen/abi/x86_64/abi_adapter.inc	NEBOC_ABI_SIGNATURE_LOCAL_SLOT_COUNT_OFFSET	32	b714984084ca1a07f68e85686302ccc706d9951ad0f4f924d4f646028a65893d	Owner contract; internal fields remain internal; no universal ABI promise
compiler/codegen/abi/x86_64/abi_adapter.inc::NEBOC_ABI_SIGNATURE_FRAME_SIZE_OFFSET	x86_64-systemv-elf-linux	compiler/codegen/abi/x86_64/abi_adapter.inc	NEBOC_ABI_SIGNATURE_FRAME_SIZE_OFFSET	40	f7c7ddfbd3c6ddf0b3538db207d7a7e8ff6426a3ba4f10e7d192ef893c92ddf6	Owner contract; internal fields remain internal; no universal ABI promise
compiler/codegen/abi/x86_64/abi_adapter.inc::NEBOC_ABI_SIGNATURE_RETURN_KIND_OFFSET	x86_64-systemv-elf-linux	compiler/codegen/abi/x86_64/abi_adapter.inc	NEBOC_ABI_SIGNATURE_RETURN_KIND_OFFSET	48	cb6337e9d73811c705f646718b10fbf0905ff45691cd8db4cd53726a0278ba5f	Owner contract; internal fields remain internal; no universal ABI promise
compiler/codegen/abi/x86_64/abi_adapter.inc::NEBOC_ABI_SIGNATURE_RUNTIME_CALL_COUNT_OFFSET	x86_64-systemv-elf-linux	compiler/codegen/abi/x86_64/abi_adapter.inc	NEBOC_ABI_SIGNATURE_RUNTIME_CALL_COUNT_OFFSET	56	8fa10215c2b9f4976aefc0af83b46714d21c5948211d64f88fa67e7c809d384c	Owner contract; internal fields remain internal; no universal ABI promise
compiler/codegen/abi/x86_64/abi_adapter.inc::NEBOC_ABI_SIGNATURE_STATE_OFFSET	x86_64-systemv-elf-linux	compiler/codegen/abi/x86_64/abi_adapter.inc	NEBOC_ABI_SIGNATURE_STATE_OFFSET	64	6e2a254d26e1606e51f3cc27e65175e61809e42424d0baf167fae05bb3cbeaef	Owner contract; internal fields remain internal; no universal ABI promise
compiler/codegen/abi/x86_64/abi_adapter.inc::NEBOC_ABI_SIGNATURE_HASH_OFFSET	x86_64-systemv-elf-linux	compiler/codegen/abi/x86_64/abi_adapter.inc	NEBOC_ABI_SIGNATURE_HASH_OFFSET	72	3de582a18fff0e1fbdf020fe6f5aabdf4ec946a1272b9b8bb48a7f1ac861f7b1	Owner contract; internal fields remain internal; no universal ABI promise
compiler/codegen/abi/x86_64/abi_adapter.inc::NEBOC_ABI_SIGNATURE_FLAGS_OFFSET	x86_64-systemv-elf-linux	compiler/codegen/abi/x86_64/abi_adapter.inc	NEBOC_ABI_SIGNATURE_FLAGS_OFFSET	80	12ebe49f465952b434786c156554bdc763c69771544e2af4a2088dfdfa676bb4	Owner contract; internal fields remain internal; no universal ABI promise
compiler/codegen/abi/x86_64/abi_adapter.inc::NEBOC_ABI_SIGNATURE_RESERVED_OFFSET	x86_64-systemv-elf-linux	compiler/codegen/abi/x86_64/abi_adapter.inc	NEBOC_ABI_SIGNATURE_RESERVED_OFFSET	88	7e0e99c0b28cb9ed2b2753a6d237de8a3c98f13cd9910de6de2b8d328b6b18da	Owner contract; internal fields remain internal; no universal ABI promise
compiler/codegen/abi/x86_64/abi_adapter.inc::NEBOC_ABI_SIGNATURE_SIZE	x86_64-systemv-elf-linux	compiler/codegen/abi/x86_64/abi_adapter.inc	NEBOC_ABI_SIGNATURE_SIZE	96	0925f955686fb8df443da93daa32553445703a6cf700dc7fe4160d9aba74a76d	Owner contract; internal fields remain internal; no universal ABI promise
compiler/codegen/abi/x86_64/abi_adapter.inc::NEBOC_ABI_SIGNATURE_QWORDS	x86_64-systemv-elf-linux	compiler/codegen/abi/x86_64/abi_adapter.inc	NEBOC_ABI_SIGNATURE_QWORDS	12	a9d24221cb9df28f048ad9d4ef7f66f69f781873082d22557515e7152ac259e5	Owner contract; internal fields remain internal; no universal ABI promise
compiler/codegen/abi/x86_64/abi_adapter.inc::NEBOC_ABI_SIGNATURE_HASHED_BYTES	x86_64-systemv-elf-linux	compiler/codegen/abi/x86_64/abi_adapter.inc	NEBOC_ABI_SIGNATURE_HASHED_BYTES	72	42a93c30be0fb678c4d692fe1188c5359341548bcf022ec3665bc005bed09a63	Owner contract; internal fields remain internal; no universal ABI promise
compiler/codegen/abi/x86_64/abi_adapter.inc::NEBOC_ABI_SIGNATURE_STATE_EMPTY	x86_64-systemv-elf-linux	compiler/codegen/abi/x86_64/abi_adapter.inc	NEBOC_ABI_SIGNATURE_STATE_EMPTY	0	7870b136990da5f08b25d1d65db90e14402eea3bbb8441478e1dc4d807050353	Owner contract; internal fields remain internal; no universal ABI promise
compiler/codegen/abi/x86_64/abi_adapter.inc::NEBOC_ABI_SIGNATURE_STATE_FROZEN	x86_64-systemv-elf-linux	compiler/codegen/abi/x86_64/abi_adapter.inc	NEBOC_ABI_SIGNATURE_STATE_FROZEN	1	e0907f0c3af25c29e81f122c80399693511e1260b78b20b40ceb1b64aac85d4e	Owner contract; internal fields remain internal; no universal ABI promise
compiler/codegen/abi/x86_64/abi_adapter.inc::NEBOC_ABI_SIGNATURE_FLAG_ARGUMENTS_LAID_OUT	x86_64-systemv-elf-linux	compiler/codegen/abi/x86_64/abi_adapter.inc	NEBOC_ABI_SIGNATURE_FLAG_ARGUMENTS_LAID_OUT	1	a2ce7272b0ede23681f6402a24424de9b120e75b60467e0326242bffcee98b1b	Owner contract; internal fields remain internal; no universal ABI promise
compiler/codegen/abi/x86_64/abi_adapter.inc::NEBOC_ABI_SIGNATURE_FLAG_RETURN_LAID_OUT	x86_64-systemv-elf-linux	compiler/codegen/abi/x86_64/abi_adapter.inc	NEBOC_ABI_SIGNATURE_FLAG_RETURN_LAID_OUT	2	d1f645ca1587361bc0e9782c921a7c63b1fde4c769caa732fb6dce5fcd8c3799	Owner contract; internal fields remain internal; no universal ABI promise
compiler/codegen/abi/x86_64/abi_adapter.inc::NEBOC_ABI_SIGNATURE_FLAG_FRAME_ALIGNED	x86_64-systemv-elf-linux	compiler/codegen/abi/x86_64/abi_adapter.inc	NEBOC_ABI_SIGNATURE_FLAG_FRAME_ALIGNED	4	4f06c717a758bc15a9b89eefb21c37c32f8a6c0bdf1c30362f283c57b7722b80	Owner contract; internal fields remain internal; no universal ABI promise
compiler/codegen/abi/x86_64/abi_adapter.inc::NEBOC_ABI_SIGNATURE_FLAG_NO_RED_ZONE	x86_64-systemv-elf-linux	compiler/codegen/abi/x86_64/abi_adapter.inc	NEBOC_ABI_SIGNATURE_FLAG_NO_RED_ZONE	8	f2cf79dfb8df092c98c28566f7c38dbc798fc8dd5800a2e74d776672250abae7	Owner contract; internal fields remain internal; no universal ABI promise
compiler/codegen/abi/x86_64/abi_adapter.inc::NEBOC_ABI_SIGNATURE_REQUIRED_FLAGS	x86_64-systemv-elf-linux	compiler/codegen/abi/x86_64/abi_adapter.inc	NEBOC_ABI_SIGNATURE_REQUIRED_FLAGS	15	8389d2182d43e1ff2aedf518b3a4388b6d3e15fb1b0df094f574a5220a0b1e63	Owner contract; internal fields remain internal; no universal ABI promise
compiler/codegen/abi/x86_64/abi_adapter.inc::NEBOC_ABI_ERROR_NONE	x86_64-systemv-elf-linux	compiler/codegen/abi/x86_64/abi_adapter.inc	NEBOC_ABI_ERROR_NONE	0	083000bc392d7868c6a187a63946c3c0f2cf0d1f06ab19ad255202b6cef44acb	Owner contract; internal fields remain internal; no universal ABI promise
compiler/codegen/abi/x86_64/abi_adapter.inc::NEBOC_ABI_ERROR_BAD_REQUEST	x86_64-systemv-elf-linux	compiler/codegen/abi/x86_64/abi_adapter.inc	NEBOC_ABI_ERROR_BAD_REQUEST	1	b25854ae7deb285a8ff4ca91454531ac99eefdc4207f6808c244be5f8710b554	Owner contract; internal fields remain internal; no universal ABI promise
compiler/codegen/abi/x86_64/abi_adapter.inc::NEBOC_ABI_ERROR_INTERNAL_VERSION_MISMATCH	x86_64-systemv-elf-linux	compiler/codegen/abi/x86_64/abi_adapter.inc	NEBOC_ABI_ERROR_INTERNAL_VERSION_MISMATCH	2	e29391d41bbf2063811d7e1ccff489ef4f88e34f105929626d761b73e9c42692	Owner contract; internal fields remain internal; no universal ABI promise
compiler/codegen/abi/x86_64/abi_adapter.inc::NEBOC_ABI_ERROR_RUNTIME_VERSION_MISMATCH	x86_64-systemv-elf-linux	compiler/codegen/abi/x86_64/abi_adapter.inc	NEBOC_ABI_ERROR_RUNTIME_VERSION_MISMATCH	3	df8f1a15e65f3a496f59c0b83bf2da25647f520b0c0773190f2b722325c3e457	Owner contract; internal fields remain internal; no universal ABI promise
compiler/codegen/abi/x86_64/abi_adapter.inc::NEBOC_ABI_ERROR_TARGET_MISMATCH	x86_64-systemv-elf-linux	compiler/codegen/abi/x86_64/abi_adapter.inc	NEBOC_ABI_ERROR_TARGET_MISMATCH	4	1d792eb4a8a699ddc69612d9f99ae2849d11b6fcfed177d4e872e87e3f1f422f	Owner contract; internal fields remain internal; no universal ABI promise
compiler/codegen/abi/x86_64/abi_adapter.inc::NEBOC_ABI_ERROR_BACKEND_NOT_READY	x86_64-systemv-elf-linux	compiler/codegen/abi/x86_64/abi_adapter.inc	NEBOC_ABI_ERROR_BACKEND_NOT_READY	5	e56ea7ca73d1833714ad0c4e19ff361250bd58ca8b4359a3814de902a46db8b9	Owner contract; internal fields remain internal; no universal ABI promise
compiler/codegen/abi/x86_64/abi_adapter.inc::NEBOC_ABI_ERROR_WRITER_NOT_READY	x86_64-systemv-elf-linux	compiler/codegen/abi/x86_64/abi_adapter.inc	NEBOC_ABI_ERROR_WRITER_NOT_READY	6	dfbdea03d91f5a334e2e711f9387821767baf13f573496bbc28c3b42de833512	Owner contract; internal fields remain internal; no universal ABI promise
compiler/codegen/abi/x86_64/abi_adapter.inc::NEBOC_ABI_ERROR_SIGNATURE_INVALID	x86_64-systemv-elf-linux	compiler/codegen/abi/x86_64/abi_adapter.inc	NEBOC_ABI_ERROR_SIGNATURE_INVALID	7	383f5a8b9cd048b3998512f112578f4852b1fc704c392a9bcfc8a7243edfb078	Owner contract; internal fields remain internal; no universal ABI promise
compiler/codegen/abi/x86_64/abi_adapter.inc::NEBOC_ABI_ERROR_BAD_STATE	x86_64-systemv-elf-linux	compiler/codegen/abi/x86_64/abi_adapter.inc	NEBOC_ABI_ERROR_BAD_STATE	8	50010ab1b351b41020e30a32d815c7698f89c28e44d5214cd8b11fe665ee9791	Owner contract; internal fields remain internal; no universal ABI promise
compiler/codegen/abi/x86_64/abi_adapter.inc::NEBOC_ABI_ERROR_PARAMETER_LIMIT	x86_64-systemv-elf-linux	compiler/codegen/abi/x86_64/abi_adapter.inc	NEBOC_ABI_ERROR_PARAMETER_LIMIT	9	4b9257b4d4bc3636d2d55149c6f67ce60878088d1161ab291f292fb915576b77	Owner contract; internal fields remain internal; no universal ABI promise
compiler/codegen/abi/x86_64/abi_adapter.inc::NEBOC_ABI_ERROR_STACK_SLOT_INVALID	x86_64-systemv-elf-linux	compiler/codegen/abi/x86_64/abi_adapter.inc	NEBOC_ABI_ERROR_STACK_SLOT_INVALID	10	e4d1458cb9717b5a9280acda69155d4635df6415778457216b88211c7fc7fba8	Owner contract; internal fields remain internal; no universal ABI promise
compiler/codegen/abi/x86_64/abi_adapter.inc::NEBOC_ABI_ERROR_CALL_INVALID	x86_64-systemv-elf-linux	compiler/codegen/abi/x86_64/abi_adapter.inc	NEBOC_ABI_ERROR_CALL_INVALID	11	67efa03b678f0d832a9c2e383551412932d6c4408569eac05188efbc7da37c04	Owner contract; internal fields remain internal; no universal ABI promise
compiler/codegen/abi/x86_64/abi_adapter.inc::NEBOC_ABI_ERROR_FUNCTION_MISMATCH	x86_64-systemv-elf-linux	compiler/codegen/abi/x86_64/abi_adapter.inc	NEBOC_ABI_ERROR_FUNCTION_MISMATCH	12	ec4be98c2e37ef61401a81cccc156ab6c254b470a5b145ee588bb85afd9e102c	Owner contract; internal fields remain internal; no universal ABI promise
compiler/codegen/abi/x86_64/abi_adapter.inc::NEBOC_ABI_ERROR_WRITER_LIMIT	x86_64-systemv-elf-linux	compiler/codegen/abi/x86_64/abi_adapter.inc	NEBOC_ABI_ERROR_WRITER_LIMIT	13	85eae873f8e637033339d8d7daa560a4a3d6ebf1adefef67b0bf6a9ff8581e58	Owner contract; internal fields remain internal; no universal ABI promise
compiler/codegen/abi/x86_64/abi_adapter.inc::NEBOC_ABI_ERROR_COUNT	x86_64-systemv-elf-linux	compiler/codegen/abi/x86_64/abi_adapter.inc	NEBOC_ABI_ERROR_COUNT	14	f67bdce0590074823fa33f1665122a3f210e7696ee5695b672ee8f9d73b66bfd	Owner contract; internal fields remain internal; no universal ABI promise
compiler/codegen/abi/x86_64/abi_adapter.inc::NEBOC_ABI_DYNAMIC_CALL_MAX_PARAMETERS	x86_64-systemv-elf-linux	compiler/codegen/abi/x86_64/abi_adapter.inc	NEBOC_ABI_DYNAMIC_CALL_MAX_PARAMETERS	NEBOC_ABI_REGISTER_PARAMETER_COUNT	0dc03c1b92178cdd03fc6deb9cd00607fbc44aa4f89d97a1d41ca0a123bd4215	Owner contract; internal fields remain internal; no universal ABI promise
compiler/codegen/scalars/x86_64/option_layout_codegen.inc::NEBOC_OPTION_CODEGEN_PLAN_OFFSET	x86_64-systemv-elf-linux	compiler/codegen/scalars/x86_64/option_layout_codegen.inc	NEBOC_OPTION_CODEGEN_PLAN_OFFSET	0	b59a052749248e3ae0771cc43da41e8d76ef5b6de820cc1d73bb58a96f822d3f	Owner contract; internal fields remain internal; no universal ABI promise
compiler/codegen/scalars/x86_64/option_layout_codegen.inc::NEBOC_OPTION_CODEGEN_WRITER_OFFSET	x86_64-systemv-elf-linux	compiler/codegen/scalars/x86_64/option_layout_codegen.inc	NEBOC_OPTION_CODEGEN_WRITER_OFFSET	8	32328c946eb4378e1abd437c3172e33cc6403f55c8f7ad2705c09b285057f3f1	Owner contract; internal fields remain internal; no universal ABI promise
compiler/codegen/scalars/x86_64/option_layout_codegen.inc::NEBOC_OPTION_CODEGEN_EMITTED_OFFSET	x86_64-systemv-elf-linux	compiler/codegen/scalars/x86_64/option_layout_codegen.inc	NEBOC_OPTION_CODEGEN_EMITTED_OFFSET	16	4593f9c4164ecb8ae720d852a52751d478262bd276258e3fb5ad5e448aa198b5	Owner contract; internal fields remain internal; no universal ABI promise
compiler/codegen/scalars/x86_64/option_layout_codegen.inc::NEBOC_OPTION_CODEGEN_DIAGNOSTIC_OFFSET	x86_64-systemv-elf-linux	compiler/codegen/scalars/x86_64/option_layout_codegen.inc	NEBOC_OPTION_CODEGEN_DIAGNOSTIC_OFFSET	24	bc94766c6c058992142a602ee0817907dcb0b4d4ed92548fe7136a96447e1a32	Owner contract; internal fields remain internal; no universal ABI promise
compiler/codegen/scalars/x86_64/option_layout_codegen.inc::NEBOC_OPTION_CODEGEN_HASH_OFFSET	x86_64-systemv-elf-linux	compiler/codegen/scalars/x86_64/option_layout_codegen.inc	NEBOC_OPTION_CODEGEN_HASH_OFFSET	32	4636029e4129267cf7a647137e57c8bf1c1ebcfe8dc71e8a235357ca85637dde	Owner contract; internal fields remain internal; no universal ABI promise
compiler/codegen/scalars/x86_64/option_layout_codegen.inc::NEBOC_OPTION_CODEGEN_SIZE	x86_64-systemv-elf-linux	compiler/codegen/scalars/x86_64/option_layout_codegen.inc	NEBOC_OPTION_CODEGEN_SIZE	40	a47d2d5b8669ff651a95d51e967ecfe57afbcada5d75374462ff24ae161d25fe	Owner contract; internal fields remain internal; no universal ABI promise
compiler/codegen/scalars/x86_64/option_layout_codegen.inc::NEBOC_OPTION_CODEGEN_QWORDS	x86_64-systemv-elf-linux	compiler/codegen/scalars/x86_64/option_layout_codegen.inc	NEBOC_OPTION_CODEGEN_QWORDS	5	4113231abe7bef7021c131058bb44a8871d73127265449323f8d198d5ed50afc	Owner contract; internal fields remain internal; no universal ABI promise
compiler/codegen/scalars/x86_64/option_layout_codegen.inc::NEBOC_RESULT_CODEGEN_PLAN_OFFSET	x86_64-systemv-elf-linux	compiler/codegen/scalars/x86_64/option_layout_codegen.inc	NEBOC_RESULT_CODEGEN_PLAN_OFFSET	0	5be3e261323aa09210228787228b9a0004b8ab71acf536dfb093e734457026de	Owner contract; internal fields remain internal; no universal ABI promise
compiler/codegen/scalars/x86_64/option_layout_codegen.inc::NEBOC_RESULT_CODEGEN_WRITER_OFFSET	x86_64-systemv-elf-linux	compiler/codegen/scalars/x86_64/option_layout_codegen.inc	NEBOC_RESULT_CODEGEN_WRITER_OFFSET	8	06ebe4009c9b8fe2c050460af9a9b61c3bfebe94c863244a57e77facccc00ff1	Owner contract; internal fields remain internal; no universal ABI promise
compiler/codegen/scalars/x86_64/option_layout_codegen.inc::NEBOC_RESULT_CODEGEN_EMITTED_OFFSET	x86_64-systemv-elf-linux	compiler/codegen/scalars/x86_64/option_layout_codegen.inc	NEBOC_RESULT_CODEGEN_EMITTED_OFFSET	16	3bba0e77d918600e7b032064e0d26835871f47e8689f39ad15d05254cd71c195	Owner contract; internal fields remain internal; no universal ABI promise
compiler/codegen/scalars/x86_64/option_layout_codegen.inc::NEBOC_RESULT_CODEGEN_DIAGNOSTIC_OFFSET	x86_64-systemv-elf-linux	compiler/codegen/scalars/x86_64/option_layout_codegen.inc	NEBOC_RESULT_CODEGEN_DIAGNOSTIC_OFFSET	24	ad7ad269add88ed74bbb45b51bfa6733feee38fbfee1d97434c1383b3afb45a1	Owner contract; internal fields remain internal; no universal ABI promise
compiler/codegen/scalars/x86_64/option_layout_codegen.inc::NEBOC_RESULT_CODEGEN_HASH_OFFSET	x86_64-systemv-elf-linux	compiler/codegen/scalars/x86_64/option_layout_codegen.inc	NEBOC_RESULT_CODEGEN_HASH_OFFSET	32	1a6876978214cfb7382d520193a999b21f46e80b4d2e557502041009fa8ef877	Owner contract; internal fields remain internal; no universal ABI promise
compiler/codegen/scalars/x86_64/option_layout_codegen.inc::NEBOC_RESULT_CODEGEN_SIZE	x86_64-systemv-elf-linux	compiler/codegen/scalars/x86_64/option_layout_codegen.inc	NEBOC_RESULT_CODEGEN_SIZE	40	77a43f413c20129944a3008258f9ebd8cb2a42b80bdb5db20fa22255312f23b9	Owner contract; internal fields remain internal; no universal ABI promise
compiler/codegen/scalars/x86_64/option_layout_codegen.inc::NEBOC_RESULT_CODEGEN_QWORDS	x86_64-systemv-elf-linux	compiler/codegen/scalars/x86_64/option_layout_codegen.inc	NEBOC_RESULT_CODEGEN_QWORDS	5	a3075f3d1ea0b381cc49cba217b0a2da5c90cd3b59d4a22a8932953df23490d0	Owner contract; internal fields remain internal; no universal ABI promise
compiler/data-layout/data_layout.inc::NEBOC_DATA_LAYOUT_VERSION	x86_64-systemv-elf-linux	compiler/data-layout/data_layout.inc	NEBOC_DATA_LAYOUT_VERSION	0	ca491f2dc5763d00454a16205410ca17293857eac1f6159469caa1d49b7c93a1	Owner contract; internal fields remain internal; no universal ABI promise
compiler/data-layout/data_layout.inc::NEBOC_DATA_LAYOUT_BOOL_ZERO_ONE	x86_64-systemv-elf-linux	compiler/data-layout/data_layout.inc	NEBOC_DATA_LAYOUT_BOOL_ZERO_ONE	1	ea63edec36c9e522d7cf7153d9d8efa201601fa4d023e368fcc19c2f25b886f9	Owner contract; internal fields remain internal; no universal ABI promise
compiler/data-layout/data_layout.inc::NEBOC_DATA_LAYOUT_ENDIAN_LITTLE	x86_64-systemv-elf-linux	compiler/data-layout/data_layout.inc	NEBOC_DATA_LAYOUT_ENDIAN_LITTLE	1	aa6c185efe5e9b653916486b634fd86331a6015e65352a5e544877218fe11b2a	Owner contract; internal fields remain internal; no universal ABI promise
compiler/data-layout/data_layout.inc::NEBOC_DATA_LAYOUT_FLAG_POINTER64	x86_64-systemv-elf-linux	compiler/data-layout/data_layout.inc	NEBOC_DATA_LAYOUT_FLAG_POINTER64	1	ba76706b366f064eaf91bc75014fe963bc68044be6200c0299676ea05fcf0d2f	Owner contract; internal fields remain internal; no universal ABI promise
compiler/data-layout/data_layout.inc::NEBOC_DATA_LAYOUT_FLAG_INT64	x86_64-systemv-elf-linux	compiler/data-layout/data_layout.inc	NEBOC_DATA_LAYOUT_FLAG_INT64	2	8c286d372263f503ddb37256d05e455e959663652e5dfdfe024cdcea7ed36f91	Owner contract; internal fields remain internal; no universal ABI promise
compiler/data-layout/data_layout.inc::NEBOC_DATA_LAYOUT_FLAG_BOOL_ZERO_ONE	x86_64-systemv-elf-linux	compiler/data-layout/data_layout.inc	NEBOC_DATA_LAYOUT_FLAG_BOOL_ZERO_ONE	4	8251df3b89068ada66bc106e27c6bfbcb8622ce5a74794f14abaad247cdfb5c1	Owner contract; internal fields remain internal; no universal ABI promise
compiler/data-layout/data_layout.inc::NEBOC_DATA_LAYOUT_FLAG_SLICE_PTR_LEN	x86_64-systemv-elf-linux	compiler/data-layout/data_layout.inc	NEBOC_DATA_LAYOUT_FLAG_SLICE_PTR_LEN	8	a77900edae97338157108e624c022d2cc88a96d8b914875ab9416b486cb30989	Owner contract; internal fields remain internal; no universal ABI promise
compiler/data-layout/data_layout.inc::NEBOC_DATA_LAYOUT_FLAG_HANDLE64	x86_64-systemv-elf-linux	compiler/data-layout/data_layout.inc	NEBOC_DATA_LAYOUT_FLAG_HANDLE64	16	1154294cc7e8419f01f947815f88688feafa0160d262054273df1a19769c6ba8	Owner contract; internal fields remain internal; no universal ABI promise
compiler/data-layout/data_layout.inc::NEBOC_DATA_LAYOUT_FLAG_STACK16	x86_64-systemv-elf-linux	compiler/data-layout/data_layout.inc	NEBOC_DATA_LAYOUT_FLAG_STACK16	32	f2ab3e84c3d3fdce1433a6472de411e32dd1d55472b1ae93e8b2da405851d64c	Owner contract; internal fields remain internal; no universal ABI promise
compiler/data-layout/data_layout.inc::NEBOC_DATA_LAYOUT_FLAG_LITTLE_ENDIAN	x86_64-systemv-elf-linux	compiler/data-layout/data_layout.inc	NEBOC_DATA_LAYOUT_FLAG_LITTLE_ENDIAN	64	54bfbaa6102e73e7ad9241dd3f2bf448fbd93f019b9a768ccd4a700d760fe66f	Owner contract; internal fields remain internal; no universal ABI promise
compiler/data-layout/data_layout.inc::NEBOC_DATA_LAYOUT_REQUIRED_FLAGS	x86_64-systemv-elf-linux	compiler/data-layout/data_layout.inc	NEBOC_DATA_LAYOUT_REQUIRED_FLAGS	127	8f3997b1c51d00c89c8de56514406496fa0fe124b5a40ed450bc4b7e33749f51	Owner contract; internal fields remain internal; no universal ABI promise
compiler/data-layout/data_layout.inc::NEBOC_DATA_LAYOUT_VERSION_OFFSET	x86_64-systemv-elf-linux	compiler/data-layout/data_layout.inc	NEBOC_DATA_LAYOUT_VERSION_OFFSET	0	39b4027b686330b524ca1ebe3cb85c5796780423565dba35b3f3da3389111def	Owner contract; internal fields remain internal; no universal ABI promise
compiler/data-layout/data_layout.inc::NEBOC_DATA_LAYOUT_POINTER_SIZE_OFFSET	x86_64-systemv-elf-linux	compiler/data-layout/data_layout.inc	NEBOC_DATA_LAYOUT_POINTER_SIZE_OFFSET	8	a496a3e540a0bed8d0089ecd1f6e1fbbb36dd7e30494881893fbb201c6fe4b6c	Owner contract; internal fields remain internal; no universal ABI promise
compiler/data-layout/data_layout.inc::NEBOC_DATA_LAYOUT_POINTER_ALIGNMENT_OFFSET	x86_64-systemv-elf-linux	compiler/data-layout/data_layout.inc	NEBOC_DATA_LAYOUT_POINTER_ALIGNMENT_OFFSET	16	214a22ee1aefbbee4c7e7e3186db9e1a42e285bccfc18809e7d8e82103acc279	Owner contract; internal fields remain internal; no universal ABI promise
compiler/data-layout/data_layout.inc::NEBOC_DATA_LAYOUT_INT_SIZE_OFFSET	x86_64-systemv-elf-linux	compiler/data-layout/data_layout.inc	NEBOC_DATA_LAYOUT_INT_SIZE_OFFSET	24	e9e0fcd4f871b1aa3b662464f688f040b843fcc796f491b6967c442416e826e4	Owner contract; internal fields remain internal; no universal ABI promise
compiler/data-layout/data_layout.inc::NEBOC_DATA_LAYOUT_INT_ALIGNMENT_OFFSET	x86_64-systemv-elf-linux	compiler/data-layout/data_layout.inc	NEBOC_DATA_LAYOUT_INT_ALIGNMENT_OFFSET	32	21cd82abd6e92ddddf4694dd097eb0106171388e1bfd6b2d83effffb3c6703fe	Owner contract; internal fields remain internal; no universal ABI promise
compiler/data-layout/data_layout.inc::NEBOC_DATA_LAYOUT_BOOL_SIZE_OFFSET	x86_64-systemv-elf-linux	compiler/data-layout/data_layout.inc	NEBOC_DATA_LAYOUT_BOOL_SIZE_OFFSET	40	dec0e014817195e617da0347a3a483db43ac258361b74fec167cb227daf425a9	Owner contract; internal fields remain internal; no universal ABI promise
compiler/data-layout/data_layout.inc::NEBOC_DATA_LAYOUT_BOOL_ALIGNMENT_OFFSET	x86_64-systemv-elf-linux	compiler/data-layout/data_layout.inc	NEBOC_DATA_LAYOUT_BOOL_ALIGNMENT_OFFSET	48	98db894920f01875ebdeebf7a6b8d1c749bb34ca8db7da6e7b4609b7a51a6b3c	Owner contract; internal fields remain internal; no universal ABI promise
compiler/data-layout/data_layout.inc::NEBOC_DATA_LAYOUT_BOOL_REPRESENTATION_OFFSET	x86_64-systemv-elf-linux	compiler/data-layout/data_layout.inc	NEBOC_DATA_LAYOUT_BOOL_REPRESENTATION_OFFSET	56	3f10e050e93fa96ea0b405aaf0ed427e06a0f13ad519b6553269327bf74b0899	Owner contract; internal fields remain internal; no universal ABI promise
compiler/data-layout/data_layout.inc::NEBOC_DATA_LAYOUT_SLICE_SIZE_OFFSET	x86_64-systemv-elf-linux	compiler/data-layout/data_layout.inc	NEBOC_DATA_LAYOUT_SLICE_SIZE_OFFSET	64	ca07eaebcd93d739123bdb0410725d1c9dbfb6bbaadaec1e753b6f2417ac70ea	Owner contract; internal fields remain internal; no universal ABI promise
compiler/data-layout/data_layout.inc::NEBOC_DATA_LAYOUT_SLICE_ALIGNMENT_OFFSET	x86_64-systemv-elf-linux	compiler/data-layout/data_layout.inc	NEBOC_DATA_LAYOUT_SLICE_ALIGNMENT_OFFSET	72	034a3477d3196505c1e83de628495fc51c57151bede089b30f05ddf3b902c6de	Owner contract; internal fields remain internal; no universal ABI promise
compiler/data-layout/data_layout.inc::NEBOC_DATA_LAYOUT_CONSOLE_HANDLE_SIZE_OFFSET	x86_64-systemv-elf-linux	compiler/data-layout/data_layout.inc	NEBOC_DATA_LAYOUT_CONSOLE_HANDLE_SIZE_OFFSET	80	9e80ad39a9e9fd97d4684748bcf5e8b0a2b12bf6388c39157f957a390757b94d	Owner contract; internal fields remain internal; no universal ABI promise
compiler/data-layout/data_layout.inc::NEBOC_DATA_LAYOUT_CONSOLE_HANDLE_ALIGNMENT_OFFSET	x86_64-systemv-elf-linux	compiler/data-layout/data_layout.inc	NEBOC_DATA_LAYOUT_CONSOLE_HANDLE_ALIGNMENT_OFFSET	88	75f8e34597dbb2b0842de1e809d753da522bf88baf55c1b6896476036845b591	Owner contract; internal fields remain internal; no universal ABI promise
compiler/data-layout/data_layout.inc::NEBOC_DATA_LAYOUT_PENDING_HANDLE_SIZE_OFFSET	x86_64-systemv-elf-linux	compiler/data-layout/data_layout.inc	NEBOC_DATA_LAYOUT_PENDING_HANDLE_SIZE_OFFSET	96	e702141165320dcb3d35fc3ed9a1db1c96a8414a4fb349683b5c14c6e44a3e3f	Owner contract; internal fields remain internal; no universal ABI promise
compiler/data-layout/data_layout.inc::NEBOC_DATA_LAYOUT_PENDING_HANDLE_ALIGNMENT_OFFSET	x86_64-systemv-elf-linux	compiler/data-layout/data_layout.inc	NEBOC_DATA_LAYOUT_PENDING_HANDLE_ALIGNMENT_OFFSET	104	79f43f62f4d248c5bbbf184469f5bcf1471258ca43ceb839721f7dc959e2051e	Owner contract; internal fields remain internal; no universal ABI promise
compiler/data-layout/data_layout.inc::NEBOC_DATA_LAYOUT_STACK_ALIGNMENT_OFFSET	x86_64-systemv-elf-linux	compiler/data-layout/data_layout.inc	NEBOC_DATA_LAYOUT_STACK_ALIGNMENT_OFFSET	112	759f67a9113e5dbeb4df8c2fc7271cdda5713b058b285b14c74393e603c3d66a	Owner contract; internal fields remain internal; no universal ABI promise
compiler/data-layout/data_layout.inc::NEBOC_DATA_LAYOUT_ENDIANNESS_OFFSET	x86_64-systemv-elf-linux	compiler/data-layout/data_layout.inc	NEBOC_DATA_LAYOUT_ENDIANNESS_OFFSET	120	d1aaf8ffa9a91c4216185e94a456f093a6854290c9ee7b49af668420a3241e37	Owner contract; internal fields remain internal; no universal ABI promise
compiler/data-layout/data_layout.inc::NEBOC_DATA_LAYOUT_FLAGS_OFFSET	x86_64-systemv-elf-linux	compiler/data-layout/data_layout.inc	NEBOC_DATA_LAYOUT_FLAGS_OFFSET	128	e3818e2ea3a773ff4bf84fa423203cd11568382a06e38b93fa571133bbcb5cb7	Owner contract; internal fields remain internal; no universal ABI promise
compiler/data-layout/data_layout.inc::NEBOC_DATA_LAYOUT_STATE_OFFSET	x86_64-systemv-elf-linux	compiler/data-layout/data_layout.inc	NEBOC_DATA_LAYOUT_STATE_OFFSET	136	5cb140c68b5a0e1e98d2b03e920b6622b0b316bb1d94f29fd7a77908b52599ef	Owner contract; internal fields remain internal; no universal ABI promise
compiler/data-layout/data_layout.inc::NEBOC_DATA_LAYOUT_HASH_OFFSET	x86_64-systemv-elf-linux	compiler/data-layout/data_layout.inc	NEBOC_DATA_LAYOUT_HASH_OFFSET	144	6d3c2f38d6375fbab9bd541d8bf878e0e579a87e655fd25509edef16a2b1d939	Owner contract; internal fields remain internal; no universal ABI promise
compiler/data-layout/data_layout.inc::NEBOC_DATA_LAYOUT_LAST_ERROR_OFFSET	x86_64-systemv-elf-linux	compiler/data-layout/data_layout.inc	NEBOC_DATA_LAYOUT_LAST_ERROR_OFFSET	152	9af0403782a1e36dce72feb396352be06d748e98da5799dcc80b6b32ccdf080a	Owner contract; internal fields remain internal; no universal ABI promise
compiler/data-layout/data_layout.inc::NEBOC_DATA_LAYOUT_SIZE	x86_64-systemv-elf-linux	compiler/data-layout/data_layout.inc	NEBOC_DATA_LAYOUT_SIZE	160	613fc97e2852b14330990f18037d7ceffc6a245e2a4c0823d1a74170d9148326	Owner contract; internal fields remain internal; no universal ABI promise
compiler/data-layout/data_layout.inc::NEBOC_DATA_LAYOUT_QWORDS	x86_64-systemv-elf-linux	compiler/data-layout/data_layout.inc	NEBOC_DATA_LAYOUT_QWORDS	20	339203581663c8da03ead97372fd841a494eee341efa923cf1f9a05aae38b2cd	Owner contract; internal fields remain internal; no universal ABI promise
compiler/data-layout/data_layout.inc::NEBOC_DATA_LAYOUT_HASHED_BYTES	x86_64-systemv-elf-linux	compiler/data-layout/data_layout.inc	NEBOC_DATA_LAYOUT_HASHED_BYTES	136	7fa98bf643a6d26736e2f92c2187cc18c58882ece4868635a3070c294fe7a5c4	Owner contract; internal fields remain internal; no universal ABI promise
compiler/data-layout/data_layout.inc::NEBOC_DATA_LAYOUT_STATE_EMPTY	x86_64-systemv-elf-linux	compiler/data-layout/data_layout.inc	NEBOC_DATA_LAYOUT_STATE_EMPTY	0	d7081d69e7184694a34c48a7391b079cf48db2b5cda432e758b1aaf4a0310e81	Owner contract; internal fields remain internal; no universal ABI promise
compiler/data-layout/data_layout.inc::NEBOC_DATA_LAYOUT_STATE_FROZEN	x86_64-systemv-elf-linux	compiler/data-layout/data_layout.inc	NEBOC_DATA_LAYOUT_STATE_FROZEN	1	12126ebe0fb47f7abe47943558c7a7d0164ded4d1e98e7f61943fb0e8171a933	Owner contract; internal fields remain internal; no universal ABI promise
compiler/data-layout/data_layout.inc::NEBOC_DATA_LAYOUT_ERROR_NONE	x86_64-systemv-elf-linux	compiler/data-layout/data_layout.inc	NEBOC_DATA_LAYOUT_ERROR_NONE	0	c29c8b7258bb7b3e642feaed438dceec9189c274d1b7df3ef7ad377cba12c4ca	Owner contract; internal fields remain internal; no universal ABI promise
compiler/data-layout/data_layout.inc::NEBOC_DATA_LAYOUT_ERROR_BAD_POINTER	x86_64-systemv-elf-linux	compiler/data-layout/data_layout.inc	NEBOC_DATA_LAYOUT_ERROR_BAD_POINTER	1	aaefa0180156fe36f7c0e6d633b210c72b2b594c0c0df274b60b1607ee9c380a	Owner contract; internal fields remain internal; no universal ABI promise
compiler/data-layout/data_layout.inc::NEBOC_DATA_LAYOUT_ERROR_UNSUPPORTED_LAYOUT	x86_64-systemv-elf-linux	compiler/data-layout/data_layout.inc	NEBOC_DATA_LAYOUT_ERROR_UNSUPPORTED_LAYOUT	2	b893444b7134e0b318629b35ab39fe7d980d83b06b02c8633261541574f9cb40	Owner contract; internal fields remain internal; no universal ABI promise
compiler/data-layout/data_layout.inc::NEBOC_DATA_LAYOUT_ERROR_HASH_FAILURE	x86_64-systemv-elf-linux	compiler/data-layout/data_layout.inc	NEBOC_DATA_LAYOUT_ERROR_HASH_FAILURE	3	2687c013e58fbaaaa273959204a875feeacaff154563041068ccf43a0bcebdcd	Owner contract; internal fields remain internal; no universal ABI promise
compiler/data-layout/data_layout.inc::NEBOC_DATA_LAYOUT_ERROR_COUNT	x86_64-systemv-elf-linux	compiler/data-layout/data_layout.inc	NEBOC_DATA_LAYOUT_ERROR_COUNT	4	7448f5a0b9197fdebc01d1ae6fb2b463610c3004ece6f182d2c2f462082172ac	Owner contract; internal fields remain internal; no universal ABI promise
compiler/interface/interface_v1.inc::NEBOC_NI_MAGIC	x86_64-systemv-elf-linux	compiler/interface/interface_v1.inc	NEBOC_NI_MAGIC	0x00494e2e4f42454e	36f48bede9ea7ece717109ba29046439217ffff43ad168831076f20c453e5682	Owner contract; internal fields remain internal; no universal ABI promise
compiler/interface/interface_v1.inc::NEBOC_NI_VERSION	x86_64-systemv-elf-linux	compiler/interface/interface_v1.inc	NEBOC_NI_VERSION	1	410f359aa03d5daca1131f0831d35757a90365c00483c4e119a8b905eef905f9	Owner contract; internal fields remain internal; no universal ABI promise
compiler/interface/interface_v1.inc::NEBOC_NI_EDITION	x86_64-systemv-elf-linux	compiler/interface/interface_v1.inc	NEBOC_NI_EDITION	1	760dc361bc4369bf2e72b32ca63cccf65fefbf535cc8d90587060c90dce25f30	Owner contract; internal fields remain internal; no universal ABI promise
compiler/interface/interface_v1.inc::NEBOC_NI_HEADER_SIZE	x86_64-systemv-elf-linux	compiler/interface/interface_v1.inc	NEBOC_NI_HEADER_SIZE	64	54a4d4f87e04dd67de68820aa2ba75c3ab3a157ccdc41ee08abc11dee7da59ab	Owner contract; internal fields remain internal; no universal ABI promise
compiler/interface/interface_v1.inc::NEBOC_NI_MAX_SECTIONS	x86_64-systemv-elf-linux	compiler/interface/interface_v1.inc	NEBOC_NI_MAX_SECTIONS	64	c0becf48da72a7883ce2d295cb3a1b0f2cd173b57a0ac0365253c772fda3d0c0	Owner contract; internal fields remain internal; no universal ABI promise
compiler/interface/interface_v1.inc::NEBOC_NI_MAX_BYTES	x86_64-systemv-elf-linux	compiler/interface/interface_v1.inc	NEBOC_NI_MAX_BYTES	0x01000000	63a370e02a27b5bbd09d77149ee9c8edbe30b7b5eb9a3374c35bd10841f7e1f2	Owner contract; internal fields remain internal; no universal ABI promise
compiler/interface/interface_v1.inc::NEBOC_NI_SECTION_SIZE	x86_64-systemv-elf-linux	compiler/interface/interface_v1.inc	NEBOC_NI_SECTION_SIZE	32	a58122ed69eed2efa08f0b3a22e41fef594ce6137f7a29b1830ca798ed2af930	Owner contract; internal fields remain internal; no universal ABI promise
compiler/interface/interface_v1.inc::NEBOC_NI_SECTION_EXPORTS	x86_64-systemv-elf-linux	compiler/interface/interface_v1.inc	NEBOC_NI_SECTION_EXPORTS	1	bce7cbecd66c38e0529955490995aa2202b71b40895a3a885b0864f41c993647	Owner contract; internal fields remain internal; no universal ABI promise
compiler/interface/interface_v1.inc::NEBOC_NI_SECTION_METADATA	x86_64-systemv-elf-linux	compiler/interface/interface_v1.inc	NEBOC_NI_SECTION_METADATA	2	8d8bc2c626bc27f1c18231a4055af7dbc8d0f1ba365b3dd13ace7ae49b10056a	Owner contract; internal fields remain internal; no universal ABI promise
compiler/interface/interface_v1.inc::NEBOC_NI_SECTION_DOC_RECORDS	x86_64-systemv-elf-linux	compiler/interface/interface_v1.inc	NEBOC_NI_SECTION_DOC_RECORDS	3	9650cb9e28aa71ceced2a7394f7875712fa6bc25c8acbd72aeacc8cfdf89cc87	Owner contract; internal fields remain internal; no universal ABI promise
compiler/interface/interface_v1.inc::NEBOC_NI_SECTION_MODULE_VALUE	x86_64-systemv-elf-linux	compiler/interface/interface_v1.inc	NEBOC_NI_SECTION_MODULE_VALUE	4	18e010a1a0502f8be6596e9b3cbf96049bdc3135d39dcc0ed87c371ff33b1e92	Owner contract; internal fields remain internal; no universal ABI promise
compiler/interface/interface_v1.inc::NEBOC_NI_MODULE_VALUE_SIZE	x86_64-systemv-elf-linux	compiler/interface/interface_v1.inc	NEBOC_NI_MODULE_VALUE_SIZE	80	8aaadcf056a77ca81629281e56905f7e50823e8a9fcef0454c6a02102f690d4f	Owner contract; internal fields remain internal; no universal ABI promise
compiler/interface/interface_v1.inc::NEBOC_NI_MODULE_VALUE_MAGIC	x86_64-systemv-elf-linux	compiler/interface/interface_v1.inc	NEBOC_NI_MODULE_VALUE_MAGIC	0x3143444d4f42454e	a9ddcf118cd730c37a3779b4771c78ca4f159de2aae0cf01cdad2bd2bf2df584	Owner contract; internal fields remain internal; no universal ABI promise
compiler/interface/interface_v1.inc::NEBOC_NI_EXPORT_RECORD_SIZE	x86_64-systemv-elf-linux	compiler/interface/interface_v1.inc	NEBOC_NI_EXPORT_RECORD_SIZE	64	d2ef1840b516c2c5bb01a020ef96ec03e753f45ccca6ba522d2ac15112cd288a	Owner contract; internal fields remain internal; no universal ABI promise
compiler/interface/interface_v1.inc::NEBOC_NI_METADATA_RECORD_SIZE	x86_64-systemv-elf-linux	compiler/interface/interface_v1.inc	NEBOC_NI_METADATA_RECORD_SIZE	64	664694a74ba2fe309b0532afee71a3afae96327099fadbaf51c5983928b7fd28	Owner contract; internal fields remain internal; no universal ABI promise
compiler/interface/interface_v1.inc::NEBOC_NI_MAX_RECORDS	x86_64-systemv-elf-linux	compiler/interface/interface_v1.inc	NEBOC_NI_MAX_RECORDS	1024	207377a7ffd5d0ec7b65c662df9791923dd42ef9f4a9da4bf95b7502255bfe3c	Owner contract; internal fields remain internal; no universal ABI promise
compiler/interface/interface_v1.inc::NEBOC_NI_TARGET_X86_64	x86_64-systemv-elf-linux	compiler/interface/interface_v1.inc	NEBOC_NI_TARGET_X86_64	0x34365f363878	9b60619de41281caa557ce842faa754c870954edb1e384584773ec1815a4d706	Owner contract; internal fields remain internal; no universal ABI promise
compiler/interface/interface_v1.inc::NEBOC_NI_COMPAT_IDENTICAL	x86_64-systemv-elf-linux	compiler/interface/interface_v1.inc	NEBOC_NI_COMPAT_IDENTICAL	1	c2122b0af652f0184016f8a7839d3406ca0be72cb143eb73e4a8fb1aa5c119ce	Owner contract; internal fields remain internal; no universal ABI promise
compiler/interface/interface_v1.inc::NEBOC_NI_COMPAT_SOURCE	x86_64-systemv-elf-linux	compiler/interface/interface_v1.inc	NEBOC_NI_COMPAT_SOURCE	2	db4001246d9825fad8ecc2bbd56c08ed91d9e604b62d9ce116d7b3ad49d27156	Owner contract; internal fields remain internal; no universal ABI promise
compiler/interface/interface_v1.inc::NEBOC_NI_COMPAT_RECOMPILE	x86_64-systemv-elf-linux	compiler/interface/interface_v1.inc	NEBOC_NI_COMPAT_RECOMPILE	3	f001ee93b06582be0ac36bc2e49305e04d54f73898fa389dcb977f1d8bcba6be	Owner contract; internal fields remain internal; no universal ABI promise
compiler/interface/interface_v1.inc::NEBOC_NI_COMPAT_BREAKING	x86_64-systemv-elf-linux	compiler/interface/interface_v1.inc	NEBOC_NI_COMPAT_BREAKING	4	929f94cb9cdd09855c0e01bbf18fcd149c662395d9f11f9a7326eb4ead395b68	Owner contract; internal fields remain internal; no universal ABI promise
compiler/lowering/aggregates/nominal_plan.inc::NEBOC_NOM_PLAN_MAGIC_OFFSET	x86_64-systemv-elf-linux	compiler/lowering/aggregates/nominal_plan.inc	NEBOC_NOM_PLAN_MAGIC_OFFSET	0	4a35ee6e6b7d68c5f2e5e14a28579040e5b26744d6dcfcf11872a7dab010df8d	Owner contract; internal fields remain internal; no universal ABI promise
compiler/lowering/aggregates/nominal_plan.inc::NEBOC_NOM_PLAN_VERSION_OFFSET	x86_64-systemv-elf-linux	compiler/lowering/aggregates/nominal_plan.inc	NEBOC_NOM_PLAN_VERSION_OFFSET	8	c2057e6645e7254e3bd171e3f0599a72ad083fe3b55815ae84304bdb1c58009b	Owner contract; internal fields remain internal; no universal ABI promise
compiler/lowering/aggregates/nominal_plan.inc::NEBOC_NOM_PLAN_KIND_OFFSET	x86_64-systemv-elf-linux	compiler/lowering/aggregates/nominal_plan.inc	NEBOC_NOM_PLAN_KIND_OFFSET	16	c565409565f31fa611958b02cac7b6d25a493ff3b182470b8253d51b5550417a	Owner contract; internal fields remain internal; no universal ABI promise
compiler/lowering/aggregates/nominal_plan.inc::NEBOC_NOM_PLAN_TYPE_KEY_OFFSET	x86_64-systemv-elf-linux	compiler/lowering/aggregates/nominal_plan.inc	NEBOC_NOM_PLAN_TYPE_KEY_OFFSET	24	154d50bcfb4340400859f06c6bd53b55bb487e2b3331acc73ce20389e1ca7975	Owner contract; internal fields remain internal; no universal ABI promise
compiler/lowering/aggregates/nominal_plan.inc::NEBOC_NOM_PLAN_UNDERLYING_TYPE_OFFSET	x86_64-systemv-elf-linux	compiler/lowering/aggregates/nominal_plan.inc	NEBOC_NOM_PLAN_UNDERLYING_TYPE_OFFSET	32	cef1e07775ff5830503cd2140c54148c16d3b7cccde5f9e9afed59be84a3b423	Owner contract; internal fields remain internal; no universal ABI promise
compiler/lowering/aggregates/nominal_plan.inc::NEBOC_NOM_PLAN_VARIANT_COUNT_OFFSET	x86_64-systemv-elf-linux	compiler/lowering/aggregates/nominal_plan.inc	NEBOC_NOM_PLAN_VARIANT_COUNT_OFFSET	40	dbd6ac5855a34ccbae3ab77666361b6a73a25aebc303abc7922d844935c89b28	Owner contract; internal fields remain internal; no universal ABI promise
compiler/lowering/aggregates/nominal_plan.inc::NEBOC_NOM_PLAN_ACTIVE_TAG_OFFSET	x86_64-systemv-elf-linux	compiler/lowering/aggregates/nominal_plan.inc	NEBOC_NOM_PLAN_ACTIVE_TAG_OFFSET	48	de36a2b26b5cf137e9a45b31ce340d567f4d91f4930e55e5b598f908fe21b8c5	Owner contract; internal fields remain internal; no universal ABI promise
compiler/lowering/aggregates/nominal_plan.inc::NEBOC_NOM_PLAN_PAYLOAD_TYPE_OFFSET	x86_64-systemv-elf-linux	compiler/lowering/aggregates/nominal_plan.inc	NEBOC_NOM_PLAN_PAYLOAD_TYPE_OFFSET	56	c8edcd7d309edda603ad8b8adb630f246a88899a0e012a9c59d12b2322c7020b	Owner contract; internal fields remain internal; no universal ABI promise
compiler/lowering/aggregates/nominal_plan.inc::NEBOC_NOM_PLAN_PAYLOAD_VALUE_OFFSET	x86_64-systemv-elf-linux	compiler/lowering/aggregates/nominal_plan.inc	NEBOC_NOM_PLAN_PAYLOAD_VALUE_OFFSET	64	d2b5affed6b31a412484d4c71261abe9921c2a9cd6309bc70236d903ad0f9be4	Owner contract; internal fields remain internal; no universal ABI promise
compiler/lowering/aggregates/nominal_plan.inc::NEBOC_NOM_PLAN_RESULT_OFFSET	x86_64-systemv-elf-linux	compiler/lowering/aggregates/nominal_plan.inc	NEBOC_NOM_PLAN_RESULT_OFFSET	72	6832b9167e450b97312e726180faa2798da228a118d3caa5859f54e43ed1096d	Owner contract; internal fields remain internal; no universal ABI promise
compiler/lowering/aggregates/nominal_plan.inc::NEBOC_NOM_PLAN_SIZE_OFFSET	x86_64-systemv-elf-linux	compiler/lowering/aggregates/nominal_plan.inc	NEBOC_NOM_PLAN_SIZE_OFFSET	80	c1e7dcd84fbc6f7a6fb4c3e46368613bdd1c15db9e6a4ec3bfac5d5b61cd7dd6	Owner contract; internal fields remain internal; no universal ABI promise
compiler/lowering/aggregates/nominal_plan.inc::NEBOC_NOM_PLAN_ALIGN_OFFSET	x86_64-systemv-elf-linux	compiler/lowering/aggregates/nominal_plan.inc	NEBOC_NOM_PLAN_ALIGN_OFFSET	88	3e3573e0fc9113b70258abd1193f5f24bcb7ff4f6d677e4d8e252c0c210aa092	Owner contract; internal fields remain internal; no universal ABI promise
compiler/lowering/aggregates/nominal_plan.inc::NEBOC_NOM_PLAN_PAYLOAD_OFFSET_OFFSET	x86_64-systemv-elf-linux	compiler/lowering/aggregates/nominal_plan.inc	NEBOC_NOM_PLAN_PAYLOAD_OFFSET_OFFSET	96	efc0fc5bdbb135e9b393e66b21f5d0dab9db206f1dd19a60debe3beae2c1d332	Owner contract; internal fields remain internal; no universal ABI promise
compiler/lowering/aggregates/nominal_plan.inc::NEBOC_NOM_PLAN_DROP_COUNT_OFFSET	x86_64-systemv-elf-linux	compiler/lowering/aggregates/nominal_plan.inc	NEBOC_NOM_PLAN_DROP_COUNT_OFFSET	104	47e317198354f0fc653be8c9f922706bd78f93370dd92312d79a678368855019	Owner contract; internal fields remain internal; no universal ABI promise
compiler/lowering/aggregates/nominal_plan.inc::NEBOC_NOM_PLAN_HASH_OFFSET	x86_64-systemv-elf-linux	compiler/lowering/aggregates/nominal_plan.inc	NEBOC_NOM_PLAN_HASH_OFFSET	112	553aa330bdcbda96648ffdb67c7c75e061ad5ef0dfbea26744b29c715d2dfeba	Owner contract; internal fields remain internal; no universal ABI promise
compiler/lowering/aggregates/nominal_plan.inc::NEBOC_NOM_PLAN_FLAGS_OFFSET	x86_64-systemv-elf-linux	compiler/lowering/aggregates/nominal_plan.inc	NEBOC_NOM_PLAN_FLAGS_OFFSET	120	9dc17a9aa78e465287da62b7f8c8ae752031e6ca618cc12d0107217e5588475c	Owner contract; internal fields remain internal; no universal ABI promise
compiler/lowering/aggregates/nominal_plan.inc::NEBOC_NOM_PLAN_QWORDS	x86_64-systemv-elf-linux	compiler/lowering/aggregates/nominal_plan.inc	NEBOC_NOM_PLAN_QWORDS	16	d28b79e28f3048edd93f34e661ee9531da2b5f6cd0c2057d847653e29f91090b	Owner contract; internal fields remain internal; no universal ABI promise
compiler/lowering/aggregates/nominal_plan.inc::NEBOC_NOM_PLAN_SIZE	x86_64-systemv-elf-linux	compiler/lowering/aggregates/nominal_plan.inc	NEBOC_NOM_PLAN_SIZE	128	ec6eb25b65804d4dedd5db05366964c8d9d038e3cef9ee34a7f54a4cf9216917	Owner contract; internal fields remain internal; no universal ABI promise
compiler/lowering/aggregates/nominal_plan.inc::NEBOC_NOM_PLAN_HASHED_BYTES	x86_64-systemv-elf-linux	compiler/lowering/aggregates/nominal_plan.inc	NEBOC_NOM_PLAN_HASHED_BYTES	112	c23e0041fe95b12c8b86eb3731898eb397172a2544b4c67be2f0b96c5f50fced	Owner contract; internal fields remain internal; no universal ABI promise
compiler/lowering/aggregates/nominal_plan.inc::NEBOC_NOM_PLAN_MAGIC	x86_64-systemv-elf-linux	compiler/lowering/aggregates/nominal_plan.inc	NEBOC_NOM_PLAN_MAGIC	0x4e4f4d3647304652	0f0f892af1eb6a2a02ecbfde68b9bfa22343bf878e46daf8b5202e36637e5b46	Owner contract; internal fields remain internal; no universal ABI promise
compiler/lowering/aggregates/nominal_plan.inc::NEBOC_NOM_PLAN_VERSION_A0	x86_64-systemv-elf-linux	compiler/lowering/aggregates/nominal_plan.inc	NEBOC_NOM_PLAN_VERSION_A0	0x4130	0024fa6694e5af64b738aa4965c5fa1a0018b094013168755ba4278dd6c0801b	Owner contract; internal fields remain internal; no universal ABI promise
compiler/lowering/aggregates/product_layout.inc::neboc_option_result_null_externo_e_erros_tipados_LAYOUT_MEMBER_COUNT_OFFSET	x86_64-systemv-elf-linux	compiler/lowering/aggregates/product_layout.inc	neboc_option_result_null_externo_e_erros_tipados_LAYOUT_MEMBER_COUNT_OFFSET	0	93fdf31e8885404a384bd6e8bbce04d85d344a6d5ad63fd6d2684e6c8b9e85c2	Owner contract; internal fields remain internal; no universal ABI promise
compiler/lowering/aggregates/product_layout.inc::NEBOC_LAYOUT_SIZES_OFFSET	x86_64-systemv-elf-linux	compiler/lowering/aggregates/product_layout.inc	NEBOC_LAYOUT_SIZES_OFFSET	8	c20f3051898631fe41bfc645d0a5da0b82997a4b0cf3501c7310c9d5a9e978db	Owner contract; internal fields remain internal; no universal ABI promise
compiler/lowering/aggregates/product_layout.inc::NEBOC_LAYOUT_ALIGNS_OFFSET	x86_64-systemv-elf-linux	compiler/lowering/aggregates/product_layout.inc	NEBOC_LAYOUT_ALIGNS_OFFSET	16	9c31f5683cd7b50759acf6a2b84049769ad685cf48eab970152c72aae7cc07fe	Owner contract; internal fields remain internal; no universal ABI promise
compiler/lowering/aggregates/product_layout.inc::NEBOC_LAYOUT_DROP_COUNTS_OFFSET	x86_64-systemv-elf-linux	compiler/lowering/aggregates/product_layout.inc	NEBOC_LAYOUT_DROP_COUNTS_OFFSET	24	270835ac7f82f7c3dd7c4cfffcebefa00064fd0fe0ab0c5342084e063a54a5c5	Owner contract; internal fields remain internal; no universal ABI promise
compiler/lowering/aggregates/product_layout.inc::NEBOC_LAYOUT_OFFSETS_OFFSET	x86_64-systemv-elf-linux	compiler/lowering/aggregates/product_layout.inc	NEBOC_LAYOUT_OFFSETS_OFFSET	32	30bbeded7d5f521a0799a5dabddd0c6e96f2d3fea547bcf88868ab3e9559b5ee	Owner contract; internal fields remain internal; no universal ABI promise
compiler/lowering/aggregates/product_layout.inc::neboc_option_result_null_externo_e_erros_tipados_LAYOUT_SIZE_OFFSET	x86_64-systemv-elf-linux	compiler/lowering/aggregates/product_layout.inc	neboc_option_result_null_externo_e_erros_tipados_LAYOUT_SIZE_OFFSET	40	94696b1b93fd3cf3e4d6b00f58b5fdd0dad4c17ce88f89f45e3c2c476dbf96f6	Owner contract; internal fields remain internal; no universal ABI promise
compiler/lowering/aggregates/product_layout.inc::neboc_option_result_null_externo_e_erros_tipados_LAYOUT_ALIGN_OFFSET	x86_64-systemv-elf-linux	compiler/lowering/aggregates/product_layout.inc	neboc_option_result_null_externo_e_erros_tipados_LAYOUT_ALIGN_OFFSET	48	3edee39283a4ea8ae20e035f94c1d14f8b5b2d8377de40785f1f457beceb574f	Owner contract; internal fields remain internal; no universal ABI promise
compiler/lowering/aggregates/product_layout.inc::NEBOC_LAYOUT_DROP_COUNT_OFFSET	x86_64-systemv-elf-linux	compiler/lowering/aggregates/product_layout.inc	NEBOC_LAYOUT_DROP_COUNT_OFFSET	56	08770c1004a9e41754236c102f3e2261930aafa6d8b87fdf1212e1fb1a21fb08	Owner contract; internal fields remain internal; no universal ABI promise
compiler/lowering/aggregates/product_layout.inc::NEBOC_LAYOUT_CLEANUP_HASH_OFFSET	x86_64-systemv-elf-linux	compiler/lowering/aggregates/product_layout.inc	NEBOC_LAYOUT_CLEANUP_HASH_OFFSET	64	79fa8117cf3090b0769112f2ae0ea7a8adab103891a834f2bdf71d61a4414d52	Owner contract; internal fields remain internal; no universal ABI promise
compiler/lowering/aggregates/product_layout.inc::neboc_option_result_null_externo_e_erros_tipados_LAYOUT_DIAGNOSTIC_OFFSET	x86_64-systemv-elf-linux	compiler/lowering/aggregates/product_layout.inc	neboc_option_result_null_externo_e_erros_tipados_LAYOUT_DIAGNOSTIC_OFFSET	72	adf7b51d21c78d956241e248ee35448d9aa3e8d46044295b53170d3f6a234dbe	Owner contract; internal fields remain internal; no universal ABI promise
compiler/lowering/aggregates/product_layout.inc::neboc_option_result_null_externo_e_erros_tipados_LAYOUT_REQUEST_SIZE	x86_64-systemv-elf-linux	compiler/lowering/aggregates/product_layout.inc	neboc_option_result_null_externo_e_erros_tipados_LAYOUT_REQUEST_SIZE	80	edb3969338bbad98eedf30186cf42e28681d1b26199ec24694108bda10877671	Owner contract; internal fields remain internal; no universal ABI promise
compiler/lowering/aggregates/product_layout.inc::neboc_option_result_null_externo_e_erros_tipados_LAYOUT_REQUEST_QWORDS	x86_64-systemv-elf-linux	compiler/lowering/aggregates/product_layout.inc	neboc_option_result_null_externo_e_erros_tipados_LAYOUT_REQUEST_QWORDS	10	4bbbe2694891eaab5237333b9f719a85189ebc37139125bb5aab33f54bcc1b6f	Owner contract; internal fields remain internal; no universal ABI promise
compiler/lowering/aggregates/product_layout.inc::NEBOC_LAYOUT_MAX_MEMBERS	x86_64-systemv-elf-linux	compiler/lowering/aggregates/product_layout.inc	NEBOC_LAYOUT_MAX_MEMBERS	8	e5f135f6435c7ba9e22b4823f35a2364286e36510f35dcbc5eec016b96c48a7a	Owner contract; internal fields remain internal; no universal ABI promise
compiler/lowering/aggregates/product_layout.inc::NEBOC_LAYOUT_MAX_ALIGN	x86_64-systemv-elf-linux	compiler/lowering/aggregates/product_layout.inc	NEBOC_LAYOUT_MAX_ALIGN	4096	a37ac34d1ce139eaf9381852f0802b13346cb94d5b11b8ad802d7c6656722c41	Owner contract; internal fields remain internal; no universal ABI promise
compiler/lowering/aggregates/product_layout.inc::NEBOC_LAYOUT_MAX_SIZE	x86_64-systemv-elf-linux	compiler/lowering/aggregates/product_layout.inc	NEBOC_LAYOUT_MAX_SIZE	1048576	137c63bb196d304f386c50414730d6238a220a2591911fe8512f68a4a51eae5f	Owner contract; internal fields remain internal; no universal ABI promise
compiler/lowering/aggregates/programmer_type_ir.inc::NEBOC_IR_PRODUCT	x86_64-systemv-elf-linux	compiler/lowering/aggregates/programmer_type_ir.inc	NEBOC_IR_PRODUCT	1	f1d796a50971ef8892eb0f902a4eacf8cecaac9e1cc8dae96679ab8b7f2cf0c7	Owner contract; internal fields remain internal; no universal ABI promise
compiler/lowering/aggregates/programmer_type_ir.inc::NEBOC_IR_SUM	x86_64-systemv-elf-linux	compiler/lowering/aggregates/programmer_type_ir.inc	NEBOC_IR_SUM	2	dfb787020c49f67e27c6219139fa7610ec814c6c56254ba571a793ba106d6936	Owner contract; internal fields remain internal; no universal ABI promise
compiler/lowering/aggregates/programmer_type_ir.inc::NEBOC_IR_FIELD_ACCESS	x86_64-systemv-elf-linux	compiler/lowering/aggregates/programmer_type_ir.inc	NEBOC_IR_FIELD_ACCESS	3	ed59f13165d5649170dbe42acfb345744e0a8245993245383c23ded6dc0c5e98	Owner contract; internal fields remain internal; no universal ABI promise
compiler/lowering/aggregates/programmer_type_ir.inc::NEBOC_HIR_PRODUCT_CONSTRUCT	x86_64-systemv-elf-linux	compiler/lowering/aggregates/programmer_type_ir.inc	NEBOC_HIR_PRODUCT_CONSTRUCT	901	3c9441d9733b9f79723f3cca2db47aec5e442ae24a2381391f42666a5cd1bfa9	Owner contract; internal fields remain internal; no universal ABI promise
compiler/lowering/aggregates/programmer_type_ir.inc::NEBOC_HIR_SUM_CONSTRUCT	x86_64-systemv-elf-linux	compiler/lowering/aggregates/programmer_type_ir.inc	NEBOC_HIR_SUM_CONSTRUCT	902	0d5541cb6e306457c4d26b459a720bef922c773916d62e106113813611595073	Owner contract; internal fields remain internal; no universal ABI promise
compiler/lowering/aggregates/programmer_type_ir.inc::NEBOC_HIR_FIELD_PROJECT	x86_64-systemv-elf-linux	compiler/lowering/aggregates/programmer_type_ir.inc	NEBOC_HIR_FIELD_PROJECT	903	d18b124d408300a020b7a20edd863bc3b98f3f04fc5a87b6e8b8f73bd501b0e4	Owner contract; internal fields remain internal; no universal ABI promise
compiler/lowering/aggregates/programmer_type_ir.inc::NEBOC_LIR_AGGREGATE_INIT	x86_64-systemv-elf-linux	compiler/lowering/aggregates/programmer_type_ir.inc	NEBOC_LIR_AGGREGATE_INIT	911	67b56d01db144d4821830e5193bd0cbb33cbfdd78627be753a754ff377891a2a	Owner contract; internal fields remain internal; no universal ABI promise
compiler/lowering/aggregates/programmer_type_ir.inc::NEBOC_LIR_TAGGED_INIT	x86_64-systemv-elf-linux	compiler/lowering/aggregates/programmer_type_ir.inc	NEBOC_LIR_TAGGED_INIT	912	edf73d00748aa55e57aac7ae887e6af0238d2d1b97becf0a6a64d8df349fb1ba	Owner contract; internal fields remain internal; no universal ABI promise
compiler/lowering/aggregates/programmer_type_ir.inc::NEBOC_LIR_FIELD_LOAD	x86_64-systemv-elf-linux	compiler/lowering/aggregates/programmer_type_ir.inc	NEBOC_LIR_FIELD_LOAD	913	0058736ede08aadb41f2a29a69ba1d7270dc9cc521103f034562b1504a0df403	Owner contract; internal fields remain internal; no universal ABI promise
compiler/lowering/aggregates/programmer_type_ir.inc::neboc_structs_enums_variants_e_tipos_do_programador_IR_KIND_OFFSET	x86_64-systemv-elf-linux	compiler/lowering/aggregates/programmer_type_ir.inc	neboc_structs_enums_variants_e_tipos_do_programador_IR_KIND_OFFSET	0	c98f984af539dc6ff1adf9da8bc828ecd5ac5786ca182316eda9465f67b98e55	Owner contract; internal fields remain internal; no universal ABI promise
compiler/lowering/aggregates/programmer_type_ir.inc::neboc_structs_enums_variants_e_tipos_do_programador_IR_SEMANTIC_PTR_OFFSET	x86_64-systemv-elf-linux	compiler/lowering/aggregates/programmer_type_ir.inc	neboc_structs_enums_variants_e_tipos_do_programador_IR_SEMANTIC_PTR_OFFSET	8	f79b5f557c2747f1632aac57714701a8893d286ff2af828e05bca66a5c785da9	Owner contract; internal fields remain internal; no universal ABI promise
compiler/lowering/aggregates/programmer_type_ir.inc::neboc_structs_enums_variants_e_tipos_do_programador_IR_SEMANTIC_HASH_OFFSET	x86_64-systemv-elf-linux	compiler/lowering/aggregates/programmer_type_ir.inc	neboc_structs_enums_variants_e_tipos_do_programador_IR_SEMANTIC_HASH_OFFSET	16	da330a0643083178858da148225f58847ab58d3e0778ab50a9389610c4175b97	Owner contract; internal fields remain internal; no universal ABI promise
compiler/lowering/aggregates/programmer_type_ir.inc::NEBOC_IR_NOMINAL_TYPE_OFFSET	x86_64-systemv-elf-linux	compiler/lowering/aggregates/programmer_type_ir.inc	NEBOC_IR_NOMINAL_TYPE_OFFSET	24	3c13967d184f2ebaac76401e98ed3268e26ab74a73324997251da43e2017c776	Owner contract; internal fields remain internal; no universal ABI promise
compiler/lowering/aggregates/programmer_type_ir.inc::NEBOC_IR_MEMBER_INDEX_OFFSET	x86_64-systemv-elf-linux	compiler/lowering/aggregates/programmer_type_ir.inc	NEBOC_IR_MEMBER_INDEX_OFFSET	32	15f69bae8ab8b0259f615844c4032081bcbf92bd2739ca06327bab695be406d7	Owner contract; internal fields remain internal; no universal ABI promise
compiler/lowering/aggregates/programmer_type_ir.inc::neboc_structs_enums_variants_e_tipos_do_programador_IR_TARGET_OFFSET	x86_64-systemv-elf-linux	compiler/lowering/aggregates/programmer_type_ir.inc	neboc_structs_enums_variants_e_tipos_do_programador_IR_TARGET_OFFSET	40	3507cb3993091f57da14f2a7e1dff14e7095f19eaf0225f9ef61dab8532eb14f	Owner contract; internal fields remain internal; no universal ABI promise
compiler/lowering/aggregates/programmer_type_ir.inc::NEBOC_IR_HIR_OPCODE_OFFSET	x86_64-systemv-elf-linux	compiler/lowering/aggregates/programmer_type_ir.inc	NEBOC_IR_HIR_OPCODE_OFFSET	48	ed153e45669fc70c9a4f4ad16696e76213748df8b1691ffecd13cd8e1bb1c306	Owner contract; internal fields remain internal; no universal ABI promise
compiler/lowering/aggregates/programmer_type_ir.inc::NEBOC_IR_LIR_OPCODE_OFFSET	x86_64-systemv-elf-linux	compiler/lowering/aggregates/programmer_type_ir.inc	NEBOC_IR_LIR_OPCODE_OFFSET	56	78132d60486b0ae361030c57c98138fb5400c78b26a9b5ebc89754a1122ef72c	Owner contract; internal fields remain internal; no universal ABI promise
compiler/lowering/aggregates/programmer_type_ir.inc::NEBOC_IR_ALLOCATION_OFFSET	x86_64-systemv-elf-linux	compiler/lowering/aggregates/programmer_type_ir.inc	NEBOC_IR_ALLOCATION_OFFSET	64	b2412f6a01b58fb3fbf4b1df7b1109187a2403af4630c35c50aae491850bf499	Owner contract; internal fields remain internal; no universal ABI promise
compiler/lowering/aggregates/programmer_type_ir.inc::NEBOC_IR_MANGLE_OFFSET	x86_64-systemv-elf-linux	compiler/lowering/aggregates/programmer_type_ir.inc	NEBOC_IR_MANGLE_OFFSET	72	bf294da201afd5df2faab839bcc4ea0c969fda1a513d17d6647069a993de9657	Owner contract; internal fields remain internal; no universal ABI promise
compiler/lowering/aggregates/programmer_type_ir.inc::neboc_structs_enums_variants_e_tipos_do_programador_IR_HASH_OFFSET	x86_64-systemv-elf-linux	compiler/lowering/aggregates/programmer_type_ir.inc	neboc_structs_enums_variants_e_tipos_do_programador_IR_HASH_OFFSET	80	43ec0adad2334f3a5e2de6b2daccd836c4ba92c176070c82e75ab00426ffdde1	Owner contract; internal fields remain internal; no universal ABI promise
compiler/lowering/aggregates/programmer_type_ir.inc::neboc_structs_enums_variants_e_tipos_do_programador_IR_DIAGNOSTIC_OFFSET	x86_64-systemv-elf-linux	compiler/lowering/aggregates/programmer_type_ir.inc	neboc_structs_enums_variants_e_tipos_do_programador_IR_DIAGNOSTIC_OFFSET	88	7f4937d5df7484213759f40394fd94a469cf7caba02efcc727abf673043388f4	Owner contract; internal fields remain internal; no universal ABI promise
compiler/lowering/aggregates/programmer_type_ir.inc::neboc_structs_enums_variants_e_tipos_do_programador_IR_REQUEST_SIZE	x86_64-systemv-elf-linux	compiler/lowering/aggregates/programmer_type_ir.inc	neboc_structs_enums_variants_e_tipos_do_programador_IR_REQUEST_SIZE	96	9bb75d7a380c91b39707f4ebae64dc8ea1e7b4d2e7b265a56d258bce780ac3fc	Owner contract; internal fields remain internal; no universal ABI promise
compiler/lowering/aggregates/programmer_type_ir.inc::neboc_structs_enums_variants_e_tipos_do_programador_IR_REQUEST_QWORDS	x86_64-systemv-elf-linux	compiler/lowering/aggregates/programmer_type_ir.inc	neboc_structs_enums_variants_e_tipos_do_programador_IR_REQUEST_QWORDS	12	5a26eaf3403602d21b451055d2d2ade28620548459d1c893ac0e4603ca772489	Owner contract; internal fields remain internal; no universal ABI promise
compiler/lowering/aggregates/programmer_type_ir.inc::neboc_structs_enums_variants_e_tipos_do_programador_IR_TARGET_X86_64_SYSV	x86_64-systemv-elf-linux	compiler/lowering/aggregates/programmer_type_ir.inc	neboc_structs_enums_variants_e_tipos_do_programador_IR_TARGET_X86_64_SYSV	1	0e940416b6d7307641e71961a778bf927c09ff93b81d2fa5ba93daf1f38a7407	Owner contract; internal fields remain internal; no universal ABI promise
compiler/lowering/aggregates/programmer_type_layout.inc::NEBOC_LAYOUT_PRODUCT	x86_64-systemv-elf-linux	compiler/lowering/aggregates/programmer_type_layout.inc	NEBOC_LAYOUT_PRODUCT	1	7954c57258b9343405c69d32b9f55d4ca0215e2e30440a7179316a67235c897c	Owner contract; internal fields remain internal; no universal ABI promise
compiler/lowering/aggregates/programmer_type_layout.inc::NEBOC_LAYOUT_SUM	x86_64-systemv-elf-linux	compiler/lowering/aggregates/programmer_type_layout.inc	NEBOC_LAYOUT_SUM	2	d7a6fdaf8dd0104c08cb82ad84e137dda6c073a4fb0e81241deb3505ec559bae	Owner contract; internal fields remain internal; no universal ABI promise
compiler/lowering/aggregates/programmer_type_layout.inc::NEBOC_LAYOUT_FLAG_INTERNAL_NATIVE	x86_64-systemv-elf-linux	compiler/lowering/aggregates/programmer_type_layout.inc	NEBOC_LAYOUT_FLAG_INTERNAL_NATIVE	1	101966f4b719c4e9aafb8c2532bf98f53804cbfa3cbc588be2e1bddc74a6d136	Owner contract; internal fields remain internal; no universal ABI promise
compiler/lowering/aggregates/programmer_type_layout.inc::NEBOC_LAYOUT_FLAG_ZERO_PADDING	x86_64-systemv-elf-linux	compiler/lowering/aggregates/programmer_type_layout.inc	NEBOC_LAYOUT_FLAG_ZERO_PADDING	2	c9791fdd88df7ac823bc89ed094f22a59eac5fc0b135b22994ef1b0fa37ecc81	Owner contract; internal fields remain internal; no universal ABI promise
compiler/lowering/aggregates/programmer_type_layout.inc::NEBOC_LAYOUT_FLAG_ALLOCATION_FREE	x86_64-systemv-elf-linux	compiler/lowering/aggregates/programmer_type_layout.inc	NEBOC_LAYOUT_FLAG_ALLOCATION_FREE	4	76a983d30052b16ce3e81a063ca0d64e935d744ef8e988d4c8a03989c5f07344	Owner contract; internal fields remain internal; no universal ABI promise
compiler/lowering/aggregates/programmer_type_layout.inc::NEBOC_LAYOUT_FLAG_NO_METADATA	x86_64-systemv-elf-linux	compiler/lowering/aggregates/programmer_type_layout.inc	NEBOC_LAYOUT_FLAG_NO_METADATA	8	a6db562bfaec4934eb3db998535331348eb385605b3671603bcbc2d0db589beb	Owner contract; internal fields remain internal; no universal ABI promise
compiler/lowering/aggregates/programmer_type_layout.inc::NEBOC_LAYOUT_FLAGS_REQUIRED	x86_64-systemv-elf-linux	compiler/lowering/aggregates/programmer_type_layout.inc	NEBOC_LAYOUT_FLAGS_REQUIRED	15	65136bbfcc349e54ee31441a92b82face1899bbe3e610bb48e3c804ac8df4577	Owner contract; internal fields remain internal; no universal ABI promise
compiler/lowering/aggregates/programmer_type_layout.inc::NEBOC_LAYOUT_KIND_OFFSET	x86_64-systemv-elf-linux	compiler/lowering/aggregates/programmer_type_layout.inc	NEBOC_LAYOUT_KIND_OFFSET	0	c5564e4ef970a246b9cd27b446f75c9dc332e5333a8fa2af118595ac81fb97bd	Owner contract; internal fields remain internal; no universal ABI promise
compiler/lowering/aggregates/programmer_type_layout.inc::neboc_structs_enums_variants_e_tipos_do_programador_LAYOUT_MEMBER_COUNT_OFFSET	x86_64-systemv-elf-linux	compiler/lowering/aggregates/programmer_type_layout.inc	neboc_structs_enums_variants_e_tipos_do_programador_LAYOUT_MEMBER_COUNT_OFFSET	8	59c7144e668faaf0647bd132d564d097b6b61a17a8900f6a87c9152568845365	Owner contract; internal fields remain internal; no universal ABI promise
compiler/lowering/aggregates/programmer_type_layout.inc::NEBOC_LAYOUT_SIZES_PTR_OFFSET	x86_64-systemv-elf-linux	compiler/lowering/aggregates/programmer_type_layout.inc	NEBOC_LAYOUT_SIZES_PTR_OFFSET	16	8f2aefd16cd1199e9439a4eb30b356d5281d5eb578f5c8b65c00d5a936b341aa	Owner contract; internal fields remain internal; no universal ABI promise
compiler/lowering/aggregates/programmer_type_layout.inc::NEBOC_LAYOUT_ALIGNS_PTR_OFFSET	x86_64-systemv-elf-linux	compiler/lowering/aggregates/programmer_type_layout.inc	NEBOC_LAYOUT_ALIGNS_PTR_OFFSET	24	ab28d921fe3546f0a892331c626ad36826adf103243431a6bca4b818201ce943	Owner contract; internal fields remain internal; no universal ABI promise
compiler/lowering/aggregates/programmer_type_layout.inc::NEBOC_LAYOUT_VARIANT_COUNT_OFFSET	x86_64-systemv-elf-linux	compiler/lowering/aggregates/programmer_type_layout.inc	NEBOC_LAYOUT_VARIANT_COUNT_OFFSET	32	64b21c001fb8e8a522ae0df0f462463f4834437d1e6aeeccf09330b09adf7697	Owner contract; internal fields remain internal; no universal ABI promise
compiler/lowering/aggregates/programmer_type_layout.inc::NEBOC_LAYOUT_PAYLOAD_SIZE_OFFSET	x86_64-systemv-elf-linux	compiler/lowering/aggregates/programmer_type_layout.inc	NEBOC_LAYOUT_PAYLOAD_SIZE_OFFSET	40	4b6573422eed422dcb07ad648e843378ae3d6da15e75f6f692c591a0b56f0878	Owner contract; internal fields remain internal; no universal ABI promise
compiler/lowering/aggregates/programmer_type_layout.inc::NEBOC_LAYOUT_PAYLOAD_ALIGN_OFFSET	x86_64-systemv-elf-linux	compiler/lowering/aggregates/programmer_type_layout.inc	NEBOC_LAYOUT_PAYLOAD_ALIGN_OFFSET	48	4d1b9074485c846d6738a01526f016076540ae9ffe647277535a70a29dc40428	Owner contract; internal fields remain internal; no universal ABI promise
compiler/lowering/aggregates/programmer_type_layout.inc::NEBOC_LAYOUT_OFFSETS_PTR_OFFSET	x86_64-systemv-elf-linux	compiler/lowering/aggregates/programmer_type_layout.inc	NEBOC_LAYOUT_OFFSETS_PTR_OFFSET	56	53a86ccbe0be759fd224aaa13b975dbe32202051cb67d3129e5d6fac90618d0d	Owner contract; internal fields remain internal; no universal ABI promise
compiler/lowering/aggregates/programmer_type_layout.inc::neboc_structs_enums_variants_e_tipos_do_programador_LAYOUT_SIZE_OFFSET	x86_64-systemv-elf-linux	compiler/lowering/aggregates/programmer_type_layout.inc	neboc_structs_enums_variants_e_tipos_do_programador_LAYOUT_SIZE_OFFSET	64	e46f28c6fe0f459923367d89ec847a8b1e763a85688585bdf1d467547e3f8ea1	Owner contract; internal fields remain internal; no universal ABI promise
compiler/lowering/aggregates/programmer_type_layout.inc::neboc_structs_enums_variants_e_tipos_do_programador_LAYOUT_ALIGN_OFFSET	x86_64-systemv-elf-linux	compiler/lowering/aggregates/programmer_type_layout.inc	neboc_structs_enums_variants_e_tipos_do_programador_LAYOUT_ALIGN_OFFSET	72	3345ed43273526ce4609504e4ac92063a4585688e1e8a88530494abb8b2fad8c	Owner contract; internal fields remain internal; no universal ABI promise
compiler/lowering/aggregates/programmer_type_layout.inc::NEBOC_LAYOUT_TAG_OFFSET	x86_64-systemv-elf-linux	compiler/lowering/aggregates/programmer_type_layout.inc	NEBOC_LAYOUT_TAG_OFFSET	80	22924cdc8e9e433871cde2dcc1cb18f4f0835cfed497805fc0b5244b0fada193	Owner contract; internal fields remain internal; no universal ABI promise
compiler/lowering/aggregates/programmer_type_layout.inc::NEBOC_LAYOUT_TAG_WIDTH_OFFSET	x86_64-systemv-elf-linux	compiler/lowering/aggregates/programmer_type_layout.inc	NEBOC_LAYOUT_TAG_WIDTH_OFFSET	88	64cae993bf32814f11e2318f443f4677604ac098958d4d0483d70db94d314c68	Owner contract; internal fields remain internal; no universal ABI promise
compiler/lowering/aggregates/programmer_type_layout.inc::NEBOC_LAYOUT_PAYLOAD_OFFSET	x86_64-systemv-elf-linux	compiler/lowering/aggregates/programmer_type_layout.inc	NEBOC_LAYOUT_PAYLOAD_OFFSET	96	b550f4a530148c5904e490e3695ab6ddc048addc52be3d46968dbf4d8dcf6fb8	Owner contract; internal fields remain internal; no universal ABI promise
compiler/lowering/aggregates/programmer_type_layout.inc::NEBOC_LAYOUT_FLAGS_OFFSET	x86_64-systemv-elf-linux	compiler/lowering/aggregates/programmer_type_layout.inc	NEBOC_LAYOUT_FLAGS_OFFSET	104	135384e0398fdafb39af9745d73601546c266ed5912dad92857f3ff4f6e6048f	Owner contract; internal fields remain internal; no universal ABI promise
compiler/lowering/aggregates/programmer_type_layout.inc::neboc_structs_enums_variants_e_tipos_do_programador_LAYOUT_DIAGNOSTIC_OFFSET	x86_64-systemv-elf-linux	compiler/lowering/aggregates/programmer_type_layout.inc	neboc_structs_enums_variants_e_tipos_do_programador_LAYOUT_DIAGNOSTIC_OFFSET	112	ab0603d8d842ad6db0e777ddf7b289beedf92418b856589dc3c504db70e3d0eb	Owner contract; internal fields remain internal; no universal ABI promise
compiler/lowering/aggregates/programmer_type_layout.inc::NEBOC_LAYOUT_HASH_OFFSET	x86_64-systemv-elf-linux	compiler/lowering/aggregates/programmer_type_layout.inc	NEBOC_LAYOUT_HASH_OFFSET	120	7c3e45ea0eeed2eb72cb537d4705c2d7662877544714777c50d620cbafa62883	Owner contract; internal fields remain internal; no universal ABI promise
compiler/lowering/aggregates/programmer_type_layout.inc::neboc_structs_enums_variants_e_tipos_do_programador_LAYOUT_REQUEST_SIZE	x86_64-systemv-elf-linux	compiler/lowering/aggregates/programmer_type_layout.inc	neboc_structs_enums_variants_e_tipos_do_programador_LAYOUT_REQUEST_SIZE	128	2da8aa4924999609a98352a2bce1ba1500608aa371d2fe7b8ee352f47527b666	Owner contract; internal fields remain internal; no universal ABI promise
compiler/lowering/aggregates/programmer_type_layout.inc::neboc_structs_enums_variants_e_tipos_do_programador_LAYOUT_REQUEST_QWORDS	x86_64-systemv-elf-linux	compiler/lowering/aggregates/programmer_type_layout.inc	neboc_structs_enums_variants_e_tipos_do_programador_LAYOUT_REQUEST_QWORDS	16	c9480110af3a131646087d077fc8843d83923d16645dd623cbab946195b28c8e	Owner contract; internal fields remain internal; no universal ABI promise
compiler/lowering/aggregates/struct_tuple_plan.inc::neboc_option_result_null_externo_e_erros_tipados_PLAN_MAGIC_OFFSET	x86_64-systemv-elf-linux	compiler/lowering/aggregates/struct_tuple_plan.inc	neboc_option_result_null_externo_e_erros_tipados_PLAN_MAGIC_OFFSET	0	4a58e76fd21a132a9f61460643075179b5b834557816baec6afc97ad1eadd832	Owner contract; internal fields remain internal; no universal ABI promise
compiler/lowering/aggregates/struct_tuple_plan.inc::NEBOC_PLAN_LAYOUT_ID_OFFSET	x86_64-systemv-elf-linux	compiler/lowering/aggregates/struct_tuple_plan.inc	NEBOC_PLAN_LAYOUT_ID_OFFSET	8	5f7eb7218d8909ce23264f42f87ba7296bc462f6bf3a51e2897b060e8f235b7f	Owner contract; internal fields remain internal; no universal ABI promise
compiler/lowering/aggregates/struct_tuple_plan.inc::neboc_option_result_null_externo_e_erros_tipados_PLAN_SEMANTIC_HASH_OFFSET	x86_64-systemv-elf-linux	compiler/lowering/aggregates/struct_tuple_plan.inc	neboc_option_result_null_externo_e_erros_tipados_PLAN_SEMANTIC_HASH_OFFSET	16	20a1b8ed52daa6f5a0beaa3dc88b5be4d42d610d89b95b0c2a91c1ae45d20d03	Owner contract; internal fields remain internal; no universal ABI promise
compiler/lowering/aggregates/struct_tuple_plan.inc::NEBOC_PLAN_DECL_COUNT_OFFSET	x86_64-systemv-elf-linux	compiler/lowering/aggregates/struct_tuple_plan.inc	NEBOC_PLAN_DECL_COUNT_OFFSET	24	91f49c00f420355374cec0a046382717ca94a3cbe12da6228f816ec1929d5431	Owner contract; internal fields remain internal; no universal ABI promise
compiler/lowering/aggregates/struct_tuple_plan.inc::NEBOC_PLAN_CONSTRUCT_COUNT_OFFSET	x86_64-systemv-elf-linux	compiler/lowering/aggregates/struct_tuple_plan.inc	NEBOC_PLAN_CONSTRUCT_COUNT_OFFSET	32	addb1f6c7da916d4b5c973e7c102e219d32edaba40e1049d01ba3206a59b5318	Owner contract; internal fields remain internal; no universal ABI promise
compiler/lowering/aggregates/struct_tuple_plan.inc::NEBOC_PLAN_ACCESS_COUNT_OFFSET	x86_64-systemv-elf-linux	compiler/lowering/aggregates/struct_tuple_plan.inc	NEBOC_PLAN_ACCESS_COUNT_OFFSET	40	65dcf16a7c4628b609988f0fa8306c4fa2396086c5091d25b2c3e09a46fa4262	Owner contract; internal fields remain internal; no universal ABI promise
compiler/lowering/aggregates/struct_tuple_plan.inc::neboc_option_result_null_externo_e_erros_tipados_PLAN_RESULT_TYPE_OFFSET	x86_64-systemv-elf-linux	compiler/lowering/aggregates/struct_tuple_plan.inc	neboc_option_result_null_externo_e_erros_tipados_PLAN_RESULT_TYPE_OFFSET	48	6dd84405af214566c2ac3fa289c09e739c04827bd01c91693da28a2ef671db30	Owner contract; internal fields remain internal; no universal ABI promise
compiler/lowering/aggregates/struct_tuple_plan.inc::neboc_option_result_null_externo_e_erros_tipados_PLAN_RESULT_VALUE_OFFSET	x86_64-systemv-elf-linux	compiler/lowering/aggregates/struct_tuple_plan.inc	neboc_option_result_null_externo_e_erros_tipados_PLAN_RESULT_VALUE_OFFSET	56	032de4c73bcb41b658a464f00cc4aec7be31be17141c679fb03fdc61173a187e	Owner contract; internal fields remain internal; no universal ABI promise
compiler/lowering/aggregates/struct_tuple_plan.inc::NEBOC_PLAN_LAYOUT_SIZE_OFFSET	x86_64-systemv-elf-linux	compiler/lowering/aggregates/struct_tuple_plan.inc	NEBOC_PLAN_LAYOUT_SIZE_OFFSET	64	b76bedc19eadab487b6a41315bdc3f8cac8ad27b60fa8913fc19a4bffb1be25b	Owner contract; internal fields remain internal; no universal ABI promise
compiler/lowering/aggregates/struct_tuple_plan.inc::NEBOC_PLAN_LAYOUT_ALIGN_OFFSET	x86_64-systemv-elf-linux	compiler/lowering/aggregates/struct_tuple_plan.inc	NEBOC_PLAN_LAYOUT_ALIGN_OFFSET	72	3fbebe7ec0aa35407aab00f56a8aecb494933eefcd8f2e3f3484a765d9a3d5b6	Owner contract; internal fields remain internal; no universal ABI promise
compiler/lowering/aggregates/struct_tuple_plan.inc::neboc_option_result_null_externo_e_erros_tipados_PLAN_DROP_COUNT_OFFSET	x86_64-systemv-elf-linux	compiler/lowering/aggregates/struct_tuple_plan.inc	neboc_option_result_null_externo_e_erros_tipados_PLAN_DROP_COUNT_OFFSET	80	e315b5a50119a6943a6aff532d78fd7bace531b037e893904392ce7cb584c8d5	Owner contract; internal fields remain internal; no universal ABI promise
compiler/lowering/aggregates/struct_tuple_plan.inc::NEBOC_PLAN_CLEANUP_HASH_OFFSET	x86_64-systemv-elf-linux	compiler/lowering/aggregates/struct_tuple_plan.inc	NEBOC_PLAN_CLEANUP_HASH_OFFSET	88	7d1dfcedec6a34e2edbd3d33a793c8171709a9f9756f054f34d946b0148eb1b0	Owner contract; internal fields remain internal; no universal ABI promise
compiler/lowering/aggregates/struct_tuple_plan.inc::neboc_option_result_null_externo_e_erros_tipados_PLAN_HASH_OFFSET	x86_64-systemv-elf-linux	compiler/lowering/aggregates/struct_tuple_plan.inc	neboc_option_result_null_externo_e_erros_tipados_PLAN_HASH_OFFSET	96	0e8b732b6b19448920f5f9bcca013d3ad11c8caf26bd2ee146d6ac69bca0b425	Owner contract; internal fields remain internal; no universal ABI promise
compiler/lowering/aggregates/struct_tuple_plan.inc::neboc_option_result_null_externo_e_erros_tipados_PLAN_HASHED_BYTES	x86_64-systemv-elf-linux	compiler/lowering/aggregates/struct_tuple_plan.inc	neboc_option_result_null_externo_e_erros_tipados_PLAN_HASHED_BYTES	96	2df171a9a53a1ec53ef71b2e7ed82c93619f685f7b922f858a75a9827d639502	Owner contract; internal fields remain internal; no universal ABI promise
compiler/lowering/aggregates/struct_tuple_plan.inc::neboc_option_result_null_externo_e_erros_tipados_PLAN_SIZE	x86_64-systemv-elf-linux	compiler/lowering/aggregates/struct_tuple_plan.inc	neboc_option_result_null_externo_e_erros_tipados_PLAN_SIZE	104	358c36d0ca51cbfe479c65cdba03a41af2d09eef968cdcd5466e95d0878b2ff6	Owner contract; internal fields remain internal; no universal ABI promise
compiler/lowering/aggregates/struct_tuple_plan.inc::neboc_option_result_null_externo_e_erros_tipados_PLAN_QWORDS	x86_64-systemv-elf-linux	compiler/lowering/aggregates/struct_tuple_plan.inc	neboc_option_result_null_externo_e_erros_tipados_PLAN_QWORDS	13	16dab4eaa8af0294abae65163733526c821229454ad60642cbc292daa9479bc0	Owner contract; internal fields remain internal; no universal ABI promise
compiler/lowering/aggregates/struct_tuple_plan.inc::neboc_option_result_null_externo_e_erros_tipados_PLAN_MAGIC	x86_64-systemv-elf-linux	compiler/lowering/aggregates/struct_tuple_plan.inc	neboc_option_result_null_externo_e_erros_tipados_PLAN_MAGIC	0x5246323747303650	24a7673936ab1216fa529717f11e26da128543cdb0c811f890178b0a097c2782	Owner contract; internal fields remain internal; no universal ABI promise
compiler/lowering/bindings/binding_ir_contract.inc::neboc_bindings_constantes_mutabilidade_e_definite_assignment_IR_SEMANTIC_REQUEST_OFFSET	x86_64-systemv-elf-linux	compiler/lowering/bindings/binding_ir_contract.inc	neboc_bindings_constantes_mutabilidade_e_definite_assignment_IR_SEMANTIC_REQUEST_OFFSET	0	985d1973d68f6d462fde304b2392bfe78fbe43cf11f6dd8a2a8e62a066ad6923	Owner contract; internal fields remain internal; no universal ABI promise
compiler/lowering/bindings/binding_ir_contract.inc::neboc_bindings_constantes_mutabilidade_e_definite_assignment_IR_OPERATION_OFFSET	x86_64-systemv-elf-linux	compiler/lowering/bindings/binding_ir_contract.inc	neboc_bindings_constantes_mutabilidade_e_definite_assignment_IR_OPERATION_OFFSET	8	edf45037f9a6c26aa8bc84fb76729cd831ed63c75d9e6502cd0fef1c3e288f95	Owner contract; internal fields remain internal; no universal ABI promise
compiler/lowering/bindings/binding_ir_contract.inc::neboc_bindings_constantes_mutabilidade_e_definite_assignment_IR_SYMBOL_ID_OFFSET	x86_64-systemv-elf-linux	compiler/lowering/bindings/binding_ir_contract.inc	neboc_bindings_constantes_mutabilidade_e_definite_assignment_IR_SYMBOL_ID_OFFSET	16	ba49651adff8b730a8462c2ca43d555639e950cf9b68dc55db358cd7bf6446cc	Owner contract; internal fields remain internal; no universal ABI promise
compiler/lowering/bindings/binding_ir_contract.inc::NEBOC_IR_RESULT_STATE_OFFSET	x86_64-systemv-elf-linux	compiler/lowering/bindings/binding_ir_contract.inc	NEBOC_IR_RESULT_STATE_OFFSET	24	eaac4085d7eafc425846423ae5f52b02d93456659a6649425f011cf08a2023b1	Owner contract; internal fields remain internal; no universal ABI promise
compiler/lowering/bindings/binding_ir_contract.inc::neboc_bindings_constantes_mutabilidade_e_definite_assignment_IR_RESULT_TYPE_OFFSET	x86_64-systemv-elf-linux	compiler/lowering/bindings/binding_ir_contract.inc	neboc_bindings_constantes_mutabilidade_e_definite_assignment_IR_RESULT_TYPE_OFFSET	32	f61d1862664380aa4770ba70ffeb82efb7e30c9248569ae99abd060fbc7e27ad	Owner contract; internal fields remain internal; no universal ABI promise
compiler/lowering/bindings/binding_ir_contract.inc::neboc_bindings_constantes_mutabilidade_e_definite_assignment_IR_HIR_KIND_OFFSET	x86_64-systemv-elf-linux	compiler/lowering/bindings/binding_ir_contract.inc	neboc_bindings_constantes_mutabilidade_e_definite_assignment_IR_HIR_KIND_OFFSET	40	aeccc83ba89d1cfa1372b05d1197c4d041b447d083dee00b293da9861b06040c	Owner contract; internal fields remain internal; no universal ABI promise
compiler/lowering/bindings/binding_ir_contract.inc::neboc_bindings_constantes_mutabilidade_e_definite_assignment_IR_LIR_KIND_OFFSET	x86_64-systemv-elf-linux	compiler/lowering/bindings/binding_ir_contract.inc	neboc_bindings_constantes_mutabilidade_e_definite_assignment_IR_LIR_KIND_OFFSET	48	61fec57015a16ceca432ba09bc7b46567510345604a41d082c985bee328f2fc4	Owner contract; internal fields remain internal; no universal ABI promise
compiler/lowering/bindings/binding_ir_contract.inc::NEBOC_IR_SYMBOL_FLAGS_OFFSET	x86_64-systemv-elf-linux	compiler/lowering/bindings/binding_ir_contract.inc	NEBOC_IR_SYMBOL_FLAGS_OFFSET	56	f8e7a0a776dc98cbe0ef0686be1ca9a6156f591f1027c3238166bf7f8f5d4830	Owner contract; internal fields remain internal; no universal ABI promise
compiler/lowering/bindings/binding_ir_contract.inc::neboc_bindings_constantes_mutabilidade_e_definite_assignment_IR_EFFECT_FLAGS_OFFSET	x86_64-systemv-elf-linux	compiler/lowering/bindings/binding_ir_contract.inc	neboc_bindings_constantes_mutabilidade_e_definite_assignment_IR_EFFECT_FLAGS_OFFSET	64	1ab1ea52ff6db8990967c40e3fc9cb4079e1bafe3ac207baf685ec90f2764bd4	Owner contract; internal fields remain internal; no universal ABI promise
compiler/lowering/bindings/binding_ir_contract.inc::neboc_bindings_constantes_mutabilidade_e_definite_assignment_IR_RUNTIME_METADATA_OFFSET	x86_64-systemv-elf-linux	compiler/lowering/bindings/binding_ir_contract.inc	neboc_bindings_constantes_mutabilidade_e_definite_assignment_IR_RUNTIME_METADATA_OFFSET	72	7e617e1176cfb2aaa582b4bdd289d0ff517c021fdc9f7e7ea56e40e57adcaf2f	Owner contract; internal fields remain internal; no universal ABI promise
compiler/lowering/bindings/binding_ir_contract.inc::neboc_bindings_constantes_mutabilidade_e_definite_assignment_IR_SEMANTIC_HASH_OFFSET	x86_64-systemv-elf-linux	compiler/lowering/bindings/binding_ir_contract.inc	neboc_bindings_constantes_mutabilidade_e_definite_assignment_IR_SEMANTIC_HASH_OFFSET	80	a80c3a199f33523318239b763645e2de8d6a6015ff18e05ab482d7d13499a86a	Owner contract; internal fields remain internal; no universal ABI promise
compiler/lowering/bindings/binding_ir_contract.inc::neboc_bindings_constantes_mutabilidade_e_definite_assignment_IR_SOURCE_ID_OFFSET	x86_64-systemv-elf-linux	compiler/lowering/bindings/binding_ir_contract.inc	neboc_bindings_constantes_mutabilidade_e_definite_assignment_IR_SOURCE_ID_OFFSET	88	a78d361f1520feef08a431066a8d6ea177c8c95985f80bc62b74b9159a3e3eee	Owner contract; internal fields remain internal; no universal ABI promise
compiler/lowering/bindings/binding_ir_contract.inc::neboc_bindings_constantes_mutabilidade_e_definite_assignment_IR_NODE_START_OFFSET	x86_64-systemv-elf-linux	compiler/lowering/bindings/binding_ir_contract.inc	neboc_bindings_constantes_mutabilidade_e_definite_assignment_IR_NODE_START_OFFSET	96	fa00203fd5bf9a70fc6636c9511a8fa27d0fbbc55d9fbcadb563690675163b56	Owner contract; internal fields remain internal; no universal ABI promise
compiler/lowering/bindings/binding_ir_contract.inc::neboc_bindings_constantes_mutabilidade_e_definite_assignment_IR_NODE_END_OFFSET	x86_64-systemv-elf-linux	compiler/lowering/bindings/binding_ir_contract.inc	neboc_bindings_constantes_mutabilidade_e_definite_assignment_IR_NODE_END_OFFSET	104	c69977e49e96b76c7f654e945053d91f63f7db8abbe63047cce5aada073a88c9	Owner contract; internal fields remain internal; no universal ABI promise
compiler/lowering/bindings/binding_ir_contract.inc::neboc_bindings_constantes_mutabilidade_e_definite_assignment_IR_HASH_OFFSET	x86_64-systemv-elf-linux	compiler/lowering/bindings/binding_ir_contract.inc	neboc_bindings_constantes_mutabilidade_e_definite_assignment_IR_HASH_OFFSET	112	4392525505f4eee6e57a1399376ce1d32f685dd4c368ba51a9082aedd4f98516	Owner contract; internal fields remain internal; no universal ABI promise
compiler/lowering/bindings/binding_ir_contract.inc::neboc_bindings_constantes_mutabilidade_e_definite_assignment_IR_ERROR_CODE_OFFSET	x86_64-systemv-elf-linux	compiler/lowering/bindings/binding_ir_contract.inc	neboc_bindings_constantes_mutabilidade_e_definite_assignment_IR_ERROR_CODE_OFFSET	120	1b511661b6896502e70f915a8826c7f644a75f72e16e2734172e739822d24273	Owner contract; internal fields remain internal; no universal ABI promise
compiler/lowering/bindings/binding_ir_contract.inc::neboc_bindings_constantes_mutabilidade_e_definite_assignment_IR_REQUEST_SIZE	x86_64-systemv-elf-linux	compiler/lowering/bindings/binding_ir_contract.inc	neboc_bindings_constantes_mutabilidade_e_definite_assignment_IR_REQUEST_SIZE	128	e74d7f093436524375e23a0d43e16b56f0ca443a5962267817d484eff4a8d1d0	Owner contract; internal fields remain internal; no universal ABI promise
compiler/lowering/bindings/binding_ir_contract.inc::neboc_bindings_constantes_mutabilidade_e_definite_assignment_IR_ERROR_NONE	x86_64-systemv-elf-linux	compiler/lowering/bindings/binding_ir_contract.inc	neboc_bindings_constantes_mutabilidade_e_definite_assignment_IR_ERROR_NONE	0	fcb460894d94b6e1a61b8e0e6de892141fc0e2ccad41f2cade6f9ad4a32623d5	Owner contract; internal fields remain internal; no universal ABI promise
compiler/lowering/bindings/binding_ir_contract.inc::neboc_bindings_constantes_mutabilidade_e_definite_assignment_IR_ERROR_SEMANTIC_INVALID	x86_64-systemv-elf-linux	compiler/lowering/bindings/binding_ir_contract.inc	neboc_bindings_constantes_mutabilidade_e_definite_assignment_IR_ERROR_SEMANTIC_INVALID	1	7945fcc31d498a89b9d74cf81491f9dce1b78ce323ab988e9683df76f0f00698	Owner contract; internal fields remain internal; no universal ABI promise
compiler/lowering/bindings/binding_ir_contract.inc::neboc_bindings_constantes_mutabilidade_e_definite_assignment_IR_ERROR_SEMANTIC_INVARIANT	x86_64-systemv-elf-linux	compiler/lowering/bindings/binding_ir_contract.inc	neboc_bindings_constantes_mutabilidade_e_definite_assignment_IR_ERROR_SEMANTIC_INVARIANT	2	ee005e04f8a208558d5fd46d588eb227e44fa4a6df37fbfe63dcbb4391c82977	Owner contract; internal fields remain internal; no universal ABI promise
compiler/lowering/bindings/binding_native_lowering.inc::neboc_bindings_constantes_mutabilidade_e_definite_assignment_NATIVE_SEMANTIC_REQUEST_OFFSET	x86_64-systemv-elf-linux	compiler/lowering/bindings/binding_native_lowering.inc	neboc_bindings_constantes_mutabilidade_e_definite_assignment_NATIVE_SEMANTIC_REQUEST_OFFSET	0	7a0977163ec48bbe9178802ceacdc0c6697db8d10134d15161ec67575cf0589a	Owner contract; internal fields remain internal; no universal ABI promise
compiler/lowering/bindings/binding_native_lowering.inc::neboc_bindings_constantes_mutabilidade_e_definite_assignment_NATIVE_IR_REQUEST_OFFSET	x86_64-systemv-elf-linux	compiler/lowering/bindings/binding_native_lowering.inc	neboc_bindings_constantes_mutabilidade_e_definite_assignment_NATIVE_IR_REQUEST_OFFSET	8	ac2ac9bff2b4d5175f5126b3c4b264bbd55ad696b06889b83cb4854e976899d5	Owner contract; internal fields remain internal; no universal ABI promise
compiler/lowering/bindings/binding_native_lowering.inc::neboc_bindings_constantes_mutabilidade_e_definite_assignment_NATIVE_TARGET_ID_OFFSET	x86_64-systemv-elf-linux	compiler/lowering/bindings/binding_native_lowering.inc	neboc_bindings_constantes_mutabilidade_e_definite_assignment_NATIVE_TARGET_ID_OFFSET	16	77ed1ce67bd23bd6f52cba6e5eafd3b2607e9065df12aea41350fbf703705c46	Owner contract; internal fields remain internal; no universal ABI promise
compiler/lowering/bindings/binding_native_lowering.inc::NEBOC_NATIVE_STACK_SLOT_OFFSET_OFFSET	x86_64-systemv-elf-linux	compiler/lowering/bindings/binding_native_lowering.inc	NEBOC_NATIVE_STACK_SLOT_OFFSET_OFFSET	24	b834bd566d0485c1af21e3ce82fc6e9564ce26426b6d81d53cae9f1604f34bfe	Owner contract; internal fields remain internal; no universal ABI promise
compiler/lowering/bindings/binding_native_lowering.inc::NEBOC_NATIVE_VALUE_TYPE_OFFSET	x86_64-systemv-elf-linux	compiler/lowering/bindings/binding_native_lowering.inc	NEBOC_NATIVE_VALUE_TYPE_OFFSET	32	c9764cc697c75ec036850e31b1522ddb82e95528af6dc8155b422ecc574054f8	Owner contract; internal fields remain internal; no universal ABI promise
compiler/lowering/bindings/binding_native_lowering.inc::neboc_bindings_constantes_mutabilidade_e_definite_assignment_NATIVE_OPERATION_OFFSET	x86_64-systemv-elf-linux	compiler/lowering/bindings/binding_native_lowering.inc	neboc_bindings_constantes_mutabilidade_e_definite_assignment_NATIVE_OPERATION_OFFSET	40	26c1cd3555e4a71227fd28d3cfaaba92d5e59e4e5d7417c39ac95a63a4c0261d	Owner contract; internal fields remain internal; no universal ABI promise
compiler/lowering/bindings/binding_native_lowering.inc::NEBOC_NATIVE_REPRESENTATION_OFFSET	x86_64-systemv-elf-linux	compiler/lowering/bindings/binding_native_lowering.inc	NEBOC_NATIVE_REPRESENTATION_OFFSET	48	582db857b9e633950923471185eb2c5c9ab0313be264339b9d7ce42666011ff5	Owner contract; internal fields remain internal; no universal ABI promise
compiler/lowering/bindings/binding_native_lowering.inc::neboc_bindings_constantes_mutabilidade_e_definite_assignment_NATIVE_SLOT_SIZE_OFFSET	x86_64-systemv-elf-linux	compiler/lowering/bindings/binding_native_lowering.inc	neboc_bindings_constantes_mutabilidade_e_definite_assignment_NATIVE_SLOT_SIZE_OFFSET	56	f36d321938dcefecd1d7075f532d84ee2202eb079ca012f8acca5bb179458503	Owner contract; internal fields remain internal; no universal ABI promise
compiler/lowering/bindings/binding_native_lowering.inc::neboc_bindings_constantes_mutabilidade_e_definite_assignment_NATIVE_SLOT_ALIGNMENT_OFFSET	x86_64-systemv-elf-linux	compiler/lowering/bindings/binding_native_lowering.inc	neboc_bindings_constantes_mutabilidade_e_definite_assignment_NATIVE_SLOT_ALIGNMENT_OFFSET	64	cc1819a786e2a5c178bdff73337a1d7f12884a0406275bfbac2db0df94bb5ed3	Owner contract; internal fields remain internal; no universal ABI promise
compiler/lowering/bindings/binding_native_lowering.inc::neboc_bindings_constantes_mutabilidade_e_definite_assignment_NATIVE_ABI_CLASS_OFFSET	x86_64-systemv-elf-linux	compiler/lowering/bindings/binding_native_lowering.inc	neboc_bindings_constantes_mutabilidade_e_definite_assignment_NATIVE_ABI_CLASS_OFFSET	72	9a2fb4613ba848d7a44c25a5580c0649f15803a8c447fdb3643ef6eff84ed1f7	Owner contract; internal fields remain internal; no universal ABI promise
compiler/lowering/bindings/binding_native_lowering.inc::NEBOC_NATIVE_VALUE_REGISTER_OFFSET	x86_64-systemv-elf-linux	compiler/lowering/bindings/binding_native_lowering.inc	NEBOC_NATIVE_VALUE_REGISTER_OFFSET	80	1087789b144bf08ddc634188db22fd8b1dff790c686592d281638cb415f58b2e	Owner contract; internal fields remain internal; no universal ABI promise
compiler/lowering/bindings/binding_native_lowering.inc::neboc_bindings_constantes_mutabilidade_e_definite_assignment_NATIVE_INSTRUCTION_OFFSET	x86_64-systemv-elf-linux	compiler/lowering/bindings/binding_native_lowering.inc	neboc_bindings_constantes_mutabilidade_e_definite_assignment_NATIVE_INSTRUCTION_OFFSET	88	e0bf72249f71e151db0a568207a3f8b03128d08f2bdd5a5bf1115e625eabc8ad	Owner contract; internal fields remain internal; no universal ABI promise
compiler/lowering/bindings/binding_native_lowering.inc::NEBOC_NATIVE_RESERVE_SLOT_OFFSET	x86_64-systemv-elf-linux	compiler/lowering/bindings/binding_native_lowering.inc	NEBOC_NATIVE_RESERVE_SLOT_OFFSET	96	a0031691517601f31d5c4bf4be4f849ffcf3f2a68e339022f648a5558b82596c	Owner contract; internal fields remain internal; no universal ABI promise
compiler/lowering/bindings/binding_native_lowering.inc::NEBOC_NATIVE_STORE_COUNT_OFFSET	x86_64-systemv-elf-linux	compiler/lowering/bindings/binding_native_lowering.inc	NEBOC_NATIVE_STORE_COUNT_OFFSET	104	fb9a24e7b907566840de7892af10ccf04ca5e4c1a8d2809540348f4f5b70c795	Owner contract; internal fields remain internal; no universal ABI promise
compiler/lowering/bindings/binding_native_lowering.inc::NEBOC_NATIVE_LOAD_COUNT_OFFSET	x86_64-systemv-elf-linux	compiler/lowering/bindings/binding_native_lowering.inc	NEBOC_NATIVE_LOAD_COUNT_OFFSET	112	c0b0f6f6b178767f913a164b93720c485d9d8a3f1d5fbc6a93c8f4aa69bb9aa7	Owner contract; internal fields remain internal; no universal ABI promise
compiler/lowering/bindings/binding_native_lowering.inc::NEBOC_NATIVE_RUNTIME_OBJECT_OFFSET	x86_64-systemv-elf-linux	compiler/lowering/bindings/binding_native_lowering.inc	NEBOC_NATIVE_RUNTIME_OBJECT_OFFSET	120	8e38f7abeb73d9bbb71413835f86b5d7a015e9328469f2785edff9703bbc211d	Owner contract; internal fields remain internal; no universal ABI promise
compiler/lowering/bindings/binding_native_lowering.inc::NEBOC_NATIVE_ALLOCATION_OFFSET	x86_64-systemv-elf-linux	compiler/lowering/bindings/binding_native_lowering.inc	NEBOC_NATIVE_ALLOCATION_OFFSET	128	9b04eee77945612b7b9b61e485f9109f16e45788d3c677a079df8b34bb4be947	Owner contract; internal fields remain internal; no universal ABI promise
compiler/lowering/bindings/binding_native_lowering.inc::neboc_bindings_constantes_mutabilidade_e_definite_assignment_NATIVE_RUNTIME_METADATA_OFFSET	x86_64-systemv-elf-linux	compiler/lowering/bindings/binding_native_lowering.inc	neboc_bindings_constantes_mutabilidade_e_definite_assignment_NATIVE_RUNTIME_METADATA_OFFSET	136	644d1600fb3775c90068952d12c8c9072dccd5bae330f6a558193d89d6ac7f79	Owner contract; internal fields remain internal; no universal ABI promise
compiler/lowering/bindings/binding_native_lowering.inc::NEBOC_NATIVE_STATE_ONLY_OFFSET	x86_64-systemv-elf-linux	compiler/lowering/bindings/binding_native_lowering.inc	NEBOC_NATIVE_STATE_ONLY_OFFSET	144	f064a272d839a0ee8d2d550d7a1b3c285f4f5e58b6e986a8f3f15ada81d3d36c	Owner contract; internal fields remain internal; no universal ABI promise
compiler/lowering/bindings/binding_native_lowering.inc::NEBOC_NATIVE_PLAN_HASH_OFFSET	x86_64-systemv-elf-linux	compiler/lowering/bindings/binding_native_lowering.inc	NEBOC_NATIVE_PLAN_HASH_OFFSET	152	0cea094115101714e0735a5b484b11bed80319b115660b660ed5e8a89933968c	Owner contract; internal fields remain internal; no universal ABI promise
compiler/lowering/bindings/binding_native_lowering.inc::neboc_bindings_constantes_mutabilidade_e_definite_assignment_NATIVE_ERROR_CODE_OFFSET	x86_64-systemv-elf-linux	compiler/lowering/bindings/binding_native_lowering.inc	neboc_bindings_constantes_mutabilidade_e_definite_assignment_NATIVE_ERROR_CODE_OFFSET	160	ba1166fb8e4d92e61c7a738c8805173547355cfa66c346e036ab32d53344d750	Owner contract; internal fields remain internal; no universal ABI promise
compiler/lowering/bindings/binding_native_lowering.inc::neboc_bindings_constantes_mutabilidade_e_definite_assignment_NATIVE_REQUEST_SIZE	x86_64-systemv-elf-linux	compiler/lowering/bindings/binding_native_lowering.inc	neboc_bindings_constantes_mutabilidade_e_definite_assignment_NATIVE_REQUEST_SIZE	168	0bce6b84268b8b8a3f0a7fe4b3b2135bb4e981a0b82e97d2e30d3012d06d7271	Owner contract; internal fields remain internal; no universal ABI promise
compiler/lowering/bindings/binding_native_lowering.inc::neboc_bindings_constantes_mutabilidade_e_definite_assignment_NATIVE_TARGET_X86_64_SYSTEMV_ELF_LINUX	x86_64-systemv-elf-linux	compiler/lowering/bindings/binding_native_lowering.inc	neboc_bindings_constantes_mutabilidade_e_definite_assignment_NATIVE_TARGET_X86_64_SYSTEMV_ELF_LINUX	1	bff46ef57041aaa7bfe0206e0b1f51fdba610c8abc1278cdd323ef46823e8390	Owner contract; internal fields remain internal; no universal ABI promise
compiler/lowering/bindings/binding_native_lowering.inc::neboc_bindings_constantes_mutabilidade_e_definite_assignment_NATIVE_REPR_NONE	x86_64-systemv-elf-linux	compiler/lowering/bindings/binding_native_lowering.inc	neboc_bindings_constantes_mutabilidade_e_definite_assignment_NATIVE_REPR_NONE	0	f030956d07f3294095664de1b9e46f02197a2d15a2b692f27aa5d6b95512d038	Owner contract; internal fields remain internal; no universal ABI promise
compiler/lowering/bindings/binding_native_lowering.inc::neboc_bindings_constantes_mutabilidade_e_definite_assignment_NATIVE_REPR_BOOL_U8	x86_64-systemv-elf-linux	compiler/lowering/bindings/binding_native_lowering.inc	neboc_bindings_constantes_mutabilidade_e_definite_assignment_NATIVE_REPR_BOOL_U8	1	8ce5a87b9d387067194fb4a03e05b38222b8d2f5233618d56a90b76d9a0d1051	Owner contract; internal fields remain internal; no universal ABI promise
compiler/lowering/bindings/binding_native_lowering.inc::NEBOC_NATIVE_REPR_SIGNED_I64	x86_64-systemv-elf-linux	compiler/lowering/bindings/binding_native_lowering.inc	NEBOC_NATIVE_REPR_SIGNED_I64	2	72bc21ffe6f6f0362c7ea74202064fd688674036e30d237672b12d108aaf83ae	Owner contract; internal fields remain internal; no universal ABI promise
compiler/lowering/bindings/binding_native_lowering.inc::NEBOC_NATIVE_REPR_BINARY64	x86_64-systemv-elf-linux	compiler/lowering/bindings/binding_native_lowering.inc	NEBOC_NATIVE_REPR_BINARY64	3	e63f8d7a69cf8dcf8a540005ec835dcf0652717cb465e46d20d1661a50d7ed4d	Owner contract; internal fields remain internal; no universal ABI promise
compiler/lowering/bindings/binding_native_lowering.inc::NEBOC_NATIVE_REPR_DESCRIPTOR_PTR	x86_64-systemv-elf-linux	compiler/lowering/bindings/binding_native_lowering.inc	NEBOC_NATIVE_REPR_DESCRIPTOR_PTR	4	3bd3bf50472ebe45d0434c999a981ccb11fd3b3c9772cad27d1b4605a5ebf414	Owner contract; internal fields remain internal; no universal ABI promise
compiler/lowering/bindings/binding_native_lowering.inc::NEBOC_NATIVE_REPR_UNICODE_U32	x86_64-systemv-elf-linux	compiler/lowering/bindings/binding_native_lowering.inc	NEBOC_NATIVE_REPR_UNICODE_U32	5	170c689d456ae5db24a7dc6121a5e1f59e5435bb24496895f18205085e81b091	Owner contract; internal fields remain internal; no universal ABI promise
compiler/lowering/bindings/binding_native_lowering.inc::neboc_bindings_constantes_mutabilidade_e_definite_assignment_NATIVE_ABI_NONE	x86_64-systemv-elf-linux	compiler/lowering/bindings/binding_native_lowering.inc	neboc_bindings_constantes_mutabilidade_e_definite_assignment_NATIVE_ABI_NONE	0	33c92b1cd569ee426886074c24a5122812bd53cc1427b4b8e46c42aa05966b7d	Owner contract; internal fields remain internal; no universal ABI promise
compiler/lowering/bindings/binding_native_lowering.inc::neboc_bindings_constantes_mutabilidade_e_definite_assignment_NATIVE_ABI_INTEGER	x86_64-systemv-elf-linux	compiler/lowering/bindings/binding_native_lowering.inc	neboc_bindings_constantes_mutabilidade_e_definite_assignment_NATIVE_ABI_INTEGER	1	6873429e00555d85409a193db35291b2749d8adb97839939a6465eac57b6c076	Owner contract; internal fields remain internal; no universal ABI promise
compiler/lowering/bindings/binding_native_lowering.inc::NEBOC_NATIVE_ABI_SSE	x86_64-systemv-elf-linux	compiler/lowering/bindings/binding_native_lowering.inc	NEBOC_NATIVE_ABI_SSE	2	1f1973dbd7398fbc99aa027f8cef5cafa9342de3c3699897b1add914f71d9ef2	Owner contract; internal fields remain internal; no universal ABI promise
compiler/lowering/bindings/binding_native_lowering.inc::neboc_bindings_constantes_mutabilidade_e_definite_assignment_NATIVE_REGISTER_NONE	x86_64-systemv-elf-linux	compiler/lowering/bindings/binding_native_lowering.inc	neboc_bindings_constantes_mutabilidade_e_definite_assignment_NATIVE_REGISTER_NONE	0	5284ec2ace80f531da89fd61cd5afa5914ab3ed3419d16dedba9de516d331ced	Owner contract; internal fields remain internal; no universal ABI promise
compiler/lowering/bindings/binding_native_lowering.inc::neboc_bindings_constantes_mutabilidade_e_definite_assignment_NATIVE_REGISTER_RAX	x86_64-systemv-elf-linux	compiler/lowering/bindings/binding_native_lowering.inc	neboc_bindings_constantes_mutabilidade_e_definite_assignment_NATIVE_REGISTER_RAX	1	2ea89e45f1bd65b69e4e048b60ab4730e98eb0a8959b0eb8919b347c4ed6b216	Owner contract; internal fields remain internal; no universal ABI promise
compiler/lowering/bindings/binding_native_lowering.inc::neboc_bindings_constantes_mutabilidade_e_definite_assignment_NATIVE_REGISTER_XMM0	x86_64-systemv-elf-linux	compiler/lowering/bindings/binding_native_lowering.inc	neboc_bindings_constantes_mutabilidade_e_definite_assignment_NATIVE_REGISTER_XMM0	2	012fb3b3bc105e8e653f87835d99d5fa0701b756df0ab9455c9e65553561d0a0	Owner contract; internal fields remain internal; no universal ABI promise
compiler/lowering/bindings/binding_native_lowering.inc::NEBOC_NATIVE_INSTRUCTION_NONE	x86_64-systemv-elf-linux	compiler/lowering/bindings/binding_native_lowering.inc	NEBOC_NATIVE_INSTRUCTION_NONE	0	30e1fb980acb8e83bda847107d044f9a06494e27262fc19facc40368c60f3cd7	Owner contract; internal fields remain internal; no universal ABI promise
compiler/lowering/bindings/binding_native_lowering.inc::NEBOC_NATIVE_INSTRUCTION_STORE_U8	x86_64-systemv-elf-linux	compiler/lowering/bindings/binding_native_lowering.inc	NEBOC_NATIVE_INSTRUCTION_STORE_U8	1	b680447634463c79374e9a3eef0a1161a5aeb57119cb573d9d1aa1e58c85da9e	Owner contract; internal fields remain internal; no universal ABI promise
compiler/lowering/bindings/binding_native_lowering.inc::NEBOC_NATIVE_INSTRUCTION_STORE_I64	x86_64-systemv-elf-linux	compiler/lowering/bindings/binding_native_lowering.inc	NEBOC_NATIVE_INSTRUCTION_STORE_I64	2	1fd9aabc02a81be72fd1e1ec0e1c8369f9541291579b9467d45d5260d7b68d6b	Owner contract; internal fields remain internal; no universal ABI promise
compiler/lowering/bindings/binding_native_lowering.inc::NEBOC_NATIVE_INSTRUCTION_STORE_F64	x86_64-systemv-elf-linux	compiler/lowering/bindings/binding_native_lowering.inc	NEBOC_NATIVE_INSTRUCTION_STORE_F64	3	9dbfc2f255c2a7b1623e22a56c57c8acb86ddd24808dd279153e5d6690fe5e4d	Owner contract; internal fields remain internal; no universal ABI promise
compiler/lowering/bindings/binding_native_lowering.inc::NEBOC_NATIVE_INSTRUCTION_STORE_PTR	x86_64-systemv-elf-linux	compiler/lowering/bindings/binding_native_lowering.inc	NEBOC_NATIVE_INSTRUCTION_STORE_PTR	4	cb86c3c4db3681c57fa08558b03018defaa3ab84b6aa707f1be17bf0d3d9fb02	Owner contract; internal fields remain internal; no universal ABI promise
compiler/lowering/bindings/binding_native_lowering.inc::NEBOC_NATIVE_INSTRUCTION_STORE_U32	x86_64-systemv-elf-linux	compiler/lowering/bindings/binding_native_lowering.inc	NEBOC_NATIVE_INSTRUCTION_STORE_U32	5	de09bf1195f5153acc6db569b23be5fbae06b001704fbd883fe1fa529b402c11	Owner contract; internal fields remain internal; no universal ABI promise
compiler/lowering/bindings/binding_native_lowering.inc::NEBOC_NATIVE_INSTRUCTION_LOAD_U8_ZX	x86_64-systemv-elf-linux	compiler/lowering/bindings/binding_native_lowering.inc	NEBOC_NATIVE_INSTRUCTION_LOAD_U8_ZX	6	e66822ab9cc077a33da949461a6ef40b849e0ad5eb3bc81b9255ae0f16841b40	Owner contract; internal fields remain internal; no universal ABI promise
compiler/lowering/bindings/binding_native_lowering.inc::NEBOC_NATIVE_INSTRUCTION_LOAD_I64	x86_64-systemv-elf-linux	compiler/lowering/bindings/binding_native_lowering.inc	NEBOC_NATIVE_INSTRUCTION_LOAD_I64	7	c7946f61d08904771dcbade8e4fdba8f80f8f7922f871d9db980dd4eef826b23	Owner contract; internal fields remain internal; no universal ABI promise
compiler/lowering/bindings/binding_native_lowering.inc::NEBOC_NATIVE_INSTRUCTION_LOAD_F64	x86_64-systemv-elf-linux	compiler/lowering/bindings/binding_native_lowering.inc	NEBOC_NATIVE_INSTRUCTION_LOAD_F64	8	c90574277d6bd385ebe0c7e86e4a0183b0739656ee2a2fe4e5e04b95d5ea682d	Owner contract; internal fields remain internal; no universal ABI promise
compiler/lowering/bindings/binding_native_lowering.inc::NEBOC_NATIVE_INSTRUCTION_LOAD_PTR	x86_64-systemv-elf-linux	compiler/lowering/bindings/binding_native_lowering.inc	NEBOC_NATIVE_INSTRUCTION_LOAD_PTR	9	53f3c7b6a42f51b2490172267869d2a2f9d24ec3c21bd725a27429b63200a260	Owner contract; internal fields remain internal; no universal ABI promise
compiler/lowering/bindings/binding_native_lowering.inc::NEBOC_NATIVE_INSTRUCTION_LOAD_U32_ZX	x86_64-systemv-elf-linux	compiler/lowering/bindings/binding_native_lowering.inc	NEBOC_NATIVE_INSTRUCTION_LOAD_U32_ZX	10	33f9ccb549288a1b4d4f0bfd9a46003744a4d80832cffa6d4abd9bb39ca3a6d6	Owner contract; internal fields remain internal; no universal ABI promise
compiler/lowering/bindings/binding_native_lowering.inc::NEBOC_NATIVE_RUNTIME_OBJECT_NONE	x86_64-systemv-elf-linux	compiler/lowering/bindings/binding_native_lowering.inc	NEBOC_NATIVE_RUNTIME_OBJECT_NONE	0	04c1b54c13865d14f859e373987b1ae98a85549080ab3ecd3378c744f8160c6e	Owner contract; internal fields remain internal; no universal ABI promise
compiler/lowering/bindings/binding_native_lowering.inc::neboc_bindings_constantes_mutabilidade_e_definite_assignment_NATIVE_ALLOCATION_NONE	x86_64-systemv-elf-linux	compiler/lowering/bindings/binding_native_lowering.inc	neboc_bindings_constantes_mutabilidade_e_definite_assignment_NATIVE_ALLOCATION_NONE	0	1818d4bb513dd576624baf3b9a82972d26fa0d7d16b35ab75ed2d11e6b96821a	Owner contract; internal fields remain internal; no universal ABI promise
compiler/lowering/bindings/binding_native_lowering.inc::neboc_bindings_constantes_mutabilidade_e_definite_assignment_NATIVE_METADATA_NONE	x86_64-systemv-elf-linux	compiler/lowering/bindings/binding_native_lowering.inc	neboc_bindings_constantes_mutabilidade_e_definite_assignment_NATIVE_METADATA_NONE	0	64d33fc5bc6565013c3f6424f72a2eb97494ef52489382ee0803f25342d37e5b	Owner contract; internal fields remain internal; no universal ABI promise
compiler/lowering/bindings/binding_native_lowering.inc::neboc_bindings_constantes_mutabilidade_e_definite_assignment_NATIVE_ERROR_NONE	x86_64-systemv-elf-linux	compiler/lowering/bindings/binding_native_lowering.inc	neboc_bindings_constantes_mutabilidade_e_definite_assignment_NATIVE_ERROR_NONE	0	1abec4f0b1303f13f9354e6c1b38f073026a99a332dba32b3791ba17fb171f79	Owner contract; internal fields remain internal; no universal ABI promise
compiler/lowering/bindings/binding_native_lowering.inc::neboc_bindings_constantes_mutabilidade_e_definite_assignment_NATIVE_ERROR_TARGET	x86_64-systemv-elf-linux	compiler/lowering/bindings/binding_native_lowering.inc	neboc_bindings_constantes_mutabilidade_e_definite_assignment_NATIVE_ERROR_TARGET	1	69c504d85f94b60230afa2222f8fb9d41622058e79196eed0c000c64ddfe1c8b	Owner contract; internal fields remain internal; no universal ABI promise
compiler/lowering/bindings/binding_native_lowering.inc::neboc_bindings_constantes_mutabilidade_e_definite_assignment_NATIVE_ERROR_SEMANTIC	x86_64-systemv-elf-linux	compiler/lowering/bindings/binding_native_lowering.inc	neboc_bindings_constantes_mutabilidade_e_definite_assignment_NATIVE_ERROR_SEMANTIC	2	a8b5a8479a5187a035fbe2d46a83210ae1b8983a6e4f315206f8609ddf034dff	Owner contract; internal fields remain internal; no universal ABI promise
compiler/lowering/bindings/binding_native_lowering.inc::neboc_bindings_constantes_mutabilidade_e_definite_assignment_NATIVE_ERROR_IR	x86_64-systemv-elf-linux	compiler/lowering/bindings/binding_native_lowering.inc	neboc_bindings_constantes_mutabilidade_e_definite_assignment_NATIVE_ERROR_IR	3	d49673c3e3c1733c173d5800ac1973d29971c9794ddf005590e73548644941c6	Owner contract; internal fields remain internal; no universal ABI promise
compiler/lowering/bindings/binding_native_lowering.inc::neboc_bindings_constantes_mutabilidade_e_definite_assignment_NATIVE_ERROR_CONTRACT	x86_64-systemv-elf-linux	compiler/lowering/bindings/binding_native_lowering.inc	neboc_bindings_constantes_mutabilidade_e_definite_assignment_NATIVE_ERROR_CONTRACT	4	31a9fc5b5f2b590183937542fc5794004a46438ecac54dd202e3276c2d98fa86	Owner contract; internal fields remain internal; no universal ABI promise
compiler/lowering/bindings/binding_native_lowering.inc::NEBOC_NATIVE_ERROR_TYPE	x86_64-systemv-elf-linux	compiler/lowering/bindings/binding_native_lowering.inc	NEBOC_NATIVE_ERROR_TYPE	5	794b639dd0d8bf0440105ad4def0bfc77e58ab860d9fa984350d299c0910f455	Owner contract; internal fields remain internal; no universal ABI promise
compiler/lowering/bindings/binding_native_lowering.inc::NEBOC_NATIVE_ERROR_SLOT	x86_64-systemv-elf-linux	compiler/lowering/bindings/binding_native_lowering.inc	NEBOC_NATIVE_ERROR_SLOT	6	abb2602d3f029708d044ead22aa90b17638bd7b47ef042cbc85a63c05ffdd0af	Owner contract; internal fields remain internal; no universal ABI promise
compiler/lowering/bindings/binding_native_lowering.inc::neboc_bindings_constantes_mutabilidade_e_definite_assignment_NATIVE_ERROR_METADATA	x86_64-systemv-elf-linux	compiler/lowering/bindings/binding_native_lowering.inc	neboc_bindings_constantes_mutabilidade_e_definite_assignment_NATIVE_ERROR_METADATA	7	1f7ee72906857237ff8936df55de56d76d264efb422f2a5388736a4e76a9cc13	Owner contract; internal fields remain internal; no universal ABI promise
compiler/lowering/bindings/binding_native_lowering.inc::NEBOC_NATIVE_HASH_OFFSET_BASIS	x86_64-systemv-elf-linux	compiler/lowering/bindings/binding_native_lowering.inc	NEBOC_NATIVE_HASH_OFFSET_BASIS	1469598103934665603	6a26371f1bb12bb11666eba56e0d218d41667c82f037eb7556abcf1945e23342	Owner contract; internal fields remain internal; no universal ABI promise
compiler/lowering/bindings/binding_native_lowering.inc::NEBOC_NATIVE_HASH_PRIME	x86_64-systemv-elf-linux	compiler/lowering/bindings/binding_native_lowering.inc	NEBOC_NATIVE_HASH_PRIME	1099511628211	d34352021b636c54ea598fac33d3cc9876ccad4b2deb8ba0fa224800388cf9fb	Owner contract; internal fields remain internal; no universal ABI promise
compiler/lowering/bindings/loop_plan.inc::NEBOC_LOOP_PLAN_SCHEMA_OFFSET	x86_64-systemv-elf-linux	compiler/lowering/bindings/loop_plan.inc	NEBOC_LOOP_PLAN_SCHEMA_OFFSET	0	31e2e7cea5363f0d2ce250f92aecd310d56c283e3750b1cf131a0f26d61f657e	Owner contract; internal fields remain internal; no universal ABI promise
compiler/lowering/bindings/loop_plan.inc::NEBOC_LOOP_PLAN_LAYOUT_OFFSET	x86_64-systemv-elf-linux	compiler/lowering/bindings/loop_plan.inc	NEBOC_LOOP_PLAN_LAYOUT_OFFSET	8	ae3ca85b26a1c77db949dfa88f3d26df9801e27f9b78aa9806ca436eff2432fb	Owner contract; internal fields remain internal; no universal ABI promise
compiler/lowering/bindings/loop_plan.inc::NEBOC_LOOP_PLAN_WHILE_COUNT_OFFSET	x86_64-systemv-elf-linux	compiler/lowering/bindings/loop_plan.inc	NEBOC_LOOP_PLAN_WHILE_COUNT_OFFSET	16	82e407fb864b7c3aa02e902cf64da2151ac0207f26ca245482f0ee4aebfc39d0	Owner contract; internal fields remain internal; no universal ABI promise
compiler/lowering/bindings/loop_plan.inc::NEBOC_LOOP_PLAN_LOOP_COUNT_OFFSET	x86_64-systemv-elf-linux	compiler/lowering/bindings/loop_plan.inc	NEBOC_LOOP_PLAN_LOOP_COUNT_OFFSET	24	83bf420a78e73048d7c0bd22c1606e209961407897e02dd9ca739d013d4b07bc	Owner contract; internal fields remain internal; no universal ABI promise
compiler/lowering/bindings/loop_plan.inc::NEBOC_LOOP_PLAN_BREAK_COUNT_OFFSET	x86_64-systemv-elf-linux	compiler/lowering/bindings/loop_plan.inc	NEBOC_LOOP_PLAN_BREAK_COUNT_OFFSET	32	858b4d69c6c52f01fddf9b076e3e2eeff521f64dff6faa7326efef2ddc2aeff7	Owner contract; internal fields remain internal; no universal ABI promise
compiler/lowering/bindings/loop_plan.inc::NEBOC_LOOP_PLAN_CONTINUE_COUNT_OFFSET	x86_64-systemv-elf-linux	compiler/lowering/bindings/loop_plan.inc	NEBOC_LOOP_PLAN_CONTINUE_COUNT_OFFSET	40	292dfb1f6548cdf33f6416a20f46a928b56fb5d81829e5b4ac5dc6e5983c4b9c	Owner contract; internal fields remain internal; no universal ABI promise
compiler/lowering/bindings/loop_plan.inc::NEBOC_LOOP_PLAN_CFG_EDGE_COUNT_OFFSET	x86_64-systemv-elf-linux	compiler/lowering/bindings/loop_plan.inc	NEBOC_LOOP_PLAN_CFG_EDGE_COUNT_OFFSET	48	38e2482d34be98ffb3efcc0755fd61e2c25f1331e4ece4517021bbade12e0d2f	Owner contract; internal fields remain internal; no universal ABI promise
compiler/lowering/bindings/loop_plan.inc::NEBOC_LOOP_PLAN_CLEANUP_EDGE_COUNT_OFFSET	x86_64-systemv-elf-linux	compiler/lowering/bindings/loop_plan.inc	NEBOC_LOOP_PLAN_CLEANUP_EDGE_COUNT_OFFSET	56	d3eaa1181bd0f4d2fd14f51262dba46960533d34447d40805424fdc9adb6fb99	Owner contract; internal fields remain internal; no universal ABI promise
compiler/lowering/bindings/loop_plan.inc::NEBOC_LOOP_PLAN_FLAGS_OFFSET	x86_64-systemv-elf-linux	compiler/lowering/bindings/loop_plan.inc	NEBOC_LOOP_PLAN_FLAGS_OFFSET	64	f6101f57b879c99473fa88e4e4a83ade13389816ef2c1cf366736bea4af52a6f	Owner contract; internal fields remain internal; no universal ABI promise
compiler/lowering/bindings/loop_plan.inc::NEBOC_LOOP_PLAN_RUNTIME_METADATA_OFFSET	x86_64-systemv-elf-linux	compiler/lowering/bindings/loop_plan.inc	NEBOC_LOOP_PLAN_RUNTIME_METADATA_OFFSET	72	6a4622ee5e29f9b22d8a8e16830e90f6d745e43333c0c4495f215effb1c16a46	Owner contract; internal fields remain internal; no universal ABI promise
compiler/lowering/bindings/loop_plan.inc::NEBOC_LOOP_PLAN_ALLOCATION_OFFSET	x86_64-systemv-elf-linux	compiler/lowering/bindings/loop_plan.inc	NEBOC_LOOP_PLAN_ALLOCATION_OFFSET	80	c42625953c645a28c3b32ceb50fbe83186c286d2c33f55aee34c70b7486a13f8	Owner contract; internal fields remain internal; no universal ABI promise
compiler/lowering/bindings/loop_plan.inc::NEBOC_LOOP_PLAN_HASH_OFFSET	x86_64-systemv-elf-linux	compiler/lowering/bindings/loop_plan.inc	NEBOC_LOOP_PLAN_HASH_OFFSET	88	9a3a05a03ab7c98c0ca0d309ce5d0708c366a719bf28e7c10eb447f31205c42b	Owner contract; internal fields remain internal; no universal ABI promise
compiler/lowering/bindings/loop_plan.inc::NEBOC_LOOP_PLAN_SIZE	x86_64-systemv-elf-linux	compiler/lowering/bindings/loop_plan.inc	NEBOC_LOOP_PLAN_SIZE	96	c0f210568fac0ba3dad1ba4d9ba84d26bc222b53f391cd62409f4a471696e2b5	Owner contract; internal fields remain internal; no universal ABI promise
compiler/lowering/bindings/loop_plan.inc::NEBOC_LOOP_PLAN_QWORDS	x86_64-systemv-elf-linux	compiler/lowering/bindings/loop_plan.inc	NEBOC_LOOP_PLAN_QWORDS	12	74af756f0cfa15bfe8bc92f69ad40d9fb3050a87d44373bc7d1beb7cc14ad8e0	Owner contract; internal fields remain internal; no universal ABI promise
compiler/lowering/bindings/loop_plan.inc::NEBOC_LOOP_PLAN_SCHEMA	x86_64-systemv-elf-linux	compiler/lowering/bindings/loop_plan.inc	NEBOC_LOOP_PLAN_SCHEMA	1	a9754bb271f60d963bf2b2ebe342b63f1d7dae16e17614f502bbd32d23b17bf7	Owner contract; internal fields remain internal; no universal ABI promise
compiler/lowering/bindings/loop_plan.inc::NEBOC_LOOP_PLAN_LAYOUT	x86_64-systemv-elf-linux	compiler/lowering/bindings/loop_plan.inc	NEBOC_LOOP_PLAN_LAYOUT	0x5246323747303246	d5990343a9d52bddc3dbd88823d314965b2a8ed5d0b64f3d225f2a72f8527b88	Owner contract; internal fields remain internal; no universal ABI promise
compiler/lowering/bindings/loop_plan.inc::NEBOC_LOOP_PLAN_FLAGS	x86_64-systemv-elf-linux	compiler/lowering/bindings/loop_plan.inc	NEBOC_LOOP_PLAN_FLAGS	0x1f	341d6770f72914e9391e098a902e7b5fe1077fa4a745e57c7320dfe9dcb92fcb	Owner contract; internal fields remain internal; no universal ABI promise
compiler/lowering/collections/array_ir.inc::NEBOC_ARRAY_IR_LITERAL	x86_64-systemv-elf-linux	compiler/lowering/collections/array_ir.inc	NEBOC_ARRAY_IR_LITERAL	1	2d7127d3b63ff6e9cf46fe1eb5b40fbfa055952106a61dada2adbbe5195b8a41	Owner contract; internal fields remain internal; no universal ABI promise
compiler/lowering/collections/array_ir.inc::NEBOC_ARRAY_IR_INDEX	x86_64-systemv-elf-linux	compiler/lowering/collections/array_ir.inc	NEBOC_ARRAY_IR_INDEX	2	1bd27766617d0c92880d6fe59377272ffe413b46b1bac7e69cb577df0cd594cb	Owner contract; internal fields remain internal; no universal ABI promise
compiler/lowering/collections/array_ir.inc::NEBOC_ARRAY_IR_LEN	x86_64-systemv-elf-linux	compiler/lowering/collections/array_ir.inc	NEBOC_ARRAY_IR_LEN	3	f9456992366d74be61d49545437184912b43387bc9a5115afb365a94b410cf5f	Owner contract; internal fields remain internal; no universal ABI promise
compiler/lowering/collections/array_ir.inc::NEBOC_ARRAY_IR_TARGET_X86_64_SYSV	x86_64-systemv-elf-linux	compiler/lowering/collections/array_ir.inc	NEBOC_ARRAY_IR_TARGET_X86_64_SYSV	1	a120f903af9b4bbc965b4fef6d18b7de3154077ca9309463871656a56732a726	Owner contract; internal fields remain internal; no universal ABI promise
compiler/lowering/collections/array_ir.inc::NEBOC_ARRAY_IR_FLAGS_REQUIRED	x86_64-systemv-elf-linux	compiler/lowering/collections/array_ir.inc	NEBOC_ARRAY_IR_FLAGS_REQUIRED	3	363f40f0b1d9f3aee530be17784736095484169511076e3ed744e7155ae7537c	Owner contract; internal fields remain internal; no universal ABI promise
compiler/lowering/collections/array_ir.inc::NEBOC_ARRAY_IR_DIAG_INVARIANT	x86_64-systemv-elf-linux	compiler/lowering/collections/array_ir.inc	NEBOC_ARRAY_IR_DIAG_INVARIANT	9	9cc681043072d3526988980b42675d275d3d2b6c135d39f54d041a763e1efd01	Owner contract; internal fields remain internal; no universal ABI promise
compiler/lowering/collections/array_ir.inc::NEBOC_ARRAY_IR_DIAG_TARGET	x86_64-systemv-elf-linux	compiler/lowering/collections/array_ir.inc	NEBOC_ARRAY_IR_DIAG_TARGET	10	98034d37d67cd92981c4ea623ed5c6748750458d8f4de42bac9356d105a1ad07	Owner contract; internal fields remain internal; no universal ABI promise
compiler/lowering/collections/array_ir.inc::NEBOC_ARRAY_IR_OPERATION_OFFSET	x86_64-systemv-elf-linux	compiler/lowering/collections/array_ir.inc	NEBOC_ARRAY_IR_OPERATION_OFFSET	0	be1b9886a76b17aaa507dc8f172edb3535c4076b7bc9160967777e0e3c00639a	Owner contract; internal fields remain internal; no universal ABI promise
compiler/lowering/collections/array_ir.inc::NEBOC_ARRAY_IR_SEMANTIC_HASH_OFFSET	x86_64-systemv-elf-linux	compiler/lowering/collections/array_ir.inc	NEBOC_ARRAY_IR_SEMANTIC_HASH_OFFSET	8	5fbf4b97327d749851af48052022bdd0cbc7d94f96fe2f36e2f928b603d82ee6	Owner contract; internal fields remain internal; no universal ABI promise
compiler/lowering/collections/array_ir.inc::NEBOC_ARRAY_IR_INDEX_OFFSET	x86_64-systemv-elf-linux	compiler/lowering/collections/array_ir.inc	NEBOC_ARRAY_IR_INDEX_OFFSET	16	a927176cbfc718c73eeadb2a115d8b806ffc1db03a700562412ff0b80a3bdc81	Owner contract; internal fields remain internal; no universal ABI promise
compiler/lowering/collections/array_ir.inc::NEBOC_ARRAY_IR_TARGET_OFFSET	x86_64-systemv-elf-linux	compiler/lowering/collections/array_ir.inc	NEBOC_ARRAY_IR_TARGET_OFFSET	24	cf7fad2c3397aabb76306214a76da670610543537b4e0221d3225b9f11093e54	Owner contract; internal fields remain internal; no universal ABI promise
compiler/lowering/collections/array_ir.inc::NEBOC_ARRAY_IR_FLAGS_OFFSET	x86_64-systemv-elf-linux	compiler/lowering/collections/array_ir.inc	NEBOC_ARRAY_IR_FLAGS_OFFSET	32	d1c1d5208ffcb04366bda70bbb66f144c816630e37e92117c29e9161bc9e2f65	Owner contract; internal fields remain internal; no universal ABI promise
compiler/lowering/collections/array_ir.inc::NEBOC_ARRAY_IR_OUTPUT_KIND_OFFSET	x86_64-systemv-elf-linux	compiler/lowering/collections/array_ir.inc	NEBOC_ARRAY_IR_OUTPUT_KIND_OFFSET	40	0b0bdef10a54f435d3ca6b2ff61b83a025dc14e22fc153f30c4b22a8b2e51de1	Owner contract; internal fields remain internal; no universal ABI promise
compiler/lowering/collections/array_ir.inc::NEBOC_ARRAY_IR_BYTE_OFFSET_OFFSET	x86_64-systemv-elf-linux	compiler/lowering/collections/array_ir.inc	NEBOC_ARRAY_IR_BYTE_OFFSET_OFFSET	48	0f80fb4c3dfc76d82a2c33595ab19f28d148c24d063e279cf35e3bf2fa8e3fe8	Owner contract; internal fields remain internal; no universal ABI promise
compiler/lowering/collections/array_ir.inc::NEBOC_ARRAY_IR_CONSTANT_VALUE_OFFSET	x86_64-systemv-elf-linux	compiler/lowering/collections/array_ir.inc	NEBOC_ARRAY_IR_CONSTANT_VALUE_OFFSET	56	cd566bcdd6a714f4a1b75704f89f96a05fcb235abfaa5a577d9fb8deaf50bcd7	Owner contract; internal fields remain internal; no universal ABI promise
compiler/lowering/collections/array_ir.inc::NEBOC_ARRAY_IR_ALLOCATION_COUNT_OFFSET	x86_64-systemv-elf-linux	compiler/lowering/collections/array_ir.inc	NEBOC_ARRAY_IR_ALLOCATION_COUNT_OFFSET	64	185a24bf239713bfad6f9d57ce40cb07dcb936824a9efb656266143220fc7cbb	Owner contract; internal fields remain internal; no universal ABI promise
compiler/lowering/collections/array_ir.inc::NEBOC_ARRAY_IR_HASH_OFFSET	x86_64-systemv-elf-linux	compiler/lowering/collections/array_ir.inc	NEBOC_ARRAY_IR_HASH_OFFSET	72	4ec3e78658892c1936ba3bc18511b9def80687d0bda40f099b539ce12c66d8c8	Owner contract; internal fields remain internal; no universal ABI promise
compiler/lowering/collections/array_ir.inc::NEBOC_ARRAY_IR_DIAGNOSTIC_OFFSET	x86_64-systemv-elf-linux	compiler/lowering/collections/array_ir.inc	NEBOC_ARRAY_IR_DIAGNOSTIC_OFFSET	80	fed0a6a28f0e929695c2be4dc3f19a42313631f5ea02f752febb66ed514acc12	Owner contract; internal fields remain internal; no universal ABI promise
compiler/lowering/collections/array_ir.inc::NEBOC_ARRAY_IR_REQUEST_SIZE	x86_64-systemv-elf-linux	compiler/lowering/collections/array_ir.inc	NEBOC_ARRAY_IR_REQUEST_SIZE	88	aff03350f57c61a203bf6ac1aa97dfad636a633c5e0e2c63bd988a17600d9cdd	Owner contract; internal fields remain internal; no universal ABI promise
compiler/lowering/collections/array_ir.inc::NEBOC_ARRAY_IR_REQUEST_QWORDS	x86_64-systemv-elf-linux	compiler/lowering/collections/array_ir.inc	NEBOC_ARRAY_IR_REQUEST_QWORDS	11	bb6d7500daa4e3f0377dae42428ab45ff6fbe992d122c038f4c37c1b0e997bc9	Owner contract; internal fields remain internal; no universal ABI promise
compiler/lowering/collections/array_layout.inc::NEBOC_ARRAY_LAYOUT_DIAG_INVARIANT	x86_64-systemv-elf-linux	compiler/lowering/collections/array_layout.inc	NEBOC_ARRAY_LAYOUT_DIAG_INVARIANT	11	ab513c82f50ee2608e3cb5b4be63902968e2336e3c76a2d57bad5208aa402804	Owner contract; internal fields remain internal; no universal ABI promise
compiler/lowering/collections/array_layout.inc::neboc_colecoes_primitivas_ARRAY_LAYOUT_ELEMENT_SIZE_OFFSET	x86_64-systemv-elf-linux	compiler/lowering/collections/array_layout.inc	neboc_colecoes_primitivas_ARRAY_LAYOUT_ELEMENT_SIZE_OFFSET	0	a4bcfdad8eba08ec38b993368aa787f897cb278d2d419e353ec97388ec170740	Owner contract; internal fields remain internal; no universal ABI promise
compiler/lowering/collections/array_layout.inc::NEBOC_ARRAY_LAYOUT_ELEMENT_COUNT_OFFSET	x86_64-systemv-elf-linux	compiler/lowering/collections/array_layout.inc	NEBOC_ARRAY_LAYOUT_ELEMENT_COUNT_OFFSET	8	681a852b853feccb06f2a84403b320c6fdc9b8f80f58465b2b50556ad6f5d833	Owner contract; internal fields remain internal; no universal ABI promise
compiler/lowering/collections/array_layout.inc::NEBOC_ARRAY_LAYOUT_SIZE_OFFSET	x86_64-systemv-elf-linux	compiler/lowering/collections/array_layout.inc	NEBOC_ARRAY_LAYOUT_SIZE_OFFSET	16	8e4a8d4b65aa0dcaa6685d9bc271a480772e83acba084336055768154f12d871	Owner contract; internal fields remain internal; no universal ABI promise
compiler/lowering/collections/array_layout.inc::NEBOC_ARRAY_LAYOUT_ALIGNMENT_OFFSET	x86_64-systemv-elf-linux	compiler/lowering/collections/array_layout.inc	NEBOC_ARRAY_LAYOUT_ALIGNMENT_OFFSET	24	afa30e72c1dd7475ac5066b874b94e607ded0758d611a1e2313b061803906cca	Owner contract; internal fields remain internal; no universal ABI promise
compiler/lowering/collections/array_layout.inc::neboc_colecoes_primitivas_ARRAY_LAYOUT_STRIDE_OFFSET	x86_64-systemv-elf-linux	compiler/lowering/collections/array_layout.inc	neboc_colecoes_primitivas_ARRAY_LAYOUT_STRIDE_OFFSET	32	9003c1ccfe9eebb33808ff2a7adce7470bdf5f58c49d21d014d3d49ba1fee127	Owner contract; internal fields remain internal; no universal ABI promise
compiler/lowering/collections/array_layout.inc::NEBOC_ARRAY_LAYOUT_ALLOCATION_COUNT_OFFSET	x86_64-systemv-elf-linux	compiler/lowering/collections/array_layout.inc	NEBOC_ARRAY_LAYOUT_ALLOCATION_COUNT_OFFSET	40	46234c951353bf828bb7dad02b3c213ea2a4946ae87621da31ff32c4bba0a9bb	Owner contract; internal fields remain internal; no universal ABI promise
compiler/lowering/collections/array_layout.inc::neboc_colecoes_primitivas_ARRAY_LAYOUT_DIAGNOSTIC_OFFSET	x86_64-systemv-elf-linux	compiler/lowering/collections/array_layout.inc	neboc_colecoes_primitivas_ARRAY_LAYOUT_DIAGNOSTIC_OFFSET	48	aaa717d7cf6d2481ec64327caf07213c022a96389785820ba7b22b8a03d2ec0d	Owner contract; internal fields remain internal; no universal ABI promise
compiler/lowering/collections/array_layout.inc::NEBOC_ARRAY_LAYOUT_REQUEST_SIZE	x86_64-systemv-elf-linux	compiler/lowering/collections/array_layout.inc	NEBOC_ARRAY_LAYOUT_REQUEST_SIZE	56	bd88a87601e84b856d139b271f23e8860a687095e8dce08876467e00fe831b66	Owner contract; internal fields remain internal; no universal ABI promise
compiler/lowering/collections/array_layout.inc::NEBOC_ARRAY_LAYOUT_REQUEST_QWORDS	x86_64-systemv-elf-linux	compiler/lowering/collections/array_layout.inc	NEBOC_ARRAY_LAYOUT_REQUEST_QWORDS	7	aaf5005d9d11e3f0575ba381ea9bdbc4e935999c26139b4865eb9c5079a5e483	Owner contract; internal fields remain internal; no universal ABI promise
compiler/lowering/collections/array_range_layout.inc::neboc_option_result_null_externo_e_erros_tipados_ARRAY_LAYOUT_ELEMENT_SIZE_OFFSET	x86_64-systemv-elf-linux	compiler/lowering/collections/array_range_layout.inc	neboc_option_result_null_externo_e_erros_tipados_ARRAY_LAYOUT_ELEMENT_SIZE_OFFSET	0	cbca29f4177c7505ad73412f8b9f605bb3923c581c99c8fa8d42f20413cda05a	Owner contract; internal fields remain internal; no universal ABI promise
compiler/lowering/collections/array_range_layout.inc::NEBOC_ARRAY_LAYOUT_ELEMENT_ALIGN_OFFSET	x86_64-systemv-elf-linux	compiler/lowering/collections/array_range_layout.inc	NEBOC_ARRAY_LAYOUT_ELEMENT_ALIGN_OFFSET	8	461711b5f7e74c8a63952f53c29cfe17a476b3658620975765b24234a90e4d10	Owner contract; internal fields remain internal; no universal ABI promise
compiler/lowering/collections/array_range_layout.inc::NEBOC_ARRAY_LAYOUT_LENGTH_OFFSET	x86_64-systemv-elf-linux	compiler/lowering/collections/array_range_layout.inc	NEBOC_ARRAY_LAYOUT_LENGTH_OFFSET	16	d4ad312e16f7c6bde2f873c4c153ef92961431ca127318c955c1552c7d0514b2	Owner contract; internal fields remain internal; no universal ABI promise
compiler/lowering/collections/array_range_layout.inc::neboc_option_result_null_externo_e_erros_tipados_ARRAY_LAYOUT_STRIDE_OFFSET	x86_64-systemv-elf-linux	compiler/lowering/collections/array_range_layout.inc	neboc_option_result_null_externo_e_erros_tipados_ARRAY_LAYOUT_STRIDE_OFFSET	24	5bf1b92fe4f5de2818d39ea95e3cf64c8afb8f134f1c6c679d722e19f9907e92	Owner contract; internal fields remain internal; no universal ABI promise
compiler/lowering/collections/array_range_layout.inc::NEBOC_ARRAY_LAYOUT_TOTAL_SIZE_OFFSET	x86_64-systemv-elf-linux	compiler/lowering/collections/array_range_layout.inc	NEBOC_ARRAY_LAYOUT_TOTAL_SIZE_OFFSET	32	6579cf9374e5f290cd8622638d8b0234ae26e6dc554c1c82a5686a02f4252fdd	Owner contract; internal fields remain internal; no universal ABI promise
compiler/lowering/collections/array_range_layout.inc::neboc_option_result_null_externo_e_erros_tipados_ARRAY_LAYOUT_DIAGNOSTIC_OFFSET	x86_64-systemv-elf-linux	compiler/lowering/collections/array_range_layout.inc	neboc_option_result_null_externo_e_erros_tipados_ARRAY_LAYOUT_DIAGNOSTIC_OFFSET	40	6a6258dc535e60d810096745c57aa32f8340c8be1e7462ab5a783f03be3b9f4f	Owner contract; internal fields remain internal; no universal ABI promise
compiler/lowering/collections/array_range_layout.inc::NEBOC_ARRAY_LAYOUT_SIZE	x86_64-systemv-elf-linux	compiler/lowering/collections/array_range_layout.inc	NEBOC_ARRAY_LAYOUT_SIZE	48	3e302cac80774074d0f7561f36a91da969e4ee24480e714810ce326fe3d6357e	Owner contract; internal fields remain internal; no universal ABI promise
compiler/lowering/collections/array_range_layout.inc::NEBOC_ARRAY_LAYOUT_QWORDS	x86_64-systemv-elf-linux	compiler/lowering/collections/array_range_layout.inc	NEBOC_ARRAY_LAYOUT_QWORDS	6	249e71a4c8e235c041fdcf9999de9e982f16ac2a59ecb79a3db3e6f4e6d857cb	Owner contract; internal fields remain internal; no universal ABI promise
compiler/lowering/collections/array_range_layout.inc::NEBOC_ARRAY_RANGE_LAYOUT_RANGE_START_OFFSET	x86_64-systemv-elf-linux	compiler/lowering/collections/array_range_layout.inc	NEBOC_ARRAY_RANGE_LAYOUT_RANGE_START_OFFSET	0	21ee858c85a64fb9989265734add8db195ead9f4b743e81e570e2909fb9f74d0	Owner contract; internal fields remain internal; no universal ABI promise
compiler/lowering/collections/array_range_layout.inc::NEBOC_ARRAY_RANGE_LAYOUT_RANGE_END_OFFSET	x86_64-systemv-elf-linux	compiler/lowering/collections/array_range_layout.inc	NEBOC_ARRAY_RANGE_LAYOUT_RANGE_END_OFFSET	8	c09edaec5cd8d980197118b9b2d1303f042d9b1c1051278aca728a967788c75b	Owner contract; internal fields remain internal; no universal ABI promise
compiler/lowering/collections/array_range_layout.inc::NEBOC_ARRAY_RANGE_LAYOUT_RANGE_STEP_OFFSET	x86_64-systemv-elf-linux	compiler/lowering/collections/array_range_layout.inc	NEBOC_ARRAY_RANGE_LAYOUT_RANGE_STEP_OFFSET	16	411ede60a879b94206555798c9f3d73e4d84c8bd593ab75c75ebf593f6cc3907	Owner contract; internal fields remain internal; no universal ABI promise
compiler/lowering/collections/array_range_layout.inc::NEBOC_RANGE_FLAGS_OFFSET	x86_64-systemv-elf-linux	compiler/lowering/collections/array_range_layout.inc	NEBOC_RANGE_FLAGS_OFFSET	24	550c9c83521dfb69975a08d579baa565ba41005156504cc4654149e1598e5041	Owner contract; internal fields remain internal; no universal ABI promise
compiler/lowering/collections/array_range_layout.inc::NEBOC_RANGE_LENGTH_OFFSET	x86_64-systemv-elf-linux	compiler/lowering/collections/array_range_layout.inc	NEBOC_RANGE_LENGTH_OFFSET	32	6575bcd1d0c60a5861adab1185008a8a97644a703553a46aa5fc49ec31ab946b	Owner contract; internal fields remain internal; no universal ABI promise
compiler/lowering/collections/array_range_layout.inc::NEBOC_RANGE_DIAGNOSTIC_OFFSET	x86_64-systemv-elf-linux	compiler/lowering/collections/array_range_layout.inc	NEBOC_RANGE_DIAGNOSTIC_OFFSET	40	8edb1b763a0bd4ee51d0decb7a98e11b22ef3f795da73906a0c2d31ec4fc627a	Owner contract; internal fields remain internal; no universal ABI promise
compiler/lowering/collections/array_range_layout.inc::NEBOC_RANGE_REQUEST_SIZE	x86_64-systemv-elf-linux	compiler/lowering/collections/array_range_layout.inc	NEBOC_RANGE_REQUEST_SIZE	48	7b5a89eb0edc70d3095b351d6d1782846cdf8753b5cdbb3c30b2ca4b5e673a9b	Owner contract; internal fields remain internal; no universal ABI promise
compiler/lowering/collections/array_range_layout.inc::NEBOC_RANGE_REQUEST_QWORDS	x86_64-systemv-elf-linux	compiler/lowering/collections/array_range_layout.inc	NEBOC_RANGE_REQUEST_QWORDS	6	fec9572aff62d9634a56ac6761ac0907c4f26d630a6bc6ec317bd5f3ec78dc2d	Owner contract; internal fields remain internal; no universal ABI promise
compiler/lowering/collections/array_range_plan.inc::NEBOC_AR_PLAN_MAGIC_OFFSET	x86_64-systemv-elf-linux	compiler/lowering/collections/array_range_plan.inc	NEBOC_AR_PLAN_MAGIC_OFFSET	0	17e95782b4a20e9d60a69bb7a83ba39c220697a172d6c5d730f53d0ddd9f6b00	Owner contract; internal fields remain internal; no universal ABI promise
compiler/lowering/collections/array_range_plan.inc::NEBOC_AR_PLAN_LAYOUT_ID_OFFSET	x86_64-systemv-elf-linux	compiler/lowering/collections/array_range_plan.inc	NEBOC_AR_PLAN_LAYOUT_ID_OFFSET	8	a2c8c85c466b3401bdc3765226bc1a27716685e40b3fa6554f5294d4803af552	Owner contract; internal fields remain internal; no universal ABI promise
compiler/lowering/collections/array_range_plan.inc::NEBOC_AR_PLAN_SEMANTIC_HASH_OFFSET	x86_64-systemv-elf-linux	compiler/lowering/collections/array_range_plan.inc	NEBOC_AR_PLAN_SEMANTIC_HASH_OFFSET	16	d9a06090db3ffa529e4645dcd7c2a0ffb7c909e7b2f096a87210f3d4aa483fbf	Owner contract; internal fields remain internal; no universal ABI promise
compiler/lowering/collections/array_range_plan.inc::NEBOC_AR_PLAN_CONSTRUCT_COUNT_OFFSET	x86_64-systemv-elf-linux	compiler/lowering/collections/array_range_plan.inc	NEBOC_AR_PLAN_CONSTRUCT_COUNT_OFFSET	24	861b30ad3213b2612c3c9422fee6bbe82760c76084533807ba555aca3a514fef	Owner contract; internal fields remain internal; no universal ABI promise
compiler/lowering/collections/array_range_plan.inc::NEBOC_AR_PLAN_ARRAY_COUNT_OFFSET	x86_64-systemv-elf-linux	compiler/lowering/collections/array_range_plan.inc	NEBOC_AR_PLAN_ARRAY_COUNT_OFFSET	32	2f58fd05c49877f6f944babd6bf59b68ac683bbc6d6cb49ee3873aaa5620824a	Owner contract; internal fields remain internal; no universal ABI promise
compiler/lowering/collections/array_range_plan.inc::NEBOC_AR_PLAN_RANGE_COUNT_OFFSET	x86_64-systemv-elf-linux	compiler/lowering/collections/array_range_plan.inc	NEBOC_AR_PLAN_RANGE_COUNT_OFFSET	40	abf03448981177b03b39c25e29833007c409e2345b82b98755b94d7ddbaa5fa5	Owner contract; internal fields remain internal; no universal ABI promise
compiler/lowering/collections/array_range_plan.inc::NEBOC_AR_PLAN_ACCESS_COUNT_OFFSET	x86_64-systemv-elf-linux	compiler/lowering/collections/array_range_plan.inc	NEBOC_AR_PLAN_ACCESS_COUNT_OFFSET	48	76b5e9befafebe1319b88ebca7ab8cec1345aa68942ed92879c834dbbf9a9f32	Owner contract; internal fields remain internal; no universal ABI promise
compiler/lowering/collections/array_range_plan.inc::NEBOC_AR_PLAN_RESULT_TYPE_OFFSET	x86_64-systemv-elf-linux	compiler/lowering/collections/array_range_plan.inc	NEBOC_AR_PLAN_RESULT_TYPE_OFFSET	56	2fb9f2f631318c8f19c471afc275e7734272e97dbdc7b21c675fd47327a09889	Owner contract; internal fields remain internal; no universal ABI promise
compiler/lowering/collections/array_range_plan.inc::NEBOC_AR_PLAN_RESULT_VALUE_OFFSET	x86_64-systemv-elf-linux	compiler/lowering/collections/array_range_plan.inc	NEBOC_AR_PLAN_RESULT_VALUE_OFFSET	64	d59dfc6891af96ec90a29237d25180fa89eb52079773e01329218a27a8c79bb5	Owner contract; internal fields remain internal; no universal ABI promise
compiler/lowering/collections/array_range_plan.inc::NEBOC_AR_PLAN_LAYOUT_SIZE_OFFSET	x86_64-systemv-elf-linux	compiler/lowering/collections/array_range_plan.inc	NEBOC_AR_PLAN_LAYOUT_SIZE_OFFSET	72	c177985da8741bc295b7bf6a1c9e17c188dade9bb8dfa132da8b47bd1e8d5e61	Owner contract; internal fields remain internal; no universal ABI promise
compiler/lowering/collections/array_range_plan.inc::NEBOC_AR_PLAN_LAYOUT_ALIGN_OFFSET	x86_64-systemv-elf-linux	compiler/lowering/collections/array_range_plan.inc	NEBOC_AR_PLAN_LAYOUT_ALIGN_OFFSET	80	2197d56b18c298dbd85ffc71fdbaa4132953514f4b7a00ed93d6d35e3b49dbad	Owner contract; internal fields remain internal; no universal ABI promise
compiler/lowering/collections/array_range_plan.inc::NEBOC_AR_PLAN_LOOP_COUNT_OFFSET	x86_64-systemv-elf-linux	compiler/lowering/collections/array_range_plan.inc	NEBOC_AR_PLAN_LOOP_COUNT_OFFSET	88	9cdbc893cab2f4c8216d7d5e8c09ec636f0c67701c84b4fa43d75db9c2955e54	Owner contract; internal fields remain internal; no universal ABI promise
compiler/lowering/collections/array_range_plan.inc::NEBOC_AR_PLAN_ITERATION_COUNT_OFFSET	x86_64-systemv-elf-linux	compiler/lowering/collections/array_range_plan.inc	NEBOC_AR_PLAN_ITERATION_COUNT_OFFSET	96	bd1f716be4d62dbab2dfc476167ee147335f61552c58c04a7874e8f4320d38df	Owner contract; internal fields remain internal; no universal ABI promise
compiler/lowering/collections/array_range_plan.inc::NEBOC_AR_PLAN_HASH_OFFSET	x86_64-systemv-elf-linux	compiler/lowering/collections/array_range_plan.inc	NEBOC_AR_PLAN_HASH_OFFSET	104	7baec7136a3c01794bfd59e78db66d9b50d574f13fcf81f2d78be3b49f222e06	Owner contract; internal fields remain internal; no universal ABI promise
compiler/lowering/collections/array_range_plan.inc::NEBOC_AR_PLAN_HASHED_BYTES	x86_64-systemv-elf-linux	compiler/lowering/collections/array_range_plan.inc	NEBOC_AR_PLAN_HASHED_BYTES	104	28fb0cb48f870bf8e2bea45bd43f59b8b66695b358de8858515a025e9c133378	Owner contract; internal fields remain internal; no universal ABI promise
compiler/lowering/collections/array_range_plan.inc::NEBOC_AR_PLAN_SIZE	x86_64-systemv-elf-linux	compiler/lowering/collections/array_range_plan.inc	NEBOC_AR_PLAN_SIZE	112	ec74a26149efeaf94cbb76d7b91ca124ff3bc2d39bc74d7824489503fd244a40	Owner contract; internal fields remain internal; no universal ABI promise
compiler/lowering/collections/array_range_plan.inc::NEBOC_AR_PLAN_QWORDS	x86_64-systemv-elf-linux	compiler/lowering/collections/array_range_plan.inc	NEBOC_AR_PLAN_QWORDS	14	f61e80293ae452b17761c2c386335b4cac4af1da1959363f26e8cce3cd0f8d44	Owner contract; internal fields remain internal; no universal ABI promise
compiler/lowering/collections/array_range_plan.inc::NEBOC_AR_PLAN_MAGIC	x86_64-systemv-elf-linux	compiler/lowering/collections/array_range_plan.inc	NEBOC_AR_PLAN_MAGIC	0x5246323747303652	6e87e3b67f53148c1b39c751115f07abbc92594b697089587d36e775663d327f	Owner contract; internal fields remain internal; no universal ABI promise
compiler/lowering/collections/column_ir.inc::NEBOC_COLUMN_IR_OPERATION_OFFSET	x86_64-systemv-elf-linux	compiler/lowering/collections/column_ir.inc	NEBOC_COLUMN_IR_OPERATION_OFFSET	0	9d0314fc5ccee64584ee547566c1a1e9bae39693daaa9b58ef0c0fcf4db5e1a3	Owner contract; internal fields remain internal; no universal ABI promise
compiler/lowering/collections/column_ir.inc::NEBOC_COLUMN_IR_OPCODE_OFFSET	x86_64-systemv-elf-linux	compiler/lowering/collections/column_ir.inc	NEBOC_COLUMN_IR_OPCODE_OFFSET	8	7992ee6169a4c115bd8bae8b407614585459add5eff042ff46c2ee23f921232a	Owner contract; internal fields remain internal; no universal ABI promise
compiler/lowering/collections/column_ir.inc::NEBOC_COLUMN_IR_ALLOCATION_COUNT_OFFSET	x86_64-systemv-elf-linux	compiler/lowering/collections/column_ir.inc	NEBOC_COLUMN_IR_ALLOCATION_COUNT_OFFSET	16	c9a434e6c4493d8a7d7ba4aea58cf474d353f5761697035d50bbf23490dbbd2d	Owner contract; internal fields remain internal; no universal ABI promise
compiler/lowering/collections/column_ir.inc::NEBOC_COLUMN_IR_REQUEST_SIZE	x86_64-systemv-elf-linux	compiler/lowering/collections/column_ir.inc	NEBOC_COLUMN_IR_REQUEST_SIZE	24	96bdb8499729015461782500b669ce3f185e184cf2399c683b87c9a45e62758f	Owner contract; internal fields remain internal; no universal ABI promise
compiler/lowering/collections/column_ir.inc::NEBOC_COLUMN_IR_BASE	x86_64-systemv-elf-linux	compiler/lowering/collections/column_ir.inc	NEBOC_COLUMN_IR_BASE	1200	a212c158c9b12c310e685a8fea8beda89db50e8860c70d2bd901d7322aff30df	Owner contract; internal fields remain internal; no universal ABI promise
compiler/lowering/collections/column_layout.inc::NEBOC_COLUMN_SIZE	x86_64-systemv-elf-linux	compiler/lowering/collections/column_layout.inc	NEBOC_COLUMN_SIZE	32	f3cb9d72e941f137d400a24de77dafdc2b452c608dce4a04d2be90bf331b1a58	Owner contract; internal fields remain internal; no universal ABI promise
compiler/lowering/collections/column_layout.inc::NEBOC_COLUMN_ALIGN	x86_64-systemv-elf-linux	compiler/lowering/collections/column_layout.inc	NEBOC_COLUMN_ALIGN	8	aa349c39bc0fc47ab8a46c93bc00492b7ec1f20200286e06498def9a1398dbd2	Owner contract; internal fields remain internal; no universal ABI promise
compiler/lowering/collections/column_layout.inc::NEBOC_COLUMN_STRIDE	x86_64-systemv-elf-linux	compiler/lowering/collections/column_layout.inc	NEBOC_COLUMN_STRIDE	8	25d3c3df75024a0a4ac46bfabec4d971b78aa5b26ffd391847a8598ee5f3dd00	Owner contract; internal fields remain internal; no universal ABI promise
compiler/lowering/collections/column_layout.inc::NEBOC_COLUMN_METADATA	x86_64-systemv-elf-linux	compiler/lowering/collections/column_layout.inc	NEBOC_COLUMN_METADATA	0	8976b4393dae1262e1d82680dbae8345372f731e945e0195b222f3b59644c1b7	Owner contract; internal fields remain internal; no universal ABI promise
compiler/lowering/collections/column_layout.inc::NEBOC_COLUMN_ALLOCATION	x86_64-systemv-elf-linux	compiler/lowering/collections/column_layout.inc	NEBOC_COLUMN_ALLOCATION	0	7ea1d7bb4193fdcb6e2a3e7ca1e821dd47368b21f4a63ac4e3629256f14d92f7	Owner contract; internal fields remain internal; no universal ABI promise
compiler/lowering/collections/list_plan.inc::NEBOC_LIST_PLAN_MAGIC_OFFSET	x86_64-systemv-elf-linux	compiler/lowering/collections/list_plan.inc	NEBOC_LIST_PLAN_MAGIC_OFFSET	0	49ef616f06625070c9bc296591109c08a3eff4f10acc409be030e9915109e77b	Owner contract; internal fields remain internal; no universal ABI promise
compiler/lowering/collections/list_plan.inc::NEBOC_LIST_PLAN_LAYOUT_OFFSET	x86_64-systemv-elf-linux	compiler/lowering/collections/list_plan.inc	NEBOC_LIST_PLAN_LAYOUT_OFFSET	8	d71a50d76b8ecca585b569aa6f53792bdd2314670aa1a37fbc8d7ba4b2b80a73	Owner contract; internal fields remain internal; no universal ABI promise
compiler/lowering/collections/list_plan.inc::NEBOC_LIST_PLAN_LENGTH_OFFSET	x86_64-systemv-elf-linux	compiler/lowering/collections/list_plan.inc	NEBOC_LIST_PLAN_LENGTH_OFFSET	16	d3bccd97fcd315887d69de8b28a4d6d7253a17346f8309674f43dea3e664d94d	Owner contract; internal fields remain internal; no universal ABI promise
compiler/lowering/collections/list_plan.inc::NEBOC_LIST_PLAN_CAPACITY_OFFSET	x86_64-systemv-elf-linux	compiler/lowering/collections/list_plan.inc	NEBOC_LIST_PLAN_CAPACITY_OFFSET	24	dff141c2e98354816338ac8dc5050c8efb9bb7bca44c2f2dcf6a27b6fbd3b3af	Owner contract; internal fields remain internal; no universal ABI promise
compiler/lowering/collections/list_plan.inc::NEBOC_LIST_PLAN_ELEMENT_SIZE_OFFSET	x86_64-systemv-elf-linux	compiler/lowering/collections/list_plan.inc	NEBOC_LIST_PLAN_ELEMENT_SIZE_OFFSET	32	828fa129c81f930e13794f79858851e85381dd9649c4373711b43c39bd495231	Owner contract; internal fields remain internal; no universal ABI promise
compiler/lowering/collections/list_plan.inc::NEBOC_LIST_PLAN_ELEMENT_ALIGN_OFFSET	x86_64-systemv-elf-linux	compiler/lowering/collections/list_plan.inc	NEBOC_LIST_PLAN_ELEMENT_ALIGN_OFFSET	40	9fee3da7e22f6a52a7a1336362ef1106bc086f0a760b7fc1d85405e77e56f845	Owner contract; internal fields remain internal; no universal ABI promise
compiler/lowering/collections/list_plan.inc::NEBOC_LIST_PLAN_GENERATION_OFFSET	x86_64-systemv-elf-linux	compiler/lowering/collections/list_plan.inc	NEBOC_LIST_PLAN_GENERATION_OFFSET	48	5c1b126522e4ee706f0c80418ac77e0eeee7adfe28fc6db041e82f40dd90eb2f	Owner contract; internal fields remain internal; no universal ABI promise
compiler/lowering/collections/list_plan.inc::NEBOC_LIST_PLAN_ALLOCATOR_PRESENT_OFFSET	x86_64-systemv-elf-linux	compiler/lowering/collections/list_plan.inc	NEBOC_LIST_PLAN_ALLOCATOR_PRESENT_OFFSET	56	e9f8d50bfa59223a5a463a05b22dd580752343f6e820545f6a555657fcb2a0b1	Owner contract; internal fields remain internal; no universal ABI promise
compiler/lowering/collections/list_plan.inc::NEBOC_LIST_PLAN_FLAGS_OFFSET	x86_64-systemv-elf-linux	compiler/lowering/collections/list_plan.inc	NEBOC_LIST_PLAN_FLAGS_OFFSET	64	0dca1150c74e004881229e2ba5652005122b7c6106b82435eb252ce8981fb563	Owner contract; internal fields remain internal; no universal ABI promise
compiler/lowering/collections/list_plan.inc::NEBOC_LIST_PLAN_HASH_OFFSET	x86_64-systemv-elf-linux	compiler/lowering/collections/list_plan.inc	NEBOC_LIST_PLAN_HASH_OFFSET	72	4f239c09d66df55259b8ee892e06ff6c480bde28717d9350a5861ef6e3f5fb77	Owner contract; internal fields remain internal; no universal ABI promise
compiler/lowering/collections/list_plan.inc::NEBOC_LIST_PLAN_SIZE	x86_64-systemv-elf-linux	compiler/lowering/collections/list_plan.inc	NEBOC_LIST_PLAN_SIZE	80	427630a3eeac96937226e2291f8563ffdd011a96c2a017a8c3ad8c07a509441b	Owner contract; internal fields remain internal; no universal ABI promise
compiler/lowering/collections/list_plan.inc::NEBOC_LIST_PLAN_QWORDS	x86_64-systemv-elf-linux	compiler/lowering/collections/list_plan.inc	NEBOC_LIST_PLAN_QWORDS	10	5af781d5dfe210ff56a34644739930b84867b90ccbd8e9c6ee9dd9f6a2f78ab3	Owner contract; internal fields remain internal; no universal ABI promise
compiler/lowering/collections/list_plan.inc::NEBOC_LIST_PLAN_HASHED_BYTES	x86_64-systemv-elf-linux	compiler/lowering/collections/list_plan.inc	NEBOC_LIST_PLAN_HASHED_BYTES	72	d3041efe7138cc9d73a9a7ab658e07e8d3ff04fc0cb621d72d58a1d6b51d6674	Owner contract; internal fields remain internal; no universal ABI promise
compiler/lowering/collections/list_plan.inc::NEBOC_LIST_PLAN_MAGIC	x86_64-systemv-elf-linux	compiler/lowering/collections/list_plan.inc	NEBOC_LIST_PLAN_MAGIC	0x5246374c504c414e	e5c0e7d0f2389440ee673a0e9f095432a748a15c72f062e7f59be872735315a4	Owner contract; internal fields remain internal; no universal ABI promise
compiler/lowering/collections/list_plan.inc::NEBOC_LIST_LAYOUT_ID	x86_64-systemv-elf-linux	compiler/lowering/collections/list_plan.inc	NEBOC_LIST_LAYOUT_ID	0x5246374c41593031	0cb3d5796e9b717b41d99df93e6330e82119f4d2c438b7198aaabac48968503b	Owner contract; internal fields remain internal; no universal ABI promise
compiler/lowering/collections/slice_view_layout.inc::NEBOC_SLICE_BASE_OFFSET	x86_64-systemv-elf-linux	compiler/lowering/collections/slice_view_layout.inc	NEBOC_SLICE_BASE_OFFSET	0	b1cf3c71e5445d56bfd29d004a24aae999c5e84d332299da12c5f5821e5f4d68	Owner contract; internal fields remain internal; no universal ABI promise
compiler/lowering/collections/slice_view_layout.inc::neboc_option_result_null_externo_e_erros_tipados_SLICE_LENGTH_OFFSET	x86_64-systemv-elf-linux	compiler/lowering/collections/slice_view_layout.inc	neboc_option_result_null_externo_e_erros_tipados_SLICE_LENGTH_OFFSET	8	5cc6f18acd8224a222e18c61e3da5254130fba7c3327a4d1f4d95255ecec2130	Owner contract; internal fields remain internal; no universal ABI promise
compiler/lowering/collections/slice_view_layout.inc::NEBOC_SLICE_STRIDE_OFFSET	x86_64-systemv-elf-linux	compiler/lowering/collections/slice_view_layout.inc	NEBOC_SLICE_STRIDE_OFFSET	16	56476ceb319bd9e8c7cea317d4b356d1a7bd654ca3402c6ca3fd7049ed0b50ee	Owner contract; internal fields remain internal; no universal ABI promise
compiler/lowering/collections/slice_view_layout.inc::NEBOC_SLICE_VIEW_LAYOUT_SLICE_GENERATION_OFFSET	x86_64-systemv-elf-linux	compiler/lowering/collections/slice_view_layout.inc	NEBOC_SLICE_VIEW_LAYOUT_SLICE_GENERATION_OFFSET	24	1f417e822bf2aee85dde02b73b76c6ce69b0513d16bbe277896e7aa802a04350	Owner contract; internal fields remain internal; no universal ABI promise
compiler/lowering/collections/slice_view_layout.inc::NEBOC_SLICE_TOKEN_OFFSET	x86_64-systemv-elf-linux	compiler/lowering/collections/slice_view_layout.inc	NEBOC_SLICE_TOKEN_OFFSET	32	d5f73fc4be214719c26ce4d9c1da8c96886826c022d0acce137fd425ba849857	Owner contract; internal fields remain internal; no universal ABI promise
compiler/lowering/collections/slice_view_layout.inc::neboc_option_result_null_externo_e_erros_tipados_SLICE_SIZE	x86_64-systemv-elf-linux	compiler/lowering/collections/slice_view_layout.inc	neboc_option_result_null_externo_e_erros_tipados_SLICE_SIZE	40	4b7cdb2a116c6e2e2fd8bdc0e018e567cfc25e5f24bd408740e82d5bc4565178	Owner contract; internal fields remain internal; no universal ABI promise
compiler/lowering/collections/slice_view_layout.inc::NEBOC_SLICE_QWORDS	x86_64-systemv-elf-linux	compiler/lowering/collections/slice_view_layout.inc	NEBOC_SLICE_QWORDS	5	5c716059e9c372127a11c9dc13a3f91f6d60cea6e202045bfc8f5f37db9b9ef1	Owner contract; internal fields remain internal; no universal ABI promise
compiler/lowering/collections/slice_view_layout.inc::NEBOC_SLICE_OWNER_BASE_OFFSET	x86_64-systemv-elf-linux	compiler/lowering/collections/slice_view_layout.inc	NEBOC_SLICE_OWNER_BASE_OFFSET	0	1110269aa4ae713d9a651d27461ebad8ac4e494548cc8a06a91dcf107ec09b9a	Owner contract; internal fields remain internal; no universal ABI promise
compiler/lowering/collections/slice_view_layout.inc::NEBOC_SLICE_OWNER_LENGTH_OFFSET	x86_64-systemv-elf-linux	compiler/lowering/collections/slice_view_layout.inc	NEBOC_SLICE_OWNER_LENGTH_OFFSET	8	e244a295e132ab7f5e415a1d16457e34b683f52c945ad8243ddc66c3082db347	Owner contract; internal fields remain internal; no universal ABI promise
compiler/lowering/collections/slice_view_layout.inc::NEBOC_SLICE_OWNER_STRIDE_OFFSET	x86_64-systemv-elf-linux	compiler/lowering/collections/slice_view_layout.inc	NEBOC_SLICE_OWNER_STRIDE_OFFSET	16	ed8957990aba1053b04852623f959e6837c34f8daec15703a60eda1c54d2d37b	Owner contract; internal fields remain internal; no universal ABI promise
compiler/lowering/collections/slice_view_layout.inc::neboc_option_result_null_externo_e_erros_tipados_SLICE_OWNER_GENERATION_OFFSET	x86_64-systemv-elf-linux	compiler/lowering/collections/slice_view_layout.inc	neboc_option_result_null_externo_e_erros_tipados_SLICE_OWNER_GENERATION_OFFSET	24	d0c279cf5db0a40b7c6c15b76df472a2f52a0a1a0a927b136855669b28566047	Owner contract; internal fields remain internal; no universal ABI promise
compiler/lowering/collections/slice_view_layout.inc::NEBOC_SLICE_OWNER_BORROWS_OFFSET	x86_64-systemv-elf-linux	compiler/lowering/collections/slice_view_layout.inc	NEBOC_SLICE_OWNER_BORROWS_OFFSET	32	975ddfcfb8fbacbf34d0dad1b9db01035e36e7259832567d48fa8a40c78cb337	Owner contract; internal fields remain internal; no universal ABI promise
compiler/lowering/collections/slice_view_layout.inc::NEBOC_SLICE_OWNER_ACTIVE_OFFSET	x86_64-systemv-elf-linux	compiler/lowering/collections/slice_view_layout.inc	NEBOC_SLICE_OWNER_ACTIVE_OFFSET	40	c83d1f13bc937608a6496e33cf6eaf9ba69a855eae0fa4cf4d470446a5d32833	Owner contract; internal fields remain internal; no universal ABI promise
compiler/lowering/collections/slice_view_layout.inc::NEBOC_SLICE_OWNER_SIZE	x86_64-systemv-elf-linux	compiler/lowering/collections/slice_view_layout.inc	NEBOC_SLICE_OWNER_SIZE	48	fcba596bda2243dc628e277ba4aa24eb18681043a1a6a285a2a0ae83180fa685	Owner contract; internal fields remain internal; no universal ABI promise
compiler/lowering/collections/slice_view_layout.inc::NEBOC_SLICE_OWNER_QWORDS	x86_64-systemv-elf-linux	compiler/lowering/collections/slice_view_layout.inc	NEBOC_SLICE_OWNER_QWORDS	6	dda39f1380a8981a0b3ab8b6dd7a8e915642c62bc322a63afa4f57e0f6233764	Owner contract; internal fields remain internal; no universal ABI promise
compiler/lowering/collections/slice_view_plan.inc::NEBOC_SLICE_PLAN_MAGIC_OFFSET	x86_64-systemv-elf-linux	compiler/lowering/collections/slice_view_plan.inc	NEBOC_SLICE_PLAN_MAGIC_OFFSET	0	46b187cfbb64f5447a65950b2ab77c88d6b8b94a1162aa39d3af1a1dcc1a1f48	Owner contract; internal fields remain internal; no universal ABI promise
compiler/lowering/collections/slice_view_plan.inc::NEBOC_SLICE_PLAN_LAYOUT_ID_OFFSET	x86_64-systemv-elf-linux	compiler/lowering/collections/slice_view_plan.inc	NEBOC_SLICE_PLAN_LAYOUT_ID_OFFSET	8	5ea357793cd2b2faabbc69b7b8e2362cd47683c201b801a770b95e4b6cebf9a1	Owner contract; internal fields remain internal; no universal ABI promise
compiler/lowering/collections/slice_view_plan.inc::NEBOC_SLICE_PLAN_BASE_SEMANTIC_HASH_OFFSET	x86_64-systemv-elf-linux	compiler/lowering/collections/slice_view_plan.inc	NEBOC_SLICE_PLAN_BASE_SEMANTIC_HASH_OFFSET	16	e0adac2ebb760c2ef4ad21d700a483d310198457ae79bc679b5d58c7db3f03f4	Owner contract; internal fields remain internal; no universal ABI promise
compiler/lowering/collections/slice_view_plan.inc::NEBOC_SLICE_PLAN_FOUND_OFFSET	x86_64-systemv-elf-linux	compiler/lowering/collections/slice_view_plan.inc	NEBOC_SLICE_PLAN_FOUND_OFFSET	24	4f3475905f878be0338e9b78e86eeeac3dae90ac5df8d312fab99979c7929489	Owner contract; internal fields remain internal; no universal ABI promise
compiler/lowering/collections/slice_view_plan.inc::NEBOC_SLICE_PLAN_VIEW_COUNT_OFFSET	x86_64-systemv-elf-linux	compiler/lowering/collections/slice_view_plan.inc	NEBOC_SLICE_PLAN_VIEW_COUNT_OFFSET	32	a7f422e0948a4579dabbb2c018119a11caa5568ab961a07d56e0a7c4f7c40a66	Owner contract; internal fields remain internal; no universal ABI promise
compiler/lowering/collections/slice_view_plan.inc::NEBOC_SLICE_PLAN_RELEASE_COUNT_OFFSET	x86_64-systemv-elf-linux	compiler/lowering/collections/slice_view_plan.inc	NEBOC_SLICE_PLAN_RELEASE_COUNT_OFFSET	40	ca2d853d8ab5346dab994729eb381d313b9d0441b3858f7ba074132acfaccd48	Owner contract; internal fields remain internal; no universal ABI promise
compiler/lowering/collections/slice_view_plan.inc::NEBOC_SLICE_PLAN_VIEW_HASH_OFFSET	x86_64-systemv-elf-linux	compiler/lowering/collections/slice_view_plan.inc	NEBOC_SLICE_PLAN_VIEW_HASH_OFFSET	48	3b9d1e208958a3d458cf9db8fb2cca9df92afa2eac535aaf894a477dbe5371ca	Owner contract; internal fields remain internal; no universal ABI promise
compiler/lowering/collections/slice_view_plan.inc::NEBOC_SLICE_PLAN_RESULT_TYPE_OFFSET	x86_64-systemv-elf-linux	compiler/lowering/collections/slice_view_plan.inc	NEBOC_SLICE_PLAN_RESULT_TYPE_OFFSET	56	730be144c008bd97bca1a60e5f60b0268f9e961af23b2c7192f3ed63612a666a	Owner contract; internal fields remain internal; no universal ABI promise
compiler/lowering/collections/slice_view_plan.inc::NEBOC_SLICE_PLAN_RESULT_VALUE_OFFSET	x86_64-systemv-elf-linux	compiler/lowering/collections/slice_view_plan.inc	NEBOC_SLICE_PLAN_RESULT_VALUE_OFFSET	64	d436b67a884b00e186f08c9e71334c8cdcef850e7c248d6f8f4576f5f7b9d7d1	Owner contract; internal fields remain internal; no universal ABI promise
compiler/lowering/collections/slice_view_plan.inc::NEBOC_SLICE_PLAN_LAYOUT_SIZE_OFFSET	x86_64-systemv-elf-linux	compiler/lowering/collections/slice_view_plan.inc	NEBOC_SLICE_PLAN_LAYOUT_SIZE_OFFSET	72	816b052caad44c8b25365d43ad47b7f713b5ecfa3be105b2693ddb99a4ebea4d	Owner contract; internal fields remain internal; no universal ABI promise
compiler/lowering/collections/slice_view_plan.inc::NEBOC_SLICE_PLAN_LAYOUT_ALIGN_OFFSET	x86_64-systemv-elf-linux	compiler/lowering/collections/slice_view_plan.inc	NEBOC_SLICE_PLAN_LAYOUT_ALIGN_OFFSET	80	f0b7e9b8abc3dea3b1fc6e386794ddb0508daf3d32ba55cb19d4aa3aa85e2aa0	Owner contract; internal fields remain internal; no universal ABI promise
compiler/lowering/collections/slice_view_plan.inc::NEBOC_SLICE_PLAN_HASH_OFFSET	x86_64-systemv-elf-linux	compiler/lowering/collections/slice_view_plan.inc	NEBOC_SLICE_PLAN_HASH_OFFSET	88	fe5acb21024de3de9209d140bb0deda55919d9425ac051f31a0040aa14519755	Owner contract; internal fields remain internal; no universal ABI promise
compiler/lowering/collections/slice_view_plan.inc::NEBOC_SLICE_PLAN_HASHED_BYTES	x86_64-systemv-elf-linux	compiler/lowering/collections/slice_view_plan.inc	NEBOC_SLICE_PLAN_HASHED_BYTES	88	464178d994af00a534639e08511f111a859053a08d7413fa7ece7983ef31ac0c	Owner contract; internal fields remain internal; no universal ABI promise
compiler/lowering/collections/slice_view_plan.inc::NEBOC_SLICE_PLAN_SIZE	x86_64-systemv-elf-linux	compiler/lowering/collections/slice_view_plan.inc	NEBOC_SLICE_PLAN_SIZE	96	fa56b1aae28e9365faf59bdb64762d464cc49db6c13bb6822f351859969a0877	Owner contract; internal fields remain internal; no universal ABI promise
compiler/lowering/collections/slice_view_plan.inc::NEBOC_SLICE_PLAN_QWORDS	x86_64-systemv-elf-linux	compiler/lowering/collections/slice_view_plan.inc	NEBOC_SLICE_PLAN_QWORDS	12	08b76611eeba146282cab7eca66dbe0fc659e345e3737e2d60d71a9a3a411ec4	Owner contract; internal fields remain internal; no universal ABI promise
compiler/lowering/collections/slice_view_plan.inc::NEBOC_SLICE_PLAN_MAGIC	x86_64-systemv-elf-linux	compiler/lowering/collections/slice_view_plan.inc	NEBOC_SLICE_PLAN_MAGIC	0x5246323747303653	c85d0973cf0b7247573480d568dfbec3d4d487613a61c0ceff0425ece3e7b75f	Owner contract; internal fields remain internal; no universal ABI promise
compiler/lowering/collections/vector_ir.inc::NEBOC_VECTOR_IR_LITERAL	x86_64-systemv-elf-linux	compiler/lowering/collections/vector_ir.inc	NEBOC_VECTOR_IR_LITERAL	1	645fb4a7418e25e8df135d7b886d11cbcc657b629f1fdeb25299dd319e27e2b1	Owner contract; internal fields remain internal; no universal ABI promise
compiler/lowering/collections/vector_ir.inc::NEBOC_VECTOR_IR_INDEX	x86_64-systemv-elf-linux	compiler/lowering/collections/vector_ir.inc	NEBOC_VECTOR_IR_INDEX	2	c3d04e3cb9ca147640b6e293ec0d574e768569df6657f7956753f75fa1ed400b	Owner contract; internal fields remain internal; no universal ABI promise
compiler/lowering/collections/vector_ir.inc::NEBOC_VECTOR_IR_LEN	x86_64-systemv-elf-linux	compiler/lowering/collections/vector_ir.inc	NEBOC_VECTOR_IR_LEN	3	37ec0266d59b0d356b7428762f7e572b7c6a06673ab22cf4b0c1cd86bd351ed8	Owner contract; internal fields remain internal; no universal ABI promise
compiler/lowering/collections/vector_ir.inc::NEBOC_VECTOR_IR_SUM	x86_64-systemv-elf-linux	compiler/lowering/collections/vector_ir.inc	NEBOC_VECTOR_IR_SUM	4	07be88e4ab7d52be5dcb925e43cbd9f55cbf41b645192c8b798976eca4bb58da	Owner contract; internal fields remain internal; no universal ABI promise
compiler/lowering/collections/vector_ir.inc::NEBOC_VECTOR_IR_DOT	x86_64-systemv-elf-linux	compiler/lowering/collections/vector_ir.inc	NEBOC_VECTOR_IR_DOT	5	3b5dcb9f5622be53f71ce91695accc960ec4057b0433c5485e756bf624112632	Owner contract; internal fields remain internal; no universal ABI promise
compiler/lowering/collections/vector_ir.inc::NEBOC_VECTOR_IR_TARGET_X86_64_SYSV	x86_64-systemv-elf-linux	compiler/lowering/collections/vector_ir.inc	NEBOC_VECTOR_IR_TARGET_X86_64_SYSV	1	ff579021789059dafaf48f9a868d9a0020779e4bf72ba6cf214b8643bfe1329b	Owner contract; internal fields remain internal; no universal ABI promise
compiler/lowering/collections/vector_ir.inc::NEBOC_VECTOR_IR_FLAGS_REQUIRED	x86_64-systemv-elf-linux	compiler/lowering/collections/vector_ir.inc	NEBOC_VECTOR_IR_FLAGS_REQUIRED	3	4aaa68f37b443ee353ca5f04b85a858803e21b73d82c2b7228eeeabffb15dcc5	Owner contract; internal fields remain internal; no universal ABI promise
compiler/lowering/collections/vector_ir.inc::NEBOC_VECTOR_IR_DIAG_INVARIANT	x86_64-systemv-elf-linux	compiler/lowering/collections/vector_ir.inc	NEBOC_VECTOR_IR_DIAG_INVARIANT	11	1d3127f50974dc8f38f9edc059441a4e653adaf15a83f9665187a83eabbdda3d	Owner contract; internal fields remain internal; no universal ABI promise
compiler/lowering/collections/vector_ir.inc::NEBOC_VECTOR_IR_DIAG_TARGET	x86_64-systemv-elf-linux	compiler/lowering/collections/vector_ir.inc	NEBOC_VECTOR_IR_DIAG_TARGET	12	bd107dd28b73fe47446abcd6cfb0b110eff6baf7024767e540850419d90c314c	Owner contract; internal fields remain internal; no universal ABI promise
compiler/lowering/collections/vector_ir.inc::NEBOC_VECTOR_IR_OPERATION_OFFSET	x86_64-systemv-elf-linux	compiler/lowering/collections/vector_ir.inc	NEBOC_VECTOR_IR_OPERATION_OFFSET	0	e411a92cd4a1d9fb4692bce586205359564a8af1ff817f9d174175b0cd9fc3a3	Owner contract; internal fields remain internal; no universal ABI promise
compiler/lowering/collections/vector_ir.inc::NEBOC_VECTOR_IR_SEMANTIC_HASH_OFFSET	x86_64-systemv-elf-linux	compiler/lowering/collections/vector_ir.inc	NEBOC_VECTOR_IR_SEMANTIC_HASH_OFFSET	8	71c89597749273202e12af2dee2d046c1cab4136b973ce5de6e2385b2e1f8545	Owner contract; internal fields remain internal; no universal ABI promise
compiler/lowering/collections/vector_ir.inc::NEBOC_VECTOR_IR_INDEX_OFFSET	x86_64-systemv-elf-linux	compiler/lowering/collections/vector_ir.inc	NEBOC_VECTOR_IR_INDEX_OFFSET	16	a1d7515667ac5c3135aabd04f5d8dce8088d924e6794ce13986e82ae8be6c560	Owner contract; internal fields remain internal; no universal ABI promise
compiler/lowering/collections/vector_ir.inc::NEBOC_VECTOR_IR_TARGET_OFFSET	x86_64-systemv-elf-linux	compiler/lowering/collections/vector_ir.inc	NEBOC_VECTOR_IR_TARGET_OFFSET	24	57bc49abd3fe18cd1107553336463ae40f8fffaedbfca929ee356d0309837d4d	Owner contract; internal fields remain internal; no universal ABI promise
compiler/lowering/collections/vector_ir.inc::NEBOC_VECTOR_IR_FLAGS_OFFSET	x86_64-systemv-elf-linux	compiler/lowering/collections/vector_ir.inc	NEBOC_VECTOR_IR_FLAGS_OFFSET	32	18954360b21216dea0c72775c9c26f25404baa5448bdbe9c7285f9fffa2b396f	Owner contract; internal fields remain internal; no universal ABI promise
compiler/lowering/collections/vector_ir.inc::NEBOC_VECTOR_IR_SEMANTIC_RESULT_OFFSET	x86_64-systemv-elf-linux	compiler/lowering/collections/vector_ir.inc	NEBOC_VECTOR_IR_SEMANTIC_RESULT_OFFSET	40	22c6ac8e0f79efb194e0f9dbbb459c87d2e48e8ae32faf9caf9561028222c79c	Owner contract; internal fields remain internal; no universal ABI promise
compiler/lowering/collections/vector_ir.inc::NEBOC_VECTOR_IR_OUTPUT_KIND_OFFSET	x86_64-systemv-elf-linux	compiler/lowering/collections/vector_ir.inc	NEBOC_VECTOR_IR_OUTPUT_KIND_OFFSET	48	5eeb8f5666217b80ee48a1fa011dcdc38ff2826625c4bdd686df7b59c36dde7d	Owner contract; internal fields remain internal; no universal ABI promise
compiler/lowering/collections/vector_ir.inc::NEBOC_VECTOR_IR_BYTE_OFFSET_OFFSET	x86_64-systemv-elf-linux	compiler/lowering/collections/vector_ir.inc	NEBOC_VECTOR_IR_BYTE_OFFSET_OFFSET	56	4721d93ba7d3b107f52bf7f224760a5ff1a7dd4ed85b75f89a614425c6071342	Owner contract; internal fields remain internal; no universal ABI promise
compiler/lowering/collections/vector_ir.inc::NEBOC_VECTOR_IR_CONSTANT_VALUE_OFFSET	x86_64-systemv-elf-linux	compiler/lowering/collections/vector_ir.inc	NEBOC_VECTOR_IR_CONSTANT_VALUE_OFFSET	64	fe2c7b28c10635565feb486a15dae61df182d3ad87de826bcc7add8ec7588183	Owner contract; internal fields remain internal; no universal ABI promise
compiler/lowering/collections/vector_ir.inc::NEBOC_VECTOR_IR_ALLOCATION_COUNT_OFFSET	x86_64-systemv-elf-linux	compiler/lowering/collections/vector_ir.inc	NEBOC_VECTOR_IR_ALLOCATION_COUNT_OFFSET	72	83490f1760ee1d01179c481746615687c8e068490d7670f3cedd70bcc21e577c	Owner contract; internal fields remain internal; no universal ABI promise
compiler/lowering/collections/vector_ir.inc::NEBOC_VECTOR_IR_HASH_OFFSET	x86_64-systemv-elf-linux	compiler/lowering/collections/vector_ir.inc	NEBOC_VECTOR_IR_HASH_OFFSET	80	b282aeff126d0a818ff7676d9c8eeb31397b1dd43dfc6835f791e4a3a2478130	Owner contract; internal fields remain internal; no universal ABI promise
compiler/lowering/collections/vector_ir.inc::NEBOC_VECTOR_IR_DIAGNOSTIC_OFFSET	x86_64-systemv-elf-linux	compiler/lowering/collections/vector_ir.inc	NEBOC_VECTOR_IR_DIAGNOSTIC_OFFSET	88	b8fe1ed95b2fdd9e2cc2c01c15481a0bc64f7b518e8e7a5bfda0af91519a412b	Owner contract; internal fields remain internal; no universal ABI promise
compiler/lowering/collections/vector_ir.inc::NEBOC_VECTOR_IR_REQUEST_SIZE	x86_64-systemv-elf-linux	compiler/lowering/collections/vector_ir.inc	NEBOC_VECTOR_IR_REQUEST_SIZE	96	743bb2d61d4d8c64c0e4f380771a356b72cd16c95b03e8068427de21045e9e23	Owner contract; internal fields remain internal; no universal ABI promise
compiler/lowering/collections/vector_ir.inc::NEBOC_VECTOR_IR_REQUEST_QWORDS	x86_64-systemv-elf-linux	compiler/lowering/collections/vector_ir.inc	NEBOC_VECTOR_IR_REQUEST_QWORDS	12	908a57666fc3a9f0bc28cef100c8d443049a6df57845483d8ad012ac1ca143f5	Owner contract; internal fields remain internal; no universal ABI promise
compiler/lowering/collections/vector_layout.inc::NEBOC_VECTOR_LAYOUT_DIAG_INVARIANT	x86_64-systemv-elf-linux	compiler/lowering/collections/vector_layout.inc	NEBOC_VECTOR_LAYOUT_DIAG_INVARIANT	13	49996204f7690cf23c84b13e2fc1bd7305fc3699591afc50dd2e4250312237d0	Owner contract; internal fields remain internal; no universal ABI promise
compiler/lowering/collections/vector_layout.inc::NEBOC_VECTOR_LAYOUT_ELEMENT_SIZE_OFFSET	x86_64-systemv-elf-linux	compiler/lowering/collections/vector_layout.inc	NEBOC_VECTOR_LAYOUT_ELEMENT_SIZE_OFFSET	0	537d8e511613b9c03d038c2d70b566fdf5f9dbc8356053f40e46336c0df61736	Owner contract; internal fields remain internal; no universal ABI promise
compiler/lowering/collections/vector_layout.inc::NEBOC_VECTOR_LAYOUT_ELEMENT_COUNT_OFFSET	x86_64-systemv-elf-linux	compiler/lowering/collections/vector_layout.inc	NEBOC_VECTOR_LAYOUT_ELEMENT_COUNT_OFFSET	8	5183cde118235c03ef0d604b481316a0e225f9d6db947dca7480f01f433a4ba9	Owner contract; internal fields remain internal; no universal ABI promise
compiler/lowering/collections/vector_layout.inc::NEBOC_VECTOR_LAYOUT_SIZE_OFFSET	x86_64-systemv-elf-linux	compiler/lowering/collections/vector_layout.inc	NEBOC_VECTOR_LAYOUT_SIZE_OFFSET	16	7b8cee0e4d542c1f7fa1f8ae88a067954fe4d9b17ca2636a047c8e6325ebf089	Owner contract; internal fields remain internal; no universal ABI promise
compiler/lowering/collections/vector_layout.inc::NEBOC_VECTOR_LAYOUT_ALIGNMENT_OFFSET	x86_64-systemv-elf-linux	compiler/lowering/collections/vector_layout.inc	NEBOC_VECTOR_LAYOUT_ALIGNMENT_OFFSET	24	81402fcea874d214142212b068318320529117105fdb309f3bcb7ffeee58ea1f	Owner contract; internal fields remain internal; no universal ABI promise
compiler/lowering/collections/vector_layout.inc::NEBOC_VECTOR_LAYOUT_STRIDE_OFFSET	x86_64-systemv-elf-linux	compiler/lowering/collections/vector_layout.inc	NEBOC_VECTOR_LAYOUT_STRIDE_OFFSET	32	79d963b9911c388c917823f7a031ac13efbbef4ec4cf195d6e59620c361d6654	Owner contract; internal fields remain internal; no universal ABI promise
compiler/lowering/collections/vector_layout.inc::NEBOC_VECTOR_LAYOUT_METADATA_SIZE_OFFSET	x86_64-systemv-elf-linux	compiler/lowering/collections/vector_layout.inc	NEBOC_VECTOR_LAYOUT_METADATA_SIZE_OFFSET	40	2275c4be146373214cac7ca3d2d148f1b5dbd42f0ba092bd90d58c4904edb5a7	Owner contract; internal fields remain internal; no universal ABI promise
compiler/lowering/collections/vector_layout.inc::NEBOC_VECTOR_LAYOUT_ALLOCATION_COUNT_OFFSET	x86_64-systemv-elf-linux	compiler/lowering/collections/vector_layout.inc	NEBOC_VECTOR_LAYOUT_ALLOCATION_COUNT_OFFSET	48	43f8ce67278d7e73849dfc2dbda83ea643552ce69b9bdbe6c57dafc76ea2178c	Owner contract; internal fields remain internal; no universal ABI promise
compiler/lowering/collections/vector_layout.inc::NEBOC_VECTOR_LAYOUT_DIAGNOSTIC_OFFSET	x86_64-systemv-elf-linux	compiler/lowering/collections/vector_layout.inc	NEBOC_VECTOR_LAYOUT_DIAGNOSTIC_OFFSET	56	0b89f49c0a51bf454f813fdada9c00ecf9a44557cbf80a51686ac7be0b4d79ca	Owner contract; internal fields remain internal; no universal ABI promise
compiler/lowering/collections/vector_layout.inc::NEBOC_VECTOR_LAYOUT_REQUEST_SIZE	x86_64-systemv-elf-linux	compiler/lowering/collections/vector_layout.inc	NEBOC_VECTOR_LAYOUT_REQUEST_SIZE	64	c0393c4410960de806a194a64e0cbfb5835447700415bbff6d02ce6d735a027f	Owner contract; internal fields remain internal; no universal ABI promise
compiler/lowering/collections/vector_layout.inc::NEBOC_VECTOR_LAYOUT_REQUEST_QWORDS	x86_64-systemv-elf-linux	compiler/lowering/collections/vector_layout.inc	NEBOC_VECTOR_LAYOUT_REQUEST_QWORDS	8	cc23710902462d317ad1bd31a3c8fd7995eb224408f42a2d1c9e6cde2abfc03a	Owner contract; internal fields remain internal; no universal ABI promise
compiler/lowering/color.inc::NEBOC_COLOR_SUGAR_RGB	x86_64-systemv-elf-linux	compiler/lowering/color.inc	NEBOC_COLOR_SUGAR_RGB	1	916c5f5eedd021471d58405c477e3f1502178db24eb342ce8fea78033e8d7711	Owner contract; internal fields remain internal; no universal ABI promise
compiler/lowering/color.inc::NEBOC_COLOR_SUGAR_RGBA	x86_64-systemv-elf-linux	compiler/lowering/color.inc	NEBOC_COLOR_SUGAR_RGBA	2	9f3e062b460f9d6cbe54dd48d2f427cc9965ef0dc35d1581efebc60e7dd2dd0f	Owner contract; internal fields remain internal; no universal ABI promise
compiler/lowering/color.inc::NEBOC_COLOR_SUGAR_HEX	x86_64-systemv-elf-linux	compiler/lowering/color.inc	NEBOC_COLOR_SUGAR_HEX	3	1cc36cb3cf6f95836dafdf6bd5e4a4615ee6481f6ff01f7fa6d090e2f43ad167	Owner contract; internal fields remain internal; no universal ABI promise
compiler/lowering/color.inc::NEBOC_COLOR_SUGAR_FORM_OFFSET	x86_64-systemv-elf-linux	compiler/lowering/color.inc	NEBOC_COLOR_SUGAR_FORM_OFFSET	0	149a8659a024655e76ac2709200439771deccb7909e3e7407205dc2fc16b47e8	Owner contract; internal fields remain internal; no universal ABI promise
compiler/lowering/color.inc::NEBOC_COLOR_SUGAR_ARGUMENTS_OFFSET	x86_64-systemv-elf-linux	compiler/lowering/color.inc	NEBOC_COLOR_SUGAR_ARGUMENTS_OFFSET	8	f7d6468e36b39325d8c26fc104f2ea7835bca584377f8503b5ddefd1711c9c0d	Owner contract; internal fields remain internal; no universal ABI promise
compiler/lowering/color.inc::NEBOC_COLOR_SUGAR_ARGUMENT_COUNT_OFFSET	x86_64-systemv-elf-linux	compiler/lowering/color.inc	NEBOC_COLOR_SUGAR_ARGUMENT_COUNT_OFFSET	16	a8765cf2b0fcd0ebefd4abfda9d4a41e35d52be0054d126bbfc8adb65e678ec8	Owner contract; internal fields remain internal; no universal ABI promise
compiler/lowering/color.inc::NEBOC_COLOR_SUGAR_TEXT_OFFSET	x86_64-systemv-elf-linux	compiler/lowering/color.inc	NEBOC_COLOR_SUGAR_TEXT_OFFSET	24	d5c903d33d9483d26cdf2531080d3abc7c0cf0e201607dc4a9b578406e92a028	Owner contract; internal fields remain internal; no universal ABI promise
compiler/lowering/color.inc::NEBOC_COLOR_SUGAR_TEXT_LENGTH_OFFSET	x86_64-systemv-elf-linux	compiler/lowering/color.inc	NEBOC_COLOR_SUGAR_TEXT_LENGTH_OFFSET	32	3bda88de097b39d53f4594915716bc402b4938536d8a1542c470a8ba9a183fe1	Owner contract; internal fields remain internal; no universal ABI promise
compiler/lowering/color.inc::NEBOC_COLOR_SUGAR_SIZE	x86_64-systemv-elf-linux	compiler/lowering/color.inc	NEBOC_COLOR_SUGAR_SIZE	40	b171076a50fd9727e4596a4dd29d842ad0570da9250c038d98bb343ff20af45c	Owner contract; internal fields remain internal; no universal ABI promise
compiler/lowering/console_calls.inc::NEBOC_OPTION_EVALUATION_FAILED	x86_64-systemv-elf-linux	compiler/lowering/console_calls.inc	NEBOC_OPTION_EVALUATION_FAILED	6	ebe709c0fea4590dd68b20bd8017d6d68e1d425b4c413e8fd53b501d93ad0b37	Owner contract; internal fields remain internal; no universal ABI promise
compiler/lowering/console_calls.inc::NEBOC_EVALUATOR_FUNCTION_OFFSET	x86_64-systemv-elf-linux	compiler/lowering/console_calls.inc	NEBOC_EVALUATOR_FUNCTION_OFFSET	0	962e47c76ae7b7bb58ffe56e8e39eb2614e81d3c339bfba65e1196307f9cb34a	Owner contract; internal fields remain internal; no universal ABI promise
compiler/lowering/console_calls.inc::NEBOC_EVALUATOR_CONTEXT_OFFSET	x86_64-systemv-elf-linux	compiler/lowering/console_calls.inc	NEBOC_EVALUATOR_CONTEXT_OFFSET	8	337055a9924b45bc4a74df28aa6daa084ee9b21d90b775e03ee63ba418044922	Owner contract; internal fields remain internal; no universal ABI promise
compiler/lowering/console_calls.inc::NEBOC_EVALUATOR_CLEANUP_OFFSET	x86_64-systemv-elf-linux	compiler/lowering/console_calls.inc	NEBOC_EVALUATOR_CLEANUP_OFFSET	16	a4993b8c434050441dc8f51ae5ee9d776edf8174fcb34342505d55c8b4679c9d	Owner contract; internal fields remain internal; no universal ABI promise
compiler/lowering/console_calls.inc::NEBOC_EVALUATOR_SIZE	x86_64-systemv-elf-linux	compiler/lowering/console_calls.inc	NEBOC_EVALUATOR_SIZE	24	563c59e2d470d7a22b0a3ad31f44a456708342012ebafe8960f13fda7c59cd3e	Owner contract; internal fields remain internal; no universal ABI promise
compiler/lowering/console_calls.inc::NEBOC_EVALUATION_PLAN_VALUES_OFFSET	x86_64-systemv-elf-linux	compiler/lowering/console_calls.inc	NEBOC_EVALUATION_PLAN_VALUES_OFFSET	0	0e07407841936bea86981f07b5217636b45fa9197ef9505a646d69b7703d8292	Owner contract; internal fields remain internal; no universal ABI promise
compiler/lowering/console_calls.inc::NEBOC_EVALUATION_PLAN_COUNT_OFFSET	x86_64-systemv-elf-linux	compiler/lowering/console_calls.inc	NEBOC_EVALUATION_PLAN_COUNT_OFFSET	8	91fc329e8312708f786ad91354498b51d4246a3e8ee29737351620cc48b42ff1	Owner contract; internal fields remain internal; no universal ABI promise
compiler/lowering/console_calls.inc::NEBOC_EVALUATION_PLAN_STEPS_OFFSET	x86_64-systemv-elf-linux	compiler/lowering/console_calls.inc	NEBOC_EVALUATION_PLAN_STEPS_OFFSET	16	ee900edb7d4e1662659363542c0cce138703e969a6c72c6eca4889181e1398d3	Owner contract; internal fields remain internal; no universal ABI promise
compiler/lowering/console_calls.inc::NEBOC_EVALUATION_PLAN_STATE_OFFSET	x86_64-systemv-elf-linux	compiler/lowering/console_calls.inc	NEBOC_EVALUATION_PLAN_STATE_OFFSET	24	9c361bf041185df10de1c1c40ca83da90b58594e3ce2cba40fa9f97e20d6a139	Owner contract; internal fields remain internal; no universal ABI promise
compiler/lowering/console_calls.inc::NEBOC_EVALUATION_PLAN_SIZE	x86_64-systemv-elf-linux	compiler/lowering/console_calls.inc	NEBOC_EVALUATION_PLAN_SIZE	32	c40533edec0539d393b04146b0aa95eefba84ea49e30aef5b7cae1afb7c50e05	Owner contract; internal fields remain internal; no universal ABI promise
compiler/lowering/console_calls.inc::NEBOC_EVALUATION_PLAN_READY	x86_64-systemv-elf-linux	compiler/lowering/console_calls.inc	NEBOC_EVALUATION_PLAN_READY	1	8b6519ec5e7c3b34b12f5c13dd675523cc837ae4628edfccf8bed455d978e7ca	Owner contract; internal fields remain internal; no universal ABI promise
compiler/lowering/const_binding.inc::NEBOC_CONST_LOCAL_VALUE_OFFSET	x86_64-systemv-elf-linux	compiler/lowering/const_binding.inc	NEBOC_CONST_LOCAL_VALUE_OFFSET	0	4568c3c04c08ab6b1691870a1eb93cf81a2224029d2fbac7fee9d822735cee61	Owner contract; internal fields remain internal; no universal ABI promise
compiler/lowering/const_binding.inc::NEBOC_CONST_LOCAL_SYMBOL_ID_OFFSET	x86_64-systemv-elf-linux	compiler/lowering/const_binding.inc	NEBOC_CONST_LOCAL_SYMBOL_ID_OFFSET	8	6fffbe09b504377c32629bb7eba79c93196a4c0c7d407a135a45433bd537d965	Owner contract; internal fields remain internal; no universal ABI promise
compiler/lowering/const_binding.inc::NEBOC_CONST_LOCAL_EVALUATION_COUNT_OFFSET	x86_64-systemv-elf-linux	compiler/lowering/const_binding.inc	NEBOC_CONST_LOCAL_EVALUATION_COUNT_OFFSET	16	a683978e836e15f9bb770439664f704f241da995d959435acdda3022b009fc51	Owner contract; internal fields remain internal; no universal ABI promise
compiler/lowering/const_binding.inc::NEBOC_CONST_LOCAL_STATE_OFFSET	x86_64-systemv-elf-linux	compiler/lowering/const_binding.inc	NEBOC_CONST_LOCAL_STATE_OFFSET	24	07a4a3d503faa22ec96b473a90fa6526d519fb6e12fb69fd546463d8e8c19d14	Owner contract; internal fields remain internal; no universal ABI promise
compiler/lowering/const_binding.inc::NEBOC_CONST_LOCAL_SIZE	x86_64-systemv-elf-linux	compiler/lowering/const_binding.inc	NEBOC_CONST_LOCAL_SIZE	32	50b7d9d2851cf0889f7c57c6b21675490ef8e6cac7b2c879e2a94b5d3de3a0a5	Owner contract; internal fields remain internal; no universal ABI promise
compiler/lowering/const_binding.inc::NEBOC_CONST_LOCAL_INITIALIZED	x86_64-systemv-elf-linux	compiler/lowering/const_binding.inc	NEBOC_CONST_LOCAL_INITIALIZED	1	85d614ac16547cb5103c446b1384bcb3a760172bfcfe0740f033ca7006e6fd30	Owner contract; internal fields remain internal; no universal ABI promise
compiler/lowering/const_binding.inc::NEBOC_CONST_INITIALIZER_FAILED	x86_64-systemv-elf-linux	compiler/lowering/const_binding.inc	NEBOC_CONST_INITIALIZER_FAILED	8	b0a7791e70e39ad24b2229a51fffd981747f9fcfb8fa984f392a47a4bb41a696	Owner contract; internal fields remain internal; no universal ABI promise
compiler/lowering/domain/domain_refinement_ir_contract.inc::NEBOC_IR_KIND_RESULT_CONSTRUCT	x86_64-systemv-elf-linux	compiler/lowering/domain/domain_refinement_ir_contract.inc	NEBOC_IR_KIND_RESULT_CONSTRUCT	1	3e5258270ee54c292ba29a22f78b2c117396f6ec5d91f409e8cbd33ba6e0c25b	Owner contract; internal fields remain internal; no universal ABI promise
compiler/lowering/domain/domain_refinement_ir_contract.inc::NEBOC_IR_KIND_PREDICATE	x86_64-systemv-elf-linux	compiler/lowering/domain/domain_refinement_ir_contract.inc	NEBOC_IR_KIND_PREDICATE	2	d2c506f07495ed36e218f0360fa6979823a1bb1d4af09f00c69bf7fb4b79fcd9	Owner contract; internal fields remain internal; no universal ABI promise
compiler/lowering/domain/domain_refinement_ir_contract.inc::NEBOC_IR_KIND_EXTRACT_OR	x86_64-systemv-elf-linux	compiler/lowering/domain/domain_refinement_ir_contract.inc	NEBOC_IR_KIND_EXTRACT_OR	3	06a99d8310451dfb5baed2a2e2a7e8c74c869aab9aafb5f0b634d2a8792da445	Owner contract; internal fields remain internal; no universal ABI promise
compiler/lowering/domain/domain_refinement_ir_contract.inc::neboc_tipos_semanticos_refinamentos_unidades_e_opaque_types_IR_TARGET_X86_64_SYSV	x86_64-systemv-elf-linux	compiler/lowering/domain/domain_refinement_ir_contract.inc	neboc_tipos_semanticos_refinamentos_unidades_e_opaque_types_IR_TARGET_X86_64_SYSV	1	ae646c00fa992f6e2d54dd37635694a021637807cc4cfa7230f15332f901a6a1	Owner contract; internal fields remain internal; no universal ABI promise
compiler/lowering/domain/domain_refinement_ir_contract.inc::NEBOC_IR_ABI_INTEGER	x86_64-systemv-elf-linux	compiler/lowering/domain/domain_refinement_ir_contract.inc	NEBOC_IR_ABI_INTEGER	1	b6ddd456c33635cd830e9c4580cbf4243955faccf78852aa4b6a81cf85046881	Owner contract; internal fields remain internal; no universal ABI promise
compiler/lowering/domain/domain_refinement_ir_contract.inc::NEBOC_IR_FLAG_NOMINAL_TYPE	x86_64-systemv-elf-linux	compiler/lowering/domain/domain_refinement_ir_contract.inc	NEBOC_IR_FLAG_NOMINAL_TYPE	1	f7c23f6a930cb77d3c1016071155080374e26f4575ff7ab5ed9a05fa9c93770e	Owner contract; internal fields remain internal; no universal ABI promise
compiler/lowering/domain/domain_refinement_ir_contract.inc::NEBOC_IR_FLAG_TYPED_RESULT	x86_64-systemv-elf-linux	compiler/lowering/domain/domain_refinement_ir_contract.inc	NEBOC_IR_FLAG_TYPED_RESULT	2	9e6a0b4658eef73a27ff6009dd496a468526576748a1f34d0d64d9ce07c147ef	Owner contract; internal fields remain internal; no universal ABI promise
compiler/lowering/domain/domain_refinement_ir_contract.inc::NEBOC_IR_FLAG_ZERO_ALLOCATION	x86_64-systemv-elf-linux	compiler/lowering/domain/domain_refinement_ir_contract.inc	NEBOC_IR_FLAG_ZERO_ALLOCATION	4	d07936bffad2896ca2958edd4322c7d5da4e7f4b2da85fc88b620e76f3aa7464	Owner contract; internal fields remain internal; no universal ABI promise
compiler/lowering/domain/domain_refinement_ir_contract.inc::NEBOC_IR_FLAG_PAYLOAD_PRESERVED	x86_64-systemv-elf-linux	compiler/lowering/domain/domain_refinement_ir_contract.inc	NEBOC_IR_FLAG_PAYLOAD_PRESERVED	8	28bd3b7519dcf75c55cacc5b0a4498798884996b8b66866af9ba31ae98705f20	Owner contract; internal fields remain internal; no universal ABI promise
compiler/lowering/domain/domain_refinement_ir_contract.inc::NEBOC_IR_FLAG_DETERMINISTIC	x86_64-systemv-elf-linux	compiler/lowering/domain/domain_refinement_ir_contract.inc	NEBOC_IR_FLAG_DETERMINISTIC	16	f19b810e99c474c12589159b8a409b1a4b2ff4fcbd4935a2b3ab1c859261de71	Owner contract; internal fields remain internal; no universal ABI promise
compiler/lowering/domain/domain_refinement_ir_contract.inc::NEBOC_IR_FLAGS_REQUIRED	x86_64-systemv-elf-linux	compiler/lowering/domain/domain_refinement_ir_contract.inc	NEBOC_IR_FLAGS_REQUIRED	31	1436c8f808451588c2331bf30147da26ed169ad390b867e996e08c247f56b1d7	Owner contract; internal fields remain internal; no universal ABI promise
compiler/lowering/domain/domain_refinement_ir_contract.inc::NEBOC_IR_DIAG_NONE	x86_64-systemv-elf-linux	compiler/lowering/domain/domain_refinement_ir_contract.inc	NEBOC_IR_DIAG_NONE	0	a0325d8f8718457eb77fe306215e5378a8a1ee77b7ece62d9c66126071310abb	Owner contract; internal fields remain internal; no universal ABI promise
compiler/lowering/domain/domain_refinement_ir_contract.inc::NEBOC_IR_DIAG_SEMANTIC_INVALID	x86_64-systemv-elf-linux	compiler/lowering/domain/domain_refinement_ir_contract.inc	NEBOC_IR_DIAG_SEMANTIC_INVALID	1	3ef81888f79cdd0506c293382bbde767452c894b27f2cd03965258a90e38296b	Owner contract; internal fields remain internal; no universal ABI promise
compiler/lowering/domain/domain_refinement_ir_contract.inc::NEBOC_IR_DIAG_SEMANTIC_HASH_MISMATCH	x86_64-systemv-elf-linux	compiler/lowering/domain/domain_refinement_ir_contract.inc	NEBOC_IR_DIAG_SEMANTIC_HASH_MISMATCH	2	6c34e07b41fbd34030562bc51c686d1f447de1c5253c193bc2b053f81c92d88f	Owner contract; internal fields remain internal; no universal ABI promise
compiler/lowering/domain/domain_refinement_ir_contract.inc::NEBOC_IR_DIAG_TYPE_INVARIANT	x86_64-systemv-elf-linux	compiler/lowering/domain/domain_refinement_ir_contract.inc	NEBOC_IR_DIAG_TYPE_INVARIANT	3	829b52e03ccdb89822823aa233541568bbeb8247fb56c273e8dff8dc63421572	Owner contract; internal fields remain internal; no universal ABI promise
compiler/lowering/domain/domain_refinement_ir_contract.inc::NEBOC_IR_DIAG_TAG_INVARIANT	x86_64-systemv-elf-linux	compiler/lowering/domain/domain_refinement_ir_contract.inc	NEBOC_IR_DIAG_TAG_INVARIANT	4	639367f304a808941dfe8e24317a89b584390ae1fe8fe042fd9af05d1fcb993e	Owner contract; internal fields remain internal; no universal ABI promise
compiler/lowering/domain/domain_refinement_ir_contract.inc::NEBOC_IR_DIAG_TARGET_UNSUPPORTED	x86_64-systemv-elf-linux	compiler/lowering/domain/domain_refinement_ir_contract.inc	NEBOC_IR_DIAG_TARGET_UNSUPPORTED	5	94170417bb1ec49a8ebcf438203bcb40d5ebf5b334082ab516988659eccc130d	Owner contract; internal fields remain internal; no universal ABI promise
compiler/lowering/domain/domain_refinement_ir_contract.inc::NEBOC_IR_DIAG_PAYLOAD_INVARIANT	x86_64-systemv-elf-linux	compiler/lowering/domain/domain_refinement_ir_contract.inc	NEBOC_IR_DIAG_PAYLOAD_INVARIANT	6	42bdf91c9c6b0eeaaa8a8cb7205efb75c6b9c953e0c881c8684f5029ef51a266	Owner contract; internal fields remain internal; no universal ABI promise
compiler/lowering/domain/domain_refinement_ir_contract.inc::neboc_tipos_semanticos_refinamentos_unidades_e_opaque_types_IR_KIND_OFFSET	x86_64-systemv-elf-linux	compiler/lowering/domain/domain_refinement_ir_contract.inc	neboc_tipos_semanticos_refinamentos_unidades_e_opaque_types_IR_KIND_OFFSET	0	641a96efcd97708d4004287423243ca34399d55409989ebe8dd79804fa4229f9	Owner contract; internal fields remain internal; no universal ABI promise
compiler/lowering/domain/domain_refinement_ir_contract.inc::neboc_tipos_semanticos_refinamentos_unidades_e_opaque_types_IR_SEMANTIC_PTR_OFFSET	x86_64-systemv-elf-linux	compiler/lowering/domain/domain_refinement_ir_contract.inc	neboc_tipos_semanticos_refinamentos_unidades_e_opaque_types_IR_SEMANTIC_PTR_OFFSET	8	0a1ffd6c55c92fd266c34805aef04df44d51b0c0bb8d8bc1646915fc5bb595af	Owner contract; internal fields remain internal; no universal ABI promise
compiler/lowering/domain/domain_refinement_ir_contract.inc::neboc_tipos_semanticos_refinamentos_unidades_e_opaque_types_IR_SEMANTIC_HASH_OFFSET	x86_64-systemv-elf-linux	compiler/lowering/domain/domain_refinement_ir_contract.inc	neboc_tipos_semanticos_refinamentos_unidades_e_opaque_types_IR_SEMANTIC_HASH_OFFSET	16	1368a9325e878d403f572b6de7968b6c128012df29d5cb7e53a45f1666e6859b	Owner contract; internal fields remain internal; no universal ABI promise
compiler/lowering/domain/domain_refinement_ir_contract.inc::NEBOC_IR_INPUT_TYPE_OFFSET	x86_64-systemv-elf-linux	compiler/lowering/domain/domain_refinement_ir_contract.inc	NEBOC_IR_INPUT_TYPE_OFFSET	24	9ab8b5d0183fa06fed4bde8471ece23ad3b83b5456ef8d62c6924695d3b6d60e	Owner contract; internal fields remain internal; no universal ABI promise
compiler/lowering/domain/domain_refinement_ir_contract.inc::NEBOC_IR_OUTPUT_TYPE_OFFSET	x86_64-systemv-elf-linux	compiler/lowering/domain/domain_refinement_ir_contract.inc	NEBOC_IR_OUTPUT_TYPE_OFFSET	32	f118acd49cf3a0da4fe046dce27eada1b8afce0b9010bae00c0cf6f9de7d535e	Owner contract; internal fields remain internal; no universal ABI promise
compiler/lowering/domain/domain_refinement_ir_contract.inc::NEBOC_IR_TAG_OFFSET	x86_64-systemv-elf-linux	compiler/lowering/domain/domain_refinement_ir_contract.inc	NEBOC_IR_TAG_OFFSET	40	ca99b248f97f159e815b9de097023b26af4fc9efb994ea1d788f46b4e5502728	Owner contract; internal fields remain internal; no universal ABI promise
compiler/lowering/domain/domain_refinement_ir_contract.inc::NEBOC_IR_PAYLOAD_OFFSET	x86_64-systemv-elf-linux	compiler/lowering/domain/domain_refinement_ir_contract.inc	NEBOC_IR_PAYLOAD_OFFSET	48	8477541542ce7e80b3ae566b4c63e4fea34c0fc9d3f6425a27233c56621a8df8	Owner contract; internal fields remain internal; no universal ABI promise
compiler/lowering/domain/domain_refinement_ir_contract.inc::neboc_tipos_semanticos_refinamentos_unidades_e_opaque_types_IR_TARGET_OFFSET	x86_64-systemv-elf-linux	compiler/lowering/domain/domain_refinement_ir_contract.inc	neboc_tipos_semanticos_refinamentos_unidades_e_opaque_types_IR_TARGET_OFFSET	56	fc1c6612605a7ba5b7ac4ec2f0e05a0856530e359db912d9daab658902b01134	Owner contract; internal fields remain internal; no universal ABI promise
compiler/lowering/domain/domain_refinement_ir_contract.inc::NEBOC_IR_SLOT_SIZE_OFFSET	x86_64-systemv-elf-linux	compiler/lowering/domain/domain_refinement_ir_contract.inc	NEBOC_IR_SLOT_SIZE_OFFSET	64	9c9f3222cc0e9f4b736a8ac2f36ca14acfbf32f393f01cc934107383d79df2e4	Owner contract; internal fields remain internal; no universal ABI promise
compiler/lowering/domain/domain_refinement_ir_contract.inc::NEBOC_IR_SLOT_ALIGNMENT_OFFSET	x86_64-systemv-elf-linux	compiler/lowering/domain/domain_refinement_ir_contract.inc	NEBOC_IR_SLOT_ALIGNMENT_OFFSET	72	cf64d5f6378f1447a58171a16a4f73b594e48aa0c915147044ca823aec2eeab2	Owner contract; internal fields remain internal; no universal ABI promise
compiler/lowering/domain/domain_refinement_ir_contract.inc::NEBOC_IR_TAG_OFFSET_OFFSET	x86_64-systemv-elf-linux	compiler/lowering/domain/domain_refinement_ir_contract.inc	NEBOC_IR_TAG_OFFSET_OFFSET	80	141e48a3af13f08488fa6b0ad8b4008279e005b8e74b8a395d7da896db5d9579	Owner contract; internal fields remain internal; no universal ABI promise
compiler/lowering/domain/domain_refinement_ir_contract.inc::NEBOC_IR_PAYLOAD_OFFSET_OFFSET	x86_64-systemv-elf-linux	compiler/lowering/domain/domain_refinement_ir_contract.inc	NEBOC_IR_PAYLOAD_OFFSET_OFFSET	88	7a8da01d335d889554f0da0aef39f426ee616ea22378ed92ba853d667ad38fd5	Owner contract; internal fields remain internal; no universal ABI promise
compiler/lowering/domain/domain_refinement_ir_contract.inc::neboc_tipos_semanticos_refinamentos_unidades_e_opaque_types_IR_ABI_CLASS_OFFSET	x86_64-systemv-elf-linux	compiler/lowering/domain/domain_refinement_ir_contract.inc	neboc_tipos_semanticos_refinamentos_unidades_e_opaque_types_IR_ABI_CLASS_OFFSET	96	68b6319976cc52bc62b3396485c48f92459571b8d6612d65031f723ffe750593	Owner contract; internal fields remain internal; no universal ABI promise
compiler/lowering/domain/domain_refinement_ir_contract.inc::neboc_tipos_semanticos_refinamentos_unidades_e_opaque_types_IR_FLAGS_OFFSET	x86_64-systemv-elf-linux	compiler/lowering/domain/domain_refinement_ir_contract.inc	neboc_tipos_semanticos_refinamentos_unidades_e_opaque_types_IR_FLAGS_OFFSET	104	4c2ba4a0c35b7e287a44606c7a5e021cae26363efa9ef86c48ca9414c35e0b6a	Owner contract; internal fields remain internal; no universal ABI promise
compiler/lowering/domain/domain_refinement_ir_contract.inc::neboc_tipos_semanticos_refinamentos_unidades_e_opaque_types_IR_DIAGNOSTIC_OFFSET	x86_64-systemv-elf-linux	compiler/lowering/domain/domain_refinement_ir_contract.inc	neboc_tipos_semanticos_refinamentos_unidades_e_opaque_types_IR_DIAGNOSTIC_OFFSET	112	65e3912c3cfd3238d8796b66c03c511725b4c3491bab3c7294d908a11d3332bc	Owner contract; internal fields remain internal; no universal ABI promise
compiler/lowering/domain/domain_refinement_ir_contract.inc::neboc_tipos_semanticos_refinamentos_unidades_e_opaque_types_IR_HASH_OFFSET	x86_64-systemv-elf-linux	compiler/lowering/domain/domain_refinement_ir_contract.inc	neboc_tipos_semanticos_refinamentos_unidades_e_opaque_types_IR_HASH_OFFSET	120	8959a87f5ae98471d57101914885612897e80ea2dab9f5aa8c6cb166e864d041	Owner contract; internal fields remain internal; no universal ABI promise
compiler/lowering/domain/domain_refinement_ir_contract.inc::neboc_tipos_semanticos_refinamentos_unidades_e_opaque_types_IR_REQUEST_SIZE	x86_64-systemv-elf-linux	compiler/lowering/domain/domain_refinement_ir_contract.inc	neboc_tipos_semanticos_refinamentos_unidades_e_opaque_types_IR_REQUEST_SIZE	128	e8e7586ee4f9c55e5b565a7793fdac0bc4e41717532ed8891de1fc4ee30fcffa	Owner contract; internal fields remain internal; no universal ABI promise
compiler/lowering/domain/domain_refinement_ir_contract.inc::neboc_tipos_semanticos_refinamentos_unidades_e_opaque_types_IR_REQUEST_QWORDS	x86_64-systemv-elf-linux	compiler/lowering/domain/domain_refinement_ir_contract.inc	neboc_tipos_semanticos_refinamentos_unidades_e_opaque_types_IR_REQUEST_QWORDS	16	08e78dd7aaf16cab7b50b00b700eeee08a3f18c9470a8cb2f733752c09727f5a	Owner contract; internal fields remain internal; no universal ABI promise
compiler/lowering/domain/domain_refinement_native_contract.inc::NEBOC_NATIVE_OP_TRY	x86_64-systemv-elf-linux	compiler/lowering/domain/domain_refinement_native_contract.inc	NEBOC_NATIVE_OP_TRY	1	c00328a11c49bfe0252da76c776a1f61728d24318ad531d870f72a3b00e71682	Owner contract; internal fields remain internal; no universal ABI promise
compiler/lowering/domain/domain_refinement_native_contract.inc::NEBOC_NATIVE_OP_IS_OK	x86_64-systemv-elf-linux	compiler/lowering/domain/domain_refinement_native_contract.inc	NEBOC_NATIVE_OP_IS_OK	2	722e0381b16249cb194b77e62821a76ddff2652b36215f17cac653ae86b1a73e	Owner contract; internal fields remain internal; no universal ABI promise
compiler/lowering/domain/domain_refinement_native_contract.inc::NEBOC_NATIVE_OP_IS_ERR	x86_64-systemv-elf-linux	compiler/lowering/domain/domain_refinement_native_contract.inc	NEBOC_NATIVE_OP_IS_ERR	3	0a7b5709bfc8838827a187209900d2af2bf75f1309588ac0fc512337b994787e	Owner contract; internal fields remain internal; no universal ABI promise
compiler/lowering/domain/domain_refinement_native_contract.inc::NEBOC_NATIVE_OP_UNWRAP_OR	x86_64-systemv-elf-linux	compiler/lowering/domain/domain_refinement_native_contract.inc	NEBOC_NATIVE_OP_UNWRAP_OR	4	34369f410803a558b1d7a35ceca4ee6c030c88591e0cfb99ad06e78d382551ea	Owner contract; internal fields remain internal; no universal ABI promise
compiler/lowering/domain/domain_refinement_native_contract.inc::neboc_tipos_semanticos_refinamentos_unidades_e_opaque_types_NATIVE_REGISTER_NONE	x86_64-systemv-elf-linux	compiler/lowering/domain/domain_refinement_native_contract.inc	neboc_tipos_semanticos_refinamentos_unidades_e_opaque_types_NATIVE_REGISTER_NONE	0	c6fc7972d1b67504f2e37bd7e7357b4426c737c7726fefbdf3023fc2411e2bd0	Owner contract; internal fields remain internal; no universal ABI promise
compiler/lowering/domain/domain_refinement_native_contract.inc::neboc_tipos_semanticos_refinamentos_unidades_e_opaque_types_NATIVE_REGISTER_RDI	x86_64-systemv-elf-linux	compiler/lowering/domain/domain_refinement_native_contract.inc	neboc_tipos_semanticos_refinamentos_unidades_e_opaque_types_NATIVE_REGISTER_RDI	1	d7a67ff000ae267baaf9bc8b9ddfe93c19b5fc5164bd07bae80667ff84b0a255	Owner contract; internal fields remain internal; no universal ABI promise
compiler/lowering/domain/domain_refinement_native_contract.inc::neboc_tipos_semanticos_refinamentos_unidades_e_opaque_types_NATIVE_REGISTER_RSI	x86_64-systemv-elf-linux	compiler/lowering/domain/domain_refinement_native_contract.inc	neboc_tipos_semanticos_refinamentos_unidades_e_opaque_types_NATIVE_REGISTER_RSI	2	6a4e811bc007c868569cb1874fc36518d3d483936a69e30a7ef7ea1b223e0a0b	Owner contract; internal fields remain internal; no universal ABI promise
compiler/lowering/domain/domain_refinement_native_contract.inc::neboc_tipos_semanticos_refinamentos_unidades_e_opaque_types_NATIVE_REGISTER_RDX	x86_64-systemv-elf-linux	compiler/lowering/domain/domain_refinement_native_contract.inc	neboc_tipos_semanticos_refinamentos_unidades_e_opaque_types_NATIVE_REGISTER_RDX	3	8a475f56cb6b76066184b12d6b9ec1d1880356339d9c553789d3f24bb0245c9c	Owner contract; internal fields remain internal; no universal ABI promise
compiler/lowering/domain/domain_refinement_native_contract.inc::neboc_tipos_semanticos_refinamentos_unidades_e_opaque_types_NATIVE_REGISTER_RAX	x86_64-systemv-elf-linux	compiler/lowering/domain/domain_refinement_native_contract.inc	neboc_tipos_semanticos_refinamentos_unidades_e_opaque_types_NATIVE_REGISTER_RAX	4	79a9f77870d05acb3985a56992d00f7ffb14e8344590b14a4e448f210f4581e6	Owner contract; internal fields remain internal; no universal ABI promise
compiler/lowering/domain/domain_refinement_native_contract.inc::NEBOC_NATIVE_HELPER_TRY	x86_64-systemv-elf-linux	compiler/lowering/domain/domain_refinement_native_contract.inc	NEBOC_NATIVE_HELPER_TRY	1	bcb217dc41b422e39a78afcf030bfbbf842f0bd660316fcb39a0c17064d4902f	Owner contract; internal fields remain internal; no universal ABI promise
compiler/lowering/domain/domain_refinement_native_contract.inc::NEBOC_NATIVE_HELPER_IS_OK	x86_64-systemv-elf-linux	compiler/lowering/domain/domain_refinement_native_contract.inc	NEBOC_NATIVE_HELPER_IS_OK	2	fea099b839220cab1139d01d73cd38d68a66eb2b2c0a4107b4fbaca5f817fee1	Owner contract; internal fields remain internal; no universal ABI promise
compiler/lowering/domain/domain_refinement_native_contract.inc::NEBOC_NATIVE_HELPER_IS_ERR	x86_64-systemv-elf-linux	compiler/lowering/domain/domain_refinement_native_contract.inc	NEBOC_NATIVE_HELPER_IS_ERR	3	567f21689dcb02a11f9adacf8d3d50e73583b87fcbd2a917cf482e0588da608a	Owner contract; internal fields remain internal; no universal ABI promise
compiler/lowering/domain/domain_refinement_native_contract.inc::NEBOC_NATIVE_HELPER_UNWRAP_OR	x86_64-systemv-elf-linux	compiler/lowering/domain/domain_refinement_native_contract.inc	NEBOC_NATIVE_HELPER_UNWRAP_OR	4	94300f2026ca426bfbae27c1c014fb9651b0e524656345a593cbd1755a7407fb	Owner contract; internal fields remain internal; no universal ABI promise
compiler/lowering/domain/domain_refinement_native_contract.inc::NEBOC_NATIVE_FLAG_INLINE	x86_64-systemv-elf-linux	compiler/lowering/domain/domain_refinement_native_contract.inc	NEBOC_NATIVE_FLAG_INLINE	1	379aab92f19040c94ab832263459f43f5398d3f627d7757b589d0bb2dc8b4fb8	Owner contract; internal fields remain internal; no universal ABI promise
compiler/lowering/domain/domain_refinement_native_contract.inc::neboc_tipos_semanticos_refinamentos_unidades_e_opaque_types_NATIVE_FLAG_NO_HEAP	x86_64-systemv-elf-linux	compiler/lowering/domain/domain_refinement_native_contract.inc	neboc_tipos_semanticos_refinamentos_unidades_e_opaque_types_NATIVE_FLAG_NO_HEAP	2	478be5b3287ef9a7d361d881771907b53e928461fff611380929f52e5d5c1dbd	Owner contract; internal fields remain internal; no universal ABI promise
compiler/lowering/domain/domain_refinement_native_contract.inc::NEBOC_NATIVE_FLAG_NO_DESCRIPTOR	x86_64-systemv-elf-linux	compiler/lowering/domain/domain_refinement_native_contract.inc	NEBOC_NATIVE_FLAG_NO_DESCRIPTOR	4	8de13f9aa7edcfc4547b25c39cb63e97a1fadc6fe1a23c609a077049c2becaf7	Owner contract; internal fields remain internal; no universal ABI promise
compiler/lowering/domain/domain_refinement_native_contract.inc::neboc_tipos_semanticos_refinamentos_unidades_e_opaque_types_NATIVE_FLAG_DETERMINISTIC	x86_64-systemv-elf-linux	compiler/lowering/domain/domain_refinement_native_contract.inc	neboc_tipos_semanticos_refinamentos_unidades_e_opaque_types_NATIVE_FLAG_DETERMINISTIC	8	377ae333781b2e3367c3eecbfc6516610af07ced3c7da18074d8e444c63ce7d1	Owner contract; internal fields remain internal; no universal ABI promise
compiler/lowering/domain/domain_refinement_native_contract.inc::NEBOC_NATIVE_FLAG_PAYLOAD_PRESERVED	x86_64-systemv-elf-linux	compiler/lowering/domain/domain_refinement_native_contract.inc	NEBOC_NATIVE_FLAG_PAYLOAD_PRESERVED	16	568ba7c21cc7c6b37dd1f74fda3594875e534953f84d1aa7c9f4b8d381d3baa7	Owner contract; internal fields remain internal; no universal ABI promise
compiler/lowering/domain/domain_refinement_native_contract.inc::neboc_tipos_semanticos_refinamentos_unidades_e_opaque_types_NATIVE_FLAG_NO_UNWIND	x86_64-systemv-elf-linux	compiler/lowering/domain/domain_refinement_native_contract.inc	neboc_tipos_semanticos_refinamentos_unidades_e_opaque_types_NATIVE_FLAG_NO_UNWIND	32	fd6bd65747197b142064be72466ec382ed3bb3cc10d9a680c778ec42581eac4c	Owner contract; internal fields remain internal; no universal ABI promise
compiler/lowering/domain/domain_refinement_native_contract.inc::neboc_tipos_semanticos_refinamentos_unidades_e_opaque_types_NATIVE_FLAGS_REQUIRED	x86_64-systemv-elf-linux	compiler/lowering/domain/domain_refinement_native_contract.inc	neboc_tipos_semanticos_refinamentos_unidades_e_opaque_types_NATIVE_FLAGS_REQUIRED	63	131cbcf465d37b284dc19253bad9eca44b67814f89c57e68cecb7addecba5700	Owner contract; internal fields remain internal; no universal ABI promise
compiler/lowering/domain/domain_refinement_native_contract.inc::neboc_tipos_semanticos_refinamentos_unidades_e_opaque_types_NATIVE_METADATA_NONE	x86_64-systemv-elf-linux	compiler/lowering/domain/domain_refinement_native_contract.inc	neboc_tipos_semanticos_refinamentos_unidades_e_opaque_types_NATIVE_METADATA_NONE	0	b730c168c7fbdd07f69e55b7c2ca6e6fed7cb96e7c8a4992970f946178831a43	Owner contract; internal fields remain internal; no universal ABI promise
compiler/lowering/domain/domain_refinement_native_contract.inc::NEBOC_NATIVE_DIAG_NONE	x86_64-systemv-elf-linux	compiler/lowering/domain/domain_refinement_native_contract.inc	NEBOC_NATIVE_DIAG_NONE	0	ef3212d190cecd695591a8f1e0f2c76f869a94790ea67091a6b9326a156d46d7	Owner contract; internal fields remain internal; no universal ABI promise
compiler/lowering/domain/domain_refinement_native_contract.inc::NEBOC_NATIVE_DIAG_IR_INVALID	x86_64-systemv-elf-linux	compiler/lowering/domain/domain_refinement_native_contract.inc	NEBOC_NATIVE_DIAG_IR_INVALID	1	42bebf4323b768ceb507378d9819f3f7700f0f9205d2c206198bb4ff89f1868c	Owner contract; internal fields remain internal; no universal ABI promise
compiler/lowering/domain/domain_refinement_native_contract.inc::NEBOC_NATIVE_DIAG_IR_HASH_MISMATCH	x86_64-systemv-elf-linux	compiler/lowering/domain/domain_refinement_native_contract.inc	NEBOC_NATIVE_DIAG_IR_HASH_MISMATCH	2	f1c81da5332a3eba2a12937e16f76518349ab92b042c3a6bc0a9fa5784701e04	Owner contract; internal fields remain internal; no universal ABI promise
compiler/lowering/domain/domain_refinement_native_contract.inc::NEBOC_NATIVE_DIAG_TARGET_UNSUPPORTED	x86_64-systemv-elf-linux	compiler/lowering/domain/domain_refinement_native_contract.inc	NEBOC_NATIVE_DIAG_TARGET_UNSUPPORTED	3	d4bbd24a49f3e613a7325ef84d817b7b83f2188b955dacd16a675c2f7b01801d	Owner contract; internal fields remain internal; no universal ABI promise
compiler/lowering/domain/domain_refinement_native_contract.inc::NEBOC_NATIVE_DIAG_OPERATION_UNSUPPORTED	x86_64-systemv-elf-linux	compiler/lowering/domain/domain_refinement_native_contract.inc	NEBOC_NATIVE_DIAG_OPERATION_UNSUPPORTED	4	ff3b89bb643e3f90c29a625cdb3b7d9ee60ce7129b59d6e67926c2f464da2419	Owner contract; internal fields remain internal; no universal ABI promise
compiler/lowering/domain/domain_refinement_native_contract.inc::NEBOC_NATIVE_DIAG_TYPE_INVARIANT	x86_64-systemv-elf-linux	compiler/lowering/domain/domain_refinement_native_contract.inc	NEBOC_NATIVE_DIAG_TYPE_INVARIANT	5	a3719690ffa7029e2eeafa99d1ce08ae47705404f563559203c55891c1b8657d	Owner contract; internal fields remain internal; no universal ABI promise
compiler/lowering/domain/domain_refinement_native_contract.inc::NEBOC_NATIVE_DIAG_TAG_INVARIANT	x86_64-systemv-elf-linux	compiler/lowering/domain/domain_refinement_native_contract.inc	NEBOC_NATIVE_DIAG_TAG_INVARIANT	6	1a773f074d479991d902003f7a0ecfe907b9bcaff574ce8ec09b7d98a84f2a44	Owner contract; internal fields remain internal; no universal ABI promise
compiler/lowering/domain/domain_refinement_native_contract.inc::NEBOC_NATIVE_IR_PTR_OFFSET	x86_64-systemv-elf-linux	compiler/lowering/domain/domain_refinement_native_contract.inc	NEBOC_NATIVE_IR_PTR_OFFSET	0	8b4f270fc3d9ad7a0ab487357116669570b50f60b59fabb383d997f468c13c7b	Owner contract; internal fields remain internal; no universal ABI promise
compiler/lowering/domain/domain_refinement_native_contract.inc::neboc_tipos_semanticos_refinamentos_unidades_e_opaque_types_NATIVE_IR_HASH_OFFSET	x86_64-systemv-elf-linux	compiler/lowering/domain/domain_refinement_native_contract.inc	neboc_tipos_semanticos_refinamentos_unidades_e_opaque_types_NATIVE_IR_HASH_OFFSET	8	d4d8665e404c31e5e61b2b74b0b73c12e1e119946743d0b1e440bfdb5f5377fc	Owner contract; internal fields remain internal; no universal ABI promise
compiler/lowering/domain/domain_refinement_native_contract.inc::neboc_tipos_semanticos_refinamentos_unidades_e_opaque_types_NATIVE_TARGET_OFFSET	x86_64-systemv-elf-linux	compiler/lowering/domain/domain_refinement_native_contract.inc	neboc_tipos_semanticos_refinamentos_unidades_e_opaque_types_NATIVE_TARGET_OFFSET	16	3fe9c4b7e22adca6150597600f09a08806bb508b91ce60c85765e9102bd19de4	Owner contract; internal fields remain internal; no universal ABI promise
compiler/lowering/domain/domain_refinement_native_contract.inc::neboc_tipos_semanticos_refinamentos_unidades_e_opaque_types_NATIVE_OPERATION_OFFSET	x86_64-systemv-elf-linux	compiler/lowering/domain/domain_refinement_native_contract.inc	neboc_tipos_semanticos_refinamentos_unidades_e_opaque_types_NATIVE_OPERATION_OFFSET	24	87e885b3982921053a645ebb3a13885260ca20f6497abfa4c6b081ec5962db1f	Owner contract; internal fields remain internal; no universal ABI promise
compiler/lowering/domain/domain_refinement_native_contract.inc::NEBOC_NATIVE_INPUT_TYPE_OFFSET	x86_64-systemv-elf-linux	compiler/lowering/domain/domain_refinement_native_contract.inc	NEBOC_NATIVE_INPUT_TYPE_OFFSET	32	6056f7566782f8e7c953e892b24b92c26ab1fc35f51d1bcc46fd332f2b1834fa	Owner contract; internal fields remain internal; no universal ABI promise
compiler/lowering/domain/domain_refinement_native_contract.inc::NEBOC_NATIVE_OUTPUT_TYPE_OFFSET	x86_64-systemv-elf-linux	compiler/lowering/domain/domain_refinement_native_contract.inc	NEBOC_NATIVE_OUTPUT_TYPE_OFFSET	40	bb720c77887a001ba8cdfca5e28f139373fb551779b28bc3dd27d54dfbbc0b8d	Owner contract; internal fields remain internal; no universal ABI promise
compiler/lowering/domain/domain_refinement_native_contract.inc::NEBOC_NATIVE_TAG_OFFSET	x86_64-systemv-elf-linux	compiler/lowering/domain/domain_refinement_native_contract.inc	NEBOC_NATIVE_TAG_OFFSET	48	76d824ce063bbad02f4ad0729af6367ad87eada16e230773f195686555146462	Owner contract; internal fields remain internal; no universal ABI promise
compiler/lowering/domain/domain_refinement_native_contract.inc::NEBOC_NATIVE_PAYLOAD_OFFSET	x86_64-systemv-elf-linux	compiler/lowering/domain/domain_refinement_native_contract.inc	NEBOC_NATIVE_PAYLOAD_OFFSET	56	e119fb2cf24cd31a64f186181b8d9c94e439983d39b98b2c4e85bc994b4ccc2f	Owner contract; internal fields remain internal; no universal ABI promise
compiler/lowering/domain/domain_refinement_native_contract.inc::neboc_tipos_semanticos_refinamentos_unidades_e_opaque_types_NATIVE_SLOT_SIZE_OFFSET	x86_64-systemv-elf-linux	compiler/lowering/domain/domain_refinement_native_contract.inc	neboc_tipos_semanticos_refinamentos_unidades_e_opaque_types_NATIVE_SLOT_SIZE_OFFSET	64	4224e6b8f1476b5597f3637e39dda66510f98103aec3f6ecc9cf49959b793c9b	Owner contract; internal fields remain internal; no universal ABI promise
compiler/lowering/domain/domain_refinement_native_contract.inc::neboc_tipos_semanticos_refinamentos_unidades_e_opaque_types_NATIVE_SLOT_ALIGNMENT_OFFSET	x86_64-systemv-elf-linux	compiler/lowering/domain/domain_refinement_native_contract.inc	neboc_tipos_semanticos_refinamentos_unidades_e_opaque_types_NATIVE_SLOT_ALIGNMENT_OFFSET	72	25207aa5e0fffcede511b3383956cee3caceb2b74a9920c379008d8a3260d0a0	Owner contract; internal fields remain internal; no universal ABI promise
compiler/lowering/domain/domain_refinement_native_contract.inc::NEBOC_NATIVE_ARGUMENT1_REGISTER_OFFSET	x86_64-systemv-elf-linux	compiler/lowering/domain/domain_refinement_native_contract.inc	NEBOC_NATIVE_ARGUMENT1_REGISTER_OFFSET	80	d9ea3871b373f371a724acc60197199a6ff597a5dbe9ee5ef282af9c69f8faa8	Owner contract; internal fields remain internal; no universal ABI promise
compiler/lowering/domain/domain_refinement_native_contract.inc::NEBOC_NATIVE_ARGUMENT2_REGISTER_OFFSET	x86_64-systemv-elf-linux	compiler/lowering/domain/domain_refinement_native_contract.inc	NEBOC_NATIVE_ARGUMENT2_REGISTER_OFFSET	88	6fbd6a92a73b121de30967d417775ffa14a946767c00d44a8504205da1866807	Owner contract; internal fields remain internal; no universal ABI promise
compiler/lowering/domain/domain_refinement_native_contract.inc::NEBOC_NATIVE_ARGUMENT3_REGISTER_OFFSET	x86_64-systemv-elf-linux	compiler/lowering/domain/domain_refinement_native_contract.inc	NEBOC_NATIVE_ARGUMENT3_REGISTER_OFFSET	96	da97e83e2c1e60a89eba1bd6f877dc90e2ce9f758e04a772710823d795fc2599	Owner contract; internal fields remain internal; no universal ABI promise
compiler/lowering/domain/domain_refinement_native_contract.inc::neboc_tipos_semanticos_refinamentos_unidades_e_opaque_types_NATIVE_RETURN_TAG_REGISTER_OFFSET	x86_64-systemv-elf-linux	compiler/lowering/domain/domain_refinement_native_contract.inc	neboc_tipos_semanticos_refinamentos_unidades_e_opaque_types_NATIVE_RETURN_TAG_REGISTER_OFFSET	104	5432f4d5df56e8c8e129824a83a07bee4bc8e7e94f501879dd2d7e80823d1bfa	Owner contract; internal fields remain internal; no universal ABI promise
compiler/lowering/domain/domain_refinement_native_contract.inc::neboc_tipos_semanticos_refinamentos_unidades_e_opaque_types_NATIVE_RETURN_PAYLOAD_REGISTER_OFFSET	x86_64-systemv-elf-linux	compiler/lowering/domain/domain_refinement_native_contract.inc	neboc_tipos_semanticos_refinamentos_unidades_e_opaque_types_NATIVE_RETURN_PAYLOAD_REGISTER_OFFSET	112	24cf216283b468e6226b8949c03e471c09946509865ecdfb8441f940bcdc42fa	Owner contract; internal fields remain internal; no universal ABI promise
compiler/lowering/domain/domain_refinement_native_contract.inc::NEBOC_NATIVE_HELPER_OFFSET	x86_64-systemv-elf-linux	compiler/lowering/domain/domain_refinement_native_contract.inc	NEBOC_NATIVE_HELPER_OFFSET	120	993968c3163521d931803d8cf9a54d454aa2cea809e57d14df62392058b01a39	Owner contract; internal fields remain internal; no universal ABI promise
compiler/lowering/domain/domain_refinement_native_contract.inc::neboc_tipos_semanticos_refinamentos_unidades_e_opaque_types_NATIVE_FLAGS_OFFSET	x86_64-systemv-elf-linux	compiler/lowering/domain/domain_refinement_native_contract.inc	neboc_tipos_semanticos_refinamentos_unidades_e_opaque_types_NATIVE_FLAGS_OFFSET	128	b9c09665d92196f8b1f9ecf51ea312e85282ff15f0ba87c88d7e25f2fd567d2a	Owner contract; internal fields remain internal; no universal ABI promise
compiler/lowering/domain/domain_refinement_native_contract.inc::NEBOC_NATIVE_METADATA_OFFSET	x86_64-systemv-elf-linux	compiler/lowering/domain/domain_refinement_native_contract.inc	NEBOC_NATIVE_METADATA_OFFSET	136	2b7d9ae6abe75b9b53404a440fcfbace4378633ed008b60109be36a5339d4bdb	Owner contract; internal fields remain internal; no universal ABI promise
compiler/lowering/domain/domain_refinement_native_contract.inc::neboc_tipos_semanticos_refinamentos_unidades_e_opaque_types_NATIVE_HASH_OFFSET	x86_64-systemv-elf-linux	compiler/lowering/domain/domain_refinement_native_contract.inc	neboc_tipos_semanticos_refinamentos_unidades_e_opaque_types_NATIVE_HASH_OFFSET	144	e4c17a2e683be66050d8b1d6dd7459dca4ce2a95c6a829f4f2f77908a16ec2c9	Owner contract; internal fields remain internal; no universal ABI promise
compiler/lowering/domain/domain_refinement_native_contract.inc::neboc_tipos_semanticos_refinamentos_unidades_e_opaque_types_NATIVE_DIAGNOSTIC_OFFSET	x86_64-systemv-elf-linux	compiler/lowering/domain/domain_refinement_native_contract.inc	neboc_tipos_semanticos_refinamentos_unidades_e_opaque_types_NATIVE_DIAGNOSTIC_OFFSET	152	04d1b2e28b007f6789b5a3f2ba73da9179c262f16d72b666b208d45986725053	Owner contract; internal fields remain internal; no universal ABI promise
compiler/lowering/domain/domain_refinement_native_contract.inc::neboc_tipos_semanticos_refinamentos_unidades_e_opaque_types_NATIVE_REQUEST_SIZE	x86_64-systemv-elf-linux	compiler/lowering/domain/domain_refinement_native_contract.inc	neboc_tipos_semanticos_refinamentos_unidades_e_opaque_types_NATIVE_REQUEST_SIZE	160	ddd67a9a48b705ed17c9095fcc9f4a7d549d395fe96dd03df0b9e9f0df5e18c4	Owner contract; internal fields remain internal; no universal ABI promise
compiler/lowering/domain/domain_refinement_native_contract.inc::neboc_tipos_semanticos_refinamentos_unidades_e_opaque_types_NATIVE_REQUEST_QWORDS	x86_64-systemv-elf-linux	compiler/lowering/domain/domain_refinement_native_contract.inc	neboc_tipos_semanticos_refinamentos_unidades_e_opaque_types_NATIVE_REQUEST_QWORDS	20	7d18cf5d081c4ddaf666e6876bce7bb0685369fb43f88eafb8f00a74b9188265	Owner contract; internal fields remain internal; no universal ABI promise
compiler/lowering/effects/effect_policy_ir.inc::NEBOC_POLICY_IR_DECLARED_EFFECTS_OFFSET	x86_64-systemv-elf-linux	compiler/lowering/effects/effect_policy_ir.inc	NEBOC_POLICY_IR_DECLARED_EFFECTS_OFFSET	0	07f135d5e661c75f5ef4e1c3c691e4360d3f1fc5c073d90254ad6e5ae522e40a	Owner contract; internal fields remain internal; no universal ABI promise
compiler/lowering/effects/effect_policy_ir.inc::NEBOC_POLICY_IR_CAPABILITIES_OFFSET	x86_64-systemv-elf-linux	compiler/lowering/effects/effect_policy_ir.inc	NEBOC_POLICY_IR_CAPABILITIES_OFFSET	8	88c3861e97ffc01b0f406e61c0b5152fac3327a39ab22000e425765a8c1373b6	Owner contract; internal fields remain internal; no universal ABI promise
compiler/lowering/effects/effect_policy_ir.inc::NEBOC_POLICY_IR_ALLOW_OFFSET	x86_64-systemv-elf-linux	compiler/lowering/effects/effect_policy_ir.inc	NEBOC_POLICY_IR_ALLOW_OFFSET	16	617ff7c88990a7cefc721a1567a3a659913070e2abe85c4ae880482adb91dcc4	Owner contract; internal fields remain internal; no universal ABI promise
compiler/lowering/effects/effect_policy_ir.inc::NEBOC_POLICY_IR_DENY_OFFSET	x86_64-systemv-elf-linux	compiler/lowering/effects/effect_policy_ir.inc	NEBOC_POLICY_IR_DENY_OFFSET	24	aef0390d2fa2b92de9e8e0ae3934e6d24c6e7063ee73c106e350c07a8e353948	Owner contract; internal fields remain internal; no universal ABI promise
compiler/lowering/effects/effect_policy_ir.inc::NEBOC_POLICY_IR_BUDGET_OFFSET	x86_64-systemv-elf-linux	compiler/lowering/effects/effect_policy_ir.inc	NEBOC_POLICY_IR_BUDGET_OFFSET	32	7b6eda6e4e7fb68da0fb2d067741bc845ba0dcf6bfbb67a2de193fe5e1c81ef7	Owner contract; internal fields remain internal; no universal ABI promise
compiler/lowering/effects/effect_policy_ir.inc::NEBOC_POLICY_IR_TRUST_OFFSET	x86_64-systemv-elf-linux	compiler/lowering/effects/effect_policy_ir.inc	NEBOC_POLICY_IR_TRUST_OFFSET	40	0a9d0909cc9c4dcbf3fd5d3132189f7f1f608e9596885337f44a733ef205b0bb	Owner contract; internal fields remain internal; no universal ABI promise
compiler/lowering/effects/effect_policy_ir.inc::NEBOC_POLICY_IR_AUDIT_ID_OFFSET	x86_64-systemv-elf-linux	compiler/lowering/effects/effect_policy_ir.inc	NEBOC_POLICY_IR_AUDIT_ID_OFFSET	48	b2851f916a54a4f4c9e8f03cda92dfaa16ec7ae653847fdd69321652c1bd965d	Owner contract; internal fields remain internal; no universal ABI promise
compiler/lowering/effects/effect_policy_ir.inc::NEBOC_POLICY_IR_PERMIT_OFFSET	x86_64-systemv-elf-linux	compiler/lowering/effects/effect_policy_ir.inc	NEBOC_POLICY_IR_PERMIT_OFFSET	56	2c9921bc723edbfa0e39d043e7a834274b49d83506874c6d6f326111e42b7dde	Owner contract; internal fields remain internal; no universal ABI promise
compiler/lowering/effects/effect_policy_ir.inc::NEBOC_POLICY_IR_PARSER_HASH_OFFSET	x86_64-systemv-elf-linux	compiler/lowering/effects/effect_policy_ir.inc	NEBOC_POLICY_IR_PARSER_HASH_OFFSET	64	edfaf0be287685ba3b5e69658ca6fe8f8bcdb51bb1a191026d962326d57f64d5	Owner contract; internal fields remain internal; no universal ABI promise
compiler/lowering/effects/effect_policy_ir.inc::NEBOC_POLICY_IR_CLAUSE_MASK_OFFSET	x86_64-systemv-elf-linux	compiler/lowering/effects/effect_policy_ir.inc	NEBOC_POLICY_IR_CLAUSE_MASK_OFFSET	72	ad94a9be7342311cd7b01cfa70fe5f3c54aef73b5e23be5c370d35d8d18f4f57	Owner contract; internal fields remain internal; no universal ABI promise
compiler/lowering/effects/effect_policy_ir.inc::NEBOC_POLICY_IR_DIRECT_EFFECTS_OFFSET	x86_64-systemv-elf-linux	compiler/lowering/effects/effect_policy_ir.inc	NEBOC_POLICY_IR_DIRECT_EFFECTS_OFFSET	80	6ab87c8b2db0bbec3836889239b06af1e0cdd3f4df66f5ecb78857584f195297	Owner contract; internal fields remain internal; no universal ABI promise
compiler/lowering/effects/effect_policy_ir.inc::NEBOC_POLICY_IR_CALLEE_EFFECTS_OFFSET	x86_64-systemv-elf-linux	compiler/lowering/effects/effect_policy_ir.inc	NEBOC_POLICY_IR_CALLEE_EFFECTS_OFFSET	88	b501a369be045a217574abd13f07e0477aeec5d128b984abe3c1f5d6e93011a9	Owner contract; internal fields remain internal; no universal ABI promise
compiler/lowering/effects/effect_policy_ir.inc::NEBOC_POLICY_IR_SOURCE_START_OFFSET	x86_64-systemv-elf-linux	compiler/lowering/effects/effect_policy_ir.inc	NEBOC_POLICY_IR_SOURCE_START_OFFSET	96	9c0571db283e799b0374518bfe6bb415ef4ce284a93ac706b636b76d8adf66ef	Owner contract; internal fields remain internal; no universal ABI promise
compiler/lowering/effects/effect_policy_ir.inc::NEBOC_POLICY_IR_SOURCE_END_OFFSET	x86_64-systemv-elf-linux	compiler/lowering/effects/effect_policy_ir.inc	NEBOC_POLICY_IR_SOURCE_END_OFFSET	104	e6ad3499e4315cab77a71bcb333739cd59232d2487388b6bb68ba6e334cb79d0	Owner contract; internal fields remain internal; no universal ABI promise
compiler/lowering/effects/effect_policy_ir.inc::NEBOC_POLICY_IR_SEMANTIC_FLAGS_OFFSET	x86_64-systemv-elf-linux	compiler/lowering/effects/effect_policy_ir.inc	NEBOC_POLICY_IR_SEMANTIC_FLAGS_OFFSET	112	e7cfcf5eb8f67cbfc5a84c3713e9d3b723312626ecbc771d6c4cd3279ffa3f32	Owner contract; internal fields remain internal; no universal ABI promise
compiler/lowering/effects/effect_policy_ir.inc::NEBOC_POLICY_IR_INFERRED_EFFECTS_OFFSET	x86_64-systemv-elf-linux	compiler/lowering/effects/effect_policy_ir.inc	NEBOC_POLICY_IR_INFERRED_EFFECTS_OFFSET	120	757ed19d09c87977d8c37d1fb39f87b304f83e5503e83c14dd2941c821302afd	Owner contract; internal fields remain internal; no universal ABI promise
compiler/lowering/effects/effect_policy_ir.inc::NEBOC_POLICY_IR_MISSING_EFFECTS_OFFSET	x86_64-systemv-elf-linux	compiler/lowering/effects/effect_policy_ir.inc	NEBOC_POLICY_IR_MISSING_EFFECTS_OFFSET	128	d0411085c7fd3cfe461461a838473185d60a9224fff877ccb222ee28c5ebd583	Owner contract; internal fields remain internal; no universal ABI promise
compiler/lowering/effects/effect_policy_ir.inc::NEBOC_POLICY_IR_REJECTED_EFFECTS_OFFSET	x86_64-systemv-elf-linux	compiler/lowering/effects/effect_policy_ir.inc	NEBOC_POLICY_IR_REJECTED_EFFECTS_OFFSET	136	7cca3e6a800138712bb371804a5a9909605b8f2055cd33bef7831adcb6fb964f	Owner contract; internal fields remain internal; no universal ABI promise
compiler/lowering/effects/effect_policy_ir.inc::NEBOC_POLICY_IR_COST_OFFSET	x86_64-systemv-elf-linux	compiler/lowering/effects/effect_policy_ir.inc	NEBOC_POLICY_IR_COST_OFFSET	144	416251f9d09dd530b68b242e3a0a1318da8d32cea8bf1cc8bf10cb0e23d58d4f	Owner contract; internal fields remain internal; no universal ABI promise
compiler/lowering/effects/effect_policy_ir.inc::NEBOC_POLICY_IR_SEMANTIC_DIAGNOSTIC_OFFSET	x86_64-systemv-elf-linux	compiler/lowering/effects/effect_policy_ir.inc	NEBOC_POLICY_IR_SEMANTIC_DIAGNOSTIC_OFFSET	152	0f4b8e36cfd5e6aff8adba3e4794f08e1ba3025026b59eef73834c3bd360e2ff	Owner contract; internal fields remain internal; no universal ABI promise
compiler/lowering/effects/effect_policy_ir.inc::NEBOC_POLICY_IR_AUDIT_HASH_OFFSET	x86_64-systemv-elf-linux	compiler/lowering/effects/effect_policy_ir.inc	NEBOC_POLICY_IR_AUDIT_HASH_OFFSET	160	b3c427dcbb906c62a453881ef90ec62d772dee40873013f192f151b1464d0500	Owner contract; internal fields remain internal; no universal ABI promise
compiler/lowering/effects/effect_policy_ir.inc::NEBOC_POLICY_IR_DECISION_OFFSET	x86_64-systemv-elf-linux	compiler/lowering/effects/effect_policy_ir.inc	NEBOC_POLICY_IR_DECISION_OFFSET	168	18aae449b2d5ee0ac54c6dc2050a261fdf341d13330aae1d284d426eec116d2d	Owner contract; internal fields remain internal; no universal ABI promise
compiler/lowering/effects/effect_policy_ir.inc::NEBOC_POLICY_IR_SEMANTIC_RESULT_TYPE_OFFSET	x86_64-systemv-elf-linux	compiler/lowering/effects/effect_policy_ir.inc	NEBOC_POLICY_IR_SEMANTIC_RESULT_TYPE_OFFSET	176	a09855532b4293b45a1377ab0226d88f98bbf53b761377785af3e05358e62da3	Owner contract; internal fields remain internal; no universal ABI promise
compiler/lowering/effects/effect_policy_ir.inc::NEBOC_POLICY_IR_SEMANTIC_HASH_OFFSET	x86_64-systemv-elf-linux	compiler/lowering/effects/effect_policy_ir.inc	NEBOC_POLICY_IR_SEMANTIC_HASH_OFFSET	184	e641ebb275c9f07a2388e6316dd09604f469e0cc2d199697fe89ddef6952ac04	Owner contract; internal fields remain internal; no universal ABI promise
compiler/lowering/effects/effect_policy_ir.inc::NEBOC_POLICY_IR_SEMANTIC_ALLOCATIONS_OFFSET	x86_64-systemv-elf-linux	compiler/lowering/effects/effect_policy_ir.inc	NEBOC_POLICY_IR_SEMANTIC_ALLOCATIONS_OFFSET	192	a00b654edd73a30899d7268dc613c7a9799b71bd39a45180f46a0cb48c5bdc61	Owner contract; internal fields remain internal; no universal ABI promise
compiler/lowering/effects/effect_policy_ir.inc::NEBOC_POLICY_IR_HIR_EFFECT_UNION_OFFSET	x86_64-systemv-elf-linux	compiler/lowering/effects/effect_policy_ir.inc	NEBOC_POLICY_IR_HIR_EFFECT_UNION_OFFSET	200	f5efef4cf7290da3e2c626d7c3a6b3e07fd48939ee004c0d19bd9d96bb33a200	Owner contract; internal fields remain internal; no universal ABI promise
compiler/lowering/effects/effect_policy_ir.inc::NEBOC_POLICY_IR_HIR_POLICY_GATE_OFFSET	x86_64-systemv-elf-linux	compiler/lowering/effects/effect_policy_ir.inc	NEBOC_POLICY_IR_HIR_POLICY_GATE_OFFSET	208	0a7b1cc6c44d495e4397618ffa2f7a5c588c9673c7f21014c8bf06ca11ad39cd	Owner contract; internal fields remain internal; no universal ABI promise
compiler/lowering/effects/effect_policy_ir.inc::NEBOC_POLICY_IR_HIR_PERMIT_OFFSET	x86_64-systemv-elf-linux	compiler/lowering/effects/effect_policy_ir.inc	NEBOC_POLICY_IR_HIR_PERMIT_OFFSET	216	bfb921070c075b8fedfc0d60e3e43b8613f2b778699ed721d607450fab82a191	Owner contract; internal fields remain internal; no universal ABI promise
compiler/lowering/effects/effect_policy_ir.inc::NEBOC_POLICY_IR_LIR_MASK_OR_OFFSET	x86_64-systemv-elf-linux	compiler/lowering/effects/effect_policy_ir.inc	NEBOC_POLICY_IR_LIR_MASK_OR_OFFSET	224	e62a7c9132abb79421f7216d578e3b4b15a98df1561aa0dad1eb8c0a7db55ef1	Owner contract; internal fields remain internal; no universal ABI promise
compiler/lowering/effects/effect_policy_ir.inc::NEBOC_POLICY_IR_LIR_POLICY_ASSERT_OFFSET	x86_64-systemv-elf-linux	compiler/lowering/effects/effect_policy_ir.inc	NEBOC_POLICY_IR_LIR_POLICY_ASSERT_OFFSET	232	475e79119bef0b28ba9fc2c05670d04e7154b15f63f51c134f63799109a188f4	Owner contract; internal fields remain internal; no universal ABI promise
compiler/lowering/effects/effect_policy_ir.inc::NEBOC_POLICY_IR_LIR_CONST_I64_OFFSET	x86_64-systemv-elf-linux	compiler/lowering/effects/effect_policy_ir.inc	NEBOC_POLICY_IR_LIR_CONST_I64_OFFSET	240	a3cd53e42a2dd0fed0a8518f842dbbcb2788e411bd8f6ef8098b7d82af41f080	Owner contract; internal fields remain internal; no universal ABI promise
compiler/lowering/effects/effect_policy_ir.inc::NEBOC_POLICY_IR_RESULT_TYPE_OFFSET	x86_64-systemv-elf-linux	compiler/lowering/effects/effect_policy_ir.inc	NEBOC_POLICY_IR_RESULT_TYPE_OFFSET	248	8962eaa7cedd4ffd8b26905255edfe0d0a33cb0c63b11f913e1f9d3532c0773c	Owner contract; internal fields remain internal; no universal ABI promise
compiler/lowering/effects/effect_policy_ir.inc::NEBOC_POLICY_IR_PERMIT_CONSTANT_OFFSET	x86_64-systemv-elf-linux	compiler/lowering/effects/effect_policy_ir.inc	NEBOC_POLICY_IR_PERMIT_CONSTANT_OFFSET	256	8b5f8357fe576ccf444fec44d800db4f17349d8dd33c0083233de98a578b15a4	Owner contract; internal fields remain internal; no universal ABI promise
compiler/lowering/effects/effect_policy_ir.inc::NEBOC_POLICY_IR_EFFECTIVE_MASK_OFFSET	x86_64-systemv-elf-linux	compiler/lowering/effects/effect_policy_ir.inc	NEBOC_POLICY_IR_EFFECTIVE_MASK_OFFSET	264	1e51903f5334304cf6486c60d89c1c46c9f11c1707d8bba3cd30be724bf8ab23	Owner contract; internal fields remain internal; no universal ABI promise
compiler/lowering/effects/effect_policy_ir.inc::NEBOC_POLICY_IR_DIAGNOSTIC_OFFSET	x86_64-systemv-elf-linux	compiler/lowering/effects/effect_policy_ir.inc	NEBOC_POLICY_IR_DIAGNOSTIC_OFFSET	272	cf07899f36a6ea047c13223a516e4cdda817cffeeeb152354d0a55d18f7ab12f	Owner contract; internal fields remain internal; no universal ABI promise
compiler/lowering/effects/effect_policy_ir.inc::NEBOC_POLICY_IR_ALLOCATIONS_OFFSET	x86_64-systemv-elf-linux	compiler/lowering/effects/effect_policy_ir.inc	NEBOC_POLICY_IR_ALLOCATIONS_OFFSET	280	c13ba8184ee26714608d3c28c1700a873ec5bdbed17ec66121801bc751f57505	Owner contract; internal fields remain internal; no universal ABI promise
compiler/lowering/effects/effect_policy_ir.inc::NEBOC_POLICY_IR_HASH_OFFSET	x86_64-systemv-elf-linux	compiler/lowering/effects/effect_policy_ir.inc	NEBOC_POLICY_IR_HASH_OFFSET	288	4d3d2f7de7b1d26e4f995af155c9b974c77f455ef3d22bc25067c72d3d7b8d58	Owner contract; internal fields remain internal; no universal ABI promise
compiler/lowering/effects/effect_policy_ir.inc::NEBOC_POLICY_IR_SEMANTIC_HASHED_BYTES	x86_64-systemv-elf-linux	compiler/lowering/effects/effect_policy_ir.inc	NEBOC_POLICY_IR_SEMANTIC_HASHED_BYTES	184	b9d1b978456334c535a28b57a042422ed4a9c84720c7fbb3f04e94eea2cf897a	Owner contract; internal fields remain internal; no universal ABI promise
compiler/lowering/effects/effect_policy_ir.inc::NEBOC_POLICY_IR_HASHED_BYTES	x86_64-systemv-elf-linux	compiler/lowering/effects/effect_policy_ir.inc	NEBOC_POLICY_IR_HASHED_BYTES	288	59c16502353c44c3a7967023de3d752f577fc7f24f7774c54d99a9c4a8157334	Owner contract; internal fields remain internal; no universal ABI promise
compiler/lowering/effects/effect_policy_ir.inc::NEBOC_POLICY_IR_OUTPUT_OFFSET	x86_64-systemv-elf-linux	compiler/lowering/effects/effect_policy_ir.inc	NEBOC_POLICY_IR_OUTPUT_OFFSET	200	7b9d93b25f7b2a394f6d7320a78e600a8c9a71ac0d2d80eaa56911f200e6dd71	Owner contract; internal fields remain internal; no universal ABI promise
compiler/lowering/effects/effect_policy_ir.inc::NEBOC_POLICY_IR_OUTPUT_QWORDS	x86_64-systemv-elf-linux	compiler/lowering/effects/effect_policy_ir.inc	NEBOC_POLICY_IR_OUTPUT_QWORDS	12	2d9edddb88f6c89f545bc7f47eadb562a2db7119d44dd7e4cdd2e9d7f8a47680	Owner contract; internal fields remain internal; no universal ABI promise
compiler/lowering/effects/effect_policy_ir.inc::NEBOC_POLICY_IR_REQUEST_SIZE	x86_64-systemv-elf-linux	compiler/lowering/effects/effect_policy_ir.inc	NEBOC_POLICY_IR_REQUEST_SIZE	296	f7058911ae81e1304a34f90514ba0d947c394bcb1e93837fa4d26a36f45ecdae	Owner contract; internal fields remain internal; no universal ABI promise
compiler/lowering/effects/effect_policy_ir.inc::NEBOC_POLICY_IR_REQUEST_QWORDS	x86_64-systemv-elf-linux	compiler/lowering/effects/effect_policy_ir.inc	NEBOC_POLICY_IR_REQUEST_QWORDS	37	f0adbab3bd79a934a5cbf887c3b0b97ab3d35d0ce652135dd8323fec9476a691	Owner contract; internal fields remain internal; no universal ABI promise
compiler/lowering/effects/effect_policy_ir.inc::NEBOC_POLICY_IR_ALIGNMENT	x86_64-systemv-elf-linux	compiler/lowering/effects/effect_policy_ir.inc	NEBOC_POLICY_IR_ALIGNMENT	8	04c91ff71b9242c5801b3b1b0d084e8ea8b8f0ab4e64428daae9e21a66511bd8	Owner contract; internal fields remain internal; no universal ABI promise
compiler/lowering/effects/effect_policy_ir.inc::NEBOC_HIR_EFFECT_UNION	x86_64-systemv-elf-linux	compiler/lowering/effects/effect_policy_ir.inc	NEBOC_HIR_EFFECT_UNION	2101	b82fa8c5d687b410a9e1d154d6705c2f1488162e1988ce98deed118eaf8e1c34	Owner contract; internal fields remain internal; no universal ABI promise
compiler/lowering/effects/effect_policy_ir.inc::neboc_effects_capabilities_e_politicas_HIR_POLICY_GATE	x86_64-systemv-elf-linux	compiler/lowering/effects/effect_policy_ir.inc	neboc_effects_capabilities_e_politicas_HIR_POLICY_GATE	2102	f3e537dfd32a68e689667f6ce3e3b845cb2c2bed29658af6dcec134ffe5e6689	Owner contract; internal fields remain internal; no universal ABI promise
compiler/lowering/effects/effect_policy_ir.inc::NEBOC_HIR_PERMIT	x86_64-systemv-elf-linux	compiler/lowering/effects/effect_policy_ir.inc	NEBOC_HIR_PERMIT	2103	54f42117999097fb294845c5d85985a8e5ac748856df6bf2ba81d2293dd32a92	Owner contract; internal fields remain internal; no universal ABI promise
compiler/lowering/effects/effect_policy_ir.inc::NEBOC_LIR_MASK_OR	x86_64-systemv-elf-linux	compiler/lowering/effects/effect_policy_ir.inc	NEBOC_LIR_MASK_OR	2111	92b2d35ae9d4bc39dc2b8add6407266be5ea70f8e2dfb138cb2cb10cc00eefae	Owner contract; internal fields remain internal; no universal ABI promise
compiler/lowering/effects/effect_policy_ir.inc::NEBOC_LIR_POLICY_ASSERT	x86_64-systemv-elf-linux	compiler/lowering/effects/effect_policy_ir.inc	NEBOC_LIR_POLICY_ASSERT	2112	16c6e8bfc9920bce5f06096ceb9e09dff084e529d369bdf16be6f7d1a5cc0093	Owner contract; internal fields remain internal; no universal ABI promise
compiler/lowering/effects/effect_policy_ir.inc::NEBOC_LIR_CONST_I64	x86_64-systemv-elf-linux	compiler/lowering/effects/effect_policy_ir.inc	NEBOC_LIR_CONST_I64	2113	9ab7b9097de73ec72129fece1cd541d056f0856f8f3d214ba81c8a22fd384c5a	Owner contract; internal fields remain internal; no universal ABI promise
compiler/lowering/effects/effect_policy_ir.inc::NEBOC_POLICY_IR_REQUIRED_CLAUSE_MASK	x86_64-systemv-elf-linux	compiler/lowering/effects/effect_policy_ir.inc	NEBOC_POLICY_IR_REQUIRED_CLAUSE_MASK	0x7f	5c9f4994b4e78f40d0c0df6fb1290f235b73582fbbd604e7885c087068393f47	Owner contract; internal fields remain internal; no universal ABI promise
compiler/lowering/effects/effect_policy_ir.inc::NEBOC_POLICY_IR_REQUIRED_SEMANTIC_FLAGS	x86_64-systemv-elf-linux	compiler/lowering/effects/effect_policy_ir.inc	NEBOC_POLICY_IR_REQUIRED_SEMANTIC_FLAGS	7	bc9a40e7e07cca4b05e2eb1ff7e4584a0b4dff38b35c0d0651ce9cfa9b2dac25	Owner contract; internal fields remain internal; no universal ABI promise
compiler/lowering/effects/effect_policy_ir.inc::NEBOC_POLICY_IR_RESULT_TYPE_INT	x86_64-systemv-elf-linux	compiler/lowering/effects/effect_policy_ir.inc	NEBOC_POLICY_IR_RESULT_TYPE_INT	3	e98608946d4ab3e13fa72ab6465f5d10b217cc0bef44e7a0f0f4ed97ceecaada	Owner contract; internal fields remain internal; no universal ABI promise
compiler/lowering/effects/effect_policy_ir.inc::NEBOC_POLICY_IR_ALLOCATION_NONE	x86_64-systemv-elf-linux	compiler/lowering/effects/effect_policy_ir.inc	NEBOC_POLICY_IR_ALLOCATION_NONE	0	b0c43f6ae08e3db4caa327a333469e032c4da94fa8af67f8197c3761b4bcba31	Owner contract; internal fields remain internal; no universal ABI promise
compiler/lowering/effects/effect_policy_ir.inc::NEBOC_IR_DECLARED_EFFECTS_OFFSET	x86_64-systemv-elf-linux	compiler/lowering/effects/effect_policy_ir.inc	NEBOC_IR_DECLARED_EFFECTS_OFFSET	0	21d87077bfe3e618b88de5ffa791f4fe0df25f0cd87a8232715d77d53cad7410	Owner contract; internal fields remain internal; no universal ABI promise
compiler/lowering/effects/effect_policy_ir.inc::NEBOC_IR_CAPABILITIES_OFFSET	x86_64-systemv-elf-linux	compiler/lowering/effects/effect_policy_ir.inc	NEBOC_IR_CAPABILITIES_OFFSET	8	be3cb262b216443102941e0732c4a2fd4e16593ada8b5acd349e1d7c45d36440	Owner contract; internal fields remain internal; no universal ABI promise
compiler/lowering/effects/effect_policy_ir.inc::NEBOC_IR_ALLOW_OFFSET	x86_64-systemv-elf-linux	compiler/lowering/effects/effect_policy_ir.inc	NEBOC_IR_ALLOW_OFFSET	16	a1ae482cf17e404af02fb6f481b06078eacd9fc79189569068e3d7d1d9751ba9	Owner contract; internal fields remain internal; no universal ABI promise
compiler/lowering/effects/effect_policy_ir.inc::NEBOC_IR_DENY_OFFSET	x86_64-systemv-elf-linux	compiler/lowering/effects/effect_policy_ir.inc	NEBOC_IR_DENY_OFFSET	24	c441b54dfec48b3bea8d7e9d46f533eb7fd5749838dabef31e39382ef91b14ad	Owner contract; internal fields remain internal; no universal ABI promise
compiler/lowering/effects/effect_policy_ir.inc::NEBOC_IR_BUDGET_OFFSET	x86_64-systemv-elf-linux	compiler/lowering/effects/effect_policy_ir.inc	NEBOC_IR_BUDGET_OFFSET	32	9f644d6d79aee4a94a1b064b88f6329e36e5eaa27c97322db0b134f359715dd5	Owner contract; internal fields remain internal; no universal ABI promise
compiler/lowering/effects/effect_policy_ir.inc::NEBOC_IR_TRUST_OFFSET	x86_64-systemv-elf-linux	compiler/lowering/effects/effect_policy_ir.inc	NEBOC_IR_TRUST_OFFSET	40	40b37d61ae202f8985ffa15bff214eada514aa66cef6743e886b903c228838e4	Owner contract; internal fields remain internal; no universal ABI promise
compiler/lowering/effects/effect_policy_ir.inc::NEBOC_IR_AUDIT_ID_OFFSET	x86_64-systemv-elf-linux	compiler/lowering/effects/effect_policy_ir.inc	NEBOC_IR_AUDIT_ID_OFFSET	48	1adb33d5fde29709cfdccdb82af8f4051217723aa07eab56707226c752d71173	Owner contract; internal fields remain internal; no universal ABI promise
compiler/lowering/effects/effect_policy_ir.inc::NEBOC_IR_PERMIT_OFFSET	x86_64-systemv-elf-linux	compiler/lowering/effects/effect_policy_ir.inc	NEBOC_IR_PERMIT_OFFSET	56	9663cdfd14ae110f324d6bffe8eb36fff11457aa0a0738676fe1c38852b0fec6	Owner contract; internal fields remain internal; no universal ABI promise
compiler/lowering/effects/effect_policy_ir.inc::NEBOC_IR_PARSER_HASH_OFFSET	x86_64-systemv-elf-linux	compiler/lowering/effects/effect_policy_ir.inc	NEBOC_IR_PARSER_HASH_OFFSET	64	cdc0095ace7e00368a2e889aad1fdde60bd1959594630ac78cf657c502ffd49b	Owner contract; internal fields remain internal; no universal ABI promise
compiler/lowering/effects/effect_policy_ir.inc::NEBOC_IR_CLAUSE_MASK_OFFSET	x86_64-systemv-elf-linux	compiler/lowering/effects/effect_policy_ir.inc	NEBOC_IR_CLAUSE_MASK_OFFSET	72	ed71ef77569f45d51f3723d822ad12398a3a21cf6ecb8083432088bbb68b5c0e	Owner contract; internal fields remain internal; no universal ABI promise
compiler/lowering/effects/effect_policy_ir.inc::NEBOC_IR_DIRECT_EFFECTS_OFFSET	x86_64-systemv-elf-linux	compiler/lowering/effects/effect_policy_ir.inc	NEBOC_IR_DIRECT_EFFECTS_OFFSET	80	d9043a8bd2c8fb00b4765afb55441652fc8a6dcef3b20da9bb46f27f3fa4a2d2	Owner contract; internal fields remain internal; no universal ABI promise
compiler/lowering/effects/effect_policy_ir.inc::NEBOC_IR_CALLEE_EFFECTS_OFFSET	x86_64-systemv-elf-linux	compiler/lowering/effects/effect_policy_ir.inc	NEBOC_IR_CALLEE_EFFECTS_OFFSET	88	c510525fbd1e9831ff1f271989b29e3aee761d57ac92b901abfc12b4b09db7de	Owner contract; internal fields remain internal; no universal ABI promise
compiler/lowering/effects/effect_policy_ir.inc::NEBOC_IR_SOURCE_START_OFFSET	x86_64-systemv-elf-linux	compiler/lowering/effects/effect_policy_ir.inc	NEBOC_IR_SOURCE_START_OFFSET	96	b1a9fef2bfa3b42957e2dbce30879672bf6ef2a248ee7e4e8ee1f3d8f38c0716	Owner contract; internal fields remain internal; no universal ABI promise
compiler/lowering/effects/effect_policy_ir.inc::NEBOC_IR_SOURCE_END_OFFSET	x86_64-systemv-elf-linux	compiler/lowering/effects/effect_policy_ir.inc	NEBOC_IR_SOURCE_END_OFFSET	104	feea290d1be140141bb2eb2e0359acf2866f5a70a538cd98f9a98db850d4f013	Owner contract; internal fields remain internal; no universal ABI promise
compiler/lowering/effects/effect_policy_ir.inc::NEBOC_IR_SEMANTIC_FLAGS_OFFSET	x86_64-systemv-elf-linux	compiler/lowering/effects/effect_policy_ir.inc	NEBOC_IR_SEMANTIC_FLAGS_OFFSET	112	45ea09d9596ee5532494136adb5d28013e0ebb8381e9546cbcce643f205bfb8d	Owner contract; internal fields remain internal; no universal ABI promise
compiler/lowering/effects/effect_policy_ir.inc::NEBOC_IR_INFERRED_EFFECTS_OFFSET	x86_64-systemv-elf-linux	compiler/lowering/effects/effect_policy_ir.inc	NEBOC_IR_INFERRED_EFFECTS_OFFSET	120	9d5fd618f27ef9de54ffbc858f0ef1eab8f246781213e439ba5def4ef160f347	Owner contract; internal fields remain internal; no universal ABI promise
compiler/lowering/effects/effect_policy_ir.inc::NEBOC_IR_MISSING_EFFECTS_OFFSET	x86_64-systemv-elf-linux	compiler/lowering/effects/effect_policy_ir.inc	NEBOC_IR_MISSING_EFFECTS_OFFSET	128	60b12f213319c00f1ab4b6d9118dc4d82888e4ef9d537d3ff7dbb5f80e2eb066	Owner contract; internal fields remain internal; no universal ABI promise
compiler/lowering/effects/effect_policy_ir.inc::NEBOC_IR_REJECTED_EFFECTS_OFFSET	x86_64-systemv-elf-linux	compiler/lowering/effects/effect_policy_ir.inc	NEBOC_IR_REJECTED_EFFECTS_OFFSET	136	9f0cfa51cde86a1f1e17a30871f28f9dc30a065f483876926dadcb0bf48e6766	Owner contract; internal fields remain internal; no universal ABI promise
compiler/lowering/effects/effect_policy_ir.inc::NEBOC_IR_COST_OFFSET	x86_64-systemv-elf-linux	compiler/lowering/effects/effect_policy_ir.inc	NEBOC_IR_COST_OFFSET	144	c135541d247b322ed6be3d9a653cb9bc8dc8087a0c526c8f67eba2575ca859a4	Owner contract; internal fields remain internal; no universal ABI promise
compiler/lowering/effects/effect_policy_ir.inc::NEBOC_IR_SEMANTIC_DIAGNOSTIC_OFFSET	x86_64-systemv-elf-linux	compiler/lowering/effects/effect_policy_ir.inc	NEBOC_IR_SEMANTIC_DIAGNOSTIC_OFFSET	152	25a7413d1d305f20ba4c7fbcc4da3f6d1057ec82b63d78b8f56f795d1233b025	Owner contract; internal fields remain internal; no universal ABI promise
compiler/lowering/effects/effect_policy_ir.inc::NEBOC_IR_AUDIT_HASH_OFFSET	x86_64-systemv-elf-linux	compiler/lowering/effects/effect_policy_ir.inc	NEBOC_IR_AUDIT_HASH_OFFSET	160	223703f347d9947cf61633a010e50106c55afd40c446daa6a5a96c3b462531b6	Owner contract; internal fields remain internal; no universal ABI promise
compiler/lowering/effects/effect_policy_ir.inc::neboc_effects_capabilities_e_politicas_IR_DECISION_OFFSET	x86_64-systemv-elf-linux	compiler/lowering/effects/effect_policy_ir.inc	neboc_effects_capabilities_e_politicas_IR_DECISION_OFFSET	168	49676114e465882fe71a30d159071049b212e9e67712775f9904a6a9db518ac6	Owner contract; internal fields remain internal; no universal ABI promise
compiler/lowering/effects/effect_policy_ir.inc::NEBOC_IR_SEMANTIC_RESULT_TYPE_OFFSET	x86_64-systemv-elf-linux	compiler/lowering/effects/effect_policy_ir.inc	NEBOC_IR_SEMANTIC_RESULT_TYPE_OFFSET	176	3a390dabc942965135dd7d8bb569c5323fbc74b7d8679b5522ccb46d73ae7664	Owner contract; internal fields remain internal; no universal ABI promise
compiler/lowering/effects/effect_policy_ir.inc::neboc_effects_capabilities_e_politicas_IR_SEMANTIC_HASH_OFFSET	x86_64-systemv-elf-linux	compiler/lowering/effects/effect_policy_ir.inc	neboc_effects_capabilities_e_politicas_IR_SEMANTIC_HASH_OFFSET	184	b6bd280785f94e050c972327f7ea36b88618321fa3e62fe195b56c4747a42b37	Owner contract; internal fields remain internal; no universal ABI promise
compiler/lowering/effects/effect_policy_ir.inc::NEBOC_IR_SEMANTIC_ALLOCATIONS_OFFSET	x86_64-systemv-elf-linux	compiler/lowering/effects/effect_policy_ir.inc	NEBOC_IR_SEMANTIC_ALLOCATIONS_OFFSET	192	c2cf6182c737e4ca37e7da4669b81471081ea6a262a346954de46c31b7754d37	Owner contract; internal fields remain internal; no universal ABI promise
compiler/lowering/effects/effect_policy_ir.inc::NEBOC_IR_HIR_EFFECT_UNION_OFFSET	x86_64-systemv-elf-linux	compiler/lowering/effects/effect_policy_ir.inc	NEBOC_IR_HIR_EFFECT_UNION_OFFSET	200	628467c495bb8c61b3738b91d397d003117fdfbfa31d617bdec1a9fc72fe11af	Owner contract; internal fields remain internal; no universal ABI promise
compiler/lowering/effects/effect_policy_ir.inc::neboc_effects_capabilities_e_politicas_IR_HIR_POLICY_GATE_OFFSET	x86_64-systemv-elf-linux	compiler/lowering/effects/effect_policy_ir.inc	neboc_effects_capabilities_e_politicas_IR_HIR_POLICY_GATE_OFFSET	208	767a41ceed6cfb8fe72f915c007b3b15eb40f657c9b7fb1bb502b118faff0fc4	Owner contract; internal fields remain internal; no universal ABI promise
compiler/lowering/effects/effect_policy_ir.inc::NEBOC_IR_HIR_PERMIT_OFFSET	x86_64-systemv-elf-linux	compiler/lowering/effects/effect_policy_ir.inc	NEBOC_IR_HIR_PERMIT_OFFSET	216	c11ff32507454d7ead11320a76bef80bb9a087569cc34cfe984aa915d0fdc40b	Owner contract; internal fields remain internal; no universal ABI promise
compiler/lowering/effects/effect_policy_ir.inc::NEBOC_IR_LIR_MASK_OR_OFFSET	x86_64-systemv-elf-linux	compiler/lowering/effects/effect_policy_ir.inc	NEBOC_IR_LIR_MASK_OR_OFFSET	224	8759543fe24d7be726ba84d8deb443818815dd12327ea8491ae84697a767c13c	Owner contract; internal fields remain internal; no universal ABI promise
compiler/lowering/effects/effect_policy_ir.inc::NEBOC_IR_LIR_POLICY_ASSERT_OFFSET	x86_64-systemv-elf-linux	compiler/lowering/effects/effect_policy_ir.inc	NEBOC_IR_LIR_POLICY_ASSERT_OFFSET	232	1751eecb408ec2c5d93ecf30bee7dfbfc151180f3505d6b99fdadd322746bb58	Owner contract; internal fields remain internal; no universal ABI promise
compiler/lowering/effects/effect_policy_ir.inc::NEBOC_IR_LIR_CONST_I64_OFFSET	x86_64-systemv-elf-linux	compiler/lowering/effects/effect_policy_ir.inc	NEBOC_IR_LIR_CONST_I64_OFFSET	240	a56ba67c556828ea2050bdcd58c513998425a0b14186647884ea0925875f0233	Owner contract; internal fields remain internal; no universal ABI promise
compiler/lowering/effects/effect_policy_ir.inc::neboc_effects_capabilities_e_politicas_IR_RESULT_TYPE_OFFSET	x86_64-systemv-elf-linux	compiler/lowering/effects/effect_policy_ir.inc	neboc_effects_capabilities_e_politicas_IR_RESULT_TYPE_OFFSET	248	cd0c5e3ac4927f28adcd410da23cd5975166fedb53ceeadb176093053cc6846a	Owner contract; internal fields remain internal; no universal ABI promise
compiler/lowering/effects/effect_policy_ir.inc::NEBOC_IR_PERMIT_CONSTANT_OFFSET	x86_64-systemv-elf-linux	compiler/lowering/effects/effect_policy_ir.inc	NEBOC_IR_PERMIT_CONSTANT_OFFSET	256	f25f27d2a2293d2d8c59503a3f546603c87260a3e93bf897a2b9ffd55dad83aa	Owner contract; internal fields remain internal; no universal ABI promise
compiler/lowering/effects/effect_policy_ir.inc::NEBOC_IR_EFFECTIVE_MASK_OFFSET	x86_64-systemv-elf-linux	compiler/lowering/effects/effect_policy_ir.inc	NEBOC_IR_EFFECTIVE_MASK_OFFSET	264	9976d22caa0b006082cace46b2cfa84929d35a42fa1ff2d736531f7561d986ee	Owner contract; internal fields remain internal; no universal ABI promise
compiler/lowering/effects/effect_policy_ir.inc::neboc_effects_capabilities_e_politicas_IR_DIAGNOSTIC_OFFSET	x86_64-systemv-elf-linux	compiler/lowering/effects/effect_policy_ir.inc	neboc_effects_capabilities_e_politicas_IR_DIAGNOSTIC_OFFSET	272	a0046184e8a8c183cbca605b1c9d2da5093b32a059406f1321752b0a1be7f372	Owner contract; internal fields remain internal; no universal ABI promise
compiler/lowering/effects/effect_policy_ir.inc::neboc_effects_capabilities_e_politicas_IR_ALLOCATIONS_OFFSET	x86_64-systemv-elf-linux	compiler/lowering/effects/effect_policy_ir.inc	neboc_effects_capabilities_e_politicas_IR_ALLOCATIONS_OFFSET	280	e9b526bb93646471a83f600400de058993ea075c68a47974115bab092162f1fd	Owner contract; internal fields remain internal; no universal ABI promise
compiler/lowering/effects/effect_policy_ir.inc::neboc_effects_capabilities_e_politicas_IR_HASH_OFFSET	x86_64-systemv-elf-linux	compiler/lowering/effects/effect_policy_ir.inc	neboc_effects_capabilities_e_politicas_IR_HASH_OFFSET	288	ef8d055bd55534c889817bf16f1c692907ec7df2279534e4c825eb8a7a30daf4	Owner contract; internal fields remain internal; no universal ABI promise
compiler/lowering/effects/effect_policy_ir.inc::NEBOC_IR_SEMANTIC_HASHED_BYTES	x86_64-systemv-elf-linux	compiler/lowering/effects/effect_policy_ir.inc	NEBOC_IR_SEMANTIC_HASHED_BYTES	184	15de6881b0441f84ce1eae5e0b22abd0bd473644ab114e74371ec695610e227c	Owner contract; internal fields remain internal; no universal ABI promise
compiler/lowering/effects/effect_policy_ir.inc::neboc_effects_capabilities_e_politicas_IR_HASHED_BYTES	x86_64-systemv-elf-linux	compiler/lowering/effects/effect_policy_ir.inc	neboc_effects_capabilities_e_politicas_IR_HASHED_BYTES	288	dadcee55523c1b43e28f0dbe2cd7b35174c40d4965c33442186344f57ce58d92	Owner contract; internal fields remain internal; no universal ABI promise
compiler/lowering/effects/effect_policy_ir.inc::neboc_effects_capabilities_e_politicas_IR_OUTPUT_OFFSET	x86_64-systemv-elf-linux	compiler/lowering/effects/effect_policy_ir.inc	neboc_effects_capabilities_e_politicas_IR_OUTPUT_OFFSET	200	ad2457a3c00c2845fbacc0a51e0114677e3c2ca190e7d38f99d2a4f9ddcc3d42	Owner contract; internal fields remain internal; no universal ABI promise
compiler/lowering/effects/effect_policy_ir.inc::neboc_effects_capabilities_e_politicas_IR_OUTPUT_QWORDS	x86_64-systemv-elf-linux	compiler/lowering/effects/effect_policy_ir.inc	neboc_effects_capabilities_e_politicas_IR_OUTPUT_QWORDS	12	df9a6612ff608949b0a3a86fdb3f69f2511c1f6cd2b1947bbdae63406bfc7358	Owner contract; internal fields remain internal; no universal ABI promise
compiler/lowering/effects/effect_policy_ir.inc::neboc_effects_capabilities_e_politicas_IR_REQUEST_SIZE	x86_64-systemv-elf-linux	compiler/lowering/effects/effect_policy_ir.inc	neboc_effects_capabilities_e_politicas_IR_REQUEST_SIZE	296	714d9121578a767d417610caef3b6aec54eb21c35040b1aff1fb22e2b129a403	Owner contract; internal fields remain internal; no universal ABI promise
compiler/lowering/effects/effect_policy_ir.inc::neboc_effects_capabilities_e_politicas_IR_REQUEST_QWORDS	x86_64-systemv-elf-linux	compiler/lowering/effects/effect_policy_ir.inc	neboc_effects_capabilities_e_politicas_IR_REQUEST_QWORDS	37	66f41ab1f53df3d0234b66d06b881374f58d6f75a1be4014f0ff1eeefaa699f6	Owner contract; internal fields remain internal; no universal ABI promise
compiler/lowering/effects/effect_policy_ir.inc::neboc_effects_capabilities_e_politicas_IR_ALIGNMENT	x86_64-systemv-elf-linux	compiler/lowering/effects/effect_policy_ir.inc	neboc_effects_capabilities_e_politicas_IR_ALIGNMENT	8	a011dad033bc1b2f14fce39a42102f4034ce080b98fd48ff629b11f5532e97c0	Owner contract; internal fields remain internal; no universal ABI promise
compiler/lowering/effects/effect_policy_ir.inc::NEBOC_IR_MAX_SOURCE_BYTES	x86_64-systemv-elf-linux	compiler/lowering/effects/effect_policy_ir.inc	NEBOC_IR_MAX_SOURCE_BYTES	4096	d0e92e5f9336d4f457d2350c33d6f10db8c3bd6d2e5eb7fea57ea665185ac711	Owner contract; internal fields remain internal; no universal ABI promise
compiler/lowering/effects/effect_policy_native.inc::neboc_effects_capabilities_e_politicas_NATIVE_IR_POINTER_OFFSET	x86_64-systemv-elf-linux	compiler/lowering/effects/effect_policy_native.inc	neboc_effects_capabilities_e_politicas_NATIVE_IR_POINTER_OFFSET	0	524afd880d26dc5724b077762cdf08ab111f7750e336e3d72fbdf8870f87150c	Owner contract; internal fields remain internal; no universal ABI promise
compiler/lowering/effects/effect_policy_native.inc::neboc_effects_capabilities_e_politicas_NATIVE_TARGET_ID_OFFSET	x86_64-systemv-elf-linux	compiler/lowering/effects/effect_policy_native.inc	neboc_effects_capabilities_e_politicas_NATIVE_TARGET_ID_OFFSET	8	2dbf4ed34a7edaf339fb29566fe398bba58b80f874f58210cd3a1b4cdd3ba78a	Owner contract; internal fields remain internal; no universal ABI promise
compiler/lowering/effects/effect_policy_native.inc::neboc_effects_capabilities_e_politicas_NATIVE_ABI_VERSION_OFFSET	x86_64-systemv-elf-linux	compiler/lowering/effects/effect_policy_native.inc	neboc_effects_capabilities_e_politicas_NATIVE_ABI_VERSION_OFFSET	16	c0bdfd96bd3bc76fe6896eb872fd1e34ebcc9ed3abf6ea5ea7b62d0e68711dcf	Owner contract; internal fields remain internal; no universal ABI promise
compiler/lowering/effects/effect_policy_native.inc::NEBOC_NATIVE_POLICY_RECORD_OFFSET	x86_64-systemv-elf-linux	compiler/lowering/effects/effect_policy_native.inc	NEBOC_NATIVE_POLICY_RECORD_OFFSET	24	180252fb0ba6d7d1d2215b7585a56d2c585f03e3f1802c161ef5294c2c697cf5	Owner contract; internal fields remain internal; no universal ABI promise
compiler/lowering/effects/effect_policy_native.inc::NEBOC_NATIVE_POLICY_DIRECT_EFFECTS_OFFSET	x86_64-systemv-elf-linux	compiler/lowering/effects/effect_policy_native.inc	NEBOC_NATIVE_POLICY_DIRECT_EFFECTS_OFFSET	24	0046b94ee56d142a2dd634da4987fd0810dc7583bc0bfdd4916fcde81e904426	Owner contract; internal fields remain internal; no universal ABI promise
compiler/lowering/effects/effect_policy_native.inc::NEBOC_NATIVE_POLICY_CALLEE_EFFECTS_OFFSET	x86_64-systemv-elf-linux	compiler/lowering/effects/effect_policy_native.inc	NEBOC_NATIVE_POLICY_CALLEE_EFFECTS_OFFSET	32	a07408801e1f19e8fe6555a0d9ba65018776f21aedfb04c27006741af18b9cff	Owner contract; internal fields remain internal; no universal ABI promise
compiler/lowering/effects/effect_policy_native.inc::NEBOC_NATIVE_POLICY_DECLARED_EFFECTS_OFFSET	x86_64-systemv-elf-linux	compiler/lowering/effects/effect_policy_native.inc	NEBOC_NATIVE_POLICY_DECLARED_EFFECTS_OFFSET	40	522e847b59b6ff391f4e0c4eb592d103aef11286d5c6429702e7495b39e7f63d	Owner contract; internal fields remain internal; no universal ABI promise
compiler/lowering/effects/effect_policy_native.inc::NEBOC_NATIVE_POLICY_CAPABILITIES_OFFSET	x86_64-systemv-elf-linux	compiler/lowering/effects/effect_policy_native.inc	NEBOC_NATIVE_POLICY_CAPABILITIES_OFFSET	48	902fa20f6651c41c3b9d91a165a2bf063d8be4a28e506b5691c0a2f117a7e122	Owner contract; internal fields remain internal; no universal ABI promise
compiler/lowering/effects/effect_policy_native.inc::NEBOC_NATIVE_POLICY_ALLOW_OFFSET	x86_64-systemv-elf-linux	compiler/lowering/effects/effect_policy_native.inc	NEBOC_NATIVE_POLICY_ALLOW_OFFSET	56	2d8df2f76673b59d02473d422539aadb6b8de621cb85742077716807ccd93d55	Owner contract; internal fields remain internal; no universal ABI promise
compiler/lowering/effects/effect_policy_native.inc::NEBOC_NATIVE_POLICY_DENY_OFFSET	x86_64-systemv-elf-linux	compiler/lowering/effects/effect_policy_native.inc	NEBOC_NATIVE_POLICY_DENY_OFFSET	64	386442a5fce2bc51013959c8d723722687de7f35855ac6722d4a87eed4d28ae0	Owner contract; internal fields remain internal; no universal ABI promise
compiler/lowering/effects/effect_policy_native.inc::NEBOC_NATIVE_POLICY_BUDGET_OFFSET	x86_64-systemv-elf-linux	compiler/lowering/effects/effect_policy_native.inc	NEBOC_NATIVE_POLICY_BUDGET_OFFSET	72	16d57f7d493e8e8abff20ac975425fa52cc7f8cebbed091e6ef52d6b574ca519	Owner contract; internal fields remain internal; no universal ABI promise
compiler/lowering/effects/effect_policy_native.inc::NEBOC_NATIVE_POLICY_TRUST_OFFSET	x86_64-systemv-elf-linux	compiler/lowering/effects/effect_policy_native.inc	NEBOC_NATIVE_POLICY_TRUST_OFFSET	80	adb3455c0c824df3f8237cb997c0c13123f3d96e2d26da2abbca54d4fb3b6c38	Owner contract; internal fields remain internal; no universal ABI promise
compiler/lowering/effects/effect_policy_native.inc::NEBOC_NATIVE_POLICY_AUDIT_ID_OFFSET	x86_64-systemv-elf-linux	compiler/lowering/effects/effect_policy_native.inc	NEBOC_NATIVE_POLICY_AUDIT_ID_OFFSET	88	1e5032b452ccdb070966a0fbcc9be98fe237837cff7120139c1639a06c78405d	Owner contract; internal fields remain internal; no universal ABI promise
compiler/lowering/effects/effect_policy_native.inc::NEBOC_NATIVE_POLICY_PERMIT_OFFSET	x86_64-systemv-elf-linux	compiler/lowering/effects/effect_policy_native.inc	NEBOC_NATIVE_POLICY_PERMIT_OFFSET	96	f8cc25d1e6609540c4c9dec4912a7ac0e192cb297263e7416c2ca6730fd4c4f5	Owner contract; internal fields remain internal; no universal ABI promise
compiler/lowering/effects/effect_policy_native.inc::NEBOC_NATIVE_POLICY_INFERRED_EFFECTS_OFFSET	x86_64-systemv-elf-linux	compiler/lowering/effects/effect_policy_native.inc	NEBOC_NATIVE_POLICY_INFERRED_EFFECTS_OFFSET	104	fae9caca536b7cc4691a029cdeb98ecdcf6220304e41e109c78d7c02d9558fba	Owner contract; internal fields remain internal; no universal ABI promise
compiler/lowering/effects/effect_policy_native.inc::NEBOC_NATIVE_POLICY_MISSING_EFFECTS_OFFSET	x86_64-systemv-elf-linux	compiler/lowering/effects/effect_policy_native.inc	NEBOC_NATIVE_POLICY_MISSING_EFFECTS_OFFSET	112	baa488478b845b433afb358e4a8fc2ebc6747959f9fca609e2893c921b9ef14f	Owner contract; internal fields remain internal; no universal ABI promise
compiler/lowering/effects/effect_policy_native.inc::NEBOC_NATIVE_POLICY_REJECTED_EFFECTS_OFFSET	x86_64-systemv-elf-linux	compiler/lowering/effects/effect_policy_native.inc	NEBOC_NATIVE_POLICY_REJECTED_EFFECTS_OFFSET	120	69d4ec6108a1acb352a0ff40fbd62c4105a2520298c345ede4ce0a902eb6b803	Owner contract; internal fields remain internal; no universal ABI promise
compiler/lowering/effects/effect_policy_native.inc::NEBOC_NATIVE_POLICY_COST_OFFSET	x86_64-systemv-elf-linux	compiler/lowering/effects/effect_policy_native.inc	NEBOC_NATIVE_POLICY_COST_OFFSET	128	fa9fda4e2b8b0726d3bfe0c795012acfb5dadef29394c7dfcd30b6bdf2fb3d54	Owner contract; internal fields remain internal; no universal ABI promise
compiler/lowering/effects/effect_policy_native.inc::NEBOC_NATIVE_POLICY_DIAGNOSTIC_OFFSET	x86_64-systemv-elf-linux	compiler/lowering/effects/effect_policy_native.inc	NEBOC_NATIVE_POLICY_DIAGNOSTIC_OFFSET	136	801def7f45a4e8cc259ede438cadc78e07a42b0417d7f9b964cad1d9c544793e	Owner contract; internal fields remain internal; no universal ABI promise
compiler/lowering/effects/effect_policy_native.inc::NEBOC_NATIVE_POLICY_AUDIT_HASH_OFFSET	x86_64-systemv-elf-linux	compiler/lowering/effects/effect_policy_native.inc	NEBOC_NATIVE_POLICY_AUDIT_HASH_OFFSET	144	c710528b6c54ad9c94287a4415a28e65f86ec91ea40009fa17b23c333cce4ec2	Owner contract; internal fields remain internal; no universal ABI promise
compiler/lowering/effects/effect_policy_native.inc::NEBOC_NATIVE_POLICY_DECISION_OFFSET	x86_64-systemv-elf-linux	compiler/lowering/effects/effect_policy_native.inc	NEBOC_NATIVE_POLICY_DECISION_OFFSET	152	a6abcc3e36e29d36c093bcaad7a4682e6bf90064a8159c6aa507e0eb03c902c8	Owner contract; internal fields remain internal; no universal ABI promise
compiler/lowering/effects/effect_policy_native.inc::neboc_effects_capabilities_e_politicas_NATIVE_RECORD_SIZE_OFFSET	x86_64-systemv-elf-linux	compiler/lowering/effects/effect_policy_native.inc	neboc_effects_capabilities_e_politicas_NATIVE_RECORD_SIZE_OFFSET	160	3403dde16b798cc278c96716fe800ba0f13c7ad113a1ac67f46ab0f711d5a4f2	Owner contract; internal fields remain internal; no universal ABI promise
compiler/lowering/effects/effect_policy_native.inc::neboc_effects_capabilities_e_politicas_NATIVE_RECORD_ALIGNMENT_OFFSET	x86_64-systemv-elf-linux	compiler/lowering/effects/effect_policy_native.inc	neboc_effects_capabilities_e_politicas_NATIVE_RECORD_ALIGNMENT_OFFSET	168	446af03e0752c23ed006e8853fde8c3866ca6e6250c55d6c207d7334db17122d	Owner contract; internal fields remain internal; no universal ABI promise
compiler/lowering/effects/effect_policy_native.inc::neboc_effects_capabilities_e_politicas_NATIVE_RECORD_PASSING_OFFSET	x86_64-systemv-elf-linux	compiler/lowering/effects/effect_policy_native.inc	neboc_effects_capabilities_e_politicas_NATIVE_RECORD_PASSING_OFFSET	176	082fd0e8cd9e1485b439467da65da650980386f3b26f87db42915e8789268303	Owner contract; internal fields remain internal; no universal ABI promise
compiler/lowering/effects/effect_policy_native.inc::NEBOC_NATIVE_RECORD_ARGUMENT_REGISTER_OFFSET	x86_64-systemv-elf-linux	compiler/lowering/effects/effect_policy_native.inc	NEBOC_NATIVE_RECORD_ARGUMENT_REGISTER_OFFSET	184	7118864571ac5a8f4b92a7254fad5e0efeacc17d09c9a335945bdc17b760cf65	Owner contract; internal fields remain internal; no universal ABI promise
compiler/lowering/effects/effect_policy_native.inc::neboc_effects_capabilities_e_politicas_NATIVE_RESULT_SIZE_OFFSET	x86_64-systemv-elf-linux	compiler/lowering/effects/effect_policy_native.inc	neboc_effects_capabilities_e_politicas_NATIVE_RESULT_SIZE_OFFSET	192	d1b2f2002eee5f48ffea48e398975e5847b9f90013f20fafb5bbf31ce0f4e96f	Owner contract; internal fields remain internal; no universal ABI promise
compiler/lowering/effects/effect_policy_native.inc::neboc_effects_capabilities_e_politicas_NATIVE_RESULT_ALIGNMENT_OFFSET	x86_64-systemv-elf-linux	compiler/lowering/effects/effect_policy_native.inc	neboc_effects_capabilities_e_politicas_NATIVE_RESULT_ALIGNMENT_OFFSET	200	1ad61ff9ba121760285f6a5fd7ee56e69d3dc28d66a6a80982ef6e0e83f3316b	Owner contract; internal fields remain internal; no universal ABI promise
compiler/lowering/effects/effect_policy_native.inc::neboc_effects_capabilities_e_politicas_NATIVE_RESULT_ABI_CLASS_OFFSET	x86_64-systemv-elf-linux	compiler/lowering/effects/effect_policy_native.inc	neboc_effects_capabilities_e_politicas_NATIVE_RESULT_ABI_CLASS_OFFSET	208	afd5672d88608814502fc90f3ffbfe0c5af05c405191f54f4716078198717730	Owner contract; internal fields remain internal; no universal ABI promise
compiler/lowering/effects/effect_policy_native.inc::neboc_effects_capabilities_e_politicas_NATIVE_RESULT_REGISTER_OFFSET	x86_64-systemv-elf-linux	compiler/lowering/effects/effect_policy_native.inc	neboc_effects_capabilities_e_politicas_NATIVE_RESULT_REGISTER_OFFSET	216	3fb87db3d5ee85793e7fcadc5d98c1276f481c4d5c47a384d95d161750331a29	Owner contract; internal fields remain internal; no universal ABI promise
compiler/lowering/effects/effect_policy_native.inc::neboc_effects_capabilities_e_politicas_NATIVE_INSTRUCTION_OFFSET	x86_64-systemv-elf-linux	compiler/lowering/effects/effect_policy_native.inc	neboc_effects_capabilities_e_politicas_NATIVE_INSTRUCTION_OFFSET	224	3c360fd8cdb4d045969dabc993a4da9ff100e36fb7f7a23957f5d854a6a0d907	Owner contract; internal fields remain internal; no universal ABI promise
compiler/lowering/effects/effect_policy_native.inc::NEBOC_NATIVE_PERMIT_IMMEDIATE_OFFSET	x86_64-systemv-elf-linux	compiler/lowering/effects/effect_policy_native.inc	NEBOC_NATIVE_PERMIT_IMMEDIATE_OFFSET	232	c0cf4ee4c54a76547fad4353d31af41c02c328f3c4eaea8464cd7adfa9c2f822	Owner contract; internal fields remain internal; no universal ABI promise
compiler/lowering/effects/effect_policy_native.inc::neboc_effects_capabilities_e_politicas_NATIVE_RUNTIME_GUARD_OFFSET	x86_64-systemv-elf-linux	compiler/lowering/effects/effect_policy_native.inc	neboc_effects_capabilities_e_politicas_NATIVE_RUNTIME_GUARD_OFFSET	240	f165f2c286b18107409f7e52f431f96567783be6c2a195f87d3064c2b6201113	Owner contract; internal fields remain internal; no universal ABI promise
compiler/lowering/effects/effect_policy_native.inc::neboc_effects_capabilities_e_politicas_NATIVE_FLAGS_OFFSET	x86_64-systemv-elf-linux	compiler/lowering/effects/effect_policy_native.inc	neboc_effects_capabilities_e_politicas_NATIVE_FLAGS_OFFSET	248	fb90589a89f5d62937172be6666f9cfd8ffe0af3bd5bf1c7ec355ae8531727c2	Owner contract; internal fields remain internal; no universal ABI promise
compiler/lowering/effects/effect_policy_native.inc::neboc_effects_capabilities_e_politicas_NATIVE_DIAGNOSTIC_OFFSET	x86_64-systemv-elf-linux	compiler/lowering/effects/effect_policy_native.inc	neboc_effects_capabilities_e_politicas_NATIVE_DIAGNOSTIC_OFFSET	256	c25de9e08705ee8c570e851f3c15388434444e778ee735c34a942cf37b60b0cd	Owner contract; internal fields remain internal; no universal ABI promise
compiler/lowering/effects/effect_policy_native.inc::neboc_effects_capabilities_e_politicas_NATIVE_ALLOCATIONS_OFFSET	x86_64-systemv-elf-linux	compiler/lowering/effects/effect_policy_native.inc	neboc_effects_capabilities_e_politicas_NATIVE_ALLOCATIONS_OFFSET	264	34a6c44d0d5b9c8600527dc71654d3eb6de570bea3b74849e9500bc0e73970ac	Owner contract; internal fields remain internal; no universal ABI promise
compiler/lowering/effects/effect_policy_native.inc::neboc_effects_capabilities_e_politicas_NATIVE_HASH_OFFSET	x86_64-systemv-elf-linux	compiler/lowering/effects/effect_policy_native.inc	neboc_effects_capabilities_e_politicas_NATIVE_HASH_OFFSET	272	919d1e6f4d85ab23ec97ff1a38d46112117f2ada154369cd83a7b82f58973804	Owner contract; internal fields remain internal; no universal ABI promise
compiler/lowering/effects/effect_policy_native.inc::neboc_effects_capabilities_e_politicas_NATIVE_REQUEST_QWORDS	x86_64-systemv-elf-linux	compiler/lowering/effects/effect_policy_native.inc	neboc_effects_capabilities_e_politicas_NATIVE_REQUEST_QWORDS	35	df46f9df669e237957c5070ac4f3ad17c013e82648847847d25684177ff6249f	Owner contract; internal fields remain internal; no universal ABI promise
compiler/lowering/effects/effect_policy_native.inc::neboc_effects_capabilities_e_politicas_NATIVE_REQUEST_SIZE	x86_64-systemv-elf-linux	compiler/lowering/effects/effect_policy_native.inc	neboc_effects_capabilities_e_politicas_NATIVE_REQUEST_SIZE	280	9dc50b1fe855de1c74b35c3baac8bf86de39b90b31c9c071530311ec246c118d	Owner contract; internal fields remain internal; no universal ABI promise
compiler/lowering/effects/effect_policy_native.inc::neboc_effects_capabilities_e_politicas_NATIVE_HASH_START_OFFSET	x86_64-systemv-elf-linux	compiler/lowering/effects/effect_policy_native.inc	neboc_effects_capabilities_e_politicas_NATIVE_HASH_START_OFFSET	8	2ea16834541cc075a7ace45159458fbaf5949037876f5d12b28081368719823b	Owner contract; internal fields remain internal; no universal ABI promise
compiler/lowering/effects/effect_policy_native.inc::neboc_effects_capabilities_e_politicas_NATIVE_HASHED_BYTES	x86_64-systemv-elf-linux	compiler/lowering/effects/effect_policy_native.inc	neboc_effects_capabilities_e_politicas_NATIVE_HASHED_BYTES	264	e3d4aab546e5e3547472398591ff08b4a08a1e4d4fe4aaf388f94ba821a2eda3	Owner contract; internal fields remain internal; no universal ABI promise
compiler/lowering/effects/effect_policy_native.inc::neboc_effects_capabilities_e_politicas_NATIVE_TARGET_X86_64_SYSV_ELF_LINUX	x86_64-systemv-elf-linux	compiler/lowering/effects/effect_policy_native.inc	neboc_effects_capabilities_e_politicas_NATIVE_TARGET_X86_64_SYSV_ELF_LINUX	1	29f5db0b8636539cd19df243a34ab32b4562582801d94a5afe6f40f17d3fd5dc	Owner contract; internal fields remain internal; no universal ABI promise
compiler/lowering/effects/effect_policy_native.inc::neboc_effects_capabilities_e_politicas_NATIVE_ABI_VERSION	x86_64-systemv-elf-linux	compiler/lowering/effects/effect_policy_native.inc	neboc_effects_capabilities_e_politicas_NATIVE_ABI_VERSION	1	09d00f5f3813799330cf2ddce1c0322c711ad2b50b5914701a2d59519b4a2436	Owner contract; internal fields remain internal; no universal ABI promise
compiler/lowering/effects/effect_policy_native.inc::neboc_effects_capabilities_e_politicas_NATIVE_ALIGNMENT	x86_64-systemv-elf-linux	compiler/lowering/effects/effect_policy_native.inc	neboc_effects_capabilities_e_politicas_NATIVE_ALIGNMENT	8	0480c4cde6b42243807c7a5064682a236075232fcf3e8d1342cca4ba908c6519	Owner contract; internal fields remain internal; no universal ABI promise
compiler/lowering/effects/effect_policy_native.inc::neboc_effects_capabilities_e_politicas_NATIVE_OUTPUT_OFFSET	x86_64-systemv-elf-linux	compiler/lowering/effects/effect_policy_native.inc	neboc_effects_capabilities_e_politicas_NATIVE_OUTPUT_OFFSET	24	ffc5a382c1a3a541172a600283aeddb853bd43d01279daa95660111736f023ff	Owner contract; internal fields remain internal; no universal ABI promise
compiler/lowering/effects/effect_policy_native.inc::neboc_effects_capabilities_e_politicas_NATIVE_OUTPUT_QWORDS	x86_64-systemv-elf-linux	compiler/lowering/effects/effect_policy_native.inc	neboc_effects_capabilities_e_politicas_NATIVE_OUTPUT_QWORDS	32	4b3ab89230ed2d913a12ea3cd06c9c5c35f933d183233659daf47050d9de53b1	Owner contract; internal fields remain internal; no universal ABI promise
compiler/lowering/effects/effect_policy_native.inc::neboc_effects_capabilities_e_politicas_NATIVE_RECORD_SIZE	x86_64-systemv-elf-linux	compiler/lowering/effects/effect_policy_native.inc	neboc_effects_capabilities_e_politicas_NATIVE_RECORD_SIZE	136	65ee3ae947ccec4951ff3465cf915c574277f6f2850a01f60f39c8135f2b36d4	Owner contract; internal fields remain internal; no universal ABI promise
compiler/lowering/effects/effect_policy_native.inc::neboc_effects_capabilities_e_politicas_NATIVE_RECORD_ALIGNMENT	x86_64-systemv-elf-linux	compiler/lowering/effects/effect_policy_native.inc	neboc_effects_capabilities_e_politicas_NATIVE_RECORD_ALIGNMENT	8	c9649a66bdb6fe5e67b3e33a09094ed0d4679226b25cb2f22bda056a903784cd	Owner contract; internal fields remain internal; no universal ABI promise
compiler/lowering/effects/effect_policy_native.inc::NEBOC_NATIVE_RECORD_PASSING_BY_REFERENCE	x86_64-systemv-elf-linux	compiler/lowering/effects/effect_policy_native.inc	NEBOC_NATIVE_RECORD_PASSING_BY_REFERENCE	1	7f4e7c55431d71ca0e8ef84a4c29fa7733f2c6718bd14de7afa97f5bdc55f237	Owner contract; internal fields remain internal; no universal ABI promise
compiler/lowering/effects/effect_policy_native.inc::neboc_effects_capabilities_e_politicas_NATIVE_REGISTER_RDI	x86_64-systemv-elf-linux	compiler/lowering/effects/effect_policy_native.inc	neboc_effects_capabilities_e_politicas_NATIVE_REGISTER_RDI	1	a918cd8d7267b0e8df447f02180a84f3e8247eca5a7eac5c91fbc5efc334444d	Owner contract; internal fields remain internal; no universal ABI promise
compiler/lowering/effects/effect_policy_native.inc::neboc_effects_capabilities_e_politicas_NATIVE_REGISTER_RAX	x86_64-systemv-elf-linux	compiler/lowering/effects/effect_policy_native.inc	neboc_effects_capabilities_e_politicas_NATIVE_REGISTER_RAX	2	832529786dbc86bbfe7cea32d1880bdc7aa7801cd97cd1cd167ad43ef652e1c7	Owner contract; internal fields remain internal; no universal ABI promise
compiler/lowering/effects/effect_policy_native.inc::neboc_effects_capabilities_e_politicas_NATIVE_RESULT_SIZE	x86_64-systemv-elf-linux	compiler/lowering/effects/effect_policy_native.inc	neboc_effects_capabilities_e_politicas_NATIVE_RESULT_SIZE	8	75e4709a23ee94916017d665cd40643e918564570bd7fff5f0c42cc47952eb8b	Owner contract; internal fields remain internal; no universal ABI promise
compiler/lowering/effects/effect_policy_native.inc::neboc_effects_capabilities_e_politicas_NATIVE_RESULT_ALIGNMENT	x86_64-systemv-elf-linux	compiler/lowering/effects/effect_policy_native.inc	neboc_effects_capabilities_e_politicas_NATIVE_RESULT_ALIGNMENT	8	20a03c19727b6318a9fca45aa921cc593d81f8eadda4d46fdaaac10e445845dc	Owner contract; internal fields remain internal; no universal ABI promise
compiler/lowering/effects/effect_policy_native.inc::neboc_effects_capabilities_e_politicas_NATIVE_ABI_CLASS_INTEGER	x86_64-systemv-elf-linux	compiler/lowering/effects/effect_policy_native.inc	neboc_effects_capabilities_e_politicas_NATIVE_ABI_CLASS_INTEGER	1	a423b1a558e3175d1e61676a0e7ec95b8f66411f6b03e9d712aef975c15ca35b	Owner contract; internal fields remain internal; no universal ABI promise
compiler/lowering/effects/effect_policy_native.inc::NEBOC_NATIVE_INSTRUCTION_MOV_EAX_IMM32	x86_64-systemv-elf-linux	compiler/lowering/effects/effect_policy_native.inc	NEBOC_NATIVE_INSTRUCTION_MOV_EAX_IMM32	1	96327f59e6b2e5e4d064c96ca58f3a3d9963490f9d68a3581531d21ab0798d96	Owner contract; internal fields remain internal; no universal ABI promise
compiler/lowering/effects/effect_policy_native.inc::NEBOC_NATIVE_RUNTIME_GUARD_POLICY_CHECK	x86_64-systemv-elf-linux	compiler/lowering/effects/effect_policy_native.inc	NEBOC_NATIVE_RUNTIME_GUARD_POLICY_CHECK	1	574fe441b2acb5141e68f35755eeb269646d7d250e9531aa5bb8c33215879af5	Owner contract; internal fields remain internal; no universal ABI promise
compiler/lowering/effects/effect_policy_native.inc::neboc_effects_capabilities_e_politicas_NATIVE_ALLOCATION_NONE	x86_64-systemv-elf-linux	compiler/lowering/effects/effect_policy_native.inc	neboc_effects_capabilities_e_politicas_NATIVE_ALLOCATION_NONE	0	01335d4156bd2f92887d7d993c07b9e68bf119faccc7d02e713133e60d0165a9	Owner contract; internal fields remain internal; no universal ABI promise
compiler/lowering/effects/effect_policy_native.inc::NEBOC_NATIVE_FLAG_POINTERLESS_RECORD	x86_64-systemv-elf-linux	compiler/lowering/effects/effect_policy_native.inc	NEBOC_NATIVE_FLAG_POINTERLESS_RECORD	0x001	a70afbbe3258d546adcb53b429a5575800c3dff825593b8ac67616f97dafce2a	Owner contract; internal fields remain internal; no universal ABI promise
compiler/lowering/effects/effect_policy_native.inc::neboc_effects_capabilities_e_politicas_NATIVE_FLAG_CALLER_OWNED	x86_64-systemv-elf-linux	compiler/lowering/effects/effect_policy_native.inc	neboc_effects_capabilities_e_politicas_NATIVE_FLAG_CALLER_OWNED	0x002	66e08d0d1624f209f5462966585447bd2d928561f00389fbb2c43b890256d763	Owner contract; internal fields remain internal; no universal ABI promise
compiler/lowering/effects/effect_policy_native.inc::neboc_effects_capabilities_e_politicas_NATIVE_FLAG_COPY_ONLY	x86_64-systemv-elf-linux	compiler/lowering/effects/effect_policy_native.inc	neboc_effects_capabilities_e_politicas_NATIVE_FLAG_COPY_ONLY	0x004	3534afb4a3d32a6c2d3dc356a71e12731a5a4279abc3774576503b2881a86e3d	Owner contract; internal fields remain internal; no universal ABI promise
compiler/lowering/effects/effect_policy_native.inc::NEBOC_NATIVE_FLAG_IMMUTABLE	x86_64-systemv-elf-linux	compiler/lowering/effects/effect_policy_native.inc	NEBOC_NATIVE_FLAG_IMMUTABLE	0x008	aedd3b9ad360894e7a10eb7409db6f1ddeb614d5a36553ff499a3652c1764110	Owner contract; internal fields remain internal; no universal ABI promise
compiler/lowering/effects/effect_policy_native.inc::neboc_effects_capabilities_e_politicas_NATIVE_FLAG_NO_HEAP	x86_64-systemv-elf-linux	compiler/lowering/effects/effect_policy_native.inc	neboc_effects_capabilities_e_politicas_NATIVE_FLAG_NO_HEAP	0x010	d1d32e0b2fafc04f7a1465dab12684ca0bde3f92b902efde6dbd8f959f744ef1	Owner contract; internal fields remain internal; no universal ABI promise
compiler/lowering/effects/effect_policy_native.inc::neboc_effects_capabilities_e_politicas_NATIVE_FLAG_NO_UNWIND	x86_64-systemv-elf-linux	compiler/lowering/effects/effect_policy_native.inc	neboc_effects_capabilities_e_politicas_NATIVE_FLAG_NO_UNWIND	0x020	bede633454df3b1107b9352e842dcfd9b0c7f64a6eb34459cddebe3ff6d93ee0	Owner contract; internal fields remain internal; no universal ABI promise
compiler/lowering/effects/effect_policy_native.inc::NEBOC_NATIVE_FLAG_STATIC_GATE_DISCHARGED	x86_64-systemv-elf-linux	compiler/lowering/effects/effect_policy_native.inc	NEBOC_NATIVE_FLAG_STATIC_GATE_DISCHARGED	0x040	0fc85281190ed92cc358982cafac0ba977a727a403018e55cff825dbed91b501	Owner contract; internal fields remain internal; no universal ABI promise
compiler/lowering/effects/effect_policy_native.inc::neboc_effects_capabilities_e_politicas_NATIVE_FLAG_NO_EXTERNAL_ADAPTER	x86_64-systemv-elf-linux	compiler/lowering/effects/effect_policy_native.inc	neboc_effects_capabilities_e_politicas_NATIVE_FLAG_NO_EXTERNAL_ADAPTER	0x080	b82ab9f2d44be460e87e1ea6cf30df31941997113cce0c04a1c6a0336ef9753f	Owner contract; internal fields remain internal; no universal ABI promise
compiler/lowering/effects/effect_policy_native.inc::neboc_effects_capabilities_e_politicas_NATIVE_FLAG_DETERMINISTIC	x86_64-systemv-elf-linux	compiler/lowering/effects/effect_policy_native.inc	neboc_effects_capabilities_e_politicas_NATIVE_FLAG_DETERMINISTIC	0x100	052ebd3cd605b9972f711e41e9c466b828d5d86de3ea9769a1906572ac92980a	Owner contract; internal fields remain internal; no universal ABI promise
compiler/lowering/effects/effect_policy_native.inc::neboc_effects_capabilities_e_politicas_NATIVE_FLAG_NO_AMBIENT_AUTHORITY	x86_64-systemv-elf-linux	compiler/lowering/effects/effect_policy_native.inc	neboc_effects_capabilities_e_politicas_NATIVE_FLAG_NO_AMBIENT_AUTHORITY	0x200	c2037edb05f667e5845d113314fbea21c9f5dae7f51198820f58e8866ab5a719	Owner contract; internal fields remain internal; no universal ABI promise
compiler/lowering/effects/effect_policy_native.inc::neboc_effects_capabilities_e_politicas_NATIVE_FLAGS_REQUIRED	x86_64-systemv-elf-linux	compiler/lowering/effects/effect_policy_native.inc	neboc_effects_capabilities_e_politicas_NATIVE_FLAGS_REQUIRED	0x3ff	afc74e982df9d6979dfee591a8144f4e294b8a09cebb8d5ea69461db66ec2de2	Owner contract; internal fields remain internal; no universal ABI promise
compiler/lowering/effects/effect_policy_native.inc::neboc_effects_capabilities_e_politicas_NATIVE_REQUIRED_FLAGS	x86_64-systemv-elf-linux	compiler/lowering/effects/effect_policy_native.inc	neboc_effects_capabilities_e_politicas_NATIVE_REQUIRED_FLAGS	0x3ff	51b40b9c5118cde7de076365104027795cde19e9a9404af228c6829fe40767bb	Owner contract; internal fields remain internal; no universal ABI promise
compiler/lowering/function_lowering_plan.inc::NEBOC_LOWERING_PLAN_ID_INVALID	x86_64-systemv-elf-linux	compiler/lowering/function_lowering_plan.inc	NEBOC_LOWERING_PLAN_ID_INVALID	0	0bdcd9b70255e2e85f11e62d5d39ef14ca122d7127099b496e697d2065ba5f02	Owner contract; internal fields remain internal; no universal ABI promise
compiler/lowering/function_lowering_plan.inc::NEBOC_LOWERING_OPERATION_LOAD_CONSOLE	x86_64-systemv-elf-linux	compiler/lowering/function_lowering_plan.inc	NEBOC_LOWERING_OPERATION_LOAD_CONSOLE	1	fcf0a30693ba1a9990253c0efe167b1cb49a7ad5f1fb3c1ddc418a123747bde4	Owner contract; internal fields remain internal; no universal ABI promise
compiler/lowering/function_lowering_plan.inc::NEBOC_LOWERING_OPERATION_BEGIN_SCAN	x86_64-systemv-elf-linux	compiler/lowering/function_lowering_plan.inc	NEBOC_LOWERING_OPERATION_BEGIN_SCAN	2	dddc42b0fa413ed3cb75a52a552dd351e43453ffc338981c0786d4fef99fbab0	Owner contract; internal fields remain internal; no universal ABI promise
compiler/lowering/function_lowering_plan.inc::NEBOC_LOWERING_OPERATION_STORE_PENDING	x86_64-systemv-elf-linux	compiler/lowering/function_lowering_plan.inc	NEBOC_LOWERING_OPERATION_STORE_PENDING	3	1eef53539f67f1cf44e64a09f03af117561843eacab40b5c18fc62377ed700c8	Owner contract; internal fields remain internal; no universal ABI promise
compiler/lowering/function_lowering_plan.inc::NEBOC_LOWERING_OPERATION_REGISTER_CONTINUATION	x86_64-systemv-elf-linux	compiler/lowering/function_lowering_plan.inc	NEBOC_LOWERING_OPERATION_REGISTER_CONTINUATION	4	c6bb263a4432c6dc97497a9d53acdc27b42f0d9bb26013bc3e868930455b9445	Owner contract; internal fields remain internal; no universal ABI promise
compiler/lowering/function_lowering_plan.inc::NEBOC_LOWERING_OPERATION_RESUME_CONTINUATION	x86_64-systemv-elf-linux	compiler/lowering/function_lowering_plan.inc	NEBOC_LOWERING_OPERATION_RESUME_CONTINUATION	5	cf091829967b78be6b80a9c43a33a3b5d0b2ef83afc06abb44c3e08c48dfb34e	Owner contract; internal fields remain internal; no universal ABI promise
compiler/lowering/function_lowering_plan.inc::NEBOC_LOWERING_OPERATION_RETURN	x86_64-systemv-elf-linux	compiler/lowering/function_lowering_plan.inc	NEBOC_LOWERING_OPERATION_RETURN	6	c0e5685f3f826b5471a90318aa1a6ed7b3d04b5fc72ea618d58dedaba9da243d	Owner contract; internal fields remain internal; no universal ABI promise
compiler/lowering/function_lowering_plan.inc::NEBOC_LOWERING_OPERATION_COUNT	x86_64-systemv-elf-linux	compiler/lowering/function_lowering_plan.inc	NEBOC_LOWERING_OPERATION_COUNT	6	c7f2ddd6045a79097b51eade44293aa3144c6d4efc4654365e4a07044458c4e9	Owner contract; internal fields remain internal; no universal ABI promise
compiler/lowering/function_lowering_plan.inc::NEBOC_LOWERING_PLAN_FLAG_NONE	x86_64-systemv-elf-linux	compiler/lowering/function_lowering_plan.inc	NEBOC_LOWERING_PLAN_FLAG_NONE	0	52312afa5e47f8d4b91c6077e0c1c1120aca2a7fcbefb0421080f305ca2075bf	Owner contract; internal fields remain internal; no universal ABI promise
compiler/lowering/function_lowering_plan.inc::NEBOC_LOWERING_PLAN_FLAG_TARGET_INDEPENDENT	x86_64-systemv-elf-linux	compiler/lowering/function_lowering_plan.inc	NEBOC_LOWERING_PLAN_FLAG_TARGET_INDEPENDENT	1	321fa52499d9466d7c1ddeb9acdc782e44343b8efa7e56112ed3f55ca7c78329	Owner contract; internal fields remain internal; no universal ABI promise
compiler/lowering/function_lowering_plan.inc::NEBOC_LOWERING_PLAN_FLAG_SOURCE_ORDERED	x86_64-systemv-elf-linux	compiler/lowering/function_lowering_plan.inc	NEBOC_LOWERING_PLAN_FLAG_SOURCE_ORDERED	2	b19663af5f7c3e925da703d643de7d32ad5f3802ef621c22a65560847af76b8c	Owner contract; internal fields remain internal; no universal ABI promise
compiler/lowering/function_lowering_plan.inc::NEBOC_LOWERING_PLAN_FLAG_HAS_CONTINUATIONS	x86_64-systemv-elf-linux	compiler/lowering/function_lowering_plan.inc	NEBOC_LOWERING_PLAN_FLAG_HAS_CONTINUATIONS	4	0bb0bf681a377f0879f72acab8527511995df2d39580d42a9a1c56733eb70d33	Owner contract; internal fields remain internal; no universal ABI promise
compiler/lowering/function_lowering_plan.inc::NEBOC_LOWERING_PLAN_FLAG_HAS_CANCELLATION	x86_64-systemv-elf-linux	compiler/lowering/function_lowering_plan.inc	NEBOC_LOWERING_PLAN_FLAG_HAS_CANCELLATION	8	8888f767039a7ae7ffc08e254e8941538ba3a10f9ea310c7f0e86664b9ea9d94	Owner contract; internal fields remain internal; no universal ABI promise
compiler/lowering/function_lowering_plan.inc::NEBOC_LOWERING_PLAN_REQUIRED_FLAGS	x86_64-systemv-elf-linux	compiler/lowering/function_lowering_plan.inc	NEBOC_LOWERING_PLAN_REQUIRED_FLAGS	15	1bdc5ae6d7e7c6c3b7c7ae0c2b2cd27f7b3e79176de9336838d95eef0b57b2fc	Owner contract; internal fields remain internal; no universal ABI promise
compiler/lowering/function_lowering_plan.inc::NEBOC_FUNCTION_PLAN_ID_OFFSET	x86_64-systemv-elf-linux	compiler/lowering/function_lowering_plan.inc	NEBOC_FUNCTION_PLAN_ID_OFFSET	0	7d6715832a5f0e025d4eddb69ee1e094cd16190a36bcbb4b4039b126207d605d	Owner contract; internal fields remain internal; no universal ABI promise
compiler/lowering/function_lowering_plan.inc::NEBOC_FUNCTION_PLAN_FUNCTION_ID_OFFSET	x86_64-systemv-elf-linux	compiler/lowering/function_lowering_plan.inc	NEBOC_FUNCTION_PLAN_FUNCTION_ID_OFFSET	8	e08376819b3c3230177141d1fa79b6da0f7e474a5480df4b21d9cca13d0a90a5	Owner contract; internal fields remain internal; no universal ABI promise
compiler/lowering/function_lowering_plan.inc::NEBOC_FUNCTION_PLAN_SOURCE_ORDER_OFFSET	x86_64-systemv-elf-linux	compiler/lowering/function_lowering_plan.inc	NEBOC_FUNCTION_PLAN_SOURCE_ORDER_OFFSET	16	cd9e0d5f9936084df216fa74a61b7305d2446b032c1417fe0a52c9b688b27ea9	Owner contract; internal fields remain internal; no universal ABI promise
compiler/lowering/function_lowering_plan.inc::NEBOC_FUNCTION_PLAN_FIRST_OPERATION_ID_OFFSET	x86_64-systemv-elf-linux	compiler/lowering/function_lowering_plan.inc	NEBOC_FUNCTION_PLAN_FIRST_OPERATION_ID_OFFSET	24	19a30a9956370f3a98d289a52caa99e8a4ad3fe21d5157d8c00405ef3e30a631	Owner contract; internal fields remain internal; no universal ABI promise
compiler/lowering/function_lowering_plan.inc::NEBOC_FUNCTION_PLAN_OPERATION_COUNT_OFFSET	x86_64-systemv-elf-linux	compiler/lowering/function_lowering_plan.inc	NEBOC_FUNCTION_PLAN_OPERATION_COUNT_OFFSET	32	06cce892930f4e133b9ba7b83752d02030cbc4955b14c5cafacb6c6566b62518	Owner contract; internal fields remain internal; no universal ABI promise
compiler/lowering/function_lowering_plan.inc::NEBOC_FUNCTION_PLAN_FIRST_CONTINUATION_ID_OFFSET	x86_64-systemv-elf-linux	compiler/lowering/function_lowering_plan.inc	NEBOC_FUNCTION_PLAN_FIRST_CONTINUATION_ID_OFFSET	40	d645e21e06c3a14a5db41bec253c30d27c99824d53c961e2ebbe6968003519f1	Owner contract; internal fields remain internal; no universal ABI promise
compiler/lowering/function_lowering_plan.inc::NEBOC_FUNCTION_PLAN_CONTINUATION_COUNT_OFFSET	x86_64-systemv-elf-linux	compiler/lowering/function_lowering_plan.inc	NEBOC_FUNCTION_PLAN_CONTINUATION_COUNT_OFFSET	48	4fc24b905ed259babdf22ec7f138829f2d35edf4a3830f1ce3ab85d792368756	Owner contract; internal fields remain internal; no universal ABI promise
compiler/lowering/function_lowering_plan.inc::NEBOC_FUNCTION_PLAN_EXIT_PATH_COUNT_OFFSET	x86_64-systemv-elf-linux	compiler/lowering/function_lowering_plan.inc	NEBOC_FUNCTION_PLAN_EXIT_PATH_COUNT_OFFSET	56	789f1ce530d35d7cdc9d21c5c40e570e6d350a429e69b06188db81e726601677	Owner contract; internal fields remain internal; no universal ABI promise
compiler/lowering/function_lowering_plan.inc::NEBOC_FUNCTION_PLAN_FLAGS_OFFSET	x86_64-systemv-elf-linux	compiler/lowering/function_lowering_plan.inc	NEBOC_FUNCTION_PLAN_FLAGS_OFFSET	64	f23971b0bc1734279b6a3d8c36da61994b027b6eeea7d04ef1e2a44ec6af07e7	Owner contract; internal fields remain internal; no universal ABI promise
compiler/lowering/function_lowering_plan.inc::NEBOC_FUNCTION_PLAN_CANCELLATION_POLICY_OFFSET	x86_64-systemv-elf-linux	compiler/lowering/function_lowering_plan.inc	NEBOC_FUNCTION_PLAN_CANCELLATION_POLICY_OFFSET	72	bd8d80e0a04d30e9e6709ad718716d5f202035c4db54805dc5d8da4fea738335	Owner contract; internal fields remain internal; no universal ABI promise
compiler/lowering/function_lowering_plan.inc::NEBOC_FUNCTION_PLAN_STATE_OFFSET	x86_64-systemv-elf-linux	compiler/lowering/function_lowering_plan.inc	NEBOC_FUNCTION_PLAN_STATE_OFFSET	80	636d5ec1568d3cb4f6a0ee1408113b317cb350e64c80110808b06665ab513a74	Owner contract; internal fields remain internal; no universal ABI promise
compiler/lowering/function_lowering_plan.inc::NEBOC_FUNCTION_PLAN_HASH_OFFSET	x86_64-systemv-elf-linux	compiler/lowering/function_lowering_plan.inc	NEBOC_FUNCTION_PLAN_HASH_OFFSET	88	c410066db5a412b8637aed01324e60a3917e51026a0c0e203601e02b613f0466	Owner contract; internal fields remain internal; no universal ABI promise
compiler/lowering/function_lowering_plan.inc::NEBOC_FUNCTION_PLAN_PARAMETER_COUNT_OFFSET	x86_64-systemv-elf-linux	compiler/lowering/function_lowering_plan.inc	NEBOC_FUNCTION_PLAN_PARAMETER_COUNT_OFFSET	96	e32c75c44085c0fb77abd2e770ff8e1e83d374f0ab55e488c9a7f3558fe22ad5	Owner contract; internal fields remain internal; no universal ABI promise
compiler/lowering/function_lowering_plan.inc::NEBOC_FUNCTION_PLAN_LOCAL_BINDING_COUNT_OFFSET	x86_64-systemv-elf-linux	compiler/lowering/function_lowering_plan.inc	NEBOC_FUNCTION_PLAN_LOCAL_BINDING_COUNT_OFFSET	104	d317e75ec6aed55d461d30fbc40766b57f123ad348a67a256b05e42f5973e8d2	Owner contract; internal fields remain internal; no universal ABI promise
compiler/lowering/function_lowering_plan.inc::NEBOC_FUNCTION_PLAN_SIZE	x86_64-systemv-elf-linux	compiler/lowering/function_lowering_plan.inc	NEBOC_FUNCTION_PLAN_SIZE	112	7cd5ba7e5b040d30d48552b259d5fb376a877989819b926f5bd22dd68a345f31	Owner contract; internal fields remain internal; no universal ABI promise
compiler/lowering/function_lowering_plan.inc::NEBOC_FUNCTION_PLAN_QWORDS	x86_64-systemv-elf-linux	compiler/lowering/function_lowering_plan.inc	NEBOC_FUNCTION_PLAN_QWORDS	14	9977f937ae277def566dc166ecb7aea7c8ac9aff83b84b2f7851df9e0b64fcf2	Owner contract; internal fields remain internal; no universal ABI promise
compiler/lowering/function_lowering_plan.inc::NEBOC_FUNCTION_PLAN_STATE_MUTABLE	x86_64-systemv-elf-linux	compiler/lowering/function_lowering_plan.inc	NEBOC_FUNCTION_PLAN_STATE_MUTABLE	1	766cadc20f7d406236baffebff290eeeffbfea24d1a6ff3e33817a343f20ef16	Owner contract; internal fields remain internal; no universal ABI promise
compiler/lowering/function_lowering_plan.inc::NEBOC_FUNCTION_PLAN_STATE_FROZEN	x86_64-systemv-elf-linux	compiler/lowering/function_lowering_plan.inc	NEBOC_FUNCTION_PLAN_STATE_FROZEN	2	41966402e63b2a9d46454ef5e61b273250d9a01a8acae48234400bcf7db43d1a	Owner contract; internal fields remain internal; no universal ABI promise
compiler/lowering/function_lowering_plan.inc::NEBOC_LOWERING_OPERATION_ID_OFFSET	x86_64-systemv-elf-linux	compiler/lowering/function_lowering_plan.inc	NEBOC_LOWERING_OPERATION_ID_OFFSET	0	987764a789dcdfde38671a35d7c340e9dd4b6eb48df4512a5f7592bc4bc21062	Owner contract; internal fields remain internal; no universal ABI promise
compiler/lowering/function_lowering_plan.inc::NEBOC_LOWERING_OPERATION_PLAN_ID_OFFSET	x86_64-systemv-elf-linux	compiler/lowering/function_lowering_plan.inc	NEBOC_LOWERING_OPERATION_PLAN_ID_OFFSET	8	43d5942116c24be253c6385fb94abc6ba51e22a220a14f3eb2e9035b85f3aa21	Owner contract; internal fields remain internal; no universal ABI promise
compiler/lowering/function_lowering_plan.inc::NEBOC_LOWERING_OPERATION_KIND_OFFSET	x86_64-systemv-elf-linux	compiler/lowering/function_lowering_plan.inc	NEBOC_LOWERING_OPERATION_KIND_OFFSET	16	f90cf38b47c122cd474dd1cd879554d959cd6884dff305c3c823c2db400351ed	Owner contract; internal fields remain internal; no universal ABI promise
compiler/lowering/function_lowering_plan.inc::NEBOC_LOWERING_OPERATION_SOURCE_NODE_ID_OFFSET	x86_64-systemv-elf-linux	compiler/lowering/function_lowering_plan.inc	NEBOC_LOWERING_OPERATION_SOURCE_NODE_ID_OFFSET	24	c53131c8cf9802456a74a4257bbd239589819caac64bf4988148e6df2623f7c8	Owner contract; internal fields remain internal; no universal ABI promise
compiler/lowering/function_lowering_plan.inc::NEBOC_LOWERING_OPERATION_ROUTE_ID_OFFSET	x86_64-systemv-elf-linux	compiler/lowering/function_lowering_plan.inc	NEBOC_LOWERING_OPERATION_ROUTE_ID_OFFSET	32	1967d346962534df47adaf64129e7d2e06438a998d18a695de27973dec932698	Owner contract; internal fields remain internal; no universal ABI promise
compiler/lowering/function_lowering_plan.inc::NEBOC_LOWERING_OPERATION_PENDING_ID_OFFSET	x86_64-systemv-elf-linux	compiler/lowering/function_lowering_plan.inc	NEBOC_LOWERING_OPERATION_PENDING_ID_OFFSET	40	f90e81ef0782e487fff65a2997ece1139e8147ab031b7b2cd7b9c1971a5cddef	Owner contract; internal fields remain internal; no universal ABI promise
compiler/lowering/function_lowering_plan.inc::NEBOC_LOWERING_OPERATION_CONTINUATION_ID_OFFSET	x86_64-systemv-elf-linux	compiler/lowering/function_lowering_plan.inc	NEBOC_LOWERING_OPERATION_CONTINUATION_ID_OFFSET	48	a9d86563c08969709efa2fad9738a13f6c6e21568d338ba164b255e196b6da3d	Owner contract; internal fields remain internal; no universal ABI promise
compiler/lowering/function_lowering_plan.inc::NEBOC_LOWERING_OPERATION_RUNTIME_CONTRACT_ID_OFFSET	x86_64-systemv-elf-linux	compiler/lowering/function_lowering_plan.inc	NEBOC_LOWERING_OPERATION_RUNTIME_CONTRACT_ID_OFFSET	56	191b7754bd6e62473b7de817231e7c260462c52e1e4015088a1d4f9256b6440c	Owner contract; internal fields remain internal; no universal ABI promise
compiler/lowering/function_lowering_plan.inc::NEBOC_LOWERING_OPERATION_SOURCE_ORDER_OFFSET	x86_64-systemv-elf-linux	compiler/lowering/function_lowering_plan.inc	NEBOC_LOWERING_OPERATION_SOURCE_ORDER_OFFSET	64	3498c5021054a19dbf6283ce44c19aa429b5b4e7190134f53c2a8f4d7d900aa2	Owner contract; internal fields remain internal; no universal ABI promise
compiler/lowering/function_lowering_plan.inc::NEBOC_LOWERING_OPERATION_HASH_OFFSET	x86_64-systemv-elf-linux	compiler/lowering/function_lowering_plan.inc	NEBOC_LOWERING_OPERATION_HASH_OFFSET	72	28bcccd9f59a19ddb0b6fb7897818e7c1f1f97860a27e0c9598f3a7f9058c644	Owner contract; internal fields remain internal; no universal ABI promise
compiler/lowering/function_lowering_plan.inc::NEBOC_LOWERING_OPERATION_SIZE	x86_64-systemv-elf-linux	compiler/lowering/function_lowering_plan.inc	NEBOC_LOWERING_OPERATION_SIZE	80	a0b1085e3786b194b1ca8e5f4f9abb4faec176aa2cb2ee15c63948ffaa20b0f7	Owner contract; internal fields remain internal; no universal ABI promise
compiler/lowering/function_lowering_plan.inc::NEBOC_LOWERING_OPERATION_QWORDS	x86_64-systemv-elf-linux	compiler/lowering/function_lowering_plan.inc	NEBOC_LOWERING_OPERATION_QWORDS	10	0f0ffba3c95bac718bc43dc8cb24feafafe581f0e8416c5b69bd96a229d7956b	Owner contract; internal fields remain internal; no universal ABI promise
compiler/lowering/function_lowering_plan.inc::NEBOC_LOWERING_TABLE_PLAN_DATA_OFFSET	x86_64-systemv-elf-linux	compiler/lowering/function_lowering_plan.inc	NEBOC_LOWERING_TABLE_PLAN_DATA_OFFSET	0	e54d8cc266cf068b49b376751e063e529a424a78087ea545fff048ebdcbf0f9a	Owner contract; internal fields remain internal; no universal ABI promise
compiler/lowering/function_lowering_plan.inc::NEBOC_LOWERING_TABLE_PLAN_COUNT_OFFSET	x86_64-systemv-elf-linux	compiler/lowering/function_lowering_plan.inc	NEBOC_LOWERING_TABLE_PLAN_COUNT_OFFSET	8	fdecee9549eda6d1b79b03f7b7d7786c90d8e7efdf99cf1a38b95d955bcdf444	Owner contract; internal fields remain internal; no universal ABI promise
compiler/lowering/function_lowering_plan.inc::NEBOC_LOWERING_TABLE_PLAN_CAPACITY_OFFSET	x86_64-systemv-elf-linux	compiler/lowering/function_lowering_plan.inc	NEBOC_LOWERING_TABLE_PLAN_CAPACITY_OFFSET	16	a89563333b541591726438c5fd35115dd50f0aa58d358dcf7daaa5c1a4e6219e	Owner contract; internal fields remain internal; no universal ABI promise
compiler/lowering/function_lowering_plan.inc::NEBOC_LOWERING_TABLE_OPERATION_DATA_OFFSET	x86_64-systemv-elf-linux	compiler/lowering/function_lowering_plan.inc	NEBOC_LOWERING_TABLE_OPERATION_DATA_OFFSET	24	9cbaf5b02c27a4f0534c842f900c88a4bbe2f90d322963a899567cd365dc23b7	Owner contract; internal fields remain internal; no universal ABI promise
compiler/lowering/function_lowering_plan.inc::NEBOC_LOWERING_TABLE_OPERATION_COUNT_OFFSET	x86_64-systemv-elf-linux	compiler/lowering/function_lowering_plan.inc	NEBOC_LOWERING_TABLE_OPERATION_COUNT_OFFSET	32	701e3e73badafa2ad1ecc9d680f8f2ed3a1462882d77515e45a68a68108f3428	Owner contract; internal fields remain internal; no universal ABI promise
compiler/lowering/function_lowering_plan.inc::NEBOC_LOWERING_TABLE_OPERATION_CAPACITY_OFFSET	x86_64-systemv-elf-linux	compiler/lowering/function_lowering_plan.inc	NEBOC_LOWERING_TABLE_OPERATION_CAPACITY_OFFSET	40	7435b4bd91129ea49d6b60a34edb8a84d673f7c7a58c4211db50196af4cae7a9	Owner contract; internal fields remain internal; no universal ABI promise
compiler/lowering/function_lowering_plan.inc::NEBOC_LOWERING_TABLE_STATE_OFFSET	x86_64-systemv-elf-linux	compiler/lowering/function_lowering_plan.inc	NEBOC_LOWERING_TABLE_STATE_OFFSET	48	6643443326db1890232f93dd319e3a9fc56e398bb633226aa9c19d95a8dbc513	Owner contract; internal fields remain internal; no universal ABI promise
compiler/lowering/function_lowering_plan.inc::NEBOC_LOWERING_TABLE_HASH_OFFSET	x86_64-systemv-elf-linux	compiler/lowering/function_lowering_plan.inc	NEBOC_LOWERING_TABLE_HASH_OFFSET	56	f41933611dc20defcbd0e23d5d4fa8003083f9325313399f201315b63a8d0ebd	Owner contract; internal fields remain internal; no universal ABI promise
compiler/lowering/function_lowering_plan.inc::NEBOC_LOWERING_TABLE_LAST_ERROR_OFFSET	x86_64-systemv-elf-linux	compiler/lowering/function_lowering_plan.inc	NEBOC_LOWERING_TABLE_LAST_ERROR_OFFSET	64	4ff759f2cf69e11e1e5854fa2800416cea2a65825e2edf73ce0302b7da368987	Owner contract; internal fields remain internal; no universal ABI promise
compiler/lowering/function_lowering_plan.inc::NEBOC_LOWERING_TABLE_FLAGS_OFFSET	x86_64-systemv-elf-linux	compiler/lowering/function_lowering_plan.inc	NEBOC_LOWERING_TABLE_FLAGS_OFFSET	72	68ac77a842aebd90de46a6a3a167e96163925a9777ab4709cfe8cfbbd750e6f9	Owner contract; internal fields remain internal; no universal ABI promise
compiler/lowering/function_lowering_plan.inc::NEBOC_LOWERING_TABLE_SIZE	x86_64-systemv-elf-linux	compiler/lowering/function_lowering_plan.inc	NEBOC_LOWERING_TABLE_SIZE	80	c7d17cf08b8cf159ed5b3f67583144014af60880843d284cbd42c7800e936c11	Owner contract; internal fields remain internal; no universal ABI promise
compiler/lowering/function_lowering_plan.inc::NEBOC_LOWERING_TABLE_QWORDS	x86_64-systemv-elf-linux	compiler/lowering/function_lowering_plan.inc	NEBOC_LOWERING_TABLE_QWORDS	10	087189393fbe4b0044a4576abcd52dea01b68517d3daceac58169d6210df16ee	Owner contract; internal fields remain internal; no universal ABI promise
compiler/lowering/function_lowering_plan.inc::NEBOC_LOWERING_TABLE_STATE_EMPTY	x86_64-systemv-elf-linux	compiler/lowering/function_lowering_plan.inc	NEBOC_LOWERING_TABLE_STATE_EMPTY	0	fc0a48ab7ccf2e3d7a0c1cbab1c2617de5e9fd662ca72158b30333f25870c547	Owner contract; internal fields remain internal; no universal ABI promise
compiler/lowering/function_lowering_plan.inc::NEBOC_LOWERING_TABLE_STATE_MUTABLE	x86_64-systemv-elf-linux	compiler/lowering/function_lowering_plan.inc	NEBOC_LOWERING_TABLE_STATE_MUTABLE	1	5e4080c7cb905a7bfd5e2ed50013a20351ff50c053065db4434d77967a778b7b	Owner contract; internal fields remain internal; no universal ABI promise
compiler/lowering/function_lowering_plan.inc::NEBOC_LOWERING_TABLE_STATE_FROZEN	x86_64-systemv-elf-linux	compiler/lowering/function_lowering_plan.inc	NEBOC_LOWERING_TABLE_STATE_FROZEN	2	ed4847d19fcec12b8499a6863222535bb52c3642c7115198fff2b89927067e53	Owner contract; internal fields remain internal; no universal ABI promise
compiler/lowering/function_lowering_plan.inc::NEBOC_FUNCTION_PLAN_REQUEST_FUNCTION_ID_OFFSET	x86_64-systemv-elf-linux	compiler/lowering/function_lowering_plan.inc	NEBOC_FUNCTION_PLAN_REQUEST_FUNCTION_ID_OFFSET	0	081e53facdd91841503a05317b6b282a37296ae615f709794be8e752c47f3ce8	Owner contract; internal fields remain internal; no universal ABI promise
compiler/lowering/function_lowering_plan.inc::NEBOC_FUNCTION_PLAN_REQUEST_SOURCE_ORDER_OFFSET	x86_64-systemv-elf-linux	compiler/lowering/function_lowering_plan.inc	NEBOC_FUNCTION_PLAN_REQUEST_SOURCE_ORDER_OFFSET	8	a76333aeb756204de97496ef02cb21e1edaa9f2e818371139e18b2bcf6f38d80	Owner contract; internal fields remain internal; no universal ABI promise
compiler/lowering/function_lowering_plan.inc::NEBOC_FUNCTION_PLAN_REQUEST_SOURCE_NODE_ID_OFFSET	x86_64-systemv-elf-linux	compiler/lowering/function_lowering_plan.inc	NEBOC_FUNCTION_PLAN_REQUEST_SOURCE_NODE_ID_OFFSET	16	99e21c795357c441901e12db2f50c7e0d5847d4c2c3aa4c964d765c6f1178183	Owner contract; internal fields remain internal; no universal ABI promise
compiler/lowering/function_lowering_plan.inc::NEBOC_FUNCTION_PLAN_REQUEST_ROUTE_ID_OFFSET	x86_64-systemv-elf-linux	compiler/lowering/function_lowering_plan.inc	NEBOC_FUNCTION_PLAN_REQUEST_ROUTE_ID_OFFSET	24	f018444434b69721919ec92bf890677114f627092bdcfea6269a768f4135a736	Owner contract; internal fields remain internal; no universal ABI promise
compiler/lowering/function_lowering_plan.inc::NEBOC_FUNCTION_PLAN_REQUEST_PENDING_ID_OFFSET	x86_64-systemv-elf-linux	compiler/lowering/function_lowering_plan.inc	NEBOC_FUNCTION_PLAN_REQUEST_PENDING_ID_OFFSET	32	0ee584668212ef0775d0ee5f16557f6b0cefe52759a851687bab046e7567f6d1	Owner contract; internal fields remain internal; no universal ABI promise
compiler/lowering/function_lowering_plan.inc::NEBOC_FUNCTION_PLAN_REQUEST_RUNTIME_CONTRACT_ID_OFFSET	x86_64-systemv-elf-linux	compiler/lowering/function_lowering_plan.inc	NEBOC_FUNCTION_PLAN_REQUEST_RUNTIME_CONTRACT_ID_OFFSET	40	87b0d4b17219a3dcda57cb1511a9ba98811e4127541ec72f40ab5a1f89cd3104	Owner contract; internal fields remain internal; no universal ABI promise
compiler/lowering/function_lowering_plan.inc::NEBOC_FUNCTION_PLAN_REQUEST_FIRST_CONTINUATION_ID_OFFSET	x86_64-systemv-elf-linux	compiler/lowering/function_lowering_plan.inc	NEBOC_FUNCTION_PLAN_REQUEST_FIRST_CONTINUATION_ID_OFFSET	48	db2ab75faeed11dc89181271229c5848874613ae3faad53be5345f7cde9e94ee	Owner contract; internal fields remain internal; no universal ABI promise
compiler/lowering/function_lowering_plan.inc::NEBOC_FUNCTION_PLAN_REQUEST_CONTINUATION_COUNT_OFFSET	x86_64-systemv-elf-linux	compiler/lowering/function_lowering_plan.inc	NEBOC_FUNCTION_PLAN_REQUEST_CONTINUATION_COUNT_OFFSET	56	fd00f668df4b41d188b7e301f866beb3429e15e2b21b53fac7e4b4b0f530ac95	Owner contract; internal fields remain internal; no universal ABI promise
compiler/lowering/function_lowering_plan.inc::NEBOC_FUNCTION_PLAN_REQUEST_OUT_PLAN_ID_OFFSET	x86_64-systemv-elf-linux	compiler/lowering/function_lowering_plan.inc	NEBOC_FUNCTION_PLAN_REQUEST_OUT_PLAN_ID_OFFSET	64	67ebcd5eaa2c330d57660b88de026b990867cc98d485216e96cd62f191a0ae98	Owner contract; internal fields remain internal; no universal ABI promise
compiler/lowering/function_lowering_plan.inc::NEBOC_FUNCTION_PLAN_REQUEST_ERROR_CODE_OFFSET	x86_64-systemv-elf-linux	compiler/lowering/function_lowering_plan.inc	NEBOC_FUNCTION_PLAN_REQUEST_ERROR_CODE_OFFSET	72	83f0cf41c8c1bd78a03cca4c4a138dff3fc964e07ba62a3c49034648d7b05896	Owner contract; internal fields remain internal; no universal ABI promise
compiler/lowering/function_lowering_plan.inc::NEBOC_FUNCTION_PLAN_REQUEST_SIZE	x86_64-systemv-elf-linux	compiler/lowering/function_lowering_plan.inc	NEBOC_FUNCTION_PLAN_REQUEST_SIZE	80	e554bbe314a0eb0435b360a2d429d3dcff7507b8d5446e5990d138c0ca321bbd	Owner contract; internal fields remain internal; no universal ABI promise
compiler/lowering/function_lowering_plan.inc::NEBOC_FUNCTION_PLAN_REQUEST_QWORDS	x86_64-systemv-elf-linux	compiler/lowering/function_lowering_plan.inc	NEBOC_FUNCTION_PLAN_REQUEST_QWORDS	10	f9044a1ad2082dbb69ffee6035addc214c05599ee7cba3183872cbddabbde331	Owner contract; internal fields remain internal; no universal ABI promise
compiler/lowering/function_lowering_plan.inc::NEBOC_LOWERING_ERROR_NONE	x86_64-systemv-elf-linux	compiler/lowering/function_lowering_plan.inc	NEBOC_LOWERING_ERROR_NONE	0	03748ee8fa8631a7d692bbf12bf79c9f0e88ca1857e8385cd0046b90dc05f139	Owner contract; internal fields remain internal; no universal ABI promise
compiler/lowering/function_lowering_plan.inc::NEBOC_LOWERING_ERROR_BAD_REQUEST	x86_64-systemv-elf-linux	compiler/lowering/function_lowering_plan.inc	NEBOC_LOWERING_ERROR_BAD_REQUEST	16	677e5bf815c4d9b76628f6c88fb9f95f41eda99cd3c67febd76891d6b3c9ae75	Owner contract; internal fields remain internal; no universal ABI promise
compiler/lowering/function_lowering_plan.inc::NEBOC_LOWERING_ERROR_BAD_TABLE	x86_64-systemv-elf-linux	compiler/lowering/function_lowering_plan.inc	NEBOC_LOWERING_ERROR_BAD_TABLE	17	9b3a1a1eb4dd54a33e70fe379722de38ddf7717530c5e7b51025705ceebd2e2f	Owner contract; internal fields remain internal; no universal ABI promise
compiler/lowering/function_lowering_plan.inc::NEBOC_LOWERING_ERROR_LIMIT	x86_64-systemv-elf-linux	compiler/lowering/function_lowering_plan.inc	NEBOC_LOWERING_ERROR_LIMIT	18	4b2ab00999386d016eed887596c29ef91eb0ed0809f054bcb6e0224a2af1e02e	Owner contract; internal fields remain internal; no universal ABI promise
compiler/lowering/function_lowering_plan.inc::NEBOC_LOWERING_ERROR_MISSING_CONTINUATION	x86_64-systemv-elf-linux	compiler/lowering/function_lowering_plan.inc	NEBOC_LOWERING_ERROR_MISSING_CONTINUATION	19	302e03777c12ab811f6464667ab8ebfdeb4a330ffaeba9a5e3b49b363cba876f	Owner contract; internal fields remain internal; no universal ABI promise
compiler/lowering/function_lowering_plan.inc::NEBOC_LOWERING_ERROR_ORPHAN_PENDING_AT_EXIT	x86_64-systemv-elf-linux	compiler/lowering/function_lowering_plan.inc	NEBOC_LOWERING_ERROR_ORPHAN_PENDING_AT_EXIT	20	54287ffadf0248e74a9457fa74ec3c689a17bdae787f3bf202e34bbb772493f4	Owner contract; internal fields remain internal; no universal ABI promise
compiler/lowering/function_lowering_plan.inc::NEBOC_LOWERING_ERROR_INCOMPLETE_PLAN	x86_64-systemv-elf-linux	compiler/lowering/function_lowering_plan.inc	NEBOC_LOWERING_ERROR_INCOMPLETE_PLAN	21	58d9e7c2357b59585bf2c6dd1fb7a308e5f57e6699ccfc4fc5cb9a4cbb57f8fa	Owner contract; internal fields remain internal; no universal ABI promise
compiler/lowering/function_lowering_plan.inc::NEBOC_LOWERING_ERROR_COUNT	x86_64-systemv-elf-linux	compiler/lowering/function_lowering_plan.inc	NEBOC_LOWERING_ERROR_COUNT	22	97b0e7951f3c3471b2863ac43d94e2ddfa185052f9bb6dcace7eaca13f3061f5	Owner contract; internal fields remain internal; no universal ABI promise
compiler/lowering/function_lowering_plan.inc::NEBOC_LOWERING_HASH_FNV1A32_OFFSET_BASIS	x86_64-systemv-elf-linux	compiler/lowering/function_lowering_plan.inc	NEBOC_LOWERING_HASH_FNV1A32_OFFSET_BASIS	2166136261	92c11b20d462f26aa59a1d557b63182b9d47e2745a7972c8bee1bcd0e9dcd8a4	Owner contract; internal fields remain internal; no universal ABI promise
compiler/lowering/function_lowering_plan.inc::NEBOC_LOWERING_HASH_FNV1A32_PRIME	x86_64-systemv-elf-linux	compiler/lowering/function_lowering_plan.inc	NEBOC_LOWERING_HASH_FNV1A32_PRIME	16777619	351bb488e0903707bdaf7bc49557ec0e64606d56700bb4a13753a39ed16826be	Owner contract; internal fields remain internal; no universal ABI promise
compiler/lowering/functions/parameters_plan.inc::neboc_seguranca_numerica_conversoes_e_overflow_PLAN_MAGIC_OFFSET	x86_64-systemv-elf-linux	compiler/lowering/functions/parameters_plan.inc	neboc_seguranca_numerica_conversoes_e_overflow_PLAN_MAGIC_OFFSET	0	43b56e97859d7822a5a4e3e4468a5c5dbbc9f7204de03fa462d6a47f6c5eb1a3	Owner contract; internal fields remain internal; no universal ABI promise
compiler/lowering/functions/parameters_plan.inc::NEBOC_PLAN_PROFILE_OFFSET	x86_64-systemv-elf-linux	compiler/lowering/functions/parameters_plan.inc	NEBOC_PLAN_PROFILE_OFFSET	8	fe8d7cdc60b6c9147d6ed6193798ef011d240ac2a61c06c4a276c7822527f7ca	Owner contract; internal fields remain internal; no universal ABI promise
compiler/lowering/functions/parameters_plan.inc::neboc_seguranca_numerica_conversoes_e_overflow_PLAN_SEMANTIC_HASH_OFFSET	x86_64-systemv-elf-linux	compiler/lowering/functions/parameters_plan.inc	neboc_seguranca_numerica_conversoes_e_overflow_PLAN_SEMANTIC_HASH_OFFSET	16	349d5a52e0b2797a97eef74ceb33d5663f087714da221bb228ef82b3e6eb2b8c	Owner contract; internal fields remain internal; no universal ABI promise
compiler/lowering/functions/parameters_plan.inc::NEBOC_PLAN_FOUND_OFFSET	x86_64-systemv-elf-linux	compiler/lowering/functions/parameters_plan.inc	NEBOC_PLAN_FOUND_OFFSET	24	fc905cf8950582381739ff7bdd59f4a982273f237d9b0f840cc28f9a89733464	Owner contract; internal fields remain internal; no universal ABI promise
compiler/lowering/functions/parameters_plan.inc::NEBOC_PLAN_OUTPUT_TYPE_OFFSET	x86_64-systemv-elf-linux	compiler/lowering/functions/parameters_plan.inc	NEBOC_PLAN_OUTPUT_TYPE_OFFSET	32	97a5b1dcf5002f7eaf0dee6051bde2bd13ca692b95e105e761f20c282d77d754	Owner contract; internal fields remain internal; no universal ABI promise
compiler/lowering/functions/parameters_plan.inc::NEBOC_PLAN_OUTPUT_VALUE_OFFSET	x86_64-systemv-elf-linux	compiler/lowering/functions/parameters_plan.inc	NEBOC_PLAN_OUTPUT_VALUE_OFFSET	40	2a557780513159be1f793a9ebd0be52061eaee77c89d29aec37efaa2c952fe67	Owner contract; internal fields remain internal; no universal ABI promise
compiler/lowering/functions/parameters_plan.inc::NEBOC_PLAN_EXPLICIT_COUNT_OFFSET	x86_64-systemv-elf-linux	compiler/lowering/functions/parameters_plan.inc	NEBOC_PLAN_EXPLICIT_COUNT_OFFSET	48	d1bca15413d0c0f1efeef5ae98c20f617bbcc6365fe4b4986fc2cb4de09f7c3e	Owner contract; internal fields remain internal; no universal ABI promise
compiler/lowering/functions/parameters_plan.inc::NEBOC_PLAN_DEFAULT_COUNT_OFFSET	x86_64-systemv-elf-linux	compiler/lowering/functions/parameters_plan.inc	NEBOC_PLAN_DEFAULT_COUNT_OFFSET	56	7e4e34f369ff54f9ee98cfab140fff678d84b97569f25c01d75eb5286f059862	Owner contract; internal fields remain internal; no universal ABI promise
compiler/lowering/functions/parameters_plan.inc::NEBOC_PLAN_NAMED_COUNT_OFFSET	x86_64-systemv-elf-linux	compiler/lowering/functions/parameters_plan.inc	NEBOC_PLAN_NAMED_COUNT_OFFSET	64	89987711041dc65779618832e5f918ba52e29d2a24edc242d10ebad4dbce70ee	Owner contract; internal fields remain internal; no universal ABI promise
compiler/lowering/functions/parameters_plan.inc::NEBOC_PLAN_RETURN_ARITY_OFFSET	x86_64-systemv-elf-linux	compiler/lowering/functions/parameters_plan.inc	NEBOC_PLAN_RETURN_ARITY_OFFSET	72	1af357eff427b6b5bb187d6ab136bb7607311c73ca2fa233f49f06e22a23a62f	Owner contract; internal fields remain internal; no universal ABI promise
compiler/lowering/functions/parameters_plan.inc::NEBOC_PLAN_ABI_HASH_OFFSET	x86_64-systemv-elf-linux	compiler/lowering/functions/parameters_plan.inc	NEBOC_PLAN_ABI_HASH_OFFSET	80	85426df881a3c6c7fd53db5d81857db0db95e72d52330b3472cc2b7a64cbf533	Owner contract; internal fields remain internal; no universal ABI promise
compiler/lowering/functions/parameters_plan.inc::NEBOC_PLAN_OVERLOAD_COUNT_OFFSET	x86_64-systemv-elf-linux	compiler/lowering/functions/parameters_plan.inc	NEBOC_PLAN_OVERLOAD_COUNT_OFFSET	88	dab4d76b5b608557d10f79c3a09d957955e54db142401e1a915d039c697e4419	Owner contract; internal fields remain internal; no universal ABI promise
compiler/lowering/functions/parameters_plan.inc::NEBOC_PLAN_CANDIDATE_MASK_OFFSET	x86_64-systemv-elf-linux	compiler/lowering/functions/parameters_plan.inc	NEBOC_PLAN_CANDIDATE_MASK_OFFSET	96	7924ca71bf6020962c74b20ef3f450f70a901111215c2c834e1fd931a4c16f3b	Owner contract; internal fields remain internal; no universal ABI promise
compiler/lowering/functions/parameters_plan.inc::NEBOC_PLAN_SELECTED_INDEX_OFFSET	x86_64-systemv-elf-linux	compiler/lowering/functions/parameters_plan.inc	NEBOC_PLAN_SELECTED_INDEX_OFFSET	104	cd58c81aebfe7fb4cd20f3827fd2911c135bc3f909ad785e0b52d891328c9771	Owner contract; internal fields remain internal; no universal ABI promise
compiler/lowering/functions/parameters_plan.inc::NEBOC_PLAN_SELECTED_SCORE_OFFSET	x86_64-systemv-elf-linux	compiler/lowering/functions/parameters_plan.inc	NEBOC_PLAN_SELECTED_SCORE_OFFSET	112	a509877e26e16e57967f0a05924989f7346144f4952adc3b319b15edfcc67694	Owner contract; internal fields remain internal; no universal ABI promise
compiler/lowering/functions/parameters_plan.inc::NEBOC_PLAN_DISPATCH_HASH_OFFSET	x86_64-systemv-elf-linux	compiler/lowering/functions/parameters_plan.inc	NEBOC_PLAN_DISPATCH_HASH_OFFSET	120	cc0ec19d6bda8bed1bb394017f6160a66f07d208cddf2180a62c1e8be325d929	Owner contract; internal fields remain internal; no universal ABI promise
compiler/lowering/functions/parameters_plan.inc::NEBOC_PLAN_MANGLE_HASH_OFFSET	x86_64-systemv-elf-linux	compiler/lowering/functions/parameters_plan.inc	NEBOC_PLAN_MANGLE_HASH_OFFSET	128	d0e639786acfaae7358ebec7b6e5e105f8e474afed8892608eba0cd2ed5ef3dc	Owner contract; internal fields remain internal; no universal ABI promise
compiler/lowering/functions/parameters_plan.inc::NEBOC_PLAN_CALLABLE_COUNT_OFFSET	x86_64-systemv-elf-linux	compiler/lowering/functions/parameters_plan.inc	NEBOC_PLAN_CALLABLE_COUNT_OFFSET	136	f3123f9ed2e7b2ca7c49443e653e6e459eb8b9ebeb0a79990c8f644cdbe40ec6	Owner contract; internal fields remain internal; no universal ABI promise
compiler/lowering/functions/parameters_plan.inc::NEBOC_PLAN_CAPTURE_MODE_OFFSET	x86_64-systemv-elf-linux	compiler/lowering/functions/parameters_plan.inc	NEBOC_PLAN_CAPTURE_MODE_OFFSET	144	b30d5552d644d8bc5da717197f2699f074cac8eb8dda7ebd07aca94da024f8c4	Owner contract; internal fields remain internal; no universal ABI promise
compiler/lowering/functions/parameters_plan.inc::NEBOC_PLAN_CALL_COUNT_OFFSET	x86_64-systemv-elf-linux	compiler/lowering/functions/parameters_plan.inc	NEBOC_PLAN_CALL_COUNT_OFFSET	152	77fd7085ddf2eb5926ce726915132304c336c3cdff203b57a0eddd0d09c9e2f3	Owner contract; internal fields remain internal; no universal ABI promise
compiler/lowering/functions/parameters_plan.inc::neboc_seguranca_numerica_conversoes_e_overflow_PLAN_DROP_COUNT_OFFSET	x86_64-systemv-elf-linux	compiler/lowering/functions/parameters_plan.inc	neboc_seguranca_numerica_conversoes_e_overflow_PLAN_DROP_COUNT_OFFSET	160	8577a9bbef44fbb979930eaa06c46d9566c508bc81d2a8ce0750bd5a07f44271	Owner contract; internal fields remain internal; no universal ABI promise
compiler/lowering/functions/parameters_plan.inc::NEBOC_PLAN_ENV_SIZE_OFFSET	x86_64-systemv-elf-linux	compiler/lowering/functions/parameters_plan.inc	NEBOC_PLAN_ENV_SIZE_OFFSET	168	bd9811e9bc80eb0eb69b1e971cfb6aab3cbe3c0012ba78cdc192499f6b371988	Owner contract; internal fields remain internal; no universal ABI promise
compiler/lowering/functions/parameters_plan.inc::NEBOC_PLAN_CALLABLE_SELECTED_INDEX_OFFSET	x86_64-systemv-elf-linux	compiler/lowering/functions/parameters_plan.inc	NEBOC_PLAN_CALLABLE_SELECTED_INDEX_OFFSET	176	cbee7d58f1e66ff9b2efa4d41564e3ef24b684d0fd5d8cd6ccbc86bcaedf990a	Owner contract; internal fields remain internal; no universal ABI promise
compiler/lowering/functions/parameters_plan.inc::NEBOC_PLAN_CALLABLE_HASH_OFFSET	x86_64-systemv-elf-linux	compiler/lowering/functions/parameters_plan.inc	NEBOC_PLAN_CALLABLE_HASH_OFFSET	184	6681eb3e8f306e10757845501a05cc8b7893d0cdeac7b8878e89f33b3be6064f	Owner contract; internal fields remain internal; no universal ABI promise
compiler/lowering/functions/parameters_plan.inc::NEBOC_PLAN_BORROW_MASK_OFFSET	x86_64-systemv-elf-linux	compiler/lowering/functions/parameters_plan.inc	NEBOC_PLAN_BORROW_MASK_OFFSET	192	ca47536b7d8bd5122890e28d506c49b1b80e5815121ad766a4b63cca5e913d84	Owner contract; internal fields remain internal; no universal ABI promise
compiler/lowering/functions/parameters_plan.inc::NEBOC_PLAN_OWNED_MASK_OFFSET	x86_64-systemv-elf-linux	compiler/lowering/functions/parameters_plan.inc	NEBOC_PLAN_OWNED_MASK_OFFSET	200	fe95cef51a149a94859c24fd6de6e4b83603cf223588a2b337b34339296f1d62	Owner contract; internal fields remain internal; no universal ABI promise
compiler/lowering/functions/parameters_plan.inc::NEBOC_PLAN_VARIADIC_INDEX_OFFSET	x86_64-systemv-elf-linux	compiler/lowering/functions/parameters_plan.inc	NEBOC_PLAN_VARIADIC_INDEX_OFFSET	208	513fd1ee92a19a5b59f2334360153f8cbd1c555badce01ffebf20d5b179dbbf3	Owner contract; internal fields remain internal; no universal ABI promise
compiler/lowering/functions/parameters_plan.inc::NEBOC_PLAN_VARIADIC_COUNT_OFFSET	x86_64-systemv-elf-linux	compiler/lowering/functions/parameters_plan.inc	NEBOC_PLAN_VARIADIC_COUNT_OFFSET	216	89831e8c56ff0973a6afc9491db9fc1b3cfb92670a60cb2eaed21a09d1784913	Owner contract; internal fields remain internal; no universal ABI promise
compiler/lowering/functions/parameters_plan.inc::NEBOC_PLAN_VARIADIC_VALUES_OFFSET	x86_64-systemv-elf-linux	compiler/lowering/functions/parameters_plan.inc	NEBOC_PLAN_VARIADIC_VALUES_OFFSET	224	729a65f5d1f187ce48bb15fa2682d7143e09c155f19770613e47c57637d3ad90	Owner contract; internal fields remain internal; no universal ABI promise
compiler/lowering/functions/parameters_plan.inc::NEBOC_PLAN_CALLABLE_BODY_OFFSET	x86_64-systemv-elf-linux	compiler/lowering/functions/parameters_plan.inc	NEBOC_PLAN_CALLABLE_BODY_OFFSET	264	004d47b6d2e656274baab820115889c48931a4d737d857bbc95c91c229589392	Owner contract; internal fields remain internal; no universal ABI promise
compiler/lowering/functions/parameters_plan.inc::NEBOC_PLAN_CALLABLE_ARGUMENT_TYPE_OFFSET	x86_64-systemv-elf-linux	compiler/lowering/functions/parameters_plan.inc	NEBOC_PLAN_CALLABLE_ARGUMENT_TYPE_OFFSET	272	983e9a86fd8254dc73fe221cf4adc89b6946bdbf521b713a324eb0fb383dbfae	Owner contract; internal fields remain internal; no universal ABI promise
compiler/lowering/functions/parameters_plan.inc::NEBOC_PLAN_CALLABLE_ARGUMENT_VALUE_OFFSET	x86_64-systemv-elf-linux	compiler/lowering/functions/parameters_plan.inc	NEBOC_PLAN_CALLABLE_ARGUMENT_VALUE_OFFSET	280	889563260736407e68daccbeaedf065260e24f578ff4e80ec939308d25cb2f06	Owner contract; internal fields remain internal; no universal ABI promise
compiler/lowering/functions/parameters_plan.inc::NEBOC_PLAN_CALLABLE_CAPTURE_VALUE_OFFSET	x86_64-systemv-elf-linux	compiler/lowering/functions/parameters_plan.inc	NEBOC_PLAN_CALLABLE_CAPTURE_VALUE_OFFSET	288	5cdb8d4a762e3e11a99111e60cf912792777bb6b91ee8d385ffc77fa0801348d	Owner contract; internal fields remain internal; no universal ABI promise
compiler/lowering/functions/parameters_plan.inc::neboc_seguranca_numerica_conversoes_e_overflow_PLAN_HASH_OFFSET	x86_64-systemv-elf-linux	compiler/lowering/functions/parameters_plan.inc	neboc_seguranca_numerica_conversoes_e_overflow_PLAN_HASH_OFFSET	296	d5ea24ebe079fafe2edecfc6986ef83839b0ee4b0c9c5f440e9058a3691e2370	Owner contract; internal fields remain internal; no universal ABI promise
compiler/lowering/functions/parameters_plan.inc::neboc_seguranca_numerica_conversoes_e_overflow_PLAN_SIZE	x86_64-systemv-elf-linux	compiler/lowering/functions/parameters_plan.inc	neboc_seguranca_numerica_conversoes_e_overflow_PLAN_SIZE	304	a4499f71bdbe8e15c962de244cf92cc641b2ec06fee2869e0380972455ecdc40	Owner contract; internal fields remain internal; no universal ABI promise
compiler/lowering/functions/parameters_plan.inc::neboc_seguranca_numerica_conversoes_e_overflow_PLAN_QWORDS	x86_64-systemv-elf-linux	compiler/lowering/functions/parameters_plan.inc	neboc_seguranca_numerica_conversoes_e_overflow_PLAN_QWORDS	38	0406ecb378df0a0d880da21547616059c66f3413087d4a1832519a810b105b81	Owner contract; internal fields remain internal; no universal ABI promise
compiler/lowering/functions/parameters_plan.inc::neboc_seguranca_numerica_conversoes_e_overflow_PLAN_HASHED_BYTES	x86_64-systemv-elf-linux	compiler/lowering/functions/parameters_plan.inc	neboc_seguranca_numerica_conversoes_e_overflow_PLAN_HASHED_BYTES	296	7594dd90327f6153c332d074fa805849878f0edbd5207ab618af171b343ff61c	Owner contract; internal fields remain internal; no universal ABI promise
compiler/lowering/functions/parameters_plan.inc::neboc_seguranca_numerica_conversoes_e_overflow_PLAN_MAGIC	x86_64-systemv-elf-linux	compiler/lowering/functions/parameters_plan.inc	neboc_seguranca_numerica_conversoes_e_overflow_PLAN_MAGIC	0x5246323747303350	f4d6ee22c896dbbe8da0c9905803337b87835f901203975c152230a197c8181a	Owner contract; internal fields remain internal; no universal ABI promise
compiler/lowering/functions/tuple_function_abi.inc::NEBOC_TFA_PATH_ARITY_OFFSET	x86_64-systemv-elf-linux	compiler/lowering/functions/tuple_function_abi.inc	NEBOC_TFA_PATH_ARITY_OFFSET	0	514e0981d806217ecbffe9b3a080df2e3f433e75311d69016014b3978e02d462	Owner contract; internal fields remain internal; no universal ABI promise
compiler/lowering/functions/tuple_function_abi.inc::NEBOC_TFA_PATH_SIZE_OFFSET	x86_64-systemv-elf-linux	compiler/lowering/functions/tuple_function_abi.inc	NEBOC_TFA_PATH_SIZE_OFFSET	8	9bc11901dae9f96b0ec61b1df93e53db53398ef69a9e647e72a3242e6579ba0d	Owner contract; internal fields remain internal; no universal ABI promise
compiler/lowering/functions/tuple_function_abi.inc::NEBOC_TFA_PATH_ALIGN_OFFSET	x86_64-systemv-elf-linux	compiler/lowering/functions/tuple_function_abi.inc	NEBOC_TFA_PATH_ALIGN_OFFSET	16	f4d2d40faf1249e22a991534d297097df88b4aaa86b53450b10f17fc8612df4a	Owner contract; internal fields remain internal; no universal ABI promise
compiler/lowering/functions/tuple_function_abi.inc::NEBOC_TFA_PATH_DROP_COUNT_OFFSET	x86_64-systemv-elf-linux	compiler/lowering/functions/tuple_function_abi.inc	NEBOC_TFA_PATH_DROP_COUNT_OFFSET	24	cb7655d0b4e4b5673e2855feb9cb03c7daaff5fd337a9feb2ac0caa099eb39ee	Owner contract; internal fields remain internal; no universal ABI promise
compiler/lowering/functions/tuple_function_abi.inc::NEBOC_TFA_PATH_TYPES_OFFSET	x86_64-systemv-elf-linux	compiler/lowering/functions/tuple_function_abi.inc	NEBOC_TFA_PATH_TYPES_OFFSET	32	0c856f8b60031443cb8f9db6c51917e1dd1c8c4d5a64e7e6d59f937d07e8169c	Owner contract; internal fields remain internal; no universal ABI promise
compiler/lowering/functions/tuple_function_abi.inc::NEBOC_TFA_PATH_SIZE	x86_64-systemv-elf-linux	compiler/lowering/functions/tuple_function_abi.inc	NEBOC_TFA_PATH_SIZE	96	963fa74630893ca984a1cf4ef1f32b6a7406141f43a1af1c90e4146e66afc062	Owner contract; internal fields remain internal; no universal ABI promise
compiler/lowering/functions/tuple_function_abi.inc::NEBOC_TFA_PATH_QWORDS	x86_64-systemv-elf-linux	compiler/lowering/functions/tuple_function_abi.inc	NEBOC_TFA_PATH_QWORDS	12	bb0ba3b1689a28256e4d0df2cbf98d6922828e63f00057419c5f87b8e08798e1	Owner contract; internal fields remain internal; no universal ABI promise
compiler/lowering/functions/tuple_function_abi.inc::NEBOC_TFA_PATHS_OFFSET	x86_64-systemv-elf-linux	compiler/lowering/functions/tuple_function_abi.inc	NEBOC_TFA_PATHS_OFFSET	0	ff5f8a9710606ad61508e754d67c12ac8255d4c741247bfbb131fc8f5f483461	Owner contract; internal fields remain internal; no universal ABI promise
compiler/lowering/functions/tuple_function_abi.inc::NEBOC_TFA_PATH_COUNT_OFFSET	x86_64-systemv-elf-linux	compiler/lowering/functions/tuple_function_abi.inc	NEBOC_TFA_PATH_COUNT_OFFSET	8	c12cd7332bd0f4ebc31b9fc93c5f648e5e8d1490b298e16a4cdc7de42453145f	Owner contract; internal fields remain internal; no universal ABI promise
compiler/lowering/functions/tuple_function_abi.inc::NEBOC_TFA_SOURCE_OFFSET	x86_64-systemv-elf-linux	compiler/lowering/functions/tuple_function_abi.inc	NEBOC_TFA_SOURCE_OFFSET	16	51a0a356d5b6fc62a20eb5f98297403c1e387ea74da4908196c47d39b3b72f9a	Owner contract; internal fields remain internal; no universal ABI promise
compiler/lowering/functions/tuple_function_abi.inc::NEBOC_TFA_DESTINATION_OFFSET	x86_64-systemv-elf-linux	compiler/lowering/functions/tuple_function_abi.inc	NEBOC_TFA_DESTINATION_OFFSET	24	083b2dc4963f703a36b979a3ba0e35fbbff7b81161607fa2475e9b76c6810d56	Owner contract; internal fields remain internal; no universal ABI promise
compiler/lowering/functions/tuple_function_abi.inc::NEBOC_TFA_MERGED_ARITY_OFFSET	x86_64-systemv-elf-linux	compiler/lowering/functions/tuple_function_abi.inc	NEBOC_TFA_MERGED_ARITY_OFFSET	32	845aff5e1514337c948029625e0b13177c8e26657494d3217eaeef51850aec02	Owner contract; internal fields remain internal; no universal ABI promise
compiler/lowering/functions/tuple_function_abi.inc::NEBOC_TFA_MERGED_SIZE_OFFSET	x86_64-systemv-elf-linux	compiler/lowering/functions/tuple_function_abi.inc	NEBOC_TFA_MERGED_SIZE_OFFSET	40	b4499e7e60b7bc359ccebb1f91d0fece670ca0e5ea8c282eae19d48fa1287ded	Owner contract; internal fields remain internal; no universal ABI promise
compiler/lowering/functions/tuple_function_abi.inc::NEBOC_TFA_MERGED_ALIGN_OFFSET	x86_64-systemv-elf-linux	compiler/lowering/functions/tuple_function_abi.inc	NEBOC_TFA_MERGED_ALIGN_OFFSET	48	1c03d509f39fc166397036defe4c5ba2990920b355fe1cf08dce6a345479388a	Owner contract; internal fields remain internal; no universal ABI promise
compiler/lowering/functions/tuple_function_abi.inc::NEBOC_TFA_MERGED_DROP_COUNT_OFFSET	x86_64-systemv-elf-linux	compiler/lowering/functions/tuple_function_abi.inc	NEBOC_TFA_MERGED_DROP_COUNT_OFFSET	56	e5673c6ae2d07e99b739c27b6a67caa1bb79d083b8d83d0f2c8bad726a86346e	Owner contract; internal fields remain internal; no universal ABI promise
compiler/lowering/functions/tuple_function_abi.inc::NEBOC_TFA_MERGED_TYPE_HASH_OFFSET	x86_64-systemv-elf-linux	compiler/lowering/functions/tuple_function_abi.inc	NEBOC_TFA_MERGED_TYPE_HASH_OFFSET	64	ee0a763a9757a678154354672196dd20e90f4eb2109f9a4dbbb1ff4d7bbeb399	Owner contract; internal fields remain internal; no universal ABI promise
compiler/lowering/functions/tuple_function_abi.inc::NEBOC_TFA_DIAGNOSTIC_OFFSET	x86_64-systemv-elf-linux	compiler/lowering/functions/tuple_function_abi.inc	NEBOC_TFA_DIAGNOSTIC_OFFSET	72	da4cd8062f94dcc58f77c9364a0092eff180d450c386de17747eb88af8507b41	Owner contract; internal fields remain internal; no universal ABI promise
compiler/lowering/functions/tuple_function_abi.inc::NEBOC_TFA_SRET_BYTES_OFFSET	x86_64-systemv-elf-linux	compiler/lowering/functions/tuple_function_abi.inc	NEBOC_TFA_SRET_BYTES_OFFSET	80	961323b2cfcf991902c350f993828c76cf28d3df9d127c7ad0ff7204bd20de5e	Owner contract; internal fields remain internal; no universal ABI promise
compiler/lowering/functions/tuple_function_abi.inc::NEBOC_TFA_REQUEST_SIZE	x86_64-systemv-elf-linux	compiler/lowering/functions/tuple_function_abi.inc	NEBOC_TFA_REQUEST_SIZE	88	1e5336466e354c588e9410ba2b9c430858a9c75d75a0c01674479f623ba02c52	Owner contract; internal fields remain internal; no universal ABI promise
compiler/lowering/functions/tuple_function_abi.inc::NEBOC_TFA_REQUEST_QWORDS	x86_64-systemv-elf-linux	compiler/lowering/functions/tuple_function_abi.inc	NEBOC_TFA_REQUEST_QWORDS	11	aef3850950e32c70dc6efc82fced81cb05784459edac13285e473d5b9960a4aa	Owner contract; internal fields remain internal; no universal ABI promise
compiler/lowering/functions/tuple_function_abi.inc::NEBOC_TFA_MAX_PATHS	x86_64-systemv-elf-linux	compiler/lowering/functions/tuple_function_abi.inc	NEBOC_TFA_MAX_PATHS	8	620e34f8447c719cbbea340aaca2dbe77d00efb79612fa3f68a11d297db2fa6e	Owner contract; internal fields remain internal; no universal ABI promise
compiler/lowering/functions/tuple_function_abi.inc::NEBOC_TFA_MAX_ARITY	x86_64-systemv-elf-linux	compiler/lowering/functions/tuple_function_abi.inc	NEBOC_TFA_MAX_ARITY	8	68b12205c3e1bde71dc250c36b6a0c6dc702a73cee24e44be1e48bc73032fc96	Owner contract; internal fields remain internal; no universal ABI promise
compiler/lowering/functions/tuple_function_abi.inc::NEBOC_TFA_MAX_SIZE	x86_64-systemv-elf-linux	compiler/lowering/functions/tuple_function_abi.inc	NEBOC_TFA_MAX_SIZE	1048576	25e0a6c0920a829d923ff872a2a751d4ed02fdab7fca5e3f1dd838bfcfedbb68	Owner contract; internal fields remain internal; no universal ABI promise
compiler/lowering/functions/tuple_function_abi.inc::NEBOC_TFA_MAX_ALIGN	x86_64-systemv-elf-linux	compiler/lowering/functions/tuple_function_abi.inc	NEBOC_TFA_MAX_ALIGN	4096	25cfc84f7108bc00005ce1e97b0fe0845fe1443eabdcec40b5b37af18d7ca3e9	Owner contract; internal fields remain internal; no universal ABI promise
compiler/lowering/functions/tuple_function_abi.inc::NEBOC_TFA_MAX_DROP_LEAVES	x86_64-systemv-elf-linux	compiler/lowering/functions/tuple_function_abi.inc	NEBOC_TFA_MAX_DROP_LEAVES	32	a417a40c53f80defe85e268d9323066666354642974d75ae3c79832b75092b1f	Owner contract; internal fields remain internal; no universal ABI promise
compiler/lowering/functions/tuple_function_abi.inc::NEBOC_TFA_DIAG_NONE	x86_64-systemv-elf-linux	compiler/lowering/functions/tuple_function_abi.inc	NEBOC_TFA_DIAG_NONE	0	6adf48c7fb797c8b0d54191e5df7c153da1a2faba1fe41e2ef485e64858637a0	Owner contract; internal fields remain internal; no universal ABI promise
compiler/lowering/functions/tuple_function_abi.inc::NEBOC_TFA_DIAG_PATH_MISMATCH	x86_64-systemv-elf-linux	compiler/lowering/functions/tuple_function_abi.inc	NEBOC_TFA_DIAG_PATH_MISMATCH	1	ea111e9dbaa0e804f880e91c2471755445db65be273fb5e440827d7d95d00179	Owner contract; internal fields remain internal; no universal ABI promise
compiler/lowering/functions/tuple_function_abi.inc::NEBOC_TFA_DIAG_INVALID_DESCRIPTOR	x86_64-systemv-elf-linux	compiler/lowering/functions/tuple_function_abi.inc	NEBOC_TFA_DIAG_INVALID_DESCRIPTOR	2	4dcd4611d731cec38905fdee4b5298d03c68d23df1acfaac78466540ec0bb1e4	Owner contract; internal fields remain internal; no universal ABI promise
compiler/lowering/functions/tuple_function_abi.inc::NEBOC_TFA_DIAG_STORAGE_OVERLAP	x86_64-systemv-elf-linux	compiler/lowering/functions/tuple_function_abi.inc	NEBOC_TFA_DIAG_STORAGE_OVERLAP	3	d05a2e1e8185d6ab25be84eb44b48bf5f7d13677d45fef983f7574c4d70c15bf	Owner contract; internal fields remain internal; no universal ABI promise
compiler/lowering/generics/generic_ir_contract.inc::NEBOC_TARGET_X86_64_SYSV	x86_64-systemv-elf-linux	compiler/lowering/generics/generic_ir_contract.inc	NEBOC_TARGET_X86_64_SYSV	1	ce88603acdbde0c066ecbf53761a2149ff6b3f97f2f83f9e4fb2050d515485cf	Owner contract; internal fields remain internal; no universal ABI promise
compiler/lowering/generics/generic_ir_contract.inc::NEBOC_ABI_CLASS_INTEGER	x86_64-systemv-elf-linux	compiler/lowering/generics/generic_ir_contract.inc	NEBOC_ABI_CLASS_INTEGER	1	50bce88b76573b3b5b16007959b2b0b3f3758fcbed082387120166c9f1275046	Owner contract; internal fields remain internal; no universal ABI promise
compiler/lowering/generics/generic_ir_contract.inc::NEBOC_ABI_CLASS_SSE	x86_64-systemv-elf-linux	compiler/lowering/generics/generic_ir_contract.inc	NEBOC_ABI_CLASS_SSE	2	74eb9cad8fe1cfccb16c879313878f416dd2d1741de8f8592d7a71cb816bff49	Owner contract; internal fields remain internal; no universal ABI promise
compiler/lowering/generics/generic_ir_contract.inc::NEBOC_IR_FLAG_MONOMORPHIZED	x86_64-systemv-elf-linux	compiler/lowering/generics/generic_ir_contract.inc	NEBOC_IR_FLAG_MONOMORPHIZED	1	4df81846e7ab0730dcb144c4c6456853275ff8922e3ce908dd8716fb1ef9355d	Owner contract; internal fields remain internal; no universal ABI promise
compiler/lowering/generics/generic_ir_contract.inc::NEBOC_IR_FLAG_NO_RUNTIME_DESCRIPTOR	x86_64-systemv-elf-linux	compiler/lowering/generics/generic_ir_contract.inc	NEBOC_IR_FLAG_NO_RUNTIME_DESCRIPTOR	2	924957a37f67f86562187464aa08ecc348501447947756a1bd687534fa485902	Owner contract; internal fields remain internal; no universal ABI promise
compiler/lowering/generics/generic_ir_contract.inc::NEBOC_IR_FLAG_NO_ALLOCATION	x86_64-systemv-elf-linux	compiler/lowering/generics/generic_ir_contract.inc	NEBOC_IR_FLAG_NO_ALLOCATION	4	bc3c0d1f6a583a05a3fa81e94be4b8521d301f6147bd596397a65c5ec7cd8e6c	Owner contract; internal fields remain internal; no universal ABI promise
compiler/lowering/generics/generic_ir_contract.inc::neboc_generics_constraints_overload_e_dispatch_IR_REQUIRED_FLAGS	x86_64-systemv-elf-linux	compiler/lowering/generics/generic_ir_contract.inc	neboc_generics_constraints_overload_e_dispatch_IR_REQUIRED_FLAGS	7	5a92dcfffae45b1f48d100a070febb83543a1b60033a1a50851486e60f1f7636	Owner contract; internal fields remain internal; no universal ABI promise
compiler/lowering/generics/generic_ir_contract.inc::NEBOC_IR_DECLARATION_ID_OFFSET	x86_64-systemv-elf-linux	compiler/lowering/generics/generic_ir_contract.inc	NEBOC_IR_DECLARATION_ID_OFFSET	0	b25e87320bbecd97d9fc9d95fa8f7648fae24bcab2c59300a346104fea88ff73	Owner contract; internal fields remain internal; no universal ABI promise
compiler/lowering/generics/generic_ir_contract.inc::NEBOC_IR_TYPE_ID_OFFSET	x86_64-systemv-elf-linux	compiler/lowering/generics/generic_ir_contract.inc	NEBOC_IR_TYPE_ID_OFFSET	8	f2e6d5026ff71fa7f5dd5245465fe1c2213a74150c3aa59495e0283c16bcac77	Owner contract; internal fields remain internal; no universal ABI promise
compiler/lowering/generics/generic_ir_contract.inc::NEBOC_IR_SEMANTIC_KEY_OFFSET	x86_64-systemv-elf-linux	compiler/lowering/generics/generic_ir_contract.inc	NEBOC_IR_SEMANTIC_KEY_OFFSET	16	327628e374da39ca15522faadced2bddf160a08cb842071eb17b61fe5c2626f2	Owner contract; internal fields remain internal; no universal ABI promise
compiler/lowering/generics/generic_ir_contract.inc::NEBOC_IR_RECEIVER_TYPE_OFFSET	x86_64-systemv-elf-linux	compiler/lowering/generics/generic_ir_contract.inc	NEBOC_IR_RECEIVER_TYPE_OFFSET	24	cf7cafd9277afedeb4c69641d5e2edc38924c004a119b71858e7c783de1bd8f2	Owner contract; internal fields remain internal; no universal ABI promise
compiler/lowering/generics/generic_ir_contract.inc::NEBOC_IR_RETURN_TYPE_OFFSET	x86_64-systemv-elf-linux	compiler/lowering/generics/generic_ir_contract.inc	NEBOC_IR_RETURN_TYPE_OFFSET	32	50ea080dd94aa8942f632ad980a3dbe15a6b7e466c17ece73ea6047b64f102c7	Owner contract; internal fields remain internal; no universal ABI promise
compiler/lowering/generics/generic_ir_contract.inc::NEBOC_IR_TARGET_ID_OFFSET	x86_64-systemv-elf-linux	compiler/lowering/generics/generic_ir_contract.inc	NEBOC_IR_TARGET_ID_OFFSET	40	b1c74b730b3f79823b08bae2c10b8c859d27f8318f9f1712f4ef728744f319a2	Owner contract; internal fields remain internal; no universal ABI promise
compiler/lowering/generics/generic_ir_contract.inc::NEBOC_IR_INSTANCE_ID_OFFSET	x86_64-systemv-elf-linux	compiler/lowering/generics/generic_ir_contract.inc	NEBOC_IR_INSTANCE_ID_OFFSET	48	62eada3d376821c7a45af1c38ea445c7f4b92ccbc5cc86f0947646861d98d3c5	Owner contract; internal fields remain internal; no universal ABI promise
compiler/lowering/generics/generic_ir_contract.inc::neboc_generics_constraints_overload_e_dispatch_IR_ABI_CLASS_OFFSET	x86_64-systemv-elf-linux	compiler/lowering/generics/generic_ir_contract.inc	neboc_generics_constraints_overload_e_dispatch_IR_ABI_CLASS_OFFSET	56	3b8b3d859b36b17172f8a2ed7ab85c8577dd26deafc9dc92c25f7f81bced45bb	Owner contract; internal fields remain internal; no universal ABI promise
compiler/lowering/generics/generic_ir_contract.inc::NEBOC_IR_SYMBOL_HASH_OFFSET	x86_64-systemv-elf-linux	compiler/lowering/generics/generic_ir_contract.inc	NEBOC_IR_SYMBOL_HASH_OFFSET	64	9fee8dbfa6dd12b97755ebac97dfc5e9330a97bd32e5ef39cbb94d35f660c8fb	Owner contract; internal fields remain internal; no universal ABI promise
compiler/lowering/generics/generic_ir_contract.inc::neboc_generics_constraints_overload_e_dispatch_IR_FLAGS_OFFSET	x86_64-systemv-elf-linux	compiler/lowering/generics/generic_ir_contract.inc	neboc_generics_constraints_overload_e_dispatch_IR_FLAGS_OFFSET	72	c9de81043dbe1b99e833d1aa022327a19338bcbc82aff59cadacb35b552cc059	Owner contract; internal fields remain internal; no universal ABI promise
compiler/lowering/generics/generic_ir_contract.inc::neboc_generics_constraints_overload_e_dispatch_IR_DIAGNOSTIC_OFFSET	x86_64-systemv-elf-linux	compiler/lowering/generics/generic_ir_contract.inc	neboc_generics_constraints_overload_e_dispatch_IR_DIAGNOSTIC_OFFSET	80	ecdbb2bbde942b746880bd272ca4125dfe3a4f228a352cd5f852c2d344daec96	Owner contract; internal fields remain internal; no universal ABI promise
compiler/lowering/generics/generic_ir_contract.inc::neboc_generics_constraints_overload_e_dispatch_IR_REQUEST_SIZE	x86_64-systemv-elf-linux	compiler/lowering/generics/generic_ir_contract.inc	neboc_generics_constraints_overload_e_dispatch_IR_REQUEST_SIZE	88	b661cd1ea987449936e56c84d4a2b0ae49362814d5d50f8ca232b43aaff2464f	Owner contract; internal fields remain internal; no universal ABI promise
compiler/lowering/generics/generic_native_contract.inc::NEBOC_NATIVE_HELPER_BOOL	x86_64-systemv-elf-linux	compiler/lowering/generics/generic_native_contract.inc	NEBOC_NATIVE_HELPER_BOOL	1	d3c7e46c0b62096c651fecbeea2f83bfa06a2d6962d43836e07954ef705b3a06	Owner contract; internal fields remain internal; no universal ABI promise
compiler/lowering/generics/generic_native_contract.inc::NEBOC_NATIVE_HELPER_INT	x86_64-systemv-elf-linux	compiler/lowering/generics/generic_native_contract.inc	NEBOC_NATIVE_HELPER_INT	2	5c87976d7cd3bcd9f1975e1d0a575a5441a39673175c11b3753149483f8b3c3a	Owner contract; internal fields remain internal; no universal ABI promise
compiler/lowering/generics/generic_native_contract.inc::NEBOC_NATIVE_HELPER_FLOAT	x86_64-systemv-elf-linux	compiler/lowering/generics/generic_native_contract.inc	NEBOC_NATIVE_HELPER_FLOAT	3	6c34b8265d75a7ae0a012d992808ab444afece7a2004310403a70c4cf782846a	Owner contract; internal fields remain internal; no universal ABI promise
compiler/lowering/generics/generic_native_contract.inc::NEBOC_NATIVE_HELPER_CHAR	x86_64-systemv-elf-linux	compiler/lowering/generics/generic_native_contract.inc	NEBOC_NATIVE_HELPER_CHAR	4	01fd7f6a367b20ab4f5ec465cda9f8c3d9e9986bfd7f1b82e7f5521990fef3ec	Owner contract; internal fields remain internal; no universal ABI promise
compiler/lowering/generics/generic_native_contract.inc::neboc_generics_constraints_overload_e_dispatch_NATIVE_REGISTER_RDI	x86_64-systemv-elf-linux	compiler/lowering/generics/generic_native_contract.inc	neboc_generics_constraints_overload_e_dispatch_NATIVE_REGISTER_RDI	1	51147e7d535342bc8929a757d414b88e6cd54d82949ebbf04769ddf66bf775b2	Owner contract; internal fields remain internal; no universal ABI promise
compiler/lowering/generics/generic_native_contract.inc::neboc_generics_constraints_overload_e_dispatch_NATIVE_REGISTER_RAX	x86_64-systemv-elf-linux	compiler/lowering/generics/generic_native_contract.inc	neboc_generics_constraints_overload_e_dispatch_NATIVE_REGISTER_RAX	2	0559fa7258f4c24b45a8faba5909e3cd0c85d6217b153bfda86ee3d3366c5262	Owner contract; internal fields remain internal; no universal ABI promise
compiler/lowering/generics/generic_native_contract.inc::neboc_generics_constraints_overload_e_dispatch_NATIVE_REGISTER_XMM0	x86_64-systemv-elf-linux	compiler/lowering/generics/generic_native_contract.inc	neboc_generics_constraints_overload_e_dispatch_NATIVE_REGISTER_XMM0	3	37b81ac00cb7f9e8499b1c41ed46676416a935adc927db662407fa78f2507de3	Owner contract; internal fields remain internal; no universal ABI promise
compiler/lowering/generics/generic_native_contract.inc::NEBOC_NATIVE_FLAG_DIRECT_CALL	x86_64-systemv-elf-linux	compiler/lowering/generics/generic_native_contract.inc	NEBOC_NATIVE_FLAG_DIRECT_CALL	1	34bcab7d29174cab73e87d8890bbe5a3a72e485520e259b2d4d5fe2fe6d7ec66	Owner contract; internal fields remain internal; no universal ABI promise
compiler/lowering/generics/generic_native_contract.inc::NEBOC_NATIVE_FLAG_SCALAR_VALUE	x86_64-systemv-elf-linux	compiler/lowering/generics/generic_native_contract.inc	NEBOC_NATIVE_FLAG_SCALAR_VALUE	2	023d03cf912196fa588775bb1fa037bc893c83a01dd83fb6a821a5cbffc26c89	Owner contract; internal fields remain internal; no universal ABI promise
compiler/lowering/generics/generic_native_contract.inc::NEBOC_NATIVE_FLAG_FRAMELESS	x86_64-systemv-elf-linux	compiler/lowering/generics/generic_native_contract.inc	NEBOC_NATIVE_FLAG_FRAMELESS	4	676300b124213d6ba8fc3a0cd73f60d0eee42b7514e766d1889b5c0642b973fc	Owner contract; internal fields remain internal; no universal ABI promise
compiler/lowering/generics/generic_native_contract.inc::neboc_generics_constraints_overload_e_dispatch_NATIVE_REQUIRED_FLAGS	x86_64-systemv-elf-linux	compiler/lowering/generics/generic_native_contract.inc	neboc_generics_constraints_overload_e_dispatch_NATIVE_REQUIRED_FLAGS	7	92a4072832e34c07afd4dc88bd18561a00a17c03b15df3f30b1f372a1f259ee9	Owner contract; internal fields remain internal; no universal ABI promise
compiler/lowering/generics/generic_native_contract.inc::NEBOC_DIAG_NATIVE_ABI_INVARIANT	x86_64-systemv-elf-linux	compiler/lowering/generics/generic_native_contract.inc	NEBOC_DIAG_NATIVE_ABI_INVARIANT	20	50674c8ef691c6e551aa05d90b256c0ba62fed434d3403980cd9f7ba8c1f422d	Owner contract; internal fields remain internal; no universal ABI promise
compiler/lowering/generics/generic_native_contract.inc::neboc_generics_constraints_overload_e_dispatch_NATIVE_TYPE_ID_OFFSET	x86_64-systemv-elf-linux	compiler/lowering/generics/generic_native_contract.inc	neboc_generics_constraints_overload_e_dispatch_NATIVE_TYPE_ID_OFFSET	0	d8dd89ee5089cb571b1ccf8d271a0a54dd30b0e106d9f4db6292ccdca89549aa	Owner contract; internal fields remain internal; no universal ABI promise
compiler/lowering/generics/generic_native_contract.inc::neboc_generics_constraints_overload_e_dispatch_NATIVE_TARGET_ID_OFFSET	x86_64-systemv-elf-linux	compiler/lowering/generics/generic_native_contract.inc	neboc_generics_constraints_overload_e_dispatch_NATIVE_TARGET_ID_OFFSET	8	7cb3d5a6e443279c06fd7d95cbde9c42ef4b469b7e6cb18c5dc81f44d4454efe	Owner contract; internal fields remain internal; no universal ABI promise
compiler/lowering/generics/generic_native_contract.inc::NEBOC_NATIVE_IR_FLAGS_OFFSET	x86_64-systemv-elf-linux	compiler/lowering/generics/generic_native_contract.inc	NEBOC_NATIVE_IR_FLAGS_OFFSET	16	fb1cc621a99e013e8a8f7ee109b3d253db00242cca7fb183a84c63a2f538618c	Owner contract; internal fields remain internal; no universal ABI promise
compiler/lowering/generics/generic_native_contract.inc::NEBOC_NATIVE_IR_ABI_CLASS_OFFSET	x86_64-systemv-elf-linux	compiler/lowering/generics/generic_native_contract.inc	NEBOC_NATIVE_IR_ABI_CLASS_OFFSET	24	f904915386176e2fd1515098bed9f586cedbf39f3195875d1ab80d397fe270cc	Owner contract; internal fields remain internal; no universal ABI promise
compiler/lowering/generics/generic_native_contract.inc::NEBOC_NATIVE_HELPER_ID_OFFSET	x86_64-systemv-elf-linux	compiler/lowering/generics/generic_native_contract.inc	NEBOC_NATIVE_HELPER_ID_OFFSET	32	f5ade3d99c6ced87c51a73c89f579c140da360f27b68e12b8091032ea623d7ea	Owner contract; internal fields remain internal; no universal ABI promise
compiler/lowering/generics/generic_native_contract.inc::neboc_generics_constraints_overload_e_dispatch_NATIVE_PARAMETER_REGISTER_OFFSET	x86_64-systemv-elf-linux	compiler/lowering/generics/generic_native_contract.inc	neboc_generics_constraints_overload_e_dispatch_NATIVE_PARAMETER_REGISTER_OFFSET	40	68dd3c0ea519443da99f6778eb8663e5a19933a094b222f2c16bcdde0523cecc	Owner contract; internal fields remain internal; no universal ABI promise
compiler/lowering/generics/generic_native_contract.inc::neboc_generics_constraints_overload_e_dispatch_NATIVE_RETURN_REGISTER_OFFSET	x86_64-systemv-elf-linux	compiler/lowering/generics/generic_native_contract.inc	neboc_generics_constraints_overload_e_dispatch_NATIVE_RETURN_REGISTER_OFFSET	48	02688714bf8e61b1b0c45e251432ce40c4726806420e99fd52af32e9b7290674	Owner contract; internal fields remain internal; no universal ABI promise
compiler/lowering/generics/generic_native_contract.inc::NEBOC_NATIVE_VALUE_WIDTH_OFFSET	x86_64-systemv-elf-linux	compiler/lowering/generics/generic_native_contract.inc	NEBOC_NATIVE_VALUE_WIDTH_OFFSET	56	b5fc5ceabb416dc2eadd41915b6b10167d1b40aad5f17574ec9ca1ef874f9b70	Owner contract; internal fields remain internal; no universal ABI promise
compiler/lowering/generics/generic_native_contract.inc::NEBOC_NATIVE_STACK_BYTES_OFFSET	x86_64-systemv-elf-linux	compiler/lowering/generics/generic_native_contract.inc	NEBOC_NATIVE_STACK_BYTES_OFFSET	64	d35775b807eae5dfe93615317edc4877678514d2fded5dd668184d75825da1f7	Owner contract; internal fields remain internal; no universal ABI promise
compiler/lowering/generics/generic_native_contract.inc::neboc_generics_constraints_overload_e_dispatch_NATIVE_FLAGS_OFFSET	x86_64-systemv-elf-linux	compiler/lowering/generics/generic_native_contract.inc	neboc_generics_constraints_overload_e_dispatch_NATIVE_FLAGS_OFFSET	72	cbae60eeeee2bffe496c53183e98b1601cd274e57235dee55dc6a4f020b777d9	Owner contract; internal fields remain internal; no universal ABI promise
compiler/lowering/generics/generic_native_contract.inc::neboc_generics_constraints_overload_e_dispatch_NATIVE_DIAGNOSTIC_OFFSET	x86_64-systemv-elf-linux	compiler/lowering/generics/generic_native_contract.inc	neboc_generics_constraints_overload_e_dispatch_NATIVE_DIAGNOSTIC_OFFSET	80	782e6d08161e73a682afa7a5eddc96e28e03880f23fbbb545a2d1ab0b7a214a2	Owner contract; internal fields remain internal; no universal ABI promise
compiler/lowering/generics/generic_native_contract.inc::neboc_generics_constraints_overload_e_dispatch_NATIVE_REQUEST_SIZE	x86_64-systemv-elf-linux	compiler/lowering/generics/generic_native_contract.inc	neboc_generics_constraints_overload_e_dispatch_NATIVE_REQUEST_SIZE	88	2bd14b0a80207776617248d6d5c616659a85b30d25f54893ae0a914de026c2bb	Owner contract; internal fields remain internal; no universal ABI promise
compiler/lowering/generics/generic_plan.inc::NEBOC_GEN_PLAN_MAGIC_OFFSET	x86_64-systemv-elf-linux	compiler/lowering/generics/generic_plan.inc	NEBOC_GEN_PLAN_MAGIC_OFFSET	0	281c6d9821dcd8353f5a375240356cc3707fa1929562440cb1eb7675cac5b5c5	Owner contract; internal fields remain internal; no universal ABI promise
compiler/lowering/generics/generic_plan.inc::NEBOC_GEN_PLAN_DECLARATION_HASH_OFFSET	x86_64-systemv-elf-linux	compiler/lowering/generics/generic_plan.inc	NEBOC_GEN_PLAN_DECLARATION_HASH_OFFSET	8	b8b67c3762e8180c0f32698794070614e482acd51fe0cf0067b8c9b44484f65b	Owner contract; internal fields remain internal; no universal ABI promise
compiler/lowering/generics/generic_plan.inc::NEBOC_GEN_PLAN_CONSTRAINT_OFFSET	x86_64-systemv-elf-linux	compiler/lowering/generics/generic_plan.inc	NEBOC_GEN_PLAN_CONSTRAINT_OFFSET	16	4e9578572fe99448e7ce853ff8d986b7decf50c71240a317c6a9a22f69e583de	Owner contract; internal fields remain internal; no universal ABI promise
compiler/lowering/generics/generic_plan.inc::NEBOC_GEN_PLAN_KIND_OFFSET	x86_64-systemv-elf-linux	compiler/lowering/generics/generic_plan.inc	NEBOC_GEN_PLAN_KIND_OFFSET	24	954551b91880eaa3aed3827237b689ab2288343f25413042dbe72b3c09dc4417	Owner contract; internal fields remain internal; no universal ABI promise
compiler/lowering/generics/generic_plan.inc::NEBOC_GEN_PLAN_USE_COUNT_OFFSET	x86_64-systemv-elf-linux	compiler/lowering/generics/generic_plan.inc	NEBOC_GEN_PLAN_USE_COUNT_OFFSET	32	356872b6561186e818402b30d77417fdb84556ae74cbd7e3ca3d49038e4f85b8	Owner contract; internal fields remain internal; no universal ABI promise
compiler/lowering/generics/generic_plan.inc::NEBOC_GEN_PLAN_INSTANCE_COUNT_OFFSET	x86_64-systemv-elf-linux	compiler/lowering/generics/generic_plan.inc	NEBOC_GEN_PLAN_INSTANCE_COUNT_OFFSET	40	b7e55beaaa383a9e09cc1ff42c8f334eb1e7cf3916f897647b14ebea47044664	Owner contract; internal fields remain internal; no universal ABI promise
compiler/lowering/generics/generic_plan.inc::NEBOC_GEN_PLAN_RESULT_OFFSET	x86_64-systemv-elf-linux	compiler/lowering/generics/generic_plan.inc	NEBOC_GEN_PLAN_RESULT_OFFSET	48	db580847e94a85b27934b40e8aad51785a0d99cac0881b4111b17f1742fcc479	Owner contract; internal fields remain internal; no universal ABI promise
compiler/lowering/generics/generic_plan.inc::NEBOC_GEN_PLAN_SEMANTIC_HASH_OFFSET	x86_64-systemv-elf-linux	compiler/lowering/generics/generic_plan.inc	NEBOC_GEN_PLAN_SEMANTIC_HASH_OFFSET	56	5bc23ca9b95c95b57d8acabfa9d7d9768d26788e8a98a37222156e39a397fa36	Owner contract; internal fields remain internal; no universal ABI promise
compiler/lowering/generics/generic_plan.inc::NEBOC_GEN_PLAN_INSTANCE_SET_HASH_OFFSET	x86_64-systemv-elf-linux	compiler/lowering/generics/generic_plan.inc	NEBOC_GEN_PLAN_INSTANCE_SET_HASH_OFFSET	64	1443afc215d5910eb797f424bec6a1cba1c24a8216e32b5c20f359b36376c001	Owner contract; internal fields remain internal; no universal ABI promise
compiler/lowering/generics/generic_plan.inc::NEBOC_GEN_PLAN_SYMBOL_SET_HASH_OFFSET	x86_64-systemv-elf-linux	compiler/lowering/generics/generic_plan.inc	NEBOC_GEN_PLAN_SYMBOL_SET_HASH_OFFSET	72	d2e5290170de7d40fd25c8fb68b90891a4ee8a4b24ac8181f83c3dfcedbab5c8	Owner contract; internal fields remain internal; no universal ABI promise
compiler/lowering/generics/generic_plan.inc::NEBOC_GEN_PLAN_TARGET_OFFSET	x86_64-systemv-elf-linux	compiler/lowering/generics/generic_plan.inc	NEBOC_GEN_PLAN_TARGET_OFFSET	80	111fed60e398713f04d1a05ccc31292e56cceebe15194b04f628901550d3698d	Owner contract; internal fields remain internal; no universal ABI promise
compiler/lowering/generics/generic_plan.inc::NEBOC_GEN_PLAN_FLAGS_OFFSET	x86_64-systemv-elf-linux	compiler/lowering/generics/generic_plan.inc	NEBOC_GEN_PLAN_FLAGS_OFFSET	88	25fb3a00e7bb123ae765da1e7c512fd1a8757bb9f795fbf2e0d51df251369645	Owner contract; internal fields remain internal; no universal ABI promise
compiler/lowering/generics/generic_plan.inc::NEBOC_GEN_PLAN_BUDGET_OFFSET	x86_64-systemv-elf-linux	compiler/lowering/generics/generic_plan.inc	NEBOC_GEN_PLAN_BUDGET_OFFSET	96	b857d2d0c06a50a0eed8dc47380207d607ab7f09fd938c80e9b20130255773ec	Owner contract; internal fields remain internal; no universal ABI promise
compiler/lowering/generics/generic_plan.inc::NEBOC_GEN_PLAN_RESERVED_OFFSET	x86_64-systemv-elf-linux	compiler/lowering/generics/generic_plan.inc	NEBOC_GEN_PLAN_RESERVED_OFFSET	104	26c25106e1c3ad78dec5c3ad4f03dadd21a8a934c204eaa2299d1a6f7d6998c1	Owner contract; internal fields remain internal; no universal ABI promise
compiler/lowering/generics/generic_plan.inc::NEBOC_GEN_PLAN_HASH_OFFSET	x86_64-systemv-elf-linux	compiler/lowering/generics/generic_plan.inc	NEBOC_GEN_PLAN_HASH_OFFSET	112	66c1398298246379405e32cdd1d58fac843d49e309bd7b32c76614f8c6e88b7f	Owner contract; internal fields remain internal; no universal ABI promise
compiler/lowering/generics/generic_plan.inc::NEBOC_GEN_PLAN_DIAGNOSTIC_OFFSET	x86_64-systemv-elf-linux	compiler/lowering/generics/generic_plan.inc	NEBOC_GEN_PLAN_DIAGNOSTIC_OFFSET	120	087708378d70144e00240e4453d955213ee05a4b7c406e4db657fb09a3d4a85e	Owner contract; internal fields remain internal; no universal ABI promise
compiler/lowering/generics/generic_plan.inc::NEBOC_GEN_PLAN_HASHED_BYTES	x86_64-systemv-elf-linux	compiler/lowering/generics/generic_plan.inc	NEBOC_GEN_PLAN_HASHED_BYTES	112	4fc6f02e414196a6bf945b8d2fbdf7d998f7c3405a336968bf8f87dc5c644e26	Owner contract; internal fields remain internal; no universal ABI promise
compiler/lowering/generics/generic_plan.inc::NEBOC_GEN_PLAN_QWORDS	x86_64-systemv-elf-linux	compiler/lowering/generics/generic_plan.inc	NEBOC_GEN_PLAN_QWORDS	16	c14653dc2c3001e9cfb51792391d3eb759733af6a138ebcf98da8ded214b55e5	Owner contract; internal fields remain internal; no universal ABI promise
compiler/lowering/generics/generic_plan.inc::NEBOC_GEN_PLAN_SIZE	x86_64-systemv-elf-linux	compiler/lowering/generics/generic_plan.inc	NEBOC_GEN_PLAN_SIZE	128	672e76c9c5b7913816e5da8c0dc7bbf429d4679d53f4000a26ab5e00356832f3	Owner contract; internal fields remain internal; no universal ABI promise
compiler/lowering/generics/generic_plan.inc::NEBOC_GEN_PLAN_MAGIC	x86_64-systemv-elf-linux	compiler/lowering/generics/generic_plan.inc	NEBOC_GEN_PLAN_MAGIC	0x5246323747303647	af6003df584cbc1e136dd3ae9f40ea9d7812a65a9303b49f78986d37d58c0a11	Owner contract; internal fields remain internal; no universal ABI promise
compiler/lowering/generics/generic_plan.inc::NEBOC_GEN_PLAN_TARGET_X86_64_SYSV	x86_64-systemv-elf-linux	compiler/lowering/generics/generic_plan.inc	NEBOC_GEN_PLAN_TARGET_X86_64_SYSV	1	2e251b238814740c13800dedbcd51f0d8fa0178a0d93f347a64e0797ffabdfbb	Owner contract; internal fields remain internal; no universal ABI promise
compiler/lowering/generics/generic_plan.inc::NEBOC_GEN_PLAN_FLAG_POINTERLESS_AOT	x86_64-systemv-elf-linux	compiler/lowering/generics/generic_plan.inc	NEBOC_GEN_PLAN_FLAG_POINTERLESS_AOT	1	f7e53ceaaf431bebf9dae05c50f6b73739d9deef5bc798868755deb1f7331aed	Owner contract; internal fields remain internal; no universal ABI promise
compiler/lowering/lowering_diagnostics.inc::NEBOC_LOWERING_DIAGNOSTIC_DUPLICATE_RESOLUTION_LENGTH	x86_64-systemv-elf-linux	compiler/lowering/lowering_diagnostics.inc	NEBOC_LOWERING_DIAGNOSTIC_DUPLICATE_RESOLUTION_LENGTH	34	9f17bd0527e0b8a80f74a3f73c0b57480735a9bdee5c39a3a36d2481b03d7ad0	Owner contract; internal fields remain internal; no universal ABI promise
compiler/lowering/lowering_diagnostics.inc::NEBOC_LOWERING_DIAGNOSTIC_ORPHAN_PENDING_LENGTH	x86_64-systemv-elf-linux	compiler/lowering/lowering_diagnostics.inc	NEBOC_LOWERING_DIAGNOSTIC_ORPHAN_PENDING_LENGTH	22	6c130aea183e50217d632d8cf7f0207acd4fccf429d91574916503975be953d7	Owner contract; internal fields remain internal; no universal ABI promise
compiler/lowering/lowering_dump.inc::NEBOC_LOWERING_DUMP_CONTINUATION_TABLE_OFFSET	x86_64-systemv-elf-linux	compiler/lowering/lowering_dump.inc	NEBOC_LOWERING_DUMP_CONTINUATION_TABLE_OFFSET	0	97f289b172f9116a29e17e6232cdbde5bf72a860540b1e6e1e7a94f9e351e3d0	Owner contract; internal fields remain internal; no universal ABI promise
compiler/lowering/lowering_dump.inc::NEBOC_LOWERING_DUMP_PLAN_TABLE_OFFSET	x86_64-systemv-elf-linux	compiler/lowering/lowering_dump.inc	NEBOC_LOWERING_DUMP_PLAN_TABLE_OFFSET	8	0e577ea2441f38d8ef47f1eca28c723dbc58746e0f32ed03667eebd8eefb3f11	Owner contract; internal fields remain internal; no universal ABI promise
compiler/lowering/lowering_dump.inc::NEBOC_LOWERING_DUMP_BUFFER_OFFSET	x86_64-systemv-elf-linux	compiler/lowering/lowering_dump.inc	NEBOC_LOWERING_DUMP_BUFFER_OFFSET	16	3df5292f98ed8579a58d40a817432215958d22b18a8612c58c2f5b3ffe3509c3	Owner contract; internal fields remain internal; no universal ABI promise
compiler/lowering/lowering_dump.inc::NEBOC_LOWERING_DUMP_CAPACITY_OFFSET	x86_64-systemv-elf-linux	compiler/lowering/lowering_dump.inc	NEBOC_LOWERING_DUMP_CAPACITY_OFFSET	24	f9edc797116ae3511ae02747fca81c66f964d38e14e1e3f4107949e6821c9d0f	Owner contract; internal fields remain internal; no universal ABI promise
compiler/lowering/lowering_dump.inc::NEBOC_LOWERING_DUMP_LENGTH_OFFSET	x86_64-systemv-elf-linux	compiler/lowering/lowering_dump.inc	NEBOC_LOWERING_DUMP_LENGTH_OFFSET	32	0fe7e7d21ff601ea24ce2fb0932686d688c79c6c2d99087a86697268b61963c6	Owner contract; internal fields remain internal; no universal ABI promise
compiler/lowering/lowering_dump.inc::NEBOC_LOWERING_DUMP_SIZE	x86_64-systemv-elf-linux	compiler/lowering/lowering_dump.inc	NEBOC_LOWERING_DUMP_SIZE	40	e5d104c23747aab2de322d015a11c2f6f1ea586cb9384c53ebb80d3078927012	Owner contract; internal fields remain internal; no universal ABI promise
compiler/lowering/lowering_dump.inc::NEBOC_LOWERING_DUMP_QWORDS	x86_64-systemv-elf-linux	compiler/lowering/lowering_dump.inc	NEBOC_LOWERING_DUMP_QWORDS	5	10d6de5f00cfd1a6fee3afa946a4cd4b283f9a7635253777906fde78a77a0c3d	Owner contract; internal fields remain internal; no universal ABI promise
compiler/lowering/lowering_dump.inc::NEBOC_LOWERING_DUMP_HEADER_SIZE	x86_64-systemv-elf-linux	compiler/lowering/lowering_dump.inc	NEBOC_LOWERING_DUMP_HEADER_SIZE	25	4685412b80701e442967195678734d1fdae3e5d827c495e5a9d171a2241cc785	Owner contract; internal fields remain internal; no universal ABI promise
compiler/lowering/lowering_dump.inc::NEBOC_LOWERING_DUMP_CONTINUATION_LINE_SIZE	x86_64-systemv-elf-linux	compiler/lowering/lowering_dump.inc	NEBOC_LOWERING_DUMP_CONTINUATION_LINE_SIZE	323	3309a6a3a6c8153442c0c71e90ee1216d3a9bb4fb1ffc77016d32152681d42ed	Owner contract; internal fields remain internal; no universal ABI promise
compiler/lowering/lowering_dump.inc::NEBOC_LOWERING_DUMP_PLAN_LINE_SIZE	x86_64-systemv-elf-linux	compiler/lowering/lowering_dump.inc	NEBOC_LOWERING_DUMP_PLAN_LINE_SIZE	228	6ae4002751034b9b39459b75ba2ec6e13e982dc671bc255089267a130b111739	Owner contract; internal fields remain internal; no universal ABI promise
compiler/lowering/lowering_dump.inc::NEBOC_LOWERING_DUMP_OPERATION_LINE_SIZE	x86_64-systemv-elf-linux	compiler/lowering/lowering_dump.inc	NEBOC_LOWERING_DUMP_OPERATION_LINE_SIZE	209	710fb1098085093522e752e62eeeaba8501fa32d3a373e34c4155773fe10be47	Owner contract; internal fields remain internal; no universal ABI promise
compiler/lowering/memory/move_copy_clone_plan.inc::neboc_text_char_unicode_e_bytes_PLAN_MAGIC_OFFSET	x86_64-systemv-elf-linux	compiler/lowering/memory/move_copy_clone_plan.inc	neboc_text_char_unicode_e_bytes_PLAN_MAGIC_OFFSET	0	9839c4ac2a0feeb4f0ec66d68cb40ae6d1f66c81346e07f7b9bf9b2c7ce1328f	Owner contract; internal fields remain internal; no universal ABI promise
compiler/lowering/memory/move_copy_clone_plan.inc::neboc_text_char_unicode_e_bytes_PLAN_SEMANTIC_HASH_OFFSET	x86_64-systemv-elf-linux	compiler/lowering/memory/move_copy_clone_plan.inc	neboc_text_char_unicode_e_bytes_PLAN_SEMANTIC_HASH_OFFSET	8	b8a8dbb5241c563a79468347cb2bc1c8e125e170ac575b48451979fabe9cd704	Owner contract; internal fields remain internal; no universal ABI promise
compiler/lowering/memory/move_copy_clone_plan.inc::NEBOC_PLAN_OPERATION_COUNT_OFFSET	x86_64-systemv-elf-linux	compiler/lowering/memory/move_copy_clone_plan.inc	NEBOC_PLAN_OPERATION_COUNT_OFFSET	16	0828547e192e9dd7eaec549df4d849c81744ff1dd175a10cb24d3d7266cb8db2	Owner contract; internal fields remain internal; no universal ABI promise
compiler/lowering/memory/move_copy_clone_plan.inc::NEBOC_PLAN_SYMBOL_COUNT_OFFSET	x86_64-systemv-elf-linux	compiler/lowering/memory/move_copy_clone_plan.inc	NEBOC_PLAN_SYMBOL_COUNT_OFFSET	24	a25b874514c9f2278161ba4031a0d01d3cbca675e79de21f8c6ec44c998bb501	Owner contract; internal fields remain internal; no universal ABI promise
compiler/lowering/memory/move_copy_clone_plan.inc::neboc_text_char_unicode_e_bytes_PLAN_RESULT_TYPE_OFFSET	x86_64-systemv-elf-linux	compiler/lowering/memory/move_copy_clone_plan.inc	neboc_text_char_unicode_e_bytes_PLAN_RESULT_TYPE_OFFSET	32	11ba0e128f90cf43030cd4eb6157485bd4162de60a0037d20b94122b573c4449	Owner contract; internal fields remain internal; no universal ABI promise
compiler/lowering/memory/move_copy_clone_plan.inc::neboc_text_char_unicode_e_bytes_PLAN_RESULT_VALUE_OFFSET	x86_64-systemv-elf-linux	compiler/lowering/memory/move_copy_clone_plan.inc	neboc_text_char_unicode_e_bytes_PLAN_RESULT_VALUE_OFFSET	40	626d46c466f89e81f30a30260d3622e306daabc0c03f69360439b510b7490a2d	Owner contract; internal fields remain internal; no universal ABI promise
compiler/lowering/memory/move_copy_clone_plan.inc::NEBOC_PLAN_COPY_COUNT_OFFSET	x86_64-systemv-elf-linux	compiler/lowering/memory/move_copy_clone_plan.inc	NEBOC_PLAN_COPY_COUNT_OFFSET	48	63c78f4819386d46db741e3df3fdbc3b847b3add5de4c3d67ce5c19eb073c016	Owner contract; internal fields remain internal; no universal ABI promise
compiler/lowering/memory/move_copy_clone_plan.inc::NEBOC_PLAN_MOVE_COUNT_OFFSET	x86_64-systemv-elf-linux	compiler/lowering/memory/move_copy_clone_plan.inc	NEBOC_PLAN_MOVE_COUNT_OFFSET	56	5086bab7e0f5f1f05585dcc2a7bcabc0f3f6b178e831e547e41a1c9d9ae715b5	Owner contract; internal fields remain internal; no universal ABI promise
compiler/lowering/memory/move_copy_clone_plan.inc::NEBOC_PLAN_CLONE_COUNT_OFFSET	x86_64-systemv-elf-linux	compiler/lowering/memory/move_copy_clone_plan.inc	NEBOC_PLAN_CLONE_COUNT_OFFSET	64	49991263879c3cb002497b93ddf9ba0f83854429705c89aab30033419445cedb	Owner contract; internal fields remain internal; no universal ABI promise
compiler/lowering/memory/move_copy_clone_plan.inc::NEBOC_PLAN_CLEANUP_COUNT_OFFSET	x86_64-systemv-elf-linux	compiler/lowering/memory/move_copy_clone_plan.inc	NEBOC_PLAN_CLEANUP_COUNT_OFFSET	72	194794609d02b26278efe6f6160c8ebd3bcb9f351ca12e0de5356e17623278e5	Owner contract; internal fields remain internal; no universal ABI promise
compiler/lowering/memory/move_copy_clone_plan.inc::NEBOC_PLAN_CLEANUP_ORDER_HASH_OFFSET	x86_64-systemv-elf-linux	compiler/lowering/memory/move_copy_clone_plan.inc	NEBOC_PLAN_CLEANUP_ORDER_HASH_OFFSET	80	9a6ca2de87e44bd4673d36953a2fcaad69c6f1e734000a36d9f7d1ba240f9500	Owner contract; internal fields remain internal; no universal ABI promise
compiler/lowering/memory/move_copy_clone_plan.inc::NEBOC_PLAN_CLOSED_OWNER_COUNT_OFFSET	x86_64-systemv-elf-linux	compiler/lowering/memory/move_copy_clone_plan.inc	NEBOC_PLAN_CLOSED_OWNER_COUNT_OFFSET	88	3e7f4f2f7ef6bf1e261d09177d633de57cb9a6276de0eaa13752bd79769aa317	Owner contract; internal fields remain internal; no universal ABI promise
compiler/lowering/memory/move_copy_clone_plan.inc::NEBOC_PLAN_SAFETY_PROOF_HASH_OFFSET	x86_64-systemv-elf-linux	compiler/lowering/memory/move_copy_clone_plan.inc	NEBOC_PLAN_SAFETY_PROOF_HASH_OFFSET	96	18c74a7e354a62397f404278131efbdd9cb05810d1a558ae8e8ce460476a1505	Owner contract; internal fields remain internal; no universal ABI promise
compiler/lowering/memory/move_copy_clone_plan.inc::NEBOC_PLAN_EVENT_COUNT_OFFSET	x86_64-systemv-elf-linux	compiler/lowering/memory/move_copy_clone_plan.inc	NEBOC_PLAN_EVENT_COUNT_OFFSET	104	644d1b50c86452e46e31dea492302ce4167af167e988f4574b861d189c489aaa	Owner contract; internal fields remain internal; no universal ABI promise
compiler/lowering/memory/move_copy_clone_plan.inc::NEBOC_PLAN_EVENTS_OFFSET	x86_64-systemv-elf-linux	compiler/lowering/memory/move_copy_clone_plan.inc	NEBOC_PLAN_EVENTS_OFFSET	112	879e83a7d0d7d64e1eb3dac5e0279f1635776f8a0228b2ee7744d862c548c508	Owner contract; internal fields remain internal; no universal ABI promise
compiler/lowering/memory/move_copy_clone_plan.inc::neboc_text_char_unicode_e_bytes_PLAN_HASH_OFFSET	x86_64-systemv-elf-linux	compiler/lowering/memory/move_copy_clone_plan.inc	neboc_text_char_unicode_e_bytes_PLAN_HASH_OFFSET	(112+128*48)	609022717c6b611a1120f8d715ac294f8c750cc625efa563172642a1310dfbfb	Owner contract; internal fields remain internal; no universal ABI promise
compiler/lowering/memory/move_copy_clone_plan.inc::neboc_text_char_unicode_e_bytes_PLAN_HASHED_BYTES	x86_64-systemv-elf-linux	compiler/lowering/memory/move_copy_clone_plan.inc	neboc_text_char_unicode_e_bytes_PLAN_HASHED_BYTES	(112+128*48)	ad32af2ff7c66233f4913d483998c4a83aa0591804924c867fc33a385a7aa803	Owner contract; internal fields remain internal; no universal ABI promise
compiler/lowering/memory/move_copy_clone_plan.inc::neboc_text_char_unicode_e_bytes_PLAN_SIZE	x86_64-systemv-elf-linux	compiler/lowering/memory/move_copy_clone_plan.inc	neboc_text_char_unicode_e_bytes_PLAN_SIZE	(120+128*48)	81e79caa5fc4242abd0a96e7602053b52aee2669cfb1aad8e531d6bb17696312	Owner contract; internal fields remain internal; no universal ABI promise
compiler/lowering/memory/move_copy_clone_plan.inc::neboc_text_char_unicode_e_bytes_PLAN_QWORDS	x86_64-systemv-elf-linux	compiler/lowering/memory/move_copy_clone_plan.inc	neboc_text_char_unicode_e_bytes_PLAN_QWORDS	(15+128*6)	a4171114dfbcfe34ed45dab7091b2b60a0c0270522f3911ecad4c1adea348818	Owner contract; internal fields remain internal; no universal ABI promise
compiler/lowering/memory/move_copy_clone_plan.inc::neboc_text_char_unicode_e_bytes_PLAN_MAGIC	x86_64-systemv-elf-linux	compiler/lowering/memory/move_copy_clone_plan.inc	neboc_text_char_unicode_e_bytes_PLAN_MAGIC	0x52463432504c4e31	da1e9e5343607126977485f13e08041cea682c79b2c5ef279cfee48d3a6f8bf1	Owner contract; internal fields remain internal; no universal ABI promise
compiler/lowering/memory/ownership_ir.inc::neboc_memoria_ownership_lifetimes_e_recursos_IR_OUTPUT_OFFSET	x86_64-systemv-elf-linux	compiler/lowering/memory/ownership_ir.inc	neboc_memoria_ownership_lifetimes_e_recursos_IR_OUTPUT_OFFSET	296	731753b49555951c90868e38c4a580630906c57e47ef82a2d7cd62f5dda1a85c	Owner contract; internal fields remain internal; no universal ABI promise
compiler/lowering/memory/ownership_ir.inc::NEBOC_IR_HIR_RESOURCE_BIND_OFFSET	x86_64-systemv-elf-linux	compiler/lowering/memory/ownership_ir.inc	NEBOC_IR_HIR_RESOURCE_BIND_OFFSET	296	c072aee79509abd29f9beaf78aa5cce6555019aeaf78162d458acd528d9d1306	Owner contract; internal fields remain internal; no universal ABI promise
compiler/lowering/memory/ownership_ir.inc::NEBOC_IR_HIR_OWNER_BIND_OFFSET	x86_64-systemv-elf-linux	compiler/lowering/memory/ownership_ir.inc	NEBOC_IR_HIR_OWNER_BIND_OFFSET	304	c3bbbfa1320b185a8ae661ccfd7c0ef3e06a3b69c4f88771880386c6bcc087a6	Owner contract; internal fields remain internal; no universal ABI promise
compiler/lowering/memory/ownership_ir.inc::NEBOC_IR_HIR_LIFETIME_GUARD_OFFSET	x86_64-systemv-elf-linux	compiler/lowering/memory/ownership_ir.inc	NEBOC_IR_HIR_LIFETIME_GUARD_OFFSET	312	2952ceaa5493924669d670912a43348d1f9d46c5e6ad3f49f4c5e4632f407213	Owner contract; internal fields remain internal; no universal ABI promise
compiler/lowering/memory/ownership_ir.inc::NEBOC_IR_HIR_ACTION_OFFSET	x86_64-systemv-elf-linux	compiler/lowering/memory/ownership_ir.inc	NEBOC_IR_HIR_ACTION_OFFSET	320	29ba9a81fb858a8501c465af287c51610ef0e1127660276667b83b6279fc8d10	Owner contract; internal fields remain internal; no universal ABI promise
compiler/lowering/memory/ownership_ir.inc::NEBOC_IR_LIR_STATE_HASH_ASSERT_OFFSET	x86_64-systemv-elf-linux	compiler/lowering/memory/ownership_ir.inc	NEBOC_IR_LIR_STATE_HASH_ASSERT_OFFSET	328	ddbf2d23bb27b6197888bb7ce740a27690fa1d5e90b69a7ad6e5acb3c632148c	Owner contract; internal fields remain internal; no universal ABI promise
compiler/lowering/memory/ownership_ir.inc::NEBOC_IR_LIR_AUTHORITY_ASSERT_OFFSET	x86_64-systemv-elf-linux	compiler/lowering/memory/ownership_ir.inc	NEBOC_IR_LIR_AUTHORITY_ASSERT_OFFSET	336	995c507819e34432c9ee2af1e68098153ef951611da61132390bd315519f865e	Owner contract; internal fields remain internal; no universal ABI promise
compiler/lowering/memory/ownership_ir.inc::NEBOC_IR_LIR_TRANSITION_CALL_OFFSET	x86_64-systemv-elf-linux	compiler/lowering/memory/ownership_ir.inc	NEBOC_IR_LIR_TRANSITION_CALL_OFFSET	344	4c7fcb45400f2e343dc94dc9af0c8a9a91b0f163264c0f9ef479dd0f4141b20e	Owner contract; internal fields remain internal; no universal ABI promise
compiler/lowering/memory/ownership_ir.inc::NEBOC_IR_LIR_EXACT_CLEANUP_OFFSET	x86_64-systemv-elf-linux	compiler/lowering/memory/ownership_ir.inc	NEBOC_IR_LIR_EXACT_CLEANUP_OFFSET	352	a866f7430c7f09a32b506a6737582f8caa28ea1ab6c8d7d54f435409bdb86b1b	Owner contract; internal fields remain internal; no universal ABI promise
compiler/lowering/memory/ownership_ir.inc::NEBOC_IR_RESOURCE_ID_OFFSET	x86_64-systemv-elf-linux	compiler/lowering/memory/ownership_ir.inc	NEBOC_IR_RESOURCE_ID_OFFSET	360	2103ec9c88cc3629afca9d68210025ac03f06ec74839985b2d14a1b60f71b3b6	Owner contract; internal fields remain internal; no universal ABI promise
compiler/lowering/memory/ownership_ir.inc::neboc_memoria_ownership_lifetimes_e_recursos_IR_OPERATION_OFFSET	x86_64-systemv-elf-linux	compiler/lowering/memory/ownership_ir.inc	neboc_memoria_ownership_lifetimes_e_recursos_IR_OPERATION_OFFSET	368	c6ab56a5c63fe6e29dda1f9d41eb0afba0cadd530c19b68a3d0e42e3223b3f58	Owner contract; internal fields remain internal; no universal ABI promise
compiler/lowering/memory/ownership_ir.inc::NEBOC_IR_ACTOR_OFFSET	x86_64-systemv-elf-linux	compiler/lowering/memory/ownership_ir.inc	NEBOC_IR_ACTOR_OFFSET	376	968211af9bb2f0fd9a19015c4c948253690b2527564a1736d142d29850ba8bc5	Owner contract; internal fields remain internal; no universal ABI promise
compiler/lowering/memory/ownership_ir.inc::NEBOC_IR_REGION_OFFSET	x86_64-systemv-elf-linux	compiler/lowering/memory/ownership_ir.inc	NEBOC_IR_REGION_OFFSET	384	1ccda9f81cefb8a34c6540e55cd424c87efc237b4731c2865b8a53fba7ffdded	Owner contract; internal fields remain internal; no universal ABI promise
compiler/lowering/memory/ownership_ir.inc::NEBOC_IR_AUX_TOKEN_OFFSET	x86_64-systemv-elf-linux	compiler/lowering/memory/ownership_ir.inc	NEBOC_IR_AUX_TOKEN_OFFSET	392	8dde5b27a695473fc92b563891cde71d6251339588d9c9ea5b2b50dc10bce0fc	Owner contract; internal fields remain internal; no universal ABI promise
compiler/lowering/memory/ownership_ir.inc::NEBOC_IR_EFFECTS_OFFSET	x86_64-systemv-elf-linux	compiler/lowering/memory/ownership_ir.inc	NEBOC_IR_EFFECTS_OFFSET	400	274c771c20a46e2d62ee815621f7e57accdead93fabe3e9fe4211c50f9fe1c2b	Owner contract; internal fields remain internal; no universal ABI promise
compiler/lowering/memory/ownership_ir.inc::neboc_memoria_ownership_lifetimes_e_recursos_IR_DECISION_OFFSET	x86_64-systemv-elf-linux	compiler/lowering/memory/ownership_ir.inc	neboc_memoria_ownership_lifetimes_e_recursos_IR_DECISION_OFFSET	408	a5b0a5f113bf1cea20dd0d105f0872ea883d4c57ddfe454eea90b216c4ca5096	Owner contract; internal fields remain internal; no universal ABI promise
compiler/lowering/memory/ownership_ir.inc::neboc_memoria_ownership_lifetimes_e_recursos_IR_DIAGNOSTIC_OFFSET	x86_64-systemv-elf-linux	compiler/lowering/memory/ownership_ir.inc	neboc_memoria_ownership_lifetimes_e_recursos_IR_DIAGNOSTIC_OFFSET	416	b8da89420de3c9f9c3379164db468eb2762892062ec37d51769721edaf3fdbe5	Owner contract; internal fields remain internal; no universal ABI promise
compiler/lowering/memory/ownership_ir.inc::neboc_memoria_ownership_lifetimes_e_recursos_IR_ALLOCATIONS_OFFSET	x86_64-systemv-elf-linux	compiler/lowering/memory/ownership_ir.inc	neboc_memoria_ownership_lifetimes_e_recursos_IR_ALLOCATIONS_OFFSET	424	ccf04a3ff974de33bba865d1a84c9ace06f003d90897741676ea4ed8bd4f9d01	Owner contract; internal fields remain internal; no universal ABI promise
compiler/lowering/memory/ownership_ir.inc::neboc_memoria_ownership_lifetimes_e_recursos_IR_HASH_OFFSET	x86_64-systemv-elf-linux	compiler/lowering/memory/ownership_ir.inc	neboc_memoria_ownership_lifetimes_e_recursos_IR_HASH_OFFSET	432	1ade57ef7b34d29b2ca4f23d4d0c145d34eec9167193011980e154cfa345e12e	Owner contract; internal fields remain internal; no universal ABI promise
compiler/lowering/memory/ownership_ir.inc::neboc_memoria_ownership_lifetimes_e_recursos_IR_HASHED_BYTES	x86_64-systemv-elf-linux	compiler/lowering/memory/ownership_ir.inc	neboc_memoria_ownership_lifetimes_e_recursos_IR_HASHED_BYTES	432	aef629fc466b4bcf9b55996c81f2a42d9f68cf60fecbe3f9ab3e77e13c543996	Owner contract; internal fields remain internal; no universal ABI promise
compiler/lowering/memory/ownership_ir.inc::neboc_memoria_ownership_lifetimes_e_recursos_IR_OUTPUT_QWORDS	x86_64-systemv-elf-linux	compiler/lowering/memory/ownership_ir.inc	neboc_memoria_ownership_lifetimes_e_recursos_IR_OUTPUT_QWORDS	18	80eb6347937f4156b20d0f22a136d53233c7fad61fe7fd273e1e5fcc9583487c	Owner contract; internal fields remain internal; no universal ABI promise
compiler/lowering/memory/ownership_ir.inc::neboc_memoria_ownership_lifetimes_e_recursos_IR_REQUEST_QWORDS	x86_64-systemv-elf-linux	compiler/lowering/memory/ownership_ir.inc	neboc_memoria_ownership_lifetimes_e_recursos_IR_REQUEST_QWORDS	55	e978414028074f985c86c73bcb7c36167b934021f3d95c8f1d8ec787ea9f658a	Owner contract; internal fields remain internal; no universal ABI promise
compiler/lowering/memory/ownership_ir.inc::neboc_memoria_ownership_lifetimes_e_recursos_IR_REQUEST_SIZE	x86_64-systemv-elf-linux	compiler/lowering/memory/ownership_ir.inc	neboc_memoria_ownership_lifetimes_e_recursos_IR_REQUEST_SIZE	440	6ed3f87b9dbb35a2023bedaa5b547acc90f0d09d51af79a6525e426f4597abf0	Owner contract; internal fields remain internal; no universal ABI promise
compiler/lowering/memory/ownership_ir.inc::neboc_memoria_ownership_lifetimes_e_recursos_IR_ALIGNMENT	x86_64-systemv-elf-linux	compiler/lowering/memory/ownership_ir.inc	neboc_memoria_ownership_lifetimes_e_recursos_IR_ALIGNMENT	8	72bd451fd012dc4f6ec088999ed956d6dbb59e459e1f8ac7435b8b1f97647a3f	Owner contract; internal fields remain internal; no universal ABI promise
compiler/lowering/memory/ownership_ir.inc::NEBOC_HIR_RESOURCE_BIND	x86_64-systemv-elf-linux	compiler/lowering/memory/ownership_ir.inc	NEBOC_HIR_RESOURCE_BIND	2401	6241884ef5a6b502b98dac674544f695ed5864ef979859bb5d19c37e9e5771ef	Owner contract; internal fields remain internal; no universal ABI promise
compiler/lowering/memory/ownership_ir.inc::NEBOC_HIR_OWNER_BIND	x86_64-systemv-elf-linux	compiler/lowering/memory/ownership_ir.inc	NEBOC_HIR_OWNER_BIND	2402	2515d5403e264e5ff7983e02c27a4da6c9c4b901598a91442ccc53d7554ef2b3	Owner contract; internal fields remain internal; no universal ABI promise
compiler/lowering/memory/ownership_ir.inc::NEBOC_HIR_LIFETIME_GUARD	x86_64-systemv-elf-linux	compiler/lowering/memory/ownership_ir.inc	NEBOC_HIR_LIFETIME_GUARD	2403	365756141440232ecaef76a5f21fe66948d2a99ebeec6f3afd241ef201a4e7dc	Owner contract; internal fields remain internal; no universal ABI promise
compiler/lowering/memory/ownership_ir.inc::NEBOC_HIR_ACTION	x86_64-systemv-elf-linux	compiler/lowering/memory/ownership_ir.inc	NEBOC_HIR_ACTION	2404	3e3446c9377be3a8dc63dd08819a0f2c22d33f7a83e2e81fb7b2d9f4b160f090	Owner contract; internal fields remain internal; no universal ABI promise
compiler/lowering/memory/ownership_ir.inc::NEBOC_LIR_STATE_HASH_ASSERT	x86_64-systemv-elf-linux	compiler/lowering/memory/ownership_ir.inc	NEBOC_LIR_STATE_HASH_ASSERT	2411	766804b8a59dda5f3f084c3928f5bb2c533e2bf49db67b4c813b01bca26f6a1c	Owner contract; internal fields remain internal; no universal ABI promise
compiler/lowering/memory/ownership_ir.inc::NEBOC_LIR_AUTHORITY_ASSERT	x86_64-systemv-elf-linux	compiler/lowering/memory/ownership_ir.inc	NEBOC_LIR_AUTHORITY_ASSERT	2412	a731dcfb9be9274eed0ad67ca8230c36f02e0bf087b28f9cae743296b9f85a41	Owner contract; internal fields remain internal; no universal ABI promise
compiler/lowering/memory/ownership_ir.inc::NEBOC_LIR_TRANSITION_CALL	x86_64-systemv-elf-linux	compiler/lowering/memory/ownership_ir.inc	NEBOC_LIR_TRANSITION_CALL	2413	5b220fd495c1febffca1139ba94db7d40e9571e6fa29ad18c70e52727eee5233	Owner contract; internal fields remain internal; no universal ABI promise
compiler/lowering/memory/ownership_ir.inc::NEBOC_LIR_EXACT_CLEANUP	x86_64-systemv-elf-linux	compiler/lowering/memory/ownership_ir.inc	NEBOC_LIR_EXACT_CLEANUP	2414	8974630dfc4ff021c95b2fb4b1040f40654c4b300e28744331d1957cd8b1f519	Owner contract; internal fields remain internal; no universal ABI promise
compiler/lowering/memory/ownership_native.inc::NEBOC_NATIVE_STATE_OFFSET	x86_64-systemv-elf-linux	compiler/lowering/memory/ownership_native.inc	NEBOC_NATIVE_STATE_OFFSET	440	389833859bcc5112fdae35b8147a18075d35bd686818f1ec28ac1812cb152933	Owner contract; internal fields remain internal; no universal ABI promise
compiler/lowering/memory/ownership_native.inc::NEBOC_NATIVE_EXPECTED_PRE_HASH_OFFSET	x86_64-systemv-elf-linux	compiler/lowering/memory/ownership_native.inc	NEBOC_NATIVE_EXPECTED_PRE_HASH_OFFSET	568	d26bf8e76910616043198858d26f62933d7a9c9adaa498d7e0d91b0dfff0ffe2	Owner contract; internal fields remain internal; no universal ABI promise
compiler/lowering/memory/ownership_native.inc::NEBOC_NATIVE_EXPECTED_RESULT_STATE_OFFSET	x86_64-systemv-elf-linux	compiler/lowering/memory/ownership_native.inc	NEBOC_NATIVE_EXPECTED_RESULT_STATE_OFFSET	576	76f96bccdf2a98304a931f196192f1b5af1a6b11f88c695f04e6a9866498606d	Owner contract; internal fields remain internal; no universal ABI promise
compiler/lowering/memory/ownership_native.inc::NEBOC_NATIVE_EXPECTED_CLEANUP_DELTA_OFFSET	x86_64-systemv-elf-linux	compiler/lowering/memory/ownership_native.inc	NEBOC_NATIVE_EXPECTED_CLEANUP_DELTA_OFFSET	584	dcd0dbf226682fa6990a0b60c43ba8e1358a44fe4534b4879bda613a5f53248d	Owner contract; internal fields remain internal; no universal ABI promise
compiler/lowering/memory/ownership_native.inc::NEBOC_NATIVE_EXPECTED_GENERATION_DELTA_OFFSET	x86_64-systemv-elf-linux	compiler/lowering/memory/ownership_native.inc	NEBOC_NATIVE_EXPECTED_GENERATION_DELTA_OFFSET	592	4a2e9eedf77962873e56e9d0921cd08fb1d283233d025932852ad1e1fef4acdc	Owner contract; internal fields remain internal; no universal ABI promise
compiler/lowering/memory/ownership_native.inc::neboc_memoria_ownership_lifetimes_e_recursos_NATIVE_OPERATION_OFFSET	x86_64-systemv-elf-linux	compiler/lowering/memory/ownership_native.inc	neboc_memoria_ownership_lifetimes_e_recursos_NATIVE_OPERATION_OFFSET	600	285680c8df155d88327f8978acf16ac2b0c7aa4aedc29856a31ba1bb3342bb39	Owner contract; internal fields remain internal; no universal ABI promise
compiler/lowering/memory/ownership_native.inc::NEBOC_NATIVE_ACTOR_OFFSET	x86_64-systemv-elf-linux	compiler/lowering/memory/ownership_native.inc	NEBOC_NATIVE_ACTOR_OFFSET	608	080d2277d1962d2031a2ce75c96ffbc2443b96d7a8f7fa9760ed15bc2c2a8d3a	Owner contract; internal fields remain internal; no universal ABI promise
compiler/lowering/memory/ownership_native.inc::NEBOC_NATIVE_REGION_OFFSET	x86_64-systemv-elf-linux	compiler/lowering/memory/ownership_native.inc	NEBOC_NATIVE_REGION_OFFSET	616	1745789030f05191f1b0a28e5cbb2663adbd1098746988b3293dbc9aa1849ae4	Owner contract; internal fields remain internal; no universal ABI promise
compiler/lowering/memory/ownership_native.inc::NEBOC_NATIVE_AUX_TOKEN_OFFSET	x86_64-systemv-elf-linux	compiler/lowering/memory/ownership_native.inc	NEBOC_NATIVE_AUX_TOKEN_OFFSET	624	d9ea3a3be8c62ba63c2f91ea6ce3ba3e661f031fffb3a75b64926bfdc1d56e4c	Owner contract; internal fields remain internal; no universal ABI promise
compiler/lowering/memory/ownership_native.inc::neboc_memoria_ownership_lifetimes_e_recursos_NATIVE_DIAGNOSTIC_OFFSET	x86_64-systemv-elf-linux	compiler/lowering/memory/ownership_native.inc	neboc_memoria_ownership_lifetimes_e_recursos_NATIVE_DIAGNOSTIC_OFFSET	632	f6f24974099d1bb5afea1f89b5deb77129b40dfb7a9b2e1024a37dc8aec5540c	Owner contract; internal fields remain internal; no universal ABI promise
compiler/lowering/memory/ownership_native.inc::neboc_memoria_ownership_lifetimes_e_recursos_NATIVE_DECISION_OFFSET	x86_64-systemv-elf-linux	compiler/lowering/memory/ownership_native.inc	neboc_memoria_ownership_lifetimes_e_recursos_NATIVE_DECISION_OFFSET	640	e46a481abd17d821f7ae765a8fd2e4d56479829ee0298fad96140a91e95cc87d	Owner contract; internal fields remain internal; no universal ABI promise
compiler/lowering/memory/ownership_native.inc::neboc_memoria_ownership_lifetimes_e_recursos_NATIVE_ALLOCATIONS_OFFSET	x86_64-systemv-elf-linux	compiler/lowering/memory/ownership_native.inc	neboc_memoria_ownership_lifetimes_e_recursos_NATIVE_ALLOCATIONS_OFFSET	648	81c6c43b4582ae57df8c0917c4f19103c2070d46a169e748c691011bce4079df	Owner contract; internal fields remain internal; no universal ABI promise
compiler/lowering/memory/ownership_native.inc::neboc_memoria_ownership_lifetimes_e_recursos_NATIVE_HASH_OFFSET	x86_64-systemv-elf-linux	compiler/lowering/memory/ownership_native.inc	neboc_memoria_ownership_lifetimes_e_recursos_NATIVE_HASH_OFFSET	656	27ccff1e6b6ef986c4868abbc7c9367eb11f3029be3158f40d43070b8ac18d77	Owner contract; internal fields remain internal; no universal ABI promise
compiler/lowering/memory/ownership_native.inc::neboc_memoria_ownership_lifetimes_e_recursos_NATIVE_HASHED_BYTES	x86_64-systemv-elf-linux	compiler/lowering/memory/ownership_native.inc	neboc_memoria_ownership_lifetimes_e_recursos_NATIVE_HASHED_BYTES	656	4d33f7aafbb9acb10bd1b02a4105e8ff1ea6b04ad6772e02dcade0e8b5a3d36f	Owner contract; internal fields remain internal; no universal ABI promise
compiler/lowering/memory/ownership_native.inc::NEBOC_NATIVE_PLAN_QWORDS	x86_64-systemv-elf-linux	compiler/lowering/memory/ownership_native.inc	NEBOC_NATIVE_PLAN_QWORDS	83	2494bfd11d37d0a425c7a5894cbff16d0a7f76467b1f79a72365ce4b39b728dc	Owner contract; internal fields remain internal; no universal ABI promise
compiler/lowering/memory/ownership_native.inc::NEBOC_NATIVE_PLAN_SIZE	x86_64-systemv-elf-linux	compiler/lowering/memory/ownership_native.inc	NEBOC_NATIVE_PLAN_SIZE	664	17570c445c226ef1f918ac08da908f856ac0419ae80f01f1717019fac50aa866	Owner contract; internal fields remain internal; no universal ABI promise
compiler/lowering/memory/ownership_native.inc::NEBOC_NATIVE_OWNED_QWORDS	x86_64-systemv-elf-linux	compiler/lowering/memory/ownership_native.inc	NEBOC_NATIVE_OWNED_QWORDS	28	3fba1972eaa7cc354e3ef3da8d77509a5afecfafc0a4c1ee43a12cfad126fa67	Owner contract; internal fields remain internal; no universal ABI promise
compiler/lowering/memory/ownership_native.inc::neboc_memoria_ownership_lifetimes_e_recursos_NATIVE_ALIGNMENT	x86_64-systemv-elf-linux	compiler/lowering/memory/ownership_native.inc	neboc_memoria_ownership_lifetimes_e_recursos_NATIVE_ALIGNMENT	8	d0b3d9ed4ff0b26b5eda702a4ce4b2acedadf379ea863232b212352d2f638bad	Owner contract; internal fields remain internal; no universal ABI promise
compiler/lowering/modules/module_ir.inc::neboc_imports_modulos_namespaces_e_api_publica_IR_MAGIC_OFFSET	x86_64-systemv-elf-linux	compiler/lowering/modules/module_ir.inc	neboc_imports_modulos_namespaces_e_api_publica_IR_MAGIC_OFFSET	0	464e79a4a19a2c3e17e41644ccb726db088e82831ef69ff4f7bb9a36a5e782cb	Owner contract; internal fields remain internal; no universal ABI promise
compiler/lowering/modules/module_ir.inc::neboc_imports_modulos_namespaces_e_api_publica_IR_OPERATION_OFFSET	x86_64-systemv-elf-linux	compiler/lowering/modules/module_ir.inc	neboc_imports_modulos_namespaces_e_api_publica_IR_OPERATION_OFFSET	8	aed186fbf4f0d0397165f641387e8236d0b928e61951b4f6d6e2a7747137d70b	Owner contract; internal fields remain internal; no universal ABI promise
compiler/lowering/modules/module_ir.inc::NEBOC_IR_MODULE_ID_OFFSET	x86_64-systemv-elf-linux	compiler/lowering/modules/module_ir.inc	NEBOC_IR_MODULE_ID_OFFSET	16	28077532109cd084ca6401ab1d9b1c7ad13b21d192b53cfb8548c00adbbf3a83	Owner contract; internal fields remain internal; no universal ABI promise
compiler/lowering/modules/module_ir.inc::NEBOC_IR_PACKAGE_ID_OFFSET	x86_64-systemv-elf-linux	compiler/lowering/modules/module_ir.inc	NEBOC_IR_PACKAGE_ID_OFFSET	24	d80b2d5befa697db81ec3032a75a7a6896c5a0880350fb680a30a686e3ab41b1	Owner contract; internal fields remain internal; no universal ABI promise
compiler/lowering/modules/module_ir.inc::NEBOC_IR_IMPORT_MODULE_OFFSET	x86_64-systemv-elf-linux	compiler/lowering/modules/module_ir.inc	NEBOC_IR_IMPORT_MODULE_OFFSET	32	37e4dd7c61aa8b9411cf417c624fd624be65cdadb2a779c9da24b5a169bbcf25	Owner contract; internal fields remain internal; no universal ABI promise
compiler/lowering/modules/module_ir.inc::NEBOC_IR_EXPORT_PACKAGE_OFFSET	x86_64-systemv-elf-linux	compiler/lowering/modules/module_ir.inc	NEBOC_IR_EXPORT_PACKAGE_OFFSET	40	8fca495732b5fddf4767a3ec71aa7d601b3d31a156b088dc1c7590d6e509996e	Owner contract; internal fields remain internal; no universal ABI promise
compiler/lowering/modules/module_ir.inc::neboc_imports_modulos_namespaces_e_api_publica_IR_SYMBOL_ID_OFFSET	x86_64-systemv-elf-linux	compiler/lowering/modules/module_ir.inc	neboc_imports_modulos_namespaces_e_api_publica_IR_SYMBOL_ID_OFFSET	48	04a3a12ef685f34661d70ae56646b0d027a0de66b04cb0a84db4916ff5c99a84	Owner contract; internal fields remain internal; no universal ABI promise
compiler/lowering/modules/module_ir.inc::NEBOC_IR_VISIBILITY_OFFSET	x86_64-systemv-elf-linux	compiler/lowering/modules/module_ir.inc	NEBOC_IR_VISIBILITY_OFFSET	56	44865a8b8102e9f3d7a3888731690e8aa0898e5ab2d69abd5fdb8debf784237f	Owner contract; internal fields remain internal; no universal ABI promise
compiler/lowering/modules/module_ir.inc::NEBOC_IR_GRAPH_EPOCH_OFFSET	x86_64-systemv-elf-linux	compiler/lowering/modules/module_ir.inc	NEBOC_IR_GRAPH_EPOCH_OFFSET	64	6e16f9549d7b0e3578e6b4729816df12f8f355f02373a1492f644d0edcdd92db	Owner contract; internal fields remain internal; no universal ABI promise
compiler/lowering/modules/module_ir.inc::neboc_imports_modulos_namespaces_e_api_publica_IR_SYNTAX_HASH_OFFSET	x86_64-systemv-elf-linux	compiler/lowering/modules/module_ir.inc	neboc_imports_modulos_namespaces_e_api_publica_IR_SYNTAX_HASH_OFFSET	72	863b933cfa13d34b6df22c87b38035dc2e705f42dc12b0102491e049bfac9769	Owner contract; internal fields remain internal; no universal ABI promise
compiler/lowering/modules/module_ir.inc::NEBOC_IR_TABLE_HASH_OFFSET	x86_64-systemv-elf-linux	compiler/lowering/modules/module_ir.inc	NEBOC_IR_TABLE_HASH_OFFSET	80	daa53160bbb55ec89ea38628ee65caebfb74811e4f57504359ef331a3ae999ff	Owner contract; internal fields remain internal; no universal ABI promise
compiler/lowering/modules/module_ir.inc::neboc_imports_modulos_namespaces_e_api_publica_IR_SEMANTIC_HASH_OFFSET	x86_64-systemv-elf-linux	compiler/lowering/modules/module_ir.inc	neboc_imports_modulos_namespaces_e_api_publica_IR_SEMANTIC_HASH_OFFSET	88	f7939269dc081e95b14276a7549e00302eaa4f29fae6d3d23725f74fba883512	Owner contract; internal fields remain internal; no universal ABI promise
compiler/lowering/modules/module_ir.inc::neboc_imports_modulos_namespaces_e_api_publica_IR_DECISION_OFFSET	x86_64-systemv-elf-linux	compiler/lowering/modules/module_ir.inc	neboc_imports_modulos_namespaces_e_api_publica_IR_DECISION_OFFSET	96	04f83bd85e63b8ee5a8ef0892139e0336e0eddfaed404ae56c5038d684779661	Owner contract; internal fields remain internal; no universal ABI promise
compiler/lowering/modules/module_ir.inc::neboc_imports_modulos_namespaces_e_api_publica_IR_DIAGNOSTIC_OFFSET	x86_64-systemv-elf-linux	compiler/lowering/modules/module_ir.inc	neboc_imports_modulos_namespaces_e_api_publica_IR_DIAGNOSTIC_OFFSET	104	423bf2fcaf3678f0e00e9b18e53fcf75329936632cc7ec0ffe59b44d7b45d474	Owner contract; internal fields remain internal; no universal ABI promise
compiler/lowering/modules/module_ir.inc::neboc_imports_modulos_namespaces_e_api_publica_IR_FLAGS_OFFSET	x86_64-systemv-elf-linux	compiler/lowering/modules/module_ir.inc	neboc_imports_modulos_namespaces_e_api_publica_IR_FLAGS_OFFSET	112	488474d8a482276d3cb2ce6e7945ec83ba7d0f32bb1f7f95618282852a383b92	Owner contract; internal fields remain internal; no universal ABI promise
compiler/lowering/modules/module_ir.inc::neboc_imports_modulos_namespaces_e_api_publica_IR_TARGET_OFFSET	x86_64-systemv-elf-linux	compiler/lowering/modules/module_ir.inc	neboc_imports_modulos_namespaces_e_api_publica_IR_TARGET_OFFSET	120	c8d05cfeb21ff52e062d80a5700da72fd4d1ab9031a7042f82b484a77e5ca574	Owner contract; internal fields remain internal; no universal ABI promise
compiler/lowering/modules/module_ir.inc::neboc_imports_modulos_namespaces_e_api_publica_IR_HASH_OFFSET	x86_64-systemv-elf-linux	compiler/lowering/modules/module_ir.inc	neboc_imports_modulos_namespaces_e_api_publica_IR_HASH_OFFSET	128	70a2a8408d85cae7c033d84dee13f8ad34e4a784ccc8f787642b13b882dbad67	Owner contract; internal fields remain internal; no universal ABI promise
compiler/lowering/modules/module_ir.inc::NEBOC_IR_RESERVED_OFFSET	x86_64-systemv-elf-linux	compiler/lowering/modules/module_ir.inc	NEBOC_IR_RESERVED_OFFSET	136	f80a3ca0d818fa23a45c85acda8e1301958da024a7cabcbb84811bb66ab039cd	Owner contract; internal fields remain internal; no universal ABI promise
compiler/lowering/modules/module_ir.inc::neboc_imports_modulos_namespaces_e_api_publica_IR_HASHED_BYTES	x86_64-systemv-elf-linux	compiler/lowering/modules/module_ir.inc	neboc_imports_modulos_namespaces_e_api_publica_IR_HASHED_BYTES	128	540cd63c751177e3c2ba0230641dea3a24b17d6ec9e5607013b6c5b78b99ad29	Owner contract; internal fields remain internal; no universal ABI promise
compiler/lowering/modules/module_ir.inc::neboc_imports_modulos_namespaces_e_api_publica_IR_QWORDS	x86_64-systemv-elf-linux	compiler/lowering/modules/module_ir.inc	neboc_imports_modulos_namespaces_e_api_publica_IR_QWORDS	18	b72f150cdbbf6a5b03425172ee7cec2d190b9dc30b02a26c5916cf8e8e69db57	Owner contract; internal fields remain internal; no universal ABI promise
compiler/lowering/modules/module_ir.inc::neboc_imports_modulos_namespaces_e_api_publica_IR_SIZE	x86_64-systemv-elf-linux	compiler/lowering/modules/module_ir.inc	neboc_imports_modulos_namespaces_e_api_publica_IR_SIZE	144	3abe9d113088396852a95ac0472dc832dee8a099b24efd68c75b3571b68279a1	Owner contract; internal fields remain internal; no universal ABI promise
compiler/lowering/modules/module_ir.inc::neboc_imports_modulos_namespaces_e_api_publica_IR_ALIGNMENT	x86_64-systemv-elf-linux	compiler/lowering/modules/module_ir.inc	neboc_imports_modulos_namespaces_e_api_publica_IR_ALIGNMENT	8	0e109b9d67275782a5e35a1f494b86989cd1511f1207334be0fddb47a88b8b6d	Owner contract; internal fields remain internal; no universal ABI promise
compiler/lowering/modules/module_ir.inc::neboc_imports_modulos_namespaces_e_api_publica_IR_MAGIC	x86_64-systemv-elf-linux	compiler/lowering/modules/module_ir.inc	neboc_imports_modulos_namespaces_e_api_publica_IR_MAGIC	0x4e45424f47323549	6faedae12994157a51aa425ba482b47bb1c019a519f185585a263efcfeb9e498	Owner contract; internal fields remain internal; no universal ABI promise
compiler/lowering/modules/module_ir.inc::NEBOC_IR_OPERATION_RESOLVE	x86_64-systemv-elf-linux	compiler/lowering/modules/module_ir.inc	NEBOC_IR_OPERATION_RESOLVE	1	75ec2daa9a3de930c191b734c28a5db57466726a18608b98c8f74e33bdb444cb	Owner contract; internal fields remain internal; no universal ABI promise
compiler/lowering/modules/module_ir.inc::neboc_imports_modulos_namespaces_e_api_publica_IR_FLAG_TARGET_NEUTRAL	x86_64-systemv-elf-linux	compiler/lowering/modules/module_ir.inc	neboc_imports_modulos_namespaces_e_api_publica_IR_FLAG_TARGET_NEUTRAL	1	7eb5f0b31539aad8b27f7650dac04d63624219ab45c157de152d223b4972294a	Owner contract; internal fields remain internal; no universal ABI promise
compiler/lowering/modules/module_native.inc::neboc_imports_modulos_namespaces_e_api_publica_NATIVE_MAGIC_OFFSET	x86_64-systemv-elf-linux	compiler/lowering/modules/module_native.inc	neboc_imports_modulos_namespaces_e_api_publica_NATIVE_MAGIC_OFFSET	0	460b376c93cc79cdd5d49529d1738134efbf703df35fff8a7d4cd6759b9ed1e7	Owner contract; internal fields remain internal; no universal ABI promise
compiler/lowering/modules/module_native.inc::NEBOC_NATIVE_MODULE_ID_OFFSET	x86_64-systemv-elf-linux	compiler/lowering/modules/module_native.inc	NEBOC_NATIVE_MODULE_ID_OFFSET	8	73c2fac1d6f6fb40f325cc6c61512028842218ad01090c435ff6a7bdf3d5e067	Owner contract; internal fields remain internal; no universal ABI promise
compiler/lowering/modules/module_native.inc::NEBOC_NATIVE_PACKAGE_ID_OFFSET	x86_64-systemv-elf-linux	compiler/lowering/modules/module_native.inc	NEBOC_NATIVE_PACKAGE_ID_OFFSET	16	d15e1c0e275abe7bdc38b697545a9248c5e41d55a3f863cfacd53b60b1b13363	Owner contract; internal fields remain internal; no universal ABI promise
compiler/lowering/modules/module_native.inc::NEBOC_NATIVE_IMPORT_MODULE_OFFSET	x86_64-systemv-elf-linux	compiler/lowering/modules/module_native.inc	NEBOC_NATIVE_IMPORT_MODULE_OFFSET	24	4637fd34c4e633208fdd4d74bdc6ee63e141eeb06dd464210f0ae90e639962b5	Owner contract; internal fields remain internal; no universal ABI promise
compiler/lowering/modules/module_native.inc::NEBOC_NATIVE_EXPORT_PACKAGE_OFFSET	x86_64-systemv-elf-linux	compiler/lowering/modules/module_native.inc	NEBOC_NATIVE_EXPORT_PACKAGE_OFFSET	32	fdc4c23edeb58dfedc68b607c63502ee7345442ec5094e810208e7649d169e41	Owner contract; internal fields remain internal; no universal ABI promise
compiler/lowering/modules/module_native.inc::NEBOC_NATIVE_SYMBOL_ID_OFFSET	x86_64-systemv-elf-linux	compiler/lowering/modules/module_native.inc	NEBOC_NATIVE_SYMBOL_ID_OFFSET	40	62db04251feafa3e2845e755b30ec6a210fb4a73b952c8a8cf02c77c19847b8d	Owner contract; internal fields remain internal; no universal ABI promise
compiler/lowering/modules/module_native.inc::NEBOC_NATIVE_VISIBILITY_OFFSET	x86_64-systemv-elf-linux	compiler/lowering/modules/module_native.inc	NEBOC_NATIVE_VISIBILITY_OFFSET	48	6745cf613c7bf56b2f5f83efacd1e268514a9326d03240254fb48522c6d6eba5	Owner contract; internal fields remain internal; no universal ABI promise
compiler/lowering/modules/module_native.inc::NEBOC_NATIVE_GRAPH_EPOCH_OFFSET	x86_64-systemv-elf-linux	compiler/lowering/modules/module_native.inc	NEBOC_NATIVE_GRAPH_EPOCH_OFFSET	56	1e17231f5664f9b0ad13249b7be0e08a9f6a9c9fe29d7963b9fa9ffbddb39168	Owner contract; internal fields remain internal; no universal ABI promise
compiler/lowering/modules/module_native.inc::neboc_imports_modulos_namespaces_e_api_publica_NATIVE_SYNTAX_HASH_OFFSET	x86_64-systemv-elf-linux	compiler/lowering/modules/module_native.inc	neboc_imports_modulos_namespaces_e_api_publica_NATIVE_SYNTAX_HASH_OFFSET	64	5eda56feaf00b65e51345b5083525777376a5ba4b5de61e3b29806dcf398d1d3	Owner contract; internal fields remain internal; no universal ABI promise
compiler/lowering/modules/module_native.inc::NEBOC_NATIVE_TABLE_HASH_OFFSET	x86_64-systemv-elf-linux	compiler/lowering/modules/module_native.inc	NEBOC_NATIVE_TABLE_HASH_OFFSET	72	6633724a69574f262b29e7350c11da1865621c9d16885c69f628843b3ad71cb4	Owner contract; internal fields remain internal; no universal ABI promise
compiler/lowering/modules/module_native.inc::neboc_imports_modulos_namespaces_e_api_publica_NATIVE_SEMANTIC_HASH_OFFSET	x86_64-systemv-elf-linux	compiler/lowering/modules/module_native.inc	neboc_imports_modulos_namespaces_e_api_publica_NATIVE_SEMANTIC_HASH_OFFSET	80	e1350be6d2ed1a203100d55890624f6026cffc630be6ae0810e026b4453ae87f	Owner contract; internal fields remain internal; no universal ABI promise
compiler/lowering/modules/module_native.inc::neboc_imports_modulos_namespaces_e_api_publica_NATIVE_IR_HASH_OFFSET	x86_64-systemv-elf-linux	compiler/lowering/modules/module_native.inc	neboc_imports_modulos_namespaces_e_api_publica_NATIVE_IR_HASH_OFFSET	88	e2a040042c32d30a3e9964878ba39678749bbae0f42fa7bcf27901b11fb59830	Owner contract; internal fields remain internal; no universal ABI promise
compiler/lowering/modules/module_native.inc::neboc_imports_modulos_namespaces_e_api_publica_NATIVE_TARGET_OFFSET	x86_64-systemv-elf-linux	compiler/lowering/modules/module_native.inc	neboc_imports_modulos_namespaces_e_api_publica_NATIVE_TARGET_OFFSET	96	c4bb6d7b3aeabd3615b30bd3f9aa38fb4027ddf08b4703f504c84e64fb4bab3c	Owner contract; internal fields remain internal; no universal ABI promise
compiler/lowering/modules/module_native.inc::neboc_imports_modulos_namespaces_e_api_publica_NATIVE_ABI_OFFSET	x86_64-systemv-elf-linux	compiler/lowering/modules/module_native.inc	neboc_imports_modulos_namespaces_e_api_publica_NATIVE_ABI_OFFSET	104	6ce4ad957d6e1e61d7dc5a707dfc1f5a9002ad7c0453cabe9a6e2cf8026744d1	Owner contract; internal fields remain internal; no universal ABI promise
compiler/lowering/modules/module_native.inc::neboc_imports_modulos_namespaces_e_api_publica_NATIVE_RESULT_OFFSET	x86_64-systemv-elf-linux	compiler/lowering/modules/module_native.inc	neboc_imports_modulos_namespaces_e_api_publica_NATIVE_RESULT_OFFSET	112	92c83a8d378bedb282dfc7648e380a0becfe1ecebe72423798dfadc5b9fa5e10	Owner contract; internal fields remain internal; no universal ABI promise
compiler/lowering/modules/module_native.inc::neboc_imports_modulos_namespaces_e_api_publica_NATIVE_DECISION_OFFSET	x86_64-systemv-elf-linux	compiler/lowering/modules/module_native.inc	neboc_imports_modulos_namespaces_e_api_publica_NATIVE_DECISION_OFFSET	120	a36324b6df85dad3cf046f47e003feea35094445553d7c5696a367e0016ebedd	Owner contract; internal fields remain internal; no universal ABI promise
compiler/lowering/modules/module_native.inc::neboc_imports_modulos_namespaces_e_api_publica_NATIVE_DIAGNOSTIC_OFFSET	x86_64-systemv-elf-linux	compiler/lowering/modules/module_native.inc	neboc_imports_modulos_namespaces_e_api_publica_NATIVE_DIAGNOSTIC_OFFSET	128	88830f7817a7ee4588629f7abe0650bda1897330ebda40fe3f1bf194d1fe31f5	Owner contract; internal fields remain internal; no universal ABI promise
compiler/lowering/modules/module_native.inc::neboc_imports_modulos_namespaces_e_api_publica_NATIVE_FLAGS_OFFSET	x86_64-systemv-elf-linux	compiler/lowering/modules/module_native.inc	neboc_imports_modulos_namespaces_e_api_publica_NATIVE_FLAGS_OFFSET	136	2db6f90b55e0fcdadc134f24a6909819734c9b84dc38f828f7f2a01bc8130b0c	Owner contract; internal fields remain internal; no universal ABI promise
compiler/lowering/modules/module_native.inc::neboc_imports_modulos_namespaces_e_api_publica_NATIVE_HASH_OFFSET	x86_64-systemv-elf-linux	compiler/lowering/modules/module_native.inc	neboc_imports_modulos_namespaces_e_api_publica_NATIVE_HASH_OFFSET	144	bf6f68948b9883a6a927761fee2a0bb6e556aa8d8b8c219fcb655526328d2aef	Owner contract; internal fields remain internal; no universal ABI promise
compiler/lowering/modules/module_native.inc::neboc_imports_modulos_namespaces_e_api_publica_NATIVE_RESERVED_OFFSET	x86_64-systemv-elf-linux	compiler/lowering/modules/module_native.inc	neboc_imports_modulos_namespaces_e_api_publica_NATIVE_RESERVED_OFFSET	152	f85bc8c7047f78f2f734a8c41a2a820d78f314274d6e9813629e7585b46ce076	Owner contract; internal fields remain internal; no universal ABI promise
compiler/lowering/modules/module_native.inc::neboc_imports_modulos_namespaces_e_api_publica_NATIVE_HASHED_BYTES	x86_64-systemv-elf-linux	compiler/lowering/modules/module_native.inc	neboc_imports_modulos_namespaces_e_api_publica_NATIVE_HASHED_BYTES	144	57204e0d1be31eaa9f88f95f529e555de1c6834826f769836d8b5c379e406775	Owner contract; internal fields remain internal; no universal ABI promise
compiler/lowering/modules/module_native.inc::neboc_imports_modulos_namespaces_e_api_publica_NATIVE_QWORDS	x86_64-systemv-elf-linux	compiler/lowering/modules/module_native.inc	neboc_imports_modulos_namespaces_e_api_publica_NATIVE_QWORDS	20	5280186a724ec9aafc2f1d9a0c13f98c4387632d106840dda6bf1fbb1d6599ee	Owner contract; internal fields remain internal; no universal ABI promise
compiler/lowering/modules/module_native.inc::neboc_imports_modulos_namespaces_e_api_publica_NATIVE_SIZE	x86_64-systemv-elf-linux	compiler/lowering/modules/module_native.inc	neboc_imports_modulos_namespaces_e_api_publica_NATIVE_SIZE	160	f635503f910805ecf7d71d694020bedd213dd3272551d99b50d6e48b0c3d8af5	Owner contract; internal fields remain internal; no universal ABI promise
compiler/lowering/modules/module_native.inc::neboc_imports_modulos_namespaces_e_api_publica_NATIVE_ALIGNMENT	x86_64-systemv-elf-linux	compiler/lowering/modules/module_native.inc	neboc_imports_modulos_namespaces_e_api_publica_NATIVE_ALIGNMENT	8	48d5e19891653c1ebcadbe37dfdb62f5ac7960d2207ea62f5d55d8629f1d4ec6	Owner contract; internal fields remain internal; no universal ABI promise
compiler/lowering/modules/module_native.inc::neboc_imports_modulos_namespaces_e_api_publica_NATIVE_MAGIC	x86_64-systemv-elf-linux	compiler/lowering/modules/module_native.inc	neboc_imports_modulos_namespaces_e_api_publica_NATIVE_MAGIC	0x4e45424f4732354e	991b89cd7ab3d790e28bffb7acdb3250692ccf100af7ff4e86e803df4cac6488	Owner contract; internal fields remain internal; no universal ABI promise
compiler/lowering/modules/module_native.inc::neboc_imports_modulos_namespaces_e_api_publica_NATIVE_TARGET_X86_64_SYSV_ELF	x86_64-systemv-elf-linux	compiler/lowering/modules/module_native.inc	neboc_imports_modulos_namespaces_e_api_publica_NATIVE_TARGET_X86_64_SYSV_ELF	1	98d54c45306c5940c853976b20f4181f5e0ce28f2c6dcbdc161dc4e0dd87dde2	Owner contract; internal fields remain internal; no universal ABI promise
compiler/lowering/modules/module_native.inc::neboc_imports_modulos_namespaces_e_api_publica_NATIVE_ABI_INTERNAL_V1	x86_64-systemv-elf-linux	compiler/lowering/modules/module_native.inc	neboc_imports_modulos_namespaces_e_api_publica_NATIVE_ABI_INTERNAL_V1	1	d7703dfd36ea264ad6933fe6ac5a7cdc2a3d654ac5acd7382f78e72be3126667	Owner contract; internal fields remain internal; no universal ABI promise
compiler/lowering/modules/module_native.inc::neboc_imports_modulos_namespaces_e_api_publica_NATIVE_FLAG_AUTHENTICATED	x86_64-systemv-elf-linux	compiler/lowering/modules/module_native.inc	neboc_imports_modulos_namespaces_e_api_publica_NATIVE_FLAG_AUTHENTICATED	1	e6b3d03e2da0596e0c75151bda090bd04688644752b4539a62947d494f4b8cac	Owner contract; internal fields remain internal; no universal ABI promise
compiler/lowering/modules/module_plan.inc::NEBOC_MODULE_PLAN_MAGIC_OFFSET	x86_64-systemv-elf-linux	compiler/lowering/modules/module_plan.inc	NEBOC_MODULE_PLAN_MAGIC_OFFSET	0	b370d6e218d41d596db60c202edfde41f67397953c57f9f594b5b43b0a102191	Owner contract; internal fields remain internal; no universal ABI promise
compiler/lowering/modules/module_plan.inc::NEBOC_MODULE_PLAN_UNIT_COUNT_OFFSET	x86_64-systemv-elf-linux	compiler/lowering/modules/module_plan.inc	NEBOC_MODULE_PLAN_UNIT_COUNT_OFFSET	8	d3ce9a7f7a48e071b2f90be8b55cb99d876e698a201a4b1bd7f6872e40ed8cdf	Owner contract; internal fields remain internal; no universal ABI promise
compiler/lowering/modules/module_plan.inc::NEBOC_MODULE_PLAN_ROOT_INDEX_OFFSET	x86_64-systemv-elf-linux	compiler/lowering/modules/module_plan.inc	NEBOC_MODULE_PLAN_ROOT_INDEX_OFFSET	16	ae739b819cb191c3b057630df332f8f1506f477192011b7d6acc15b3133d4a75	Owner contract; internal fields remain internal; no universal ABI promise
compiler/lowering/modules/module_plan.inc::NEBOC_MODULE_PLAN_RESULT_OFFSET	x86_64-systemv-elf-linux	compiler/lowering/modules/module_plan.inc	NEBOC_MODULE_PLAN_RESULT_OFFSET	24	2a583f9fc8ef2dc5c5839d10ce1e09f3d7e315f21b4f51d15c85b60a956e311f	Owner contract; internal fields remain internal; no universal ABI promise
compiler/lowering/modules/module_plan.inc::NEBOC_MODULE_PLAN_EDGE_COUNT_OFFSET	x86_64-systemv-elf-linux	compiler/lowering/modules/module_plan.inc	NEBOC_MODULE_PLAN_EDGE_COUNT_OFFSET	32	e8336700253ba80cd08fc765ad65b9aa8340ab5cfb88b0ec23d1f8fa9ee8715c	Owner contract; internal fields remain internal; no universal ABI promise
compiler/lowering/modules/module_plan.inc::NEBOC_MODULE_PLAN_PUBLIC_COUNT_OFFSET	x86_64-systemv-elf-linux	compiler/lowering/modules/module_plan.inc	NEBOC_MODULE_PLAN_PUBLIC_COUNT_OFFSET	40	0d5bf928289bf89d0556833c2094863274e4bd743657a1911287cb014daaf7a4	Owner contract; internal fields remain internal; no universal ABI promise
compiler/lowering/modules/module_plan.inc::NEBOC_MODULE_PLAN_PRIVATE_COUNT_OFFSET	x86_64-systemv-elf-linux	compiler/lowering/modules/module_plan.inc	NEBOC_MODULE_PLAN_PRIVATE_COUNT_OFFSET	48	b635ed6e6b008d59b82784894524cf73ec7ad2b16ffa8059ccf51a302264a50a	Owner contract; internal fields remain internal; no universal ABI promise
compiler/lowering/modules/module_plan.inc::NEBOC_MODULE_PLAN_START_REF_COUNT_OFFSET	x86_64-systemv-elf-linux	compiler/lowering/modules/module_plan.inc	NEBOC_MODULE_PLAN_START_REF_COUNT_OFFSET	56	0a2b528801d5c5b0a455d0ff53781318a201a5585e242cb1d9c9b5923488a637	Owner contract; internal fields remain internal; no universal ABI promise
compiler/lowering/modules/module_plan.inc::NEBOC_MODULE_PLAN_GRAPH_HASH_OFFSET	x86_64-systemv-elf-linux	compiler/lowering/modules/module_plan.inc	NEBOC_MODULE_PLAN_GRAPH_HASH_OFFSET	64	8902fa2cacc76c217bfd3e2260a5202a80f8abb4e13b46f43984268d309dddae	Owner contract; internal fields remain internal; no universal ABI promise
compiler/lowering/modules/module_plan.inc::NEBOC_MODULE_PLAN_SEMANTIC_HASH_OFFSET	x86_64-systemv-elf-linux	compiler/lowering/modules/module_plan.inc	NEBOC_MODULE_PLAN_SEMANTIC_HASH_OFFSET	72	17e8603da1962ef58efb2a8a976ff73598c134e7614de69782186592238e8b7d	Owner contract; internal fields remain internal; no universal ABI promise
compiler/lowering/modules/module_plan.inc::NEBOC_MODULE_PLAN_FLAGS_OFFSET	x86_64-systemv-elf-linux	compiler/lowering/modules/module_plan.inc	NEBOC_MODULE_PLAN_FLAGS_OFFSET	80	0e64d3c5c9f4f1865beecf310a0221a67d3860a9d6acb1fb4fa55b5997baaa3c	Owner contract; internal fields remain internal; no universal ABI promise
compiler/lowering/modules/module_plan.inc::NEBOC_MODULE_PLAN_TARGET_OFFSET	x86_64-systemv-elf-linux	compiler/lowering/modules/module_plan.inc	NEBOC_MODULE_PLAN_TARGET_OFFSET	88	811fafa5e996a9c3860ba1742112c96377645fa3c9437120d04c26e8463b6789	Owner contract; internal fields remain internal; no universal ABI promise
compiler/lowering/modules/module_plan.inc::NEBOC_MODULE_PLAN_HASH_OFFSET	x86_64-systemv-elf-linux	compiler/lowering/modules/module_plan.inc	NEBOC_MODULE_PLAN_HASH_OFFSET	96	9c4915bc5ce40a231a036ad33eed952879ec6c1f768aef90de725af2829c0675	Owner contract; internal fields remain internal; no universal ABI promise
compiler/lowering/modules/module_plan.inc::NEBOC_MODULE_PLAN_RESERVED_OFFSET	x86_64-systemv-elf-linux	compiler/lowering/modules/module_plan.inc	NEBOC_MODULE_PLAN_RESERVED_OFFSET	104	bee594592c6bbdffc0fa0e3cfbde358e99fd9dc15c997e770cae635c78eedd49	Owner contract; internal fields remain internal; no universal ABI promise
compiler/lowering/modules/module_plan.inc::NEBOC_MODULE_PLAN_HASHED_BYTES	x86_64-systemv-elf-linux	compiler/lowering/modules/module_plan.inc	NEBOC_MODULE_PLAN_HASHED_BYTES	96	defbea76dc5e7a750110fc848c81c2e42992e82f7512cfc6ade467773e127bf8	Owner contract; internal fields remain internal; no universal ABI promise
compiler/lowering/modules/module_plan.inc::NEBOC_MODULE_PLAN_QWORDS	x86_64-systemv-elf-linux	compiler/lowering/modules/module_plan.inc	NEBOC_MODULE_PLAN_QWORDS	14	fcf6962a9bebb89719fa3431de3ea172b58d53f86c0f681b3a5ac77e325a3ef6	Owner contract; internal fields remain internal; no universal ABI promise
compiler/lowering/modules/module_plan.inc::NEBOC_MODULE_PLAN_SIZE	x86_64-systemv-elf-linux	compiler/lowering/modules/module_plan.inc	NEBOC_MODULE_PLAN_SIZE	112	4dd032c367fa07d47a187037919f169342154ce946f897f94b6d088d4ca1cdc4	Owner contract; internal fields remain internal; no universal ABI promise
compiler/lowering/modules/module_plan.inc::NEBOC_MODULE_PLAN_MAGIC	x86_64-systemv-elf-linux	compiler/lowering/modules/module_plan.inc	NEBOC_MODULE_PLAN_MAGIC	0x4e5246334d4f4435	970b3cd286023260841a8e3f75dd29341de8d7b985fb1755a72e2a7256494ef3	Owner contract; internal fields remain internal; no universal ABI promise
compiler/lowering/modules/module_plan.inc::NEBOC_MODULE_PLAN_FLAG_POINTERLESS	x86_64-systemv-elf-linux	compiler/lowering/modules/module_plan.inc	NEBOC_MODULE_PLAN_FLAG_POINTERLESS	1	c8d7a28999a21dc34ba3c52a9c4ea851dadb2cc66cdb703e413706bfb2615ece	Owner contract; internal fields remain internal; no universal ABI promise
compiler/lowering/modules/module_plan.inc::NEBOC_MODULE_PLAN_TARGET_X86_64_SYSV_ELF	x86_64-systemv-elf-linux	compiler/lowering/modules/module_plan.inc	NEBOC_MODULE_PLAN_TARGET_X86_64_SYSV_ELF	1	9441f4ead78c466cb47e6eea4c7ec32078f3ed22ff1b2e7b14846e503029f2b0	Owner contract; internal fields remain internal; no universal ABI promise
compiler/lowering/modules/object_plan.inc::NEBOC_OBJECT_MAGIC_OFFSET	x86_64-systemv-elf-linux	compiler/lowering/modules/object_plan.inc	NEBOC_OBJECT_MAGIC_OFFSET	0	f2fdba399ec6efe8b8f5f417fd219d18e131c620c6a63cdd24135cb8a9c4655f	Owner contract; internal fields remain internal; no universal ABI promise
compiler/lowering/modules/object_plan.inc::NEBOC_OBJECT_ABI_HASH_OFFSET	x86_64-systemv-elf-linux	compiler/lowering/modules/object_plan.inc	NEBOC_OBJECT_ABI_HASH_OFFSET	8	13f4ba243383e0741a258f9d694ae4313316b41bcb51bfdffaa3b507c6f02f16	Owner contract; internal fields remain internal; no universal ABI promise
compiler/lowering/modules/object_plan.inc::NEBOC_OBJECT_MODULE_COUNT_OFFSET	x86_64-systemv-elf-linux	compiler/lowering/modules/object_plan.inc	NEBOC_OBJECT_MODULE_COUNT_OFFSET	16	bdc65c13e2cd24302871dc9d1172fdda1b36b21c3f31a97ce64f3c3da4831c03	Owner contract; internal fields remain internal; no universal ABI promise
compiler/lowering/modules/object_plan.inc::NEBOC_OBJECT_BUNDLE_KEY_OFFSET	x86_64-systemv-elf-linux	compiler/lowering/modules/object_plan.inc	NEBOC_OBJECT_BUNDLE_KEY_OFFSET	24	619b0b1c5b4e46cbbc377a1bd857ccf7abe9b5c53e0baaaf75fe0005db08eb73	Owner contract; internal fields remain internal; no universal ABI promise
compiler/lowering/modules/object_plan.inc::NEBOC_OBJECT_MODULE0_OFFSET	x86_64-systemv-elf-linux	compiler/lowering/modules/object_plan.inc	NEBOC_OBJECT_MODULE0_OFFSET	32	3b7cabadb98919b364ce45a46fcecedcad4d88275fb9448b345e739220bdf5e6	Owner contract; internal fields remain internal; no universal ABI promise
compiler/lowering/modules/object_plan.inc::NEBOC_OBJECT_MODULE1_OFFSET	x86_64-systemv-elf-linux	compiler/lowering/modules/object_plan.inc	NEBOC_OBJECT_MODULE1_OFFSET	40	2faec86c0f7b30cf55afed808421b08f1d1ac8d5f8219cc653e9de1a1eee1439	Owner contract; internal fields remain internal; no universal ABI promise
compiler/lowering/modules/object_plan.inc::NEBOC_OBJECT_MODULE2_OFFSET	x86_64-systemv-elf-linux	compiler/lowering/modules/object_plan.inc	NEBOC_OBJECT_MODULE2_OFFSET	48	eefda46e3ce68b8e785f4559057d17efd3c28781418ec833e5ed931af88b59bb	Owner contract; internal fields remain internal; no universal ABI promise
compiler/lowering/modules/object_plan.inc::NEBOC_OBJECT_SOURCE0_OFFSET	x86_64-systemv-elf-linux	compiler/lowering/modules/object_plan.inc	NEBOC_OBJECT_SOURCE0_OFFSET	56	0e4cf18cfe862f5bbff37e731862e6c99ac5da7e06b6f3677dff4832d2814652	Owner contract; internal fields remain internal; no universal ABI promise
compiler/lowering/modules/object_plan.inc::NEBOC_OBJECT_SOURCE1_OFFSET	x86_64-systemv-elf-linux	compiler/lowering/modules/object_plan.inc	NEBOC_OBJECT_SOURCE1_OFFSET	64	e918be9e580dfb9fb4d6de1ddaa5b5efb8f68f3a293323bba651c6606353ae56	Owner contract; internal fields remain internal; no universal ABI promise
compiler/lowering/modules/object_plan.inc::NEBOC_OBJECT_SOURCE2_OFFSET	x86_64-systemv-elf-linux	compiler/lowering/modules/object_plan.inc	NEBOC_OBJECT_SOURCE2_OFFSET	72	83973fafd5ed1caf4a75c978914ea0cbebbc8cdbd2216ebaf2c9c58173659d87	Owner contract; internal fields remain internal; no universal ABI promise
compiler/lowering/modules/object_plan.inc::NEBOC_OBJECT_SYMBOL0_OFFSET	x86_64-systemv-elf-linux	compiler/lowering/modules/object_plan.inc	NEBOC_OBJECT_SYMBOL0_OFFSET	80	c0bb2e08d6d640b75663e2939747b5f13b4ada836126112c6dbc897a6c62421d	Owner contract; internal fields remain internal; no universal ABI promise
compiler/lowering/modules/object_plan.inc::NEBOC_OBJECT_SYMBOL1_OFFSET	x86_64-systemv-elf-linux	compiler/lowering/modules/object_plan.inc	NEBOC_OBJECT_SYMBOL1_OFFSET	88	428a7115c510dcea643220506dff04921a2ba93a224aa295ed6592e6e8542834	Owner contract; internal fields remain internal; no universal ABI promise
compiler/lowering/modules/object_plan.inc::NEBOC_OBJECT_SYMBOL2_OFFSET	x86_64-systemv-elf-linux	compiler/lowering/modules/object_plan.inc	NEBOC_OBJECT_SYMBOL2_OFFSET	96	aa0254933b835065a0fed9fb775d076bffcac53fb042d10e7ec3335d8f9e6917	Owner contract; internal fields remain internal; no universal ABI promise
compiler/lowering/modules/object_plan.inc::NEBOC_OBJECT_CACHE_MAX_OFFSET	x86_64-systemv-elf-linux	compiler/lowering/modules/object_plan.inc	NEBOC_OBJECT_CACHE_MAX_OFFSET	104	c528cb6b84cc548c75c949004bfa5b08e5eabad463465d4bd910f31b7af87df4	Owner contract; internal fields remain internal; no universal ABI promise
compiler/lowering/modules/object_plan.inc::NEBOC_OBJECT_FLAGS_OFFSET	x86_64-systemv-elf-linux	compiler/lowering/modules/object_plan.inc	NEBOC_OBJECT_FLAGS_OFFSET	112	c18846a0e0a4656475930ed55b00e8cdb9e7bb9dddbb5534b88127a6074c3093	Owner contract; internal fields remain internal; no universal ABI promise
compiler/lowering/modules/object_plan.inc::NEBOC_OBJECT_RESERVED_OFFSET	x86_64-systemv-elf-linux	compiler/lowering/modules/object_plan.inc	NEBOC_OBJECT_RESERVED_OFFSET	120	5728953e35a90bcb0c98d4d9cb6f729cf2f98973cd5df3569d07cbbc22640873	Owner contract; internal fields remain internal; no universal ABI promise
compiler/lowering/modules/object_plan.inc::NEBOC_OBJECT_HASH_OFFSET	x86_64-systemv-elf-linux	compiler/lowering/modules/object_plan.inc	NEBOC_OBJECT_HASH_OFFSET	128	e5206bfe2ac424071648a332b51868568d9bde28632a070d72ae36bb16ab3d71	Owner contract; internal fields remain internal; no universal ABI promise
compiler/lowering/modules/object_plan.inc::NEBOC_OBJECT_PLAN_HASHED_BYTES	x86_64-systemv-elf-linux	compiler/lowering/modules/object_plan.inc	NEBOC_OBJECT_PLAN_HASHED_BYTES	128	48a248301233120d4862b4b3ba2110d6977eb0546e2170abbe2a60b4bf64de97	Owner contract; internal fields remain internal; no universal ABI promise
compiler/lowering/modules/object_plan.inc::NEBOC_OBJECT_PLAN_QWORDS	x86_64-systemv-elf-linux	compiler/lowering/modules/object_plan.inc	NEBOC_OBJECT_PLAN_QWORDS	17	7d34947a9ec52f34a445887bf03e55ba278ae264940f9697cb3d6b2e6dec22d8	Owner contract; internal fields remain internal; no universal ABI promise
compiler/lowering/modules/object_plan.inc::NEBOC_OBJECT_PLAN_SIZE	x86_64-systemv-elf-linux	compiler/lowering/modules/object_plan.inc	NEBOC_OBJECT_PLAN_SIZE	136	a766386cc775fb42c16badb08e46a7b3468cf2842e30524882a722206e40fc44	Owner contract; internal fields remain internal; no universal ABI promise
compiler/lowering/modules/object_plan.inc::neboc_seguranca_numerica_conversoes_e_overflow_OBJECT_MAGIC	x86_64-systemv-elf-linux	compiler/lowering/modules/object_plan.inc	neboc_seguranca_numerica_conversoes_e_overflow_OBJECT_MAGIC	0x4e5246334f424a36	d81a1bc2731f72780dbf54cbd7455aac04520389a9a0f87904045dfb63f04daa	Owner contract; internal fields remain internal; no universal ABI promise
compiler/lowering/modules/object_plan.inc::NEBOC_OBJECT_ABI_HASH	x86_64-systemv-elf-linux	compiler/lowering/modules/object_plan.inc	NEBOC_OBJECT_ABI_HASH	0x7838363453595331	969de2b36560d19d3b869cc531be09052544359ea84bb758b1f07b56a1eca19d	Owner contract; internal fields remain internal; no universal ABI promise
compiler/lowering/modules/object_plan.inc::NEBOC_OBJECT_CACHE_MAX	x86_64-systemv-elf-linux	compiler/lowering/modules/object_plan.inc	NEBOC_OBJECT_CACHE_MAX	12	e24689cfc6ebda3efeeffa358e42369292dd85edb1074bba15db1b2997f00722	Owner contract; internal fields remain internal; no universal ABI promise
compiler/lowering/modules/object_plan.inc::NEBOC_OBJECT_FLAG_CANONICAL_STATIC	x86_64-systemv-elf-linux	compiler/lowering/modules/object_plan.inc	NEBOC_OBJECT_FLAG_CANONICAL_STATIC	1	3bbee5ab2218f47c219b49b7542b046fce0c9f46dc3220ef43ffdc38b7eb2834	Owner contract; internal fields remain internal; no universal ABI promise
compiler/lowering/modules/object_plan.inc::NEBOC_CACHE_ABI_HASH_OFFSET	x86_64-systemv-elf-linux	compiler/lowering/modules/object_plan.inc	NEBOC_CACHE_ABI_HASH_OFFSET	0	08c4e3d8d7de9a5241a5ede45ed72ba864615fede4b57f6232515c1d88a0972a	Owner contract; internal fields remain internal; no universal ABI promise
compiler/lowering/modules/object_plan.inc::NEBOC_CACHE_BUNDLE_KEY_OFFSET	x86_64-systemv-elf-linux	compiler/lowering/modules/object_plan.inc	NEBOC_CACHE_BUNDLE_KEY_OFFSET	8	ed077b0ba1d9a91bae8c2efe36a34111b0c93bd48dd426c7baba1de08fcae530	Owner contract; internal fields remain internal; no universal ABI promise
compiler/lowering/modules/object_plan.inc::NEBOC_CACHE_OBJECT_COUNT_OFFSET	x86_64-systemv-elf-linux	compiler/lowering/modules/object_plan.inc	NEBOC_CACHE_OBJECT_COUNT_OFFSET	16	20f410ece13d1296d110fd88e283890f274dc6bac98eb6fd620bce4fd31e566d	Owner contract; internal fields remain internal; no universal ABI promise
compiler/lowering/modules/object_plan.inc::NEBOC_CACHE_OBJECT0_HASH_OFFSET	x86_64-systemv-elf-linux	compiler/lowering/modules/object_plan.inc	NEBOC_CACHE_OBJECT0_HASH_OFFSET	24	7b4481d3ef0e1cc6cde38177ae53a5eb225deb5d5eea45b01b6ef94ea51ca9bb	Owner contract; internal fields remain internal; no universal ABI promise
compiler/lowering/modules/object_plan.inc::NEBOC_CACHE_OBJECT1_HASH_OFFSET	x86_64-systemv-elf-linux	compiler/lowering/modules/object_plan.inc	NEBOC_CACHE_OBJECT1_HASH_OFFSET	32	d89b78f24f39b7f3bf8bdf48fce8bdf649a9f5f0ae3cb640c69d69175cbcb7cc	Owner contract; internal fields remain internal; no universal ABI promise
compiler/lowering/modules/object_plan.inc::NEBOC_CACHE_OBJECT2_HASH_OFFSET	x86_64-systemv-elf-linux	compiler/lowering/modules/object_plan.inc	NEBOC_CACHE_OBJECT2_HASH_OFFSET	40	7f5e9787ceb7b49b7ef4d709eb0d09f1c35c80513a078a1aa2851dad5e2a52e4	Owner contract; internal fields remain internal; no universal ABI promise
compiler/lowering/modules/object_plan.inc::NEBOC_CACHE_OBJECT3_HASH_OFFSET	x86_64-systemv-elf-linux	compiler/lowering/modules/object_plan.inc	NEBOC_CACHE_OBJECT3_HASH_OFFSET	48	3ca0bb9a98f04a3f84b127d0cd512bef5c339d3ac508ae74e6310d3f94af8bdb	Owner contract; internal fields remain internal; no universal ABI promise
compiler/lowering/modules/object_plan.inc::NEBOC_CACHE_FLAGS_OFFSET	x86_64-systemv-elf-linux	compiler/lowering/modules/object_plan.inc	NEBOC_CACHE_FLAGS_OFFSET	56	f6696d18398899bf15bb478c52472dc1a8cf9db8b9201f2c23e71d08d7d93639	Owner contract; internal fields remain internal; no universal ABI promise
compiler/lowering/modules/object_plan.inc::NEBOC_CACHE_HASH_OFFSET	x86_64-systemv-elf-linux	compiler/lowering/modules/object_plan.inc	NEBOC_CACHE_HASH_OFFSET	64	1e1d93aa480ca8f1102d7abcad962dfba1ada3e8cf4eead444863476f3a389bb	Owner contract; internal fields remain internal; no universal ABI promise
compiler/lowering/modules/object_plan.inc::NEBOC_CACHE_DIAGNOSTIC_OFFSET	x86_64-systemv-elf-linux	compiler/lowering/modules/object_plan.inc	NEBOC_CACHE_DIAGNOSTIC_OFFSET	72	b107084765a42a303b32407b51cae6735b32784671e8deb6e5a5fc465dddbc1d	Owner contract; internal fields remain internal; no universal ABI promise
compiler/lowering/modules/object_plan.inc::NEBOC_CACHE_HASHED_BYTES	x86_64-systemv-elf-linux	compiler/lowering/modules/object_plan.inc	NEBOC_CACHE_HASHED_BYTES	64	8e3772cc4008d64b375f633d7b6997814537dd4e5ef1f7324b775c8368af2d2b	Owner contract; internal fields remain internal; no universal ABI promise
compiler/lowering/modules/object_plan.inc::NEBOC_CACHE_QWORDS	x86_64-systemv-elf-linux	compiler/lowering/modules/object_plan.inc	NEBOC_CACHE_QWORDS	10	594f0bdf112bb73a861dfcac33d214cb52fc3d167bd1e9e9ee0b1b4ad7188b11	Owner contract; internal fields remain internal; no universal ABI promise
compiler/lowering/modules/object_plan.inc::NEBOC_CACHE_SIZE	x86_64-systemv-elf-linux	compiler/lowering/modules/object_plan.inc	NEBOC_CACHE_SIZE	80	fa49962ac7698a03a3e541f3885dbf859dd786e099bc0393fc6f647a2bc6853a	Owner contract; internal fields remain internal; no universal ABI promise
compiler/lowering/modules/object_plan.inc::NEBOC_CACHE_OBJECT_COUNT	x86_64-systemv-elf-linux	compiler/lowering/modules/object_plan.inc	NEBOC_CACHE_OBJECT_COUNT	4	218eb8581ed4d3083e7d7b63759eab0584beecee4b4a05994c4d236b97960792	Owner contract; internal fields remain internal; no universal ABI promise
compiler/lowering/modules/object_plan.inc::NEBOC_CACHE_FLAG_COMPLETE	x86_64-systemv-elf-linux	compiler/lowering/modules/object_plan.inc	NEBOC_CACHE_FLAG_COMPLETE	1	984514011a00900133b24d4132a020b18b7556f35b267bb6c8a07c71d80e7ecc	Owner contract; internal fields remain internal; no universal ABI promise
compiler/lowering/modules/object_plan.inc::NEBOC_OBJECT_DIAG_DUPLICATE_SYMBOL	x86_64-systemv-elf-linux	compiler/lowering/modules/object_plan.inc	NEBOC_OBJECT_DIAG_DUPLICATE_SYMBOL	9	d7821caafee3dcb951ef6dc6e5910566bbcb4bbcc51936a7656448589ce322c4	Owner contract; internal fields remain internal; no universal ABI promise
compiler/lowering/modules/object_plan.inc::NEBOC_OBJECT_DIAG_STALE_CACHE	x86_64-systemv-elf-linux	compiler/lowering/modules/object_plan.inc	NEBOC_OBJECT_DIAG_STALE_CACHE	26	3f4479a46aa538a841516cfe1cd4e455057155cb316d149c7daa9ae34a3e8a30	Owner contract; internal fields remain internal; no universal ABI promise
compiler/lowering/modules/object_plan.inc::NEBOC_OBJECT_DIAG_ABI_MISMATCH	x86_64-systemv-elf-linux	compiler/lowering/modules/object_plan.inc	NEBOC_OBJECT_DIAG_ABI_MISMATCH	27	ef2ee41dccd0290a71087b688bd0e3c16c8a6dfd1f546ce4f064b4dbf4246784	Owner contract; internal fields remain internal; no universal ABI promise
compiler/lowering/modules/object_plan.inc::NEBOC_OBJECT_DIAG_PARTIAL_ARTIFACT	x86_64-systemv-elf-linux	compiler/lowering/modules/object_plan.inc	NEBOC_OBJECT_DIAG_PARTIAL_ARTIFACT	28	2a53dc46c7bf43726dc81a85e3379e3ba100a9d58d2cb9f9ab657a7475703553	Owner contract; internal fields remain internal; no universal ABI promise
compiler/lowering/operators/evaluation_plan.inc::NEBOC_EVAL_PLAN_SCHEMA_VERSION	x86_64-systemv-elf-linux	compiler/lowering/operators/evaluation_plan.inc	NEBOC_EVAL_PLAN_SCHEMA_VERSION	1	728284ae958cd09ad3401be866610a496e82dec8a5b123d0f9634ce6188d65b2	Owner contract; internal fields remain internal; no universal ABI promise
compiler/lowering/operators/evaluation_plan.inc::NEBOC_EVAL_PLAN_KIND_EAGER_BINARY	x86_64-systemv-elf-linux	compiler/lowering/operators/evaluation_plan.inc	NEBOC_EVAL_PLAN_KIND_EAGER_BINARY	1	e082fadf2d676b1f2cda0a0e4b3ca7d6516f7edb36655ccb882e1994c06d4374	Owner contract; internal fields remain internal; no universal ABI promise
compiler/lowering/operators/evaluation_plan.inc::NEBOC_EVAL_PLAN_KIND_SHORT_CIRCUIT	x86_64-systemv-elf-linux	compiler/lowering/operators/evaluation_plan.inc	NEBOC_EVAL_PLAN_KIND_SHORT_CIRCUIT	2	600cb382ba41ac7b1a409da90b2a9cb698dbb394a4e0c649f22629da7225c2b4	Owner contract; internal fields remain internal; no universal ABI promise
compiler/lowering/operators/evaluation_plan.inc::NEBOC_EVAL_PLAN_KIND_ASSIGNMENT	x86_64-systemv-elf-linux	compiler/lowering/operators/evaluation_plan.inc	NEBOC_EVAL_PLAN_KIND_ASSIGNMENT	3	b884e322efaebca1a745b1b0a10494e8455f8cad64eb992dce3f51dac4105f1b	Owner contract; internal fields remain internal; no universal ABI promise
compiler/lowering/operators/evaluation_plan.inc::NEBOC_EVAL_PLAN_KIND_RESULT_PROPAGATE	x86_64-systemv-elf-linux	compiler/lowering/operators/evaluation_plan.inc	NEBOC_EVAL_PLAN_KIND_RESULT_PROPAGATE	4	6507556e70f55a8966c23fd989dec73829e8f6ce677e77c7698a6a7321387c0a	Owner contract; internal fields remain internal; no universal ABI promise
compiler/lowering/operators/evaluation_plan.inc::NEBOC_EVAL_PLAN_KIND_OPTION_COALESCE	x86_64-systemv-elf-linux	compiler/lowering/operators/evaluation_plan.inc	NEBOC_EVAL_PLAN_KIND_OPTION_COALESCE	5	0da0791dfe157569b10ebee2f20b821495e2e68b3258d9c735cf0ce0095f257a	Owner contract; internal fields remain internal; no universal ABI promise
compiler/lowering/operators/evaluation_plan.inc::NEBOC_EVAL_PLAN_KIND_OPTIONAL_CHAIN	x86_64-systemv-elf-linux	compiler/lowering/operators/evaluation_plan.inc	NEBOC_EVAL_PLAN_KIND_OPTIONAL_CHAIN	6	50e4b12addb342eb4aca3406f803ccb9b7e91393695acfca82a96f8a2ff56b96	Owner contract; internal fields remain internal; no universal ABI promise
compiler/lowering/operators/evaluation_plan.inc::NEBOC_EVAL_PLAN_KIND_RANGE	x86_64-systemv-elf-linux	compiler/lowering/operators/evaluation_plan.inc	NEBOC_EVAL_PLAN_KIND_RANGE	7	2f18fb6333016dfb867a8595558278c56f2e4bf7b60f3084e0a8cc9a7bc13203	Owner contract; internal fields remain internal; no universal ABI promise
compiler/lowering/operators/evaluation_plan.inc::NEBOC_EVAL_PLAN_KIND_LATERAL_FLOW	x86_64-systemv-elf-linux	compiler/lowering/operators/evaluation_plan.inc	NEBOC_EVAL_PLAN_KIND_LATERAL_FLOW	8	87f5c9025eefccda7a8fa91a0413649e376e4c640602913e968619fa39fff410	Owner contract; internal fields remain internal; no universal ABI promise
compiler/lowering/operators/evaluation_plan.inc::NEBOC_EVAL_PLAN_KIND_CLEANUP	x86_64-systemv-elf-linux	compiler/lowering/operators/evaluation_plan.inc	NEBOC_EVAL_PLAN_KIND_CLEANUP	9	4be496cb1eb50d01fe58200c4ea5a8d5f290ed55051a41095c4d118b5e0487ee	Owner contract; internal fields remain internal; no universal ABI promise
compiler/lowering/operators/evaluation_plan.inc::NEBOC_EVAL_PLAN_KIND_COUNT	x86_64-systemv-elf-linux	compiler/lowering/operators/evaluation_plan.inc	NEBOC_EVAL_PLAN_KIND_COUNT	9	286fbe8ea0d757bf76cc02be3199445374745072897a357fda7c2318b7138444	Owner contract; internal fields remain internal; no universal ABI promise
compiler/lowering/operators/evaluation_plan.inc::NEBOC_EVAL_PLAN_FLAG_LEFT_TO_RIGHT	x86_64-systemv-elf-linux	compiler/lowering/operators/evaluation_plan.inc	NEBOC_EVAL_PLAN_FLAG_LEFT_TO_RIGHT	1	765c91e7643b97b8a4fd4b68797a120ea9172418c4105d128643aa7a36674b91	Owner contract; internal fields remain internal; no universal ABI promise
compiler/lowering/operators/evaluation_plan.inc::NEBOC_EVAL_PLAN_FLAG_EXACTLY_ONCE	x86_64-systemv-elf-linux	compiler/lowering/operators/evaluation_plan.inc	NEBOC_EVAL_PLAN_FLAG_EXACTLY_ONCE	2	7b56a52efe848445d4e43d62ada134532f4d894fd235928b8eef3a3e9275c542	Owner contract; internal fields remain internal; no universal ABI promise
compiler/lowering/operators/evaluation_plan.inc::NEBOC_EVAL_PLAN_FLAG_RHS_LAZY	x86_64-systemv-elf-linux	compiler/lowering/operators/evaluation_plan.inc	NEBOC_EVAL_PLAN_FLAG_RHS_LAZY	4	f9b3b256dbd8d622a7c6c39e05c95cf9dde46719277fa74d6a9bf3426f45f62d	Owner contract; internal fields remain internal; no universal ABI promise
compiler/lowering/operators/evaluation_plan.inc::NEBOC_EVAL_PLAN_FLAG_ATOMIC_STORE	x86_64-systemv-elf-linux	compiler/lowering/operators/evaluation_plan.inc	NEBOC_EVAL_PLAN_FLAG_ATOMIC_STORE	8	37e18bef4ea89f924cad71f60cf6886e4a0df8fcd119e43a016cc970dc966ed4	Owner contract; internal fields remain internal; no universal ABI promise
compiler/lowering/operators/evaluation_plan.inc::NEBOC_EVAL_PLAN_FLAG_BOUNDED_CLEANUP	x86_64-systemv-elf-linux	compiler/lowering/operators/evaluation_plan.inc	NEBOC_EVAL_PLAN_FLAG_BOUNDED_CLEANUP	16	fac7599aaf72b02effedbaf9a9fa18ff53eadc408fa956ea40e2df739bf4de7c	Owner contract; internal fields remain internal; no universal ABI promise
compiler/lowering/operators/evaluation_plan.inc::NEBOC_EVAL_PLAN_FLAG_EARLY_RETURN	x86_64-systemv-elf-linux	compiler/lowering/operators/evaluation_plan.inc	NEBOC_EVAL_PLAN_FLAG_EARLY_RETURN	32	8577c27af59aac889caa36700337499657c68a221b142a90d376f2b92f1d72ae	Owner contract; internal fields remain internal; no universal ABI promise
compiler/lowering/operators/evaluation_plan.inc::NEBOC_EVAL_PLAN_FLAG_FAILURE_TYPED	x86_64-systemv-elf-linux	compiler/lowering/operators/evaluation_plan.inc	NEBOC_EVAL_PLAN_FLAG_FAILURE_TYPED	64	00d30487e314ab8323a07abf263e1387ed04d098c5a413c76c6ca400d7caff09	Owner contract; internal fields remain internal; no universal ABI promise
compiler/lowering/operators/evaluation_plan.inc::NEBOC_EVAL_PLAN_FLAGS_REQUIRED	x86_64-systemv-elf-linux	compiler/lowering/operators/evaluation_plan.inc	NEBOC_EVAL_PLAN_FLAGS_REQUIRED	NEBOC_EVAL_PLAN_FLAG_LEFT_TO_RIGHT|NEBOC_EVAL_PLAN_FLAG_EXACTLY_ONCE|NEBOC_EVAL_PLAN_FLAG_FAILURE_TYPED	c34eedfd2ae7613c2f70aa6fa2ebc9d9ec2c11cf3c1605230bee72affe1573fb	Owner contract; internal fields remain internal; no universal ABI promise
compiler/lowering/operators/evaluation_plan.inc::NEBOC_EVAL_PLAN_KIND_OFFSET	x86_64-systemv-elf-linux	compiler/lowering/operators/evaluation_plan.inc	NEBOC_EVAL_PLAN_KIND_OFFSET	0	cbe30b2758c4db6e845acfbe40071a71d55a37668873696518f881cf2ed60699	Owner contract; internal fields remain internal; no universal ABI promise
compiler/lowering/operators/evaluation_plan.inc::NEBOC_EVAL_PLAN_FLAGS_OFFSET	x86_64-systemv-elf-linux	compiler/lowering/operators/evaluation_plan.inc	NEBOC_EVAL_PLAN_FLAGS_OFFSET	8	93d5e3244a6e16802b0c53ab69a6916ac0785d3d8d5842c656d3dacd8a975218	Owner contract; internal fields remain internal; no universal ABI promise
compiler/lowering/operators/evaluation_plan.inc::NEBOC_EVAL_PLAN_LEFT_EVALUATIONS_OFFSET	x86_64-systemv-elf-linux	compiler/lowering/operators/evaluation_plan.inc	NEBOC_EVAL_PLAN_LEFT_EVALUATIONS_OFFSET	16	e0a6aeae013a2b55992405e3ecb26c6ebd58d216f075b1150cd8e8a3a05aa6d7	Owner contract; internal fields remain internal; no universal ABI promise
compiler/lowering/operators/evaluation_plan.inc::NEBOC_EVAL_PLAN_RIGHT_EVALUATIONS_OFFSET	x86_64-systemv-elf-linux	compiler/lowering/operators/evaluation_plan.inc	NEBOC_EVAL_PLAN_RIGHT_EVALUATIONS_OFFSET	24	ab34ef863a66681762fd69293c7c1d4601ead98bd7a4491399a4ba772475465d	Owner contract; internal fields remain internal; no universal ABI promise
compiler/lowering/operators/evaluation_plan.inc::NEBOC_EVAL_PLAN_TARGET_EVALUATIONS_OFFSET	x86_64-systemv-elf-linux	compiler/lowering/operators/evaluation_plan.inc	NEBOC_EVAL_PLAN_TARGET_EVALUATIONS_OFFSET	32	09733715769b33415f6a41a32cb0e351e9a1521d91a734b5c5e2c9ab16d411d3	Owner contract; internal fields remain internal; no universal ABI promise
compiler/lowering/operators/evaluation_plan.inc::NEBOC_EVAL_PLAN_STORE_COUNT_OFFSET	x86_64-systemv-elf-linux	compiler/lowering/operators/evaluation_plan.inc	NEBOC_EVAL_PLAN_STORE_COUNT_OFFSET	40	d0d784db6c2e101d09f565d509ed773e8040e283a2beed43b6b0a798d50b5b7e	Owner contract; internal fields remain internal; no universal ABI promise
compiler/lowering/operators/evaluation_plan.inc::NEBOC_EVAL_PLAN_CLEANUP_COUNT_OFFSET	x86_64-systemv-elf-linux	compiler/lowering/operators/evaluation_plan.inc	NEBOC_EVAL_PLAN_CLEANUP_COUNT_OFFSET	48	df4425868ee476852ed77401da49dc789467099d7b68a7f1711be63690cd3a4c	Owner contract; internal fields remain internal; no universal ABI promise
compiler/lowering/operators/evaluation_plan.inc::NEBOC_EVAL_PLAN_FAILURE_CODE_OFFSET	x86_64-systemv-elf-linux	compiler/lowering/operators/evaluation_plan.inc	NEBOC_EVAL_PLAN_FAILURE_CODE_OFFSET	56	29e1893d6713df1158c3fd39922b4ad39711299ba17faecfa69ddc61cfe8c187	Owner contract; internal fields remain internal; no universal ABI promise
compiler/lowering/operators/evaluation_plan.inc::NEBOC_EVAL_PLAN_AUXILIARY_OFFSET	x86_64-systemv-elf-linux	compiler/lowering/operators/evaluation_plan.inc	NEBOC_EVAL_PLAN_AUXILIARY_OFFSET	64	9813fe44b39042491c5e1ae4c12636a17fb26219cd1bb23d082515a064c7e009	Owner contract; internal fields remain internal; no universal ABI promise
compiler/lowering/operators/evaluation_plan.inc::NEBOC_EVAL_PLAN_RESERVED_OFFSET	x86_64-systemv-elf-linux	compiler/lowering/operators/evaluation_plan.inc	NEBOC_EVAL_PLAN_RESERVED_OFFSET	72	abdd844eece5fc5ea6c6babc3bad6843e7dfae3e2df87553a5afa22d7a0039df	Owner contract; internal fields remain internal; no universal ABI promise
compiler/lowering/operators/evaluation_plan.inc::NEBOC_EVAL_PLAN_SIZE	x86_64-systemv-elf-linux	compiler/lowering/operators/evaluation_plan.inc	NEBOC_EVAL_PLAN_SIZE	80	632bce4126cb7b712d95d0c310a5507ba7f18a6a7cfe3299b853eae522ba8f9d	Owner contract; internal fields remain internal; no universal ABI promise
compiler/lowering/operators/evaluation_plan.inc::NEBOC_EVAL_PLAN_MAX_CLEANUPS	x86_64-systemv-elf-linux	compiler/lowering/operators/evaluation_plan.inc	NEBOC_EVAL_PLAN_MAX_CLEANUPS	64	1e1eaaddf6edcc3d37bc5dc6b95e19fbf7b548bbd5a8d683b2feb28187c88ccb	Owner contract; internal fields remain internal; no universal ABI promise
compiler/lowering/operators/evaluation_plan.inc::NEBOC_EVAL_PLAN_MAX_RANGE_CARDINALITY	x86_64-systemv-elf-linux	compiler/lowering/operators/evaluation_plan.inc	NEBOC_EVAL_PLAN_MAX_RANGE_CARDINALITY	1048576	fecd0095f134a4099c6fd646b21526ce9507ce16f65c43eb01bf998b4273707e	Owner contract; internal fields remain internal; no universal ABI promise
compiler/lowering/operators/evaluation_plan.inc::NEBOC_EVAL_PLAN_MAX_OPERATOR_CANDIDATES	x86_64-systemv-elf-linux	compiler/lowering/operators/evaluation_plan.inc	NEBOC_EVAL_PLAN_MAX_OPERATOR_CANDIDATES	64	88aebcd88596379b65d23a86b252e50cf1ae78df73410e741c167a90d1c93f6a	Owner contract; internal fields remain internal; no universal ABI promise
compiler/lowering/operators/evaluation_plan.inc::NEBOC_EVAL_OPERAND_LEFT	x86_64-systemv-elf-linux	compiler/lowering/operators/evaluation_plan.inc	NEBOC_EVAL_OPERAND_LEFT	0	c5d5bc64b24760838213b3def7affaae47d82a5319b69982930ce349d6e9942f	Owner contract; internal fields remain internal; no universal ABI promise
compiler/lowering/operators/evaluation_plan.inc::NEBOC_EVAL_OPERAND_RIGHT	x86_64-systemv-elf-linux	compiler/lowering/operators/evaluation_plan.inc	NEBOC_EVAL_OPERAND_RIGHT	1	b8a3707e9e48fe5c0e2157aae6f826afc6f4ea4440d597beb73106e79c6ab971	Owner contract; internal fields remain internal; no universal ABI promise
compiler/lowering/operators/evaluation_plan.inc::NEBOC_EVAL_OPERAND_TARGET	x86_64-systemv-elf-linux	compiler/lowering/operators/evaluation_plan.inc	NEBOC_EVAL_OPERAND_TARGET	2	e006b790017479f29c7490ee22086134871d7c3e2353351b3a82efce034964c8	Owner contract; internal fields remain internal; no universal ABI promise
compiler/lowering/operators/evaluation_plan.inc::NEBOC_EVAL_OPERAND_RECEIVER	x86_64-systemv-elf-linux	compiler/lowering/operators/evaluation_plan.inc	NEBOC_EVAL_OPERAND_RECEIVER	3	16a09cdf45d55db65f796e587957142c9bc3aaeaa5bae22fb1be97956aec167f	Owner contract; internal fields remain internal; no universal ABI promise
compiler/lowering/operators/evaluation_plan.inc::NEBOC_EVAL_OPERAND_INDEX	x86_64-systemv-elf-linux	compiler/lowering/operators/evaluation_plan.inc	NEBOC_EVAL_OPERAND_INDEX	4	c0ad80b70d2821f758e96e493e07115b5ea638e7f77105b3c8464f885bc37781	Owner contract; internal fields remain internal; no universal ABI promise
compiler/lowering/operators/evaluation_plan.inc::NEBOC_EVAL_OPERAND_OPTION	x86_64-systemv-elf-linux	compiler/lowering/operators/evaluation_plan.inc	NEBOC_EVAL_OPERAND_OPTION	5	fdfd7f5496f4da600f7852abbfab1dfe18bc4015182624be334994dea796e969	Owner contract; internal fields remain internal; no universal ABI promise
compiler/lowering/operators/evaluation_plan.inc::NEBOC_EVAL_OPERAND_CALLBACK	x86_64-systemv-elf-linux	compiler/lowering/operators/evaluation_plan.inc	NEBOC_EVAL_OPERAND_CALLBACK	6	52ba421c9140efefbd82ba2602dc3bae9a7a14b29cb1fb645640eeabc9d0c49a	Owner contract; internal fields remain internal; no universal ABI promise
compiler/lowering/operators/evaluation_plan.inc::NEBOC_EVAL_OPERAND_CLEANUP	x86_64-systemv-elf-linux	compiler/lowering/operators/evaluation_plan.inc	NEBOC_EVAL_OPERAND_CLEANUP	7	6f2ba57ac658f0985f369928a8e8b023b75ddc957b65e130386edb291c842357	Owner contract; internal fields remain internal; no universal ABI promise
compiler/lowering/operators/evaluation_plan.inc::NEBOC_EVAL_OPERAND_COUNT	x86_64-systemv-elf-linux	compiler/lowering/operators/evaluation_plan.inc	NEBOC_EVAL_OPERAND_COUNT	8	0756b6cd6dc5bd20ed2f63947e500b64e1b297e245d297a58473a16d3694bdf2	Owner contract; internal fields remain internal; no universal ABI promise
compiler/lowering/operators/evaluation_plan.inc::NEBOC_EVAL_STATE_SEEN_MASK_OFFSET	x86_64-systemv-elf-linux	compiler/lowering/operators/evaluation_plan.inc	NEBOC_EVAL_STATE_SEEN_MASK_OFFSET	0	0802abf25e7d99fea99f4fa3ea47ac2b2ac5d156db4cab36c755a82d8f2e73df	Owner contract; internal fields remain internal; no universal ABI promise
compiler/lowering/operators/evaluation_plan.inc::NEBOC_EVAL_STATE_EVENT_COUNT_OFFSET	x86_64-systemv-elf-linux	compiler/lowering/operators/evaluation_plan.inc	NEBOC_EVAL_STATE_EVENT_COUNT_OFFSET	8	a4b9af0b1b86bcfed9c55a65ad94d2067b45c1b544c29b74b3739319d3a55066	Owner contract; internal fields remain internal; no universal ABI promise
compiler/lowering/operators/evaluation_plan.inc::NEBOC_EVAL_STATE_EVENTS_OFFSET	x86_64-systemv-elf-linux	compiler/lowering/operators/evaluation_plan.inc	NEBOC_EVAL_STATE_EVENTS_OFFSET	16	75aedcf9546eb1b3eaa774f6b1616a7487a740f47c0e32d436dfcd19d7ba2f96	Owner contract; internal fields remain internal; no universal ABI promise
compiler/lowering/operators/evaluation_plan.inc::NEBOC_EVAL_STATE_VALUES_OFFSET	x86_64-systemv-elf-linux	compiler/lowering/operators/evaluation_plan.inc	NEBOC_EVAL_STATE_VALUES_OFFSET	80	d7b583e44953b676cdb8a41885fed3b90831350399d7d71a04639eebf34b1e63	Owner contract; internal fields remain internal; no universal ABI promise
compiler/lowering/operators/evaluation_plan.inc::NEBOC_EVAL_STATE_SIZE	x86_64-systemv-elf-linux	compiler/lowering/operators/evaluation_plan.inc	NEBOC_EVAL_STATE_SIZE	144	132571db0b6fc9da03cc4fa6fe1f5fc385233e72432138387182c7b1b10a5a95	Owner contract; internal fields remain internal; no universal ABI promise
compiler/lowering/operators/failure_resource_ledger.inc::NEBOC_LEDGER_SCHEMA_VERSION	x86_64-systemv-elf-linux	compiler/lowering/operators/failure_resource_ledger.inc	NEBOC_LEDGER_SCHEMA_VERSION	1	3d30d2f277e2d9237479236df78109b2b2c3dce478eac99d59e15d4f225a67cd	Owner contract; internal fields remain internal; no universal ABI promise
compiler/lowering/operators/failure_resource_ledger.inc::NEBOC_LEDGER_OPERAND_EVALS	x86_64-systemv-elf-linux	compiler/lowering/operators/failure_resource_ledger.inc	NEBOC_LEDGER_OPERAND_EVALS	0	c270b04c7edd06fe29c94aa934afd312701aa7bf2c5f59a3c6bfecee762c4739	Owner contract; internal fields remain internal; no universal ABI promise
compiler/lowering/operators/failure_resource_ledger.inc::NEBOC_LEDGER_TARGET_EVALS	x86_64-systemv-elf-linux	compiler/lowering/operators/failure_resource_ledger.inc	NEBOC_LEDGER_TARGET_EVALS	8	c87685ee917775692d132d158a81bd0480f0b8898e1ff1a701dffced34c4d0fc	Owner contract; internal fields remain internal; no universal ABI promise
compiler/lowering/operators/failure_resource_ledger.inc::NEBOC_LEDGER_STORE_COUNT	x86_64-systemv-elf-linux	compiler/lowering/operators/failure_resource_ledger.inc	NEBOC_LEDGER_STORE_COUNT	16	359eda0d0fa88cb072ba953b0dec3dec8db4aa1a85f9ea70a08f1dcb0f453f2d	Owner contract; internal fields remain internal; no universal ABI promise
compiler/lowering/operators/failure_resource_ledger.inc::NEBOC_LEDGER_RESOURCES_ACQUIRED	x86_64-systemv-elf-linux	compiler/lowering/operators/failure_resource_ledger.inc	NEBOC_LEDGER_RESOURCES_ACQUIRED	24	8f19f34b84ea6c2928872a7966f772f4451d847e2de903340c2e04ddb57e76be	Owner contract; internal fields remain internal; no universal ABI promise
compiler/lowering/operators/failure_resource_ledger.inc::NEBOC_LEDGER_RESOURCES_RELEASED	x86_64-systemv-elf-linux	compiler/lowering/operators/failure_resource_ledger.inc	NEBOC_LEDGER_RESOURCES_RELEASED	32	9ee7f84542e41494ceefc911f41186831fc50571208b2591eac61befac48866d	Owner contract; internal fields remain internal; no universal ABI promise
compiler/lowering/operators/failure_resource_ledger.inc::NEBOC_LEDGER_FAILURE_STATUS	x86_64-systemv-elf-linux	compiler/lowering/operators/failure_resource_ledger.inc	NEBOC_LEDGER_FAILURE_STATUS	40	897a7a9c301f62db3697f9341a7ab50c4294612689c6ae507bfc1269ee76fb68	Owner contract; internal fields remain internal; no universal ABI promise
compiler/lowering/operators/failure_resource_ledger.inc::NEBOC_LEDGER_DIAGNOSTIC	x86_64-systemv-elf-linux	compiler/lowering/operators/failure_resource_ledger.inc	NEBOC_LEDGER_DIAGNOSTIC	48	ad7db2f76c9290c8286fd14232faebf92bdf3d443b2d7ae0cd24d8b106e9a38d	Owner contract; internal fields remain internal; no universal ABI promise
compiler/lowering/operators/failure_resource_ledger.inc::NEBOC_LEDGER_FLAGS	x86_64-systemv-elf-linux	compiler/lowering/operators/failure_resource_ledger.inc	NEBOC_LEDGER_FLAGS	56	9bbfe97c3406602d51035de6570d4604407f4d6955b2b7bd42b8753ad36d6872	Owner contract; internal fields remain internal; no universal ABI promise
compiler/lowering/operators/failure_resource_ledger.inc::NEBOC_LEDGER_SIZE	x86_64-systemv-elf-linux	compiler/lowering/operators/failure_resource_ledger.inc	NEBOC_LEDGER_SIZE	64	7d8a4784dd728285eaae65e08110120dcbe05725b200286f8eaf003a7800aabb	Owner contract; internal fields remain internal; no universal ABI promise
compiler/lowering/operators/failure_resource_ledger.inc::NEBOC_LEDGER_FLAG_SEALED	x86_64-systemv-elf-linux	compiler/lowering/operators/failure_resource_ledger.inc	NEBOC_LEDGER_FLAG_SEALED	1	4d327458824e9fce8b48850b6f7f1c04b65ad9359a759df00a432b7f2ec6d41f	Owner contract; internal fields remain internal; no universal ABI promise
compiler/lowering/operators/failure_resource_ledger.inc::NEBOC_LEDGER_EVENT_OPERAND	x86_64-systemv-elf-linux	compiler/lowering/operators/failure_resource_ledger.inc	NEBOC_LEDGER_EVENT_OPERAND	1	461ff979be0a3235a42133fd1b8e3cdf1aef7e7253b1857004d30623e095d8cb	Owner contract; internal fields remain internal; no universal ABI promise
compiler/lowering/operators/failure_resource_ledger.inc::NEBOC_LEDGER_EVENT_TARGET	x86_64-systemv-elf-linux	compiler/lowering/operators/failure_resource_ledger.inc	NEBOC_LEDGER_EVENT_TARGET	2	7b90eb6e2c20243993e11a881a83e3cd9a221d67d3f6def53566aa0d2fd23d78	Owner contract; internal fields remain internal; no universal ABI promise
compiler/lowering/operators/failure_resource_ledger.inc::NEBOC_LEDGER_EVENT_STORE	x86_64-systemv-elf-linux	compiler/lowering/operators/failure_resource_ledger.inc	NEBOC_LEDGER_EVENT_STORE	3	8f1e29d8c9403505b8c4e5ac3325a446cb1860cee8ef14bfd9633957d1bbaaa2	Owner contract; internal fields remain internal; no universal ABI promise
compiler/lowering/operators/failure_resource_ledger.inc::NEBOC_LEDGER_EVENT_ACQUIRE	x86_64-systemv-elf-linux	compiler/lowering/operators/failure_resource_ledger.inc	NEBOC_LEDGER_EVENT_ACQUIRE	4	2abd023a0226522e436c285057044bae21916d0eddfbdc3cb5b7eeffdc734834	Owner contract; internal fields remain internal; no universal ABI promise
compiler/lowering/operators/failure_resource_ledger.inc::NEBOC_LEDGER_EVENT_RELEASE	x86_64-systemv-elf-linux	compiler/lowering/operators/failure_resource_ledger.inc	NEBOC_LEDGER_EVENT_RELEASE	5	e07afb40bb972b36aa34bc16742ff5fefae3dd656ad33174ab9a71da6f8ca472	Owner contract; internal fields remain internal; no universal ABI promise
compiler/lowering/operators/failure_resource_ledger.inc::NEBOC_LEDGER_EVENT_COUNT	x86_64-systemv-elf-linux	compiler/lowering/operators/failure_resource_ledger.inc	NEBOC_LEDGER_EVENT_COUNT	5	253e4ee8debc05b4655e3befe587776a4ed3baf32a4d4be47a032239a06234d9	Owner contract; internal fields remain internal; no universal ABI promise
compiler/lowering/operators/mathematical_range.inc::NEBOC_RANGE_INCLUSIVE	x86_64-systemv-elf-linux	compiler/lowering/operators/mathematical_range.inc	NEBOC_RANGE_INCLUSIVE	1	215bad61fbd48e0a27ec5226694d5551f4e092a6f5a92d13529f7bedea7133e3	Owner contract; internal fields remain internal; no universal ABI promise
compiler/lowering/operators/mathematical_range.inc::NEBOC_RANGE_EXCLUSIVE_END	x86_64-systemv-elf-linux	compiler/lowering/operators/mathematical_range.inc	NEBOC_RANGE_EXCLUSIVE_END	2	f89c7ed864d8019717f83af94eee7de35840091ccf98d0d7856f9883a7b58d26	Owner contract; internal fields remain internal; no universal ABI promise
compiler/lowering/operators/mathematical_range.inc::NEBOC_RANGE_EXCLUSIVE_START	x86_64-systemv-elf-linux	compiler/lowering/operators/mathematical_range.inc	NEBOC_RANGE_EXCLUSIVE_START	3	c3e4bc01b0c4c3e087191c5b3117f42a8898a96583f458346483d205a6efd7e7	Owner contract; internal fields remain internal; no universal ABI promise
compiler/lowering/operators/mathematical_range.inc::NEBOC_RANGE_EXCLUSIVE	x86_64-systemv-elf-linux	compiler/lowering/operators/mathematical_range.inc	NEBOC_RANGE_EXCLUSIVE	4	9254c6044e0dab0c00e67a659a0247c45ac64ded836d3f0ac4022c7161ad27ad	Owner contract; internal fields remain internal; no universal ABI promise
compiler/lowering/operators/mathematical_range.inc::NEBOC_RANGE_MAX_EAGER_CARDINALITY	x86_64-systemv-elf-linux	compiler/lowering/operators/mathematical_range.inc	NEBOC_RANGE_MAX_EAGER_CARDINALITY	1048576	6f67e478fb60c315a524a9bcb058d84fd97ee0a964e935ef3ae74532050a3648	Owner contract; internal fields remain internal; no universal ABI promise
compiler/lowering/operators/mathematical_range.inc::NEBOC_RANGE_START_OFFSET	x86_64-systemv-elf-linux	compiler/lowering/operators/mathematical_range.inc	NEBOC_RANGE_START_OFFSET	0	b74d5118e6bccde0b42f9e3503d509a5fa4a6de10e4cbdde07064bdff9a0f60f	Owner contract; internal fields remain internal; no universal ABI promise
compiler/lowering/operators/mathematical_range.inc::NEBOC_RANGE_END_OFFSET	x86_64-systemv-elf-linux	compiler/lowering/operators/mathematical_range.inc	NEBOC_RANGE_END_OFFSET	8	afde3b3a8d31635604243c5882f4a059843b57822346de57fbe6ba4e33d409c6	Owner contract; internal fields remain internal; no universal ABI promise
compiler/lowering/operators/mathematical_range.inc::NEBOC_RANGE_STEP_OFFSET	x86_64-systemv-elf-linux	compiler/lowering/operators/mathematical_range.inc	NEBOC_RANGE_STEP_OFFSET	16	c1fcb5b0f9aef7ade9241a845403b6a602aee5e67c7e082773ecc61993cceaa9	Owner contract; internal fields remain internal; no universal ABI promise
compiler/lowering/operators/mathematical_range.inc::NEBOC_RANGE_CARDINALITY_OFFSET	x86_64-systemv-elf-linux	compiler/lowering/operators/mathematical_range.inc	NEBOC_RANGE_CARDINALITY_OFFSET	24	f99b9b45f77e7719cc4008ffff01ab9c358b8f1fa899ac9d61fc1b4e505bfbc5	Owner contract; internal fields remain internal; no universal ABI promise
compiler/lowering/operators/mathematical_range.inc::NEBOC_RANGE_INCLUDE_START_OFFSET	x86_64-systemv-elf-linux	compiler/lowering/operators/mathematical_range.inc	NEBOC_RANGE_INCLUDE_START_OFFSET	32	db7048e8323290620c22b8e435f9e4a1b3d50a7ab403a92d3311dd6eb5eab803	Owner contract; internal fields remain internal; no universal ABI promise
compiler/lowering/operators/mathematical_range.inc::NEBOC_RANGE_INCLUDE_END_OFFSET	x86_64-systemv-elf-linux	compiler/lowering/operators/mathematical_range.inc	NEBOC_RANGE_INCLUDE_END_OFFSET	40	9795984ef1612c206c12eae8748cc4f62c7f1e2e6ebb68b10c4fd4db71929edb	Owner contract; internal fields remain internal; no universal ABI promise
compiler/lowering/operators/mathematical_range.inc::NEBOC_RANGE_START_EVALUATIONS_OFFSET	x86_64-systemv-elf-linux	compiler/lowering/operators/mathematical_range.inc	NEBOC_RANGE_START_EVALUATIONS_OFFSET	48	df22b26bf3e795538a072ce708097fcfaef457e1413dd71daeb55e4ca6d9b49b	Owner contract; internal fields remain internal; no universal ABI promise
compiler/lowering/operators/mathematical_range.inc::NEBOC_RANGE_END_EVALUATIONS_OFFSET	x86_64-systemv-elf-linux	compiler/lowering/operators/mathematical_range.inc	NEBOC_RANGE_END_EVALUATIONS_OFFSET	56	d6fd61e6e80628a39456bf7ef393c8ff0a1be4852a76b363e66cc590ff5ea114	Owner contract; internal fields remain internal; no universal ABI promise
compiler/lowering/operators/mathematical_range.inc::NEBOC_RANGE_PLAN_SIZE	x86_64-systemv-elf-linux	compiler/lowering/operators/mathematical_range.inc	NEBOC_RANGE_PLAN_SIZE	64	a3f89585993ed1bffea4427cbf749e69d15d585d63b73db56b81a241f77d5741	Owner contract; internal fields remain internal; no universal ABI promise
compiler/lowering/package/package_ir.inc::neboc_packages_registry_lockfile_e_supply_chain_IR_MAGIC_OFFSET	x86_64-systemv-elf-linux	compiler/lowering/package/package_ir.inc	neboc_packages_registry_lockfile_e_supply_chain_IR_MAGIC_OFFSET	0	d24bff7b57a7c4466d830e07adacf2de087ad88d24612a9d94b886a5b7f8043e	Owner contract; internal fields remain internal; no universal ABI promise
compiler/lowering/package/package_ir.inc::neboc_packages_registry_lockfile_e_supply_chain_IR_OPERATION_OFFSET	x86_64-systemv-elf-linux	compiler/lowering/package/package_ir.inc	neboc_packages_registry_lockfile_e_supply_chain_IR_OPERATION_OFFSET	8	773e6a7992c6367cd63616d56e9fa765865c43d221cfc5d5c6da3fb8d6fa894f	Owner contract; internal fields remain internal; no universal ABI promise
compiler/lowering/package/package_ir.inc::NEBOC_IR_PACKAGE_OFFSET	x86_64-systemv-elf-linux	compiler/lowering/package/package_ir.inc	NEBOC_IR_PACKAGE_OFFSET	16	60b7857e7c82650b3fa9d5e3db948baf80d18401228dc6d4a66718e318dae62e	Owner contract; internal fields remain internal; no universal ABI promise
compiler/lowering/package/package_ir.inc::NEBOC_IR_DEPENDENCY_OFFSET	x86_64-systemv-elf-linux	compiler/lowering/package/package_ir.inc	NEBOC_IR_DEPENDENCY_OFFSET	24	70888e9b2039c317eef7b59b916286db48f83d846662f05b94231704ed59b4fe	Owner contract; internal fields remain internal; no universal ABI promise
compiler/lowering/package/package_ir.inc::NEBOC_IR_VERSION_OFFSET	x86_64-systemv-elf-linux	compiler/lowering/package/package_ir.inc	NEBOC_IR_VERSION_OFFSET	32	7ad4edf0658d426285c3797e137cc3294d1aef60ab1b2f62803a2c7043593a4a	Owner contract; internal fields remain internal; no universal ABI promise
compiler/lowering/package/package_ir.inc::NEBOC_IR_DIGEST_OFFSET	x86_64-systemv-elf-linux	compiler/lowering/package/package_ir.inc	NEBOC_IR_DIGEST_OFFSET	40	dade7cc412a55b13467aee4b6b4f8222fb4381bfaab25c6ae32e63024ef8a49a	Owner contract; internal fields remain internal; no universal ABI promise
compiler/lowering/package/package_ir.inc::neboc_packages_registry_lockfile_e_supply_chain_IR_POLICY_OFFSET	x86_64-systemv-elf-linux	compiler/lowering/package/package_ir.inc	neboc_packages_registry_lockfile_e_supply_chain_IR_POLICY_OFFSET	48	6d02f3fd3edcbd8493504c7aa1063c765f627bb5e154bad5dd431fafe7c4f13f	Owner contract; internal fields remain internal; no universal ABI promise
compiler/lowering/package/package_ir.inc::NEBOC_IR_EPOCH_OFFSET	x86_64-systemv-elf-linux	compiler/lowering/package/package_ir.inc	NEBOC_IR_EPOCH_OFFSET	56	6f9e4cb1d7dfbe6d78214b44e5cecbe4aca6b32f2fd372c80a0ec2d6869bb4f1	Owner contract; internal fields remain internal; no universal ABI promise
compiler/lowering/package/package_ir.inc::neboc_packages_registry_lockfile_e_supply_chain_IR_SYNTAX_HASH_OFFSET	x86_64-systemv-elf-linux	compiler/lowering/package/package_ir.inc	neboc_packages_registry_lockfile_e_supply_chain_IR_SYNTAX_HASH_OFFSET	64	49fb7de7407dd55d25ab49efd7bd7f0c7ba54682b567ce06ee9274152acc0573	Owner contract; internal fields remain internal; no universal ABI promise
compiler/lowering/package/package_ir.inc::NEBOC_IR_LOCK_HASH_OFFSET	x86_64-systemv-elf-linux	compiler/lowering/package/package_ir.inc	NEBOC_IR_LOCK_HASH_OFFSET	72	d09f56e7b555db6d2b8a8b3a83a5b9e28c675603945463a4c2a70406746fb6fa	Owner contract; internal fields remain internal; no universal ABI promise
compiler/lowering/package/package_ir.inc::neboc_packages_registry_lockfile_e_supply_chain_IR_SEMANTIC_HASH_OFFSET	x86_64-systemv-elf-linux	compiler/lowering/package/package_ir.inc	neboc_packages_registry_lockfile_e_supply_chain_IR_SEMANTIC_HASH_OFFSET	80	93a9c206bf74d3dc2460814318b5fa34506d4d760833c99086e630aa6d70f3ed	Owner contract; internal fields remain internal; no universal ABI promise
compiler/lowering/package/package_ir.inc::neboc_packages_registry_lockfile_e_supply_chain_IR_DECISION_OFFSET	x86_64-systemv-elf-linux	compiler/lowering/package/package_ir.inc	neboc_packages_registry_lockfile_e_supply_chain_IR_DECISION_OFFSET	88	d587bc25feb7fd32d40fade038c9a4f1dd6a1e7f9bdf93178aafce703e5daded	Owner contract; internal fields remain internal; no universal ABI promise
compiler/lowering/package/package_ir.inc::neboc_packages_registry_lockfile_e_supply_chain_IR_DIAGNOSTIC_OFFSET	x86_64-systemv-elf-linux	compiler/lowering/package/package_ir.inc	neboc_packages_registry_lockfile_e_supply_chain_IR_DIAGNOSTIC_OFFSET	96	b5668381c46b040b8917a8e561b4e0bd708e732283c8d3cb01f0e39d70143b32	Owner contract; internal fields remain internal; no universal ABI promise
compiler/lowering/package/package_ir.inc::neboc_packages_registry_lockfile_e_supply_chain_IR_FLAGS_OFFSET	x86_64-systemv-elf-linux	compiler/lowering/package/package_ir.inc	neboc_packages_registry_lockfile_e_supply_chain_IR_FLAGS_OFFSET	104	3c8cded27b786108287afdca12a0efdf1980c6688177f7f2424c933262da9e74	Owner contract; internal fields remain internal; no universal ABI promise
compiler/lowering/package/package_ir.inc::neboc_packages_registry_lockfile_e_supply_chain_IR_TARGET_OFFSET	x86_64-systemv-elf-linux	compiler/lowering/package/package_ir.inc	neboc_packages_registry_lockfile_e_supply_chain_IR_TARGET_OFFSET	112	bfd47aebdf14f604ff97cc90a15a9c3b750a7e0ef1eb163c1d154b4333249dd6	Owner contract; internal fields remain internal; no universal ABI promise
compiler/lowering/package/package_ir.inc::neboc_packages_registry_lockfile_e_supply_chain_IR_HASH_OFFSET	x86_64-systemv-elf-linux	compiler/lowering/package/package_ir.inc	neboc_packages_registry_lockfile_e_supply_chain_IR_HASH_OFFSET	120	11751545f885f5f92cda99e2e6cf3643bd1804a0a0316137cf97ca7245bebb8f	Owner contract; internal fields remain internal; no universal ABI promise
compiler/lowering/package/package_ir.inc::neboc_packages_registry_lockfile_e_supply_chain_IR_HASHED_BYTES	x86_64-systemv-elf-linux	compiler/lowering/package/package_ir.inc	neboc_packages_registry_lockfile_e_supply_chain_IR_HASHED_BYTES	120	95a8bb914ac3e6c2fd447fc8d52c61dead505f0d8228ca6ecb8133f96eb9ea78	Owner contract; internal fields remain internal; no universal ABI promise
compiler/lowering/package/package_ir.inc::neboc_packages_registry_lockfile_e_supply_chain_IR_QWORDS	x86_64-systemv-elf-linux	compiler/lowering/package/package_ir.inc	neboc_packages_registry_lockfile_e_supply_chain_IR_QWORDS	16	2acb9ff76805113eac546dbb52163d510e80b2023e0250e04f7bf5b92d6a763b	Owner contract; internal fields remain internal; no universal ABI promise
compiler/lowering/package/package_ir.inc::neboc_packages_registry_lockfile_e_supply_chain_IR_SIZE	x86_64-systemv-elf-linux	compiler/lowering/package/package_ir.inc	neboc_packages_registry_lockfile_e_supply_chain_IR_SIZE	128	a63c88f8c25f37d064df896aedecd66b7d783532413bcfe946b6206f1cb15839	Owner contract; internal fields remain internal; no universal ABI promise
compiler/lowering/package/package_ir.inc::neboc_packages_registry_lockfile_e_supply_chain_IR_MAGIC	x86_64-systemv-elf-linux	compiler/lowering/package/package_ir.inc	neboc_packages_registry_lockfile_e_supply_chain_IR_MAGIC	0x4e45424f47323649	6e8b0ba7df6c6ee4dc1628caa6e52fd9af85ca51ae52e169090efa10184eefe3	Owner contract; internal fields remain internal; no universal ABI promise
compiler/lowering/package/package_ir.inc::NEBOC_IR_OPERATION_RESOLVE_LOCK	x86_64-systemv-elf-linux	compiler/lowering/package/package_ir.inc	NEBOC_IR_OPERATION_RESOLVE_LOCK	1	cfea361db1a73478c73212226610dcb58df46ac5aa3066d0ed7ea63e26b4610b	Owner contract; internal fields remain internal; no universal ABI promise
compiler/lowering/package/package_ir.inc::neboc_packages_registry_lockfile_e_supply_chain_IR_FLAG_TARGET_NEUTRAL	x86_64-systemv-elf-linux	compiler/lowering/package/package_ir.inc	neboc_packages_registry_lockfile_e_supply_chain_IR_FLAG_TARGET_NEUTRAL	1	900350f6195a5b0a27d8fc9dee51c2047a374b1073559b0a6d6c922d54c3c45d	Owner contract; internal fields remain internal; no universal ABI promise
compiler/lowering/package/package_native.inc::neboc_packages_registry_lockfile_e_supply_chain_NATIVE_MAGIC_OFFSET	x86_64-systemv-elf-linux	compiler/lowering/package/package_native.inc	neboc_packages_registry_lockfile_e_supply_chain_NATIVE_MAGIC_OFFSET	0	fb3e799e05c5915730d972c4f0c7887fe6803b0c2f768c78ba159f8f7c767328	Owner contract; internal fields remain internal; no universal ABI promise
compiler/lowering/package/package_native.inc::NEBOC_NATIVE_PACKAGE_OFFSET	x86_64-systemv-elf-linux	compiler/lowering/package/package_native.inc	NEBOC_NATIVE_PACKAGE_OFFSET	8	f92ea6e62b072cb024259baddbb8cff0e7dfaff2cb184b992acce67d0f1f5ac9	Owner contract; internal fields remain internal; no universal ABI promise
compiler/lowering/package/package_native.inc::NEBOC_NATIVE_DEPENDENCY_OFFSET	x86_64-systemv-elf-linux	compiler/lowering/package/package_native.inc	NEBOC_NATIVE_DEPENDENCY_OFFSET	16	7ad7d76ddc32f24e6d8ecc8174ffefb61e5ac7158c838eab041adc1ffbe76359	Owner contract; internal fields remain internal; no universal ABI promise
compiler/lowering/package/package_native.inc::NEBOC_NATIVE_VERSION_OFFSET	x86_64-systemv-elf-linux	compiler/lowering/package/package_native.inc	NEBOC_NATIVE_VERSION_OFFSET	24	15c8410d461b75c4c657ac3e51813610cfe7e363a7c593c3516d2cd3669730b6	Owner contract; internal fields remain internal; no universal ABI promise
compiler/lowering/package/package_native.inc::NEBOC_NATIVE_DIGEST_OFFSET	x86_64-systemv-elf-linux	compiler/lowering/package/package_native.inc	NEBOC_NATIVE_DIGEST_OFFSET	32	98de98c900ca696e67230bcd6fae625f25b3a8e566b22ac9b147b3ec0e149594	Owner contract; internal fields remain internal; no universal ABI promise
compiler/lowering/package/package_native.inc::NEBOC_NATIVE_POLICY_OFFSET	x86_64-systemv-elf-linux	compiler/lowering/package/package_native.inc	NEBOC_NATIVE_POLICY_OFFSET	40	b960afec2ed308e07e0eff73ac463fe3795cee263660993d59b8f52e4986be47	Owner contract; internal fields remain internal; no universal ABI promise
compiler/lowering/package/package_native.inc::NEBOC_NATIVE_EPOCH_OFFSET	x86_64-systemv-elf-linux	compiler/lowering/package/package_native.inc	NEBOC_NATIVE_EPOCH_OFFSET	48	d2130f7b71b5dc8fab890b0d2a3db60915ed9544fef2995e48eb674d0edce260	Owner contract; internal fields remain internal; no universal ABI promise
compiler/lowering/package/package_native.inc::neboc_packages_registry_lockfile_e_supply_chain_NATIVE_SYNTAX_HASH_OFFSET	x86_64-systemv-elf-linux	compiler/lowering/package/package_native.inc	neboc_packages_registry_lockfile_e_supply_chain_NATIVE_SYNTAX_HASH_OFFSET	56	0807aa876ba53580d6b4ac079adb6265193e8e173a8c54a80fb765dd0bcfdc1d	Owner contract; internal fields remain internal; no universal ABI promise
compiler/lowering/package/package_native.inc::NEBOC_NATIVE_LOCK_HASH_OFFSET	x86_64-systemv-elf-linux	compiler/lowering/package/package_native.inc	NEBOC_NATIVE_LOCK_HASH_OFFSET	64	4258df543a122c8c477d939fc9693e1a3944eb8df4c74a8704ce6fa81b4afa40	Owner contract; internal fields remain internal; no universal ABI promise
compiler/lowering/package/package_native.inc::neboc_packages_registry_lockfile_e_supply_chain_NATIVE_SEMANTIC_HASH_OFFSET	x86_64-systemv-elf-linux	compiler/lowering/package/package_native.inc	neboc_packages_registry_lockfile_e_supply_chain_NATIVE_SEMANTIC_HASH_OFFSET	72	874769f1aed133e3bbd3502c9a68721ecd484292213bdc17356cc9e79ce3ecb2	Owner contract; internal fields remain internal; no universal ABI promise
compiler/lowering/package/package_native.inc::neboc_packages_registry_lockfile_e_supply_chain_NATIVE_IR_HASH_OFFSET	x86_64-systemv-elf-linux	compiler/lowering/package/package_native.inc	neboc_packages_registry_lockfile_e_supply_chain_NATIVE_IR_HASH_OFFSET	80	461e4454db5260d117b4733f29daed9517dba320d615d02c97cd9ae246b505a5	Owner contract; internal fields remain internal; no universal ABI promise
compiler/lowering/package/package_native.inc::neboc_packages_registry_lockfile_e_supply_chain_NATIVE_TARGET_OFFSET	x86_64-systemv-elf-linux	compiler/lowering/package/package_native.inc	neboc_packages_registry_lockfile_e_supply_chain_NATIVE_TARGET_OFFSET	88	5fa8b2442b0cbe69e31328976a467272471d66910a14258996451eb3b3f619dc	Owner contract; internal fields remain internal; no universal ABI promise
compiler/lowering/package/package_native.inc::neboc_packages_registry_lockfile_e_supply_chain_NATIVE_ABI_OFFSET	x86_64-systemv-elf-linux	compiler/lowering/package/package_native.inc	neboc_packages_registry_lockfile_e_supply_chain_NATIVE_ABI_OFFSET	96	bef2620166deba9627f6f2888f2251847058fcfd56a78ce21bc41031e5b00c32	Owner contract; internal fields remain internal; no universal ABI promise
compiler/lowering/package/package_native.inc::neboc_packages_registry_lockfile_e_supply_chain_NATIVE_RESULT_OFFSET	x86_64-systemv-elf-linux	compiler/lowering/package/package_native.inc	neboc_packages_registry_lockfile_e_supply_chain_NATIVE_RESULT_OFFSET	104	81c30bbb3aba5217b495c403451a31a892248824e03db1b7633d4f558e60bdfc	Owner contract; internal fields remain internal; no universal ABI promise
compiler/lowering/package/package_native.inc::neboc_packages_registry_lockfile_e_supply_chain_NATIVE_DECISION_OFFSET	x86_64-systemv-elf-linux	compiler/lowering/package/package_native.inc	neboc_packages_registry_lockfile_e_supply_chain_NATIVE_DECISION_OFFSET	112	1189f69cbd523e4d86a6fae3348e621f170a8458e14be10ac1b788c7c1b11cbe	Owner contract; internal fields remain internal; no universal ABI promise
compiler/lowering/package/package_native.inc::neboc_packages_registry_lockfile_e_supply_chain_NATIVE_DIAGNOSTIC_OFFSET	x86_64-systemv-elf-linux	compiler/lowering/package/package_native.inc	neboc_packages_registry_lockfile_e_supply_chain_NATIVE_DIAGNOSTIC_OFFSET	120	8831606e588e8c380b35b886be78d553f278a1f4cfaf4940aa3e1820f545177f	Owner contract; internal fields remain internal; no universal ABI promise
compiler/lowering/package/package_native.inc::neboc_packages_registry_lockfile_e_supply_chain_NATIVE_FLAGS_OFFSET	x86_64-systemv-elf-linux	compiler/lowering/package/package_native.inc	neboc_packages_registry_lockfile_e_supply_chain_NATIVE_FLAGS_OFFSET	128	355e7eaa8409605cde85e79c72fac4956952807864eaf106f1a31e2507cab9a1	Owner contract; internal fields remain internal; no universal ABI promise
compiler/lowering/package/package_native.inc::neboc_packages_registry_lockfile_e_supply_chain_NATIVE_HASH_OFFSET	x86_64-systemv-elf-linux	compiler/lowering/package/package_native.inc	neboc_packages_registry_lockfile_e_supply_chain_NATIVE_HASH_OFFSET	136	053940b8a95c44b9c6c32059a68f3dfae6061b74730a19f618f5b79165eac25b	Owner contract; internal fields remain internal; no universal ABI promise
compiler/lowering/package/package_native.inc::neboc_packages_registry_lockfile_e_supply_chain_NATIVE_HASHED_BYTES	x86_64-systemv-elf-linux	compiler/lowering/package/package_native.inc	neboc_packages_registry_lockfile_e_supply_chain_NATIVE_HASHED_BYTES	136	d9364b084d0bf9c9577c1e43ab9e0ee099fe52678bc6d725ebe22d29b4001bf4	Owner contract; internal fields remain internal; no universal ABI promise
compiler/lowering/package/package_native.inc::neboc_packages_registry_lockfile_e_supply_chain_NATIVE_QWORDS	x86_64-systemv-elf-linux	compiler/lowering/package/package_native.inc	neboc_packages_registry_lockfile_e_supply_chain_NATIVE_QWORDS	20	1a907bfc453397317bff688f91c1cc8e8e2a74b349b993245de5e289edcc13a6	Owner contract; internal fields remain internal; no universal ABI promise
compiler/lowering/package/package_native.inc::neboc_packages_registry_lockfile_e_supply_chain_NATIVE_SIZE	x86_64-systemv-elf-linux	compiler/lowering/package/package_native.inc	neboc_packages_registry_lockfile_e_supply_chain_NATIVE_SIZE	160	6c009c002943d9421f36ed5bd3f9c779c898d2b51038e1cb0933ad28c9a9dcd1	Owner contract; internal fields remain internal; no universal ABI promise
compiler/lowering/package/package_native.inc::neboc_packages_registry_lockfile_e_supply_chain_NATIVE_MAGIC	x86_64-systemv-elf-linux	compiler/lowering/package/package_native.inc	neboc_packages_registry_lockfile_e_supply_chain_NATIVE_MAGIC	0x4e45424f4732364e	be9f55aa502a3545fd15a510818228f03dcebc37b09c7d9ae3bdd5642d3dbcf6	Owner contract; internal fields remain internal; no universal ABI promise
compiler/lowering/package/package_native.inc::neboc_packages_registry_lockfile_e_supply_chain_NATIVE_TARGET_X86_64_SYSV_ELF	x86_64-systemv-elf-linux	compiler/lowering/package/package_native.inc	neboc_packages_registry_lockfile_e_supply_chain_NATIVE_TARGET_X86_64_SYSV_ELF	1	ba74a70fbe242554927e8c93a9ffecac79708798e3ee6eea5af37278353e0a2b	Owner contract; internal fields remain internal; no universal ABI promise
compiler/lowering/package/package_native.inc::neboc_packages_registry_lockfile_e_supply_chain_NATIVE_ABI_INTERNAL_V1	x86_64-systemv-elf-linux	compiler/lowering/package/package_native.inc	neboc_packages_registry_lockfile_e_supply_chain_NATIVE_ABI_INTERNAL_V1	1	1514d62269e3a3ba2606e11adec59cbcc0742fb5eab4babe429843d1f156cc00	Owner contract; internal fields remain internal; no universal ABI promise
compiler/lowering/package/package_native.inc::neboc_packages_registry_lockfile_e_supply_chain_NATIVE_FLAG_AUTHENTICATED	x86_64-systemv-elf-linux	compiler/lowering/package/package_native.inc	neboc_packages_registry_lockfile_e_supply_chain_NATIVE_FLAG_AUTHENTICATED	1	834f3ffb137973e859fcb9213fc03b4067c66952962a7a229e5d52c0306b64f0	Owner contract; internal fields remain internal; no universal ABI promise
compiler/lowering/privacy/privacy_ir.inc::neboc_privacidade_dados_sensiveis_e_zero_trust_IR_OUTPUT_OFFSET	x86_64-systemv-elf-linux	compiler/lowering/privacy/privacy_ir.inc	neboc_privacidade_dados_sensiveis_e_zero_trust_IR_OUTPUT_OFFSET	408	4d00d0215f059f588a67a6b7cd8b307f97f1103be3adbc354a808b5044d9c651	Owner contract; internal fields remain internal; no universal ABI promise
compiler/lowering/privacy/privacy_ir.inc::NEBOC_IR_HIR_CLASSIFY_OFFSET	x86_64-systemv-elf-linux	compiler/lowering/privacy/privacy_ir.inc	NEBOC_IR_HIR_CLASSIFY_OFFSET	408	19108b23d28acd21591eb69390e5e0f06d57260ecbcde58049709d96da3c4710	Owner contract; internal fields remain internal; no universal ABI promise
compiler/lowering/privacy/privacy_ir.inc::neboc_privacidade_dados_sensiveis_e_zero_trust_IR_HIR_POLICY_GATE_OFFSET	x86_64-systemv-elf-linux	compiler/lowering/privacy/privacy_ir.inc	neboc_privacidade_dados_sensiveis_e_zero_trust_IR_HIR_POLICY_GATE_OFFSET	416	6619192940f7bf0e77d46793dceddf952c9ba9f1b6d59563793242499257444e	Owner contract; internal fields remain internal; no universal ABI promise
compiler/lowering/privacy/privacy_ir.inc::NEBOC_IR_HIR_REDACT_OFFSET	x86_64-systemv-elf-linux	compiler/lowering/privacy/privacy_ir.inc	NEBOC_IR_HIR_REDACT_OFFSET	424	544a20a33c465819fc4b162842abd4120ddf1cb2da2f6bfba524c328cc3a6eca	Owner contract; internal fields remain internal; no universal ABI promise
compiler/lowering/privacy/privacy_ir.inc::NEBOC_IR_HIR_SINK_GATE_OFFSET	x86_64-systemv-elf-linux	compiler/lowering/privacy/privacy_ir.inc	NEBOC_IR_HIR_SINK_GATE_OFFSET	432	d7dec8ae59e1b02408906087f32062f596eea8ef378b6a79768f97cedcb267be	Owner contract; internal fields remain internal; no universal ABI promise
compiler/lowering/privacy/privacy_ir.inc::NEBOC_IR_LIR_LABEL_UNION_OFFSET	x86_64-systemv-elf-linux	compiler/lowering/privacy/privacy_ir.inc	NEBOC_IR_LIR_LABEL_UNION_OFFSET	440	4e6212b97331f97b2b52760a649895d58bdfd4fee00aefa7c6db6105dcdf5437	Owner contract; internal fields remain internal; no universal ABI promise
compiler/lowering/privacy/privacy_ir.inc::NEBOC_IR_LIR_REDACT_MASK_OFFSET	x86_64-systemv-elf-linux	compiler/lowering/privacy/privacy_ir.inc	NEBOC_IR_LIR_REDACT_MASK_OFFSET	448	6510c25e7af051f938d9659f4271dedee38947787b5eb6984fc30948e276bb89	Owner contract; internal fields remain internal; no universal ABI promise
compiler/lowering/privacy/privacy_ir.inc::NEBOC_IR_LIR_TRUST_ASSERT_OFFSET	x86_64-systemv-elf-linux	compiler/lowering/privacy/privacy_ir.inc	NEBOC_IR_LIR_TRUST_ASSERT_OFFSET	456	5dd00edc183f06bfa4bdbba97c1ee8f22838b67edad4e490b00a2732ef0ac1fc	Owner contract; internal fields remain internal; no universal ABI promise
compiler/lowering/privacy/privacy_ir.inc::NEBOC_IR_LIR_SINK_ASSERT_OFFSET	x86_64-systemv-elf-linux	compiler/lowering/privacy/privacy_ir.inc	NEBOC_IR_LIR_SINK_ASSERT_OFFSET	464	53c60270e8592e1e08cf5093ce86db165b7ea07e29b85be2e1ed7febcce76e8a	Owner contract; internal fields remain internal; no universal ABI promise
compiler/lowering/privacy/privacy_ir.inc::neboc_privacidade_dados_sensiveis_e_zero_trust_IR_RESULT_TYPE_OFFSET	x86_64-systemv-elf-linux	compiler/lowering/privacy/privacy_ir.inc	neboc_privacidade_dados_sensiveis_e_zero_trust_IR_RESULT_TYPE_OFFSET	472	79427e50c91aad7d45762a754a7d1fa93788e7474e650bc9351bb5f772c46dec	Owner contract; internal fields remain internal; no universal ABI promise
compiler/lowering/privacy/privacy_ir.inc::NEBOC_IR_EFFECTIVE_LABELS_OFFSET	x86_64-systemv-elf-linux	compiler/lowering/privacy/privacy_ir.inc	NEBOC_IR_EFFECTIVE_LABELS_OFFSET	480	8f954d920dfaaade6487774eec614fb450a2e6837e61799a037622398c6caf17	Owner contract; internal fields remain internal; no universal ABI promise
compiler/lowering/privacy/privacy_ir.inc::neboc_privacidade_dados_sensiveis_e_zero_trust_IR_DECISION_OFFSET	x86_64-systemv-elf-linux	compiler/lowering/privacy/privacy_ir.inc	neboc_privacidade_dados_sensiveis_e_zero_trust_IR_DECISION_OFFSET	488	78ab56c31e133f5df4ef121d21a43bc60e387f467958a32cfe35fe1e83d21682	Owner contract; internal fields remain internal; no universal ABI promise
compiler/lowering/privacy/privacy_ir.inc::neboc_privacidade_dados_sensiveis_e_zero_trust_IR_DIAGNOSTIC_OFFSET	x86_64-systemv-elf-linux	compiler/lowering/privacy/privacy_ir.inc	neboc_privacidade_dados_sensiveis_e_zero_trust_IR_DIAGNOSTIC_OFFSET	496	569042e9b693700c0ffb5d5e6a20ee121a85d00b97ed1508b2c15a565b72dd20	Owner contract; internal fields remain internal; no universal ABI promise
compiler/lowering/privacy/privacy_ir.inc::neboc_privacidade_dados_sensiveis_e_zero_trust_IR_ALLOCATIONS_OFFSET	x86_64-systemv-elf-linux	compiler/lowering/privacy/privacy_ir.inc	neboc_privacidade_dados_sensiveis_e_zero_trust_IR_ALLOCATIONS_OFFSET	504	88384dfa22255775d447be64095c0c363c20cd339eb6d3634d4238f5db061b7e	Owner contract; internal fields remain internal; no universal ABI promise
compiler/lowering/privacy/privacy_ir.inc::neboc_privacidade_dados_sensiveis_e_zero_trust_IR_HASH_OFFSET	x86_64-systemv-elf-linux	compiler/lowering/privacy/privacy_ir.inc	neboc_privacidade_dados_sensiveis_e_zero_trust_IR_HASH_OFFSET	512	434b5349f8e0c45a15f40c988d60bb602144d102e62e3b0d957880f285b425e8	Owner contract; internal fields remain internal; no universal ABI promise
compiler/lowering/privacy/privacy_ir.inc::neboc_privacidade_dados_sensiveis_e_zero_trust_IR_HASHED_BYTES	x86_64-systemv-elf-linux	compiler/lowering/privacy/privacy_ir.inc	neboc_privacidade_dados_sensiveis_e_zero_trust_IR_HASHED_BYTES	512	bdb45519a9e0b4ab169be82e207aed6df65dedc1a0ba8df4537f5dd731ebca13	Owner contract; internal fields remain internal; no universal ABI promise
compiler/lowering/privacy/privacy_ir.inc::neboc_privacidade_dados_sensiveis_e_zero_trust_IR_OUTPUT_QWORDS	x86_64-systemv-elf-linux	compiler/lowering/privacy/privacy_ir.inc	neboc_privacidade_dados_sensiveis_e_zero_trust_IR_OUTPUT_QWORDS	14	206ae51f14b88fea74e2f6e442aac56fa3956fc17b36f9fd3d934736c6efc1e7	Owner contract; internal fields remain internal; no universal ABI promise
compiler/lowering/privacy/privacy_ir.inc::neboc_privacidade_dados_sensiveis_e_zero_trust_IR_REQUEST_SIZE	x86_64-systemv-elf-linux	compiler/lowering/privacy/privacy_ir.inc	neboc_privacidade_dados_sensiveis_e_zero_trust_IR_REQUEST_SIZE	520	bdc92d4f98341ff43d5b61d997eccceb5c0f735029905b8898419a1b287aff89	Owner contract; internal fields remain internal; no universal ABI promise
compiler/lowering/privacy/privacy_ir.inc::neboc_privacidade_dados_sensiveis_e_zero_trust_IR_REQUEST_QWORDS	x86_64-systemv-elf-linux	compiler/lowering/privacy/privacy_ir.inc	neboc_privacidade_dados_sensiveis_e_zero_trust_IR_REQUEST_QWORDS	65	7fa6a375a05955980b4951a13035b977dcbf6aa428bdb2c77cf54129b492fad8	Owner contract; internal fields remain internal; no universal ABI promise
compiler/lowering/privacy/privacy_ir.inc::neboc_privacidade_dados_sensiveis_e_zero_trust_IR_ALIGNMENT	x86_64-systemv-elf-linux	compiler/lowering/privacy/privacy_ir.inc	neboc_privacidade_dados_sensiveis_e_zero_trust_IR_ALIGNMENT	8	041bc4c11b7feea2a31cca50ac4b5ff501ff45eea06f1e10dc391e3741cea2df	Owner contract; internal fields remain internal; no universal ABI promise
compiler/lowering/privacy/privacy_ir.inc::NEBOC_HIR_PRIVACY_CLASSIFY	x86_64-systemv-elf-linux	compiler/lowering/privacy/privacy_ir.inc	NEBOC_HIR_PRIVACY_CLASSIFY	2201	e74059e10126920f87f0dc6b9361eff1534ddceebd8e16de12501a2c80e1e505	Owner contract; internal fields remain internal; no universal ABI promise
compiler/lowering/privacy/privacy_ir.inc::neboc_privacidade_dados_sensiveis_e_zero_trust_HIR_POLICY_GATE	x86_64-systemv-elf-linux	compiler/lowering/privacy/privacy_ir.inc	neboc_privacidade_dados_sensiveis_e_zero_trust_HIR_POLICY_GATE	2202	89936567768825022ac66d9cc50a77bc0b9bd2903ea65e1432bc76d294f0b80a	Owner contract; internal fields remain internal; no universal ABI promise
compiler/lowering/privacy/privacy_ir.inc::NEBOC_HIR_REDACT	x86_64-systemv-elf-linux	compiler/lowering/privacy/privacy_ir.inc	NEBOC_HIR_REDACT	2203	0d5a42c03baae2b89f4557b0b569b71860f68d84c7ed44188d163adb4506df36	Owner contract; internal fields remain internal; no universal ABI promise
compiler/lowering/privacy/privacy_ir.inc::NEBOC_HIR_SINK_GATE	x86_64-systemv-elf-linux	compiler/lowering/privacy/privacy_ir.inc	NEBOC_HIR_SINK_GATE	2204	6b40bfa00d29b76f22669610eb07d67a03678b087267f227b2a26407aff7003e	Owner contract; internal fields remain internal; no universal ABI promise
compiler/lowering/privacy/privacy_ir.inc::NEBOC_LIR_LABEL_UNION	x86_64-systemv-elf-linux	compiler/lowering/privacy/privacy_ir.inc	NEBOC_LIR_LABEL_UNION	2211	0eadfc7694a9ce19ab88b9014bc07361629b65d0b21720eddf6f66e1007bfeff	Owner contract; internal fields remain internal; no universal ABI promise
compiler/lowering/privacy/privacy_ir.inc::NEBOC_LIR_REDACT_MASK	x86_64-systemv-elf-linux	compiler/lowering/privacy/privacy_ir.inc	NEBOC_LIR_REDACT_MASK	2212	ee501a38f82d0b01d5db519dba601ba2f96d3fff8efaf76c659ee0104b0d2c04	Owner contract; internal fields remain internal; no universal ABI promise
compiler/lowering/privacy/privacy_ir.inc::NEBOC_LIR_TRUST_ASSERT	x86_64-systemv-elf-linux	compiler/lowering/privacy/privacy_ir.inc	NEBOC_LIR_TRUST_ASSERT	2213	5780ff5a766669154cf71ba1119cf390e9c4952dd4add43e47518a477c477e3b	Owner contract; internal fields remain internal; no universal ABI promise
compiler/lowering/privacy/privacy_ir.inc::NEBOC_LIR_SINK_ASSERT	x86_64-systemv-elf-linux	compiler/lowering/privacy/privacy_ir.inc	NEBOC_LIR_SINK_ASSERT	2214	8f133a32399b643e5e0ea3a7bd6c9e84407066afdd71148ad7484fb51f842d72	Owner contract; internal fields remain internal; no universal ABI promise
compiler/lowering/privacy/privacy_native.inc::neboc_privacidade_dados_sensiveis_e_zero_trust_NATIVE_IR_POINTER_OFFSET	x86_64-systemv-elf-linux	compiler/lowering/privacy/privacy_native.inc	neboc_privacidade_dados_sensiveis_e_zero_trust_NATIVE_IR_POINTER_OFFSET	0	4198c4fd210c2de53956cd1eaa4899643e1c51a1bfb28d353127db6fbe309844	Owner contract; internal fields remain internal; no universal ABI promise
compiler/lowering/privacy/privacy_native.inc::neboc_privacidade_dados_sensiveis_e_zero_trust_NATIVE_TARGET_ID_OFFSET	x86_64-systemv-elf-linux	compiler/lowering/privacy/privacy_native.inc	neboc_privacidade_dados_sensiveis_e_zero_trust_NATIVE_TARGET_ID_OFFSET	8	b6f04af0bd585a00679b22daf84d820afe3cba25a9ba6d8f322077c63363ccea	Owner contract; internal fields remain internal; no universal ABI promise
compiler/lowering/privacy/privacy_native.inc::neboc_privacidade_dados_sensiveis_e_zero_trust_NATIVE_ABI_VERSION_OFFSET	x86_64-systemv-elf-linux	compiler/lowering/privacy/privacy_native.inc	neboc_privacidade_dados_sensiveis_e_zero_trust_NATIVE_ABI_VERSION_OFFSET	16	7b1dd4658ec7a1c9196b5ba4ce33ec36dffea399a9281d39c2c69696f0e4a536	Owner contract; internal fields remain internal; no universal ABI promise
compiler/lowering/privacy/privacy_native.inc::neboc_privacidade_dados_sensiveis_e_zero_trust_NATIVE_OUTPUT_OFFSET	x86_64-systemv-elf-linux	compiler/lowering/privacy/privacy_native.inc	neboc_privacidade_dados_sensiveis_e_zero_trust_NATIVE_OUTPUT_OFFSET	24	47006deb0ca0ce65676d530827407aa91e0c750f69c485c582b9f6345588d399	Owner contract; internal fields remain internal; no universal ABI promise
compiler/lowering/privacy/privacy_native.inc::NEBOC_NATIVE_PRIVACY_RECORD_OFFSET	x86_64-systemv-elf-linux	compiler/lowering/privacy/privacy_native.inc	NEBOC_NATIVE_PRIVACY_RECORD_OFFSET	24	03ed5f000e27a95169d6b2fa7ad8442ad252853482cc76813d72c498452c1d52	Owner contract; internal fields remain internal; no universal ABI promise
compiler/lowering/privacy/privacy_native.inc::neboc_privacidade_dados_sensiveis_e_zero_trust_NATIVE_RECORD_SIZE_OFFSET	x86_64-systemv-elf-linux	compiler/lowering/privacy/privacy_native.inc	neboc_privacidade_dados_sensiveis_e_zero_trust_NATIVE_RECORD_SIZE_OFFSET	304	5cfb82bb87f23a29bd0b57c51e0474f76112ffd5cffd4c88ae2cde9416e85d53	Owner contract; internal fields remain internal; no universal ABI promise
compiler/lowering/privacy/privacy_native.inc::neboc_privacidade_dados_sensiveis_e_zero_trust_NATIVE_RECORD_ALIGNMENT_OFFSET	x86_64-systemv-elf-linux	compiler/lowering/privacy/privacy_native.inc	neboc_privacidade_dados_sensiveis_e_zero_trust_NATIVE_RECORD_ALIGNMENT_OFFSET	312	286ca839fbea2014157c669f6cc36497ee725a6893ffede34358680ad7b7b339	Owner contract; internal fields remain internal; no universal ABI promise
compiler/lowering/privacy/privacy_native.inc::neboc_privacidade_dados_sensiveis_e_zero_trust_NATIVE_RECORD_PASSING_OFFSET	x86_64-systemv-elf-linux	compiler/lowering/privacy/privacy_native.inc	neboc_privacidade_dados_sensiveis_e_zero_trust_NATIVE_RECORD_PASSING_OFFSET	320	a41a294d056d07f54db51dd720a6dfb7050cf1fbae8bb3de5bd83ba645ec2d1f	Owner contract; internal fields remain internal; no universal ABI promise
compiler/lowering/privacy/privacy_native.inc::NEBOC_NATIVE_ARGUMENT_REGISTER_OFFSET	x86_64-systemv-elf-linux	compiler/lowering/privacy/privacy_native.inc	NEBOC_NATIVE_ARGUMENT_REGISTER_OFFSET	328	6939c2cd7b965f203fb014a47de514c7b08c3d136b1fb03a0b8747c6675427e8	Owner contract; internal fields remain internal; no universal ABI promise
compiler/lowering/privacy/privacy_native.inc::neboc_privacidade_dados_sensiveis_e_zero_trust_NATIVE_RESULT_SIZE_OFFSET	x86_64-systemv-elf-linux	compiler/lowering/privacy/privacy_native.inc	neboc_privacidade_dados_sensiveis_e_zero_trust_NATIVE_RESULT_SIZE_OFFSET	336	3a85ecdc5b8f465ef4b93d0583df1f456ad57a4050aa863064b1609c8a4aeb85	Owner contract; internal fields remain internal; no universal ABI promise
compiler/lowering/privacy/privacy_native.inc::neboc_privacidade_dados_sensiveis_e_zero_trust_NATIVE_RESULT_ALIGNMENT_OFFSET	x86_64-systemv-elf-linux	compiler/lowering/privacy/privacy_native.inc	neboc_privacidade_dados_sensiveis_e_zero_trust_NATIVE_RESULT_ALIGNMENT_OFFSET	344	d045fe0e2f894e4e4240733e769b5f793afee41bb8c7696420d945f53b06937c	Owner contract; internal fields remain internal; no universal ABI promise
compiler/lowering/privacy/privacy_native.inc::neboc_privacidade_dados_sensiveis_e_zero_trust_NATIVE_RESULT_ABI_CLASS_OFFSET	x86_64-systemv-elf-linux	compiler/lowering/privacy/privacy_native.inc	neboc_privacidade_dados_sensiveis_e_zero_trust_NATIVE_RESULT_ABI_CLASS_OFFSET	352	30d7522499c95feebacf77302949e3ed12492d2770192c7f63c17756c039c75a	Owner contract; internal fields remain internal; no universal ABI promise
compiler/lowering/privacy/privacy_native.inc::neboc_privacidade_dados_sensiveis_e_zero_trust_NATIVE_RESULT_REGISTER_OFFSET	x86_64-systemv-elf-linux	compiler/lowering/privacy/privacy_native.inc	neboc_privacidade_dados_sensiveis_e_zero_trust_NATIVE_RESULT_REGISTER_OFFSET	360	6fac617965f81082aab009331613a1d60ef5c5894514d7696b758b3b650d491c	Owner contract; internal fields remain internal; no universal ABI promise
compiler/lowering/privacy/privacy_native.inc::neboc_privacidade_dados_sensiveis_e_zero_trust_NATIVE_RUNTIME_GUARD_OFFSET	x86_64-systemv-elf-linux	compiler/lowering/privacy/privacy_native.inc	neboc_privacidade_dados_sensiveis_e_zero_trust_NATIVE_RUNTIME_GUARD_OFFSET	368	e862c6a3d4ecd2270fd95f364911ec097f12c35f5a8ba35a08870cf949df7c82	Owner contract; internal fields remain internal; no universal ABI promise
compiler/lowering/privacy/privacy_native.inc::neboc_privacidade_dados_sensiveis_e_zero_trust_NATIVE_FLAGS_OFFSET	x86_64-systemv-elf-linux	compiler/lowering/privacy/privacy_native.inc	neboc_privacidade_dados_sensiveis_e_zero_trust_NATIVE_FLAGS_OFFSET	376	ad897a9cbe071d06a76634feb1054347467c87cf48f1612f27d90c74ef4486fa	Owner contract; internal fields remain internal; no universal ABI promise
compiler/lowering/privacy/privacy_native.inc::neboc_privacidade_dados_sensiveis_e_zero_trust_NATIVE_DIAGNOSTIC_OFFSET	x86_64-systemv-elf-linux	compiler/lowering/privacy/privacy_native.inc	neboc_privacidade_dados_sensiveis_e_zero_trust_NATIVE_DIAGNOSTIC_OFFSET	384	c02901b48f90b6429d871ee7fb2bc8e53679e2f0947caed7dc05d37963613c56	Owner contract; internal fields remain internal; no universal ABI promise
compiler/lowering/privacy/privacy_native.inc::neboc_privacidade_dados_sensiveis_e_zero_trust_NATIVE_ALLOCATIONS_OFFSET	x86_64-systemv-elf-linux	compiler/lowering/privacy/privacy_native.inc	neboc_privacidade_dados_sensiveis_e_zero_trust_NATIVE_ALLOCATIONS_OFFSET	392	91e95610e38dc79ad8c08434f6f56103c8583ea3579904c39a0192b10f1b1cf8	Owner contract; internal fields remain internal; no universal ABI promise
compiler/lowering/privacy/privacy_native.inc::neboc_privacidade_dados_sensiveis_e_zero_trust_NATIVE_RESULT_TYPE_OFFSET	x86_64-systemv-elf-linux	compiler/lowering/privacy/privacy_native.inc	neboc_privacidade_dados_sensiveis_e_zero_trust_NATIVE_RESULT_TYPE_OFFSET	400	e4121fd8826661fac8e31966d7fcdf734844a1c6fe6c68ced0ec975eb3763035	Owner contract; internal fields remain internal; no universal ABI promise
compiler/lowering/privacy/privacy_native.inc::neboc_privacidade_dados_sensiveis_e_zero_trust_NATIVE_HASH_OFFSET	x86_64-systemv-elf-linux	compiler/lowering/privacy/privacy_native.inc	neboc_privacidade_dados_sensiveis_e_zero_trust_NATIVE_HASH_OFFSET	408	16c56873b9dc787e042cb792ae109ec15c949c7ac5c4d9de301fc5c557746317	Owner contract; internal fields remain internal; no universal ABI promise
compiler/lowering/privacy/privacy_native.inc::neboc_privacidade_dados_sensiveis_e_zero_trust_NATIVE_REQUEST_QWORDS	x86_64-systemv-elf-linux	compiler/lowering/privacy/privacy_native.inc	neboc_privacidade_dados_sensiveis_e_zero_trust_NATIVE_REQUEST_QWORDS	52	eec6ecc0e67475691babba8bc0abe02809229866373979e3d8b97591141dce8b	Owner contract; internal fields remain internal; no universal ABI promise
compiler/lowering/privacy/privacy_native.inc::neboc_privacidade_dados_sensiveis_e_zero_trust_NATIVE_REQUEST_SIZE	x86_64-systemv-elf-linux	compiler/lowering/privacy/privacy_native.inc	neboc_privacidade_dados_sensiveis_e_zero_trust_NATIVE_REQUEST_SIZE	416	44dc68ac3f3e1e1c6a094fd7ab1c7066ad31c9b59a101abe5cee95290f196b2e	Owner contract; internal fields remain internal; no universal ABI promise
compiler/lowering/privacy/privacy_native.inc::neboc_privacidade_dados_sensiveis_e_zero_trust_NATIVE_OUTPUT_QWORDS	x86_64-systemv-elf-linux	compiler/lowering/privacy/privacy_native.inc	neboc_privacidade_dados_sensiveis_e_zero_trust_NATIVE_OUTPUT_QWORDS	49	fff51517068bfd3575eeaf526d71f34215632ec489d904ad87cae5c852e5dca9	Owner contract; internal fields remain internal; no universal ABI promise
compiler/lowering/privacy/privacy_native.inc::neboc_privacidade_dados_sensiveis_e_zero_trust_NATIVE_ALIGNMENT	x86_64-systemv-elf-linux	compiler/lowering/privacy/privacy_native.inc	neboc_privacidade_dados_sensiveis_e_zero_trust_NATIVE_ALIGNMENT	8	0eaab3adf23df6795ee2d1af05fb794a7c9e5d30468daf14ac4201ab799cd741	Owner contract; internal fields remain internal; no universal ABI promise
compiler/lowering/privacy/privacy_native.inc::neboc_privacidade_dados_sensiveis_e_zero_trust_NATIVE_HASH_START_OFFSET	x86_64-systemv-elf-linux	compiler/lowering/privacy/privacy_native.inc	neboc_privacidade_dados_sensiveis_e_zero_trust_NATIVE_HASH_START_OFFSET	8	7eb8b0412e3907475b5bad14c1e5859bd5aa2656001e41d42b63e468ff3bcdc8	Owner contract; internal fields remain internal; no universal ABI promise
compiler/lowering/privacy/privacy_native.inc::neboc_privacidade_dados_sensiveis_e_zero_trust_NATIVE_HASHED_BYTES	x86_64-systemv-elf-linux	compiler/lowering/privacy/privacy_native.inc	neboc_privacidade_dados_sensiveis_e_zero_trust_NATIVE_HASHED_BYTES	400	45235511c1aab9430159698c6904458f84fa2681b7c769a4f0d9446b0832b268	Owner contract; internal fields remain internal; no universal ABI promise
compiler/lowering/privacy/privacy_native.inc::neboc_privacidade_dados_sensiveis_e_zero_trust_NATIVE_TARGET_X86_64_SYSV_ELF_LINUX	x86_64-systemv-elf-linux	compiler/lowering/privacy/privacy_native.inc	neboc_privacidade_dados_sensiveis_e_zero_trust_NATIVE_TARGET_X86_64_SYSV_ELF_LINUX	1	98b80440716f0c6c029ddcc23fe19ec24be552a6cd6f2977c8685d5d853bee97	Owner contract; internal fields remain internal; no universal ABI promise
compiler/lowering/privacy/privacy_native.inc::neboc_privacidade_dados_sensiveis_e_zero_trust_NATIVE_ABI_VERSION	x86_64-systemv-elf-linux	compiler/lowering/privacy/privacy_native.inc	neboc_privacidade_dados_sensiveis_e_zero_trust_NATIVE_ABI_VERSION	1	8dd3a996a525bb609c72dd393266d12258feafc2cd9de5ea9d63b76286518130	Owner contract; internal fields remain internal; no universal ABI promise
compiler/lowering/privacy/privacy_native.inc::neboc_privacidade_dados_sensiveis_e_zero_trust_NATIVE_RECORD_SIZE	x86_64-systemv-elf-linux	compiler/lowering/privacy/privacy_native.inc	neboc_privacidade_dados_sensiveis_e_zero_trust_NATIVE_RECORD_SIZE	NEBOC_PRIVACY_REQUEST_SIZE	96c428cb821d93e464661ca58c9ef3f1521787a395f489dc385617b022e733d1	Owner contract; internal fields remain internal; no universal ABI promise
compiler/lowering/privacy/privacy_native.inc::neboc_privacidade_dados_sensiveis_e_zero_trust_NATIVE_RECORD_ALIGNMENT	x86_64-systemv-elf-linux	compiler/lowering/privacy/privacy_native.inc	neboc_privacidade_dados_sensiveis_e_zero_trust_NATIVE_RECORD_ALIGNMENT	8	c8f604f5d651cf419ee8abdf6795d46079c69cddb4d0fdd53148931445886bcc	Owner contract; internal fields remain internal; no universal ABI promise
compiler/lowering/privacy/privacy_native.inc::NEBOC_NATIVE_PASSING_BY_REFERENCE	x86_64-systemv-elf-linux	compiler/lowering/privacy/privacy_native.inc	NEBOC_NATIVE_PASSING_BY_REFERENCE	1	804261324ae6fdd5a91d554f039ca15cd44544e1d5735982acdfc282ec1d37f7	Owner contract; internal fields remain internal; no universal ABI promise
compiler/lowering/privacy/privacy_native.inc::neboc_privacidade_dados_sensiveis_e_zero_trust_NATIVE_REGISTER_RDI	x86_64-systemv-elf-linux	compiler/lowering/privacy/privacy_native.inc	neboc_privacidade_dados_sensiveis_e_zero_trust_NATIVE_REGISTER_RDI	1	5363b0aa1226e5adeb050f6dbc9682e517eec102cca3ea42d0af97d9d4f9b262	Owner contract; internal fields remain internal; no universal ABI promise
compiler/lowering/privacy/privacy_native.inc::neboc_privacidade_dados_sensiveis_e_zero_trust_NATIVE_REGISTER_RAX	x86_64-systemv-elf-linux	compiler/lowering/privacy/privacy_native.inc	neboc_privacidade_dados_sensiveis_e_zero_trust_NATIVE_REGISTER_RAX	2	2c5043e6157b48d60e23f0f92e7846babd2b12b5925bf9c7a91c2b1a4413b715	Owner contract; internal fields remain internal; no universal ABI promise
compiler/lowering/privacy/privacy_native.inc::neboc_privacidade_dados_sensiveis_e_zero_trust_NATIVE_RESULT_SIZE	x86_64-systemv-elf-linux	compiler/lowering/privacy/privacy_native.inc	neboc_privacidade_dados_sensiveis_e_zero_trust_NATIVE_RESULT_SIZE	8	784b50ad9465377a00991d26cae3f6159d35283aaaded66066d22bdbe8a82a4d	Owner contract; internal fields remain internal; no universal ABI promise
compiler/lowering/privacy/privacy_native.inc::neboc_privacidade_dados_sensiveis_e_zero_trust_NATIVE_RESULT_ALIGNMENT	x86_64-systemv-elf-linux	compiler/lowering/privacy/privacy_native.inc	neboc_privacidade_dados_sensiveis_e_zero_trust_NATIVE_RESULT_ALIGNMENT	8	6d0b1dedae09e45716214737b0c21440c07ce78363ef5751e53028b96a478ab2	Owner contract; internal fields remain internal; no universal ABI promise
compiler/lowering/privacy/privacy_native.inc::neboc_privacidade_dados_sensiveis_e_zero_trust_NATIVE_ABI_CLASS_INTEGER	x86_64-systemv-elf-linux	compiler/lowering/privacy/privacy_native.inc	neboc_privacidade_dados_sensiveis_e_zero_trust_NATIVE_ABI_CLASS_INTEGER	1	29493a48fb6d89509d31553021a854f27a60a1317a1051474f0240acf4a069c5	Owner contract; internal fields remain internal; no universal ABI promise
compiler/lowering/privacy/privacy_native.inc::NEBOC_NATIVE_RUNTIME_GUARD_PRIVACY_CHECK	x86_64-systemv-elf-linux	compiler/lowering/privacy/privacy_native.inc	NEBOC_NATIVE_RUNTIME_GUARD_PRIVACY_CHECK	1	e1d83673537f4cff244ea216522a955cc670dd048b7d05465ac1d6f2c12231bb	Owner contract; internal fields remain internal; no universal ABI promise
compiler/lowering/privacy/privacy_native.inc::neboc_privacidade_dados_sensiveis_e_zero_trust_NATIVE_ALLOCATION_NONE	x86_64-systemv-elf-linux	compiler/lowering/privacy/privacy_native.inc	neboc_privacidade_dados_sensiveis_e_zero_trust_NATIVE_ALLOCATION_NONE	0	dc6ad6b9fd5eef9d285cec68caed664195c7a374afd75a845e27a9838b47f93e	Owner contract; internal fields remain internal; no universal ABI promise
compiler/lowering/privacy/privacy_native.inc::NEBOC_NATIVE_FLAG_POINTERLESS	x86_64-systemv-elf-linux	compiler/lowering/privacy/privacy_native.inc	NEBOC_NATIVE_FLAG_POINTERLESS	0x001	3c9e86f5bd9fc0d2dac1c4d972b5daa9ba4a0082cffe17c43b91620b75c60775	Owner contract; internal fields remain internal; no universal ABI promise
compiler/lowering/privacy/privacy_native.inc::neboc_privacidade_dados_sensiveis_e_zero_trust_NATIVE_FLAG_CALLER_OWNED	x86_64-systemv-elf-linux	compiler/lowering/privacy/privacy_native.inc	neboc_privacidade_dados_sensiveis_e_zero_trust_NATIVE_FLAG_CALLER_OWNED	0x002	ae9d3d8b74929b8f2efe7da7b33a09f7a1550dee831c525f24c44c3c5b808b14	Owner contract; internal fields remain internal; no universal ABI promise
compiler/lowering/privacy/privacy_native.inc::neboc_privacidade_dados_sensiveis_e_zero_trust_NATIVE_FLAG_COPY_ONLY	x86_64-systemv-elf-linux	compiler/lowering/privacy/privacy_native.inc	neboc_privacidade_dados_sensiveis_e_zero_trust_NATIVE_FLAG_COPY_ONLY	0x004	ed06b5bab59d5a20ad1f75ccc0a0e303b182a79194c1f9c0378e2ac6f3bf286b	Owner contract; internal fields remain internal; no universal ABI promise
compiler/lowering/privacy/privacy_native.inc::NEBOC_NATIVE_FLAG_PAYLOAD_FREE	x86_64-systemv-elf-linux	compiler/lowering/privacy/privacy_native.inc	NEBOC_NATIVE_FLAG_PAYLOAD_FREE	0x008	5ebb5dd9cb5f7f20326c8195a59227dea4f07cf204728beeb0f7c8823f066391	Owner contract; internal fields remain internal; no universal ABI promise
compiler/lowering/privacy/privacy_native.inc::neboc_privacidade_dados_sensiveis_e_zero_trust_NATIVE_FLAG_NO_HEAP	x86_64-systemv-elf-linux	compiler/lowering/privacy/privacy_native.inc	neboc_privacidade_dados_sensiveis_e_zero_trust_NATIVE_FLAG_NO_HEAP	0x010	743da3b5cf90ce3d66bc0bff06c2956161531f486477212c30c86e8c771f029d	Owner contract; internal fields remain internal; no universal ABI promise
compiler/lowering/privacy/privacy_native.inc::neboc_privacidade_dados_sensiveis_e_zero_trust_NATIVE_FLAG_NO_UNWIND	x86_64-systemv-elf-linux	compiler/lowering/privacy/privacy_native.inc	neboc_privacidade_dados_sensiveis_e_zero_trust_NATIVE_FLAG_NO_UNWIND	0x020	fca536a626acc8e80805ddf135ed817a76769b26306fe609421c02ee39542fd4	Owner contract; internal fields remain internal; no universal ABI promise
compiler/lowering/privacy/privacy_native.inc::NEBOC_NATIVE_FLAG_RUNTIME_REAUTH	x86_64-systemv-elf-linux	compiler/lowering/privacy/privacy_native.inc	NEBOC_NATIVE_FLAG_RUNTIME_REAUTH	0x040	1b9b0cc39b895d28e0086eaa0e0048d87ecb5b5be9a1b464ce3d561157dac7c7	Owner contract; internal fields remain internal; no universal ABI promise
compiler/lowering/privacy/privacy_native.inc::neboc_privacidade_dados_sensiveis_e_zero_trust_NATIVE_FLAG_NO_EXTERNAL_ADAPTER	x86_64-systemv-elf-linux	compiler/lowering/privacy/privacy_native.inc	neboc_privacidade_dados_sensiveis_e_zero_trust_NATIVE_FLAG_NO_EXTERNAL_ADAPTER	0x080	aebb88da979f24a11487e08d81faf47e881e1ec89716c4a9ccbe6118af7bc33d	Owner contract; internal fields remain internal; no universal ABI promise
compiler/lowering/privacy/privacy_native.inc::neboc_privacidade_dados_sensiveis_e_zero_trust_NATIVE_FLAG_DETERMINISTIC	x86_64-systemv-elf-linux	compiler/lowering/privacy/privacy_native.inc	neboc_privacidade_dados_sensiveis_e_zero_trust_NATIVE_FLAG_DETERMINISTIC	0x100	8e5967d8cd5a3bcdafae777e981dc1ef7f1ff5776a4d03b9af096b4c2935bc73	Owner contract; internal fields remain internal; no universal ABI promise
compiler/lowering/privacy/privacy_native.inc::neboc_privacidade_dados_sensiveis_e_zero_trust_NATIVE_FLAG_NO_AMBIENT_AUTHORITY	x86_64-systemv-elf-linux	compiler/lowering/privacy/privacy_native.inc	neboc_privacidade_dados_sensiveis_e_zero_trust_NATIVE_FLAG_NO_AMBIENT_AUTHORITY	0x200	13727c79ccdc4100eeeb1e12ee8f9f3774299eeb2add9caefe91667c9d5eb219	Owner contract; internal fields remain internal; no universal ABI promise
compiler/lowering/privacy/privacy_native.inc::neboc_privacidade_dados_sensiveis_e_zero_trust_NATIVE_FLAGS_REQUIRED	x86_64-systemv-elf-linux	compiler/lowering/privacy/privacy_native.inc	neboc_privacidade_dados_sensiveis_e_zero_trust_NATIVE_FLAGS_REQUIRED	0x3ff	17a112f4fdd3f250c2126408a708811afba0c19544b872aedd8b8da8446ed62f	Owner contract; internal fields remain internal; no universal ABI promise
compiler/lowering/quality/quality_ir.inc::neboc_quality_confidence_e_lineage_IR_OUTPUT_OFFSET	x86_64-systemv-elf-linux	compiler/lowering/quality/quality_ir.inc	neboc_quality_confidence_e_lineage_IR_OUTPUT_OFFSET	552	b92fe4c3265483881b93c3f680c96042de33000b63f5c0f980e0679795242a61	Owner contract; internal fields remain internal; no universal ABI promise
compiler/lowering/quality/quality_ir.inc::NEBOC_IR_HIR_QUALITY_OFFSET	x86_64-systemv-elf-linux	compiler/lowering/quality/quality_ir.inc	NEBOC_IR_HIR_QUALITY_OFFSET	552	f3dace78c8081d2cb389e30db0062f12a65db01980ddc97fc45d5d49a239353a	Owner contract; internal fields remain internal; no universal ABI promise
compiler/lowering/quality/quality_ir.inc::NEBOC_IR_HIR_CONFIDENCE_OFFSET	x86_64-systemv-elf-linux	compiler/lowering/quality/quality_ir.inc	NEBOC_IR_HIR_CONFIDENCE_OFFSET	560	d11cb8581991543126b99719c8ee089cd92a6084511fec8a87f6297c66c519be	Owner contract; internal fields remain internal; no universal ABI promise
compiler/lowering/quality/quality_ir.inc::NEBOC_IR_HIR_LINEAGE_OFFSET	x86_64-systemv-elf-linux	compiler/lowering/quality/quality_ir.inc	NEBOC_IR_HIR_LINEAGE_OFFSET	568	549ab068dc9f9dc8972a538ee8643e07e00ba39f0bb34c559ca8f028c84b3e2c	Owner contract; internal fields remain internal; no universal ABI promise
compiler/lowering/quality/quality_ir.inc::NEBOC_IR_HIR_THRESHOLD_GATE_OFFSET	x86_64-systemv-elf-linux	compiler/lowering/quality/quality_ir.inc	NEBOC_IR_HIR_THRESHOLD_GATE_OFFSET	576	f8c73b7dfa22c8b53c08e2ad7d1c165d9e3381d18ab1be85c373322f4f255c39	Owner contract; internal fields remain internal; no universal ABI promise
compiler/lowering/quality/quality_ir.inc::NEBOC_IR_LIR_MIN_QUALITY_OFFSET	x86_64-systemv-elf-linux	compiler/lowering/quality/quality_ir.inc	NEBOC_IR_LIR_MIN_QUALITY_OFFSET	584	08f4906efb2163f1c42e47c8759d91673cd3522faa393e3ec0809a1cb7ca71c9	Owner contract; internal fields remain internal; no universal ABI promise
compiler/lowering/quality/quality_ir.inc::NEBOC_IR_LIR_MIN_CONFIDENCE_OFFSET	x86_64-systemv-elf-linux	compiler/lowering/quality/quality_ir.inc	NEBOC_IR_LIR_MIN_CONFIDENCE_OFFSET	592	4c7ca741c00a9a2516962c584b824be03f19c5a3a98126e7aa1fe88f6a26daea	Owner contract; internal fields remain internal; no universal ABI promise
compiler/lowering/quality/quality_ir.inc::NEBOC_IR_LIR_LINEAGE_HASH_OFFSET	x86_64-systemv-elf-linux	compiler/lowering/quality/quality_ir.inc	NEBOC_IR_LIR_LINEAGE_HASH_OFFSET	600	d3b48e9f6c1266ad00c1ed2d41fa39a64ac0f67d5ea7f93ae3135b4ab2fe57b2	Owner contract; internal fields remain internal; no universal ABI promise
compiler/lowering/quality/quality_ir.inc::NEBOC_IR_LIR_SECURITY_ASSERT_OFFSET	x86_64-systemv-elf-linux	compiler/lowering/quality/quality_ir.inc	NEBOC_IR_LIR_SECURITY_ASSERT_OFFSET	608	1d6205ca8cc0de87c7bb4049b8fb07b5795daa410c4a59fb53ee8de9b72683b6	Owner contract; internal fields remain internal; no universal ABI promise
compiler/lowering/quality/quality_ir.inc::neboc_quality_confidence_e_lineage_IR_RESULT_TYPE_OFFSET	x86_64-systemv-elf-linux	compiler/lowering/quality/quality_ir.inc	neboc_quality_confidence_e_lineage_IR_RESULT_TYPE_OFFSET	616	31c1178614406d75feb206fcdd8cab17beab1aea36fca6abea7aa1c22517d715	Owner contract; internal fields remain internal; no universal ABI promise
compiler/lowering/quality/quality_ir.inc::NEBOC_IR_EFFECTIVE_QUALITY_OFFSET	x86_64-systemv-elf-linux	compiler/lowering/quality/quality_ir.inc	NEBOC_IR_EFFECTIVE_QUALITY_OFFSET	624	a177ef55fa1b981f43f115f3acf5edd64a947d848bb3e3dbde4601aac1fb88dc	Owner contract; internal fields remain internal; no universal ABI promise
compiler/lowering/quality/quality_ir.inc::NEBOC_IR_EFFECTIVE_CONFIDENCE_OFFSET	x86_64-systemv-elf-linux	compiler/lowering/quality/quality_ir.inc	NEBOC_IR_EFFECTIVE_CONFIDENCE_OFFSET	632	9f1c6564c5aaaddd2c304af77d4a6c0602b1c2f40d3839fd3a02ab00caee4dc2	Owner contract; internal fields remain internal; no universal ABI promise
compiler/lowering/quality/quality_ir.inc::NEBOC_IR_LINEAGE_HASH_OFFSET	x86_64-systemv-elf-linux	compiler/lowering/quality/quality_ir.inc	NEBOC_IR_LINEAGE_HASH_OFFSET	640	4b8c407263b9dab242de20203e6741185bd254f9a638562d1e5dab6e744c323a	Owner contract; internal fields remain internal; no universal ABI promise
compiler/lowering/quality/quality_ir.inc::neboc_quality_confidence_e_lineage_IR_DECISION_OFFSET	x86_64-systemv-elf-linux	compiler/lowering/quality/quality_ir.inc	neboc_quality_confidence_e_lineage_IR_DECISION_OFFSET	648	6aa4751b740c3972c0e1718c3d7caed02866892663b8844c08c7e9090ec877db	Owner contract; internal fields remain internal; no universal ABI promise
compiler/lowering/quality/quality_ir.inc::neboc_quality_confidence_e_lineage_IR_DIAGNOSTIC_OFFSET	x86_64-systemv-elf-linux	compiler/lowering/quality/quality_ir.inc	neboc_quality_confidence_e_lineage_IR_DIAGNOSTIC_OFFSET	656	11f775b18c6b24dea54758ad578be3863b2dd3d6bbe0f0b195096fbaf8436587	Owner contract; internal fields remain internal; no universal ABI promise
compiler/lowering/quality/quality_ir.inc::neboc_quality_confidence_e_lineage_IR_ALLOCATIONS_OFFSET	x86_64-systemv-elf-linux	compiler/lowering/quality/quality_ir.inc	neboc_quality_confidence_e_lineage_IR_ALLOCATIONS_OFFSET	664	0dee490ee02477dbabd8fd44e723588ff8e4a2e28ff531e183421507df522a36	Owner contract; internal fields remain internal; no universal ABI promise
compiler/lowering/quality/quality_ir.inc::neboc_quality_confidence_e_lineage_IR_HASH_OFFSET	x86_64-systemv-elf-linux	compiler/lowering/quality/quality_ir.inc	neboc_quality_confidence_e_lineage_IR_HASH_OFFSET	672	d6380c5711597af437bcb686bd01a82e7bb5e8b87e4ca607f728a5fc58d6e7ed	Owner contract; internal fields remain internal; no universal ABI promise
compiler/lowering/quality/quality_ir.inc::neboc_quality_confidence_e_lineage_IR_HASHED_BYTES	x86_64-systemv-elf-linux	compiler/lowering/quality/quality_ir.inc	neboc_quality_confidence_e_lineage_IR_HASHED_BYTES	672	18a78257aba41538a21dea6a172d67107c71bbef05de7f493f780b0a3fbfd549	Owner contract; internal fields remain internal; no universal ABI promise
compiler/lowering/quality/quality_ir.inc::neboc_quality_confidence_e_lineage_IR_OUTPUT_QWORDS	x86_64-systemv-elf-linux	compiler/lowering/quality/quality_ir.inc	neboc_quality_confidence_e_lineage_IR_OUTPUT_QWORDS	16	8c05f2299321db6842c742ac70811b3180840c3d87443ff1368d1a8559effac4	Owner contract; internal fields remain internal; no universal ABI promise
compiler/lowering/quality/quality_ir.inc::neboc_quality_confidence_e_lineage_IR_REQUEST_SIZE	x86_64-systemv-elf-linux	compiler/lowering/quality/quality_ir.inc	neboc_quality_confidence_e_lineage_IR_REQUEST_SIZE	680	da940df9a7bec7da3c4d456031196d9555007dd4aa555bca4201ae413d971094	Owner contract; internal fields remain internal; no universal ABI promise
compiler/lowering/quality/quality_ir.inc::neboc_quality_confidence_e_lineage_IR_REQUEST_QWORDS	x86_64-systemv-elf-linux	compiler/lowering/quality/quality_ir.inc	neboc_quality_confidence_e_lineage_IR_REQUEST_QWORDS	85	946cc9487ac8aeddc954105754f3af0f713c5d345244e6bcfffaffa2288afc28	Owner contract; internal fields remain internal; no universal ABI promise
compiler/lowering/quality/quality_ir.inc::neboc_quality_confidence_e_lineage_IR_ALIGNMENT	x86_64-systemv-elf-linux	compiler/lowering/quality/quality_ir.inc	neboc_quality_confidence_e_lineage_IR_ALIGNMENT	8	1c22c436e53e6f58016bdafc4919496ff01d1ec7d992cfbb823a37f05d1d5c73	Owner contract; internal fields remain internal; no universal ABI promise
compiler/lowering/quality/quality_ir.inc::NEBOC_HIR_QUALITY_PROPAGATE	x86_64-systemv-elf-linux	compiler/lowering/quality/quality_ir.inc	NEBOC_HIR_QUALITY_PROPAGATE	2301	9e447dd7f8c3a6253c3ee34b1e75acfea877e4df2ae31a47812787f24215c305	Owner contract; internal fields remain internal; no universal ABI promise
compiler/lowering/quality/quality_ir.inc::NEBOC_HIR_CONFIDENCE_PROPAGATE	x86_64-systemv-elf-linux	compiler/lowering/quality/quality_ir.inc	NEBOC_HIR_CONFIDENCE_PROPAGATE	2302	d0de2f5722e5bec2ded26b382b6507dff23b181d2eb990bfddf12bd42c8457eb	Owner contract; internal fields remain internal; no universal ABI promise
compiler/lowering/quality/quality_ir.inc::NEBOC_HIR_LINEAGE_BIND	x86_64-systemv-elf-linux	compiler/lowering/quality/quality_ir.inc	NEBOC_HIR_LINEAGE_BIND	2303	5483259f2447c33f65bf29ad57b934e3b22f7d4b7166aa8feb60f0ec2782bee6	Owner contract; internal fields remain internal; no universal ABI promise
compiler/lowering/quality/quality_ir.inc::NEBOC_HIR_THRESHOLD_GATE	x86_64-systemv-elf-linux	compiler/lowering/quality/quality_ir.inc	NEBOC_HIR_THRESHOLD_GATE	2304	116d4fd7885dd3ef40242226b3d5c9277b42f7f705fe1db758967ad773a2b96c	Owner contract; internal fields remain internal; no universal ABI promise
compiler/lowering/quality/quality_ir.inc::NEBOC_LIR_MIN_QUALITY	x86_64-systemv-elf-linux	compiler/lowering/quality/quality_ir.inc	NEBOC_LIR_MIN_QUALITY	2311	fce862768a7cf4c1d4ca6fbcdb450e5698d0de5984486577038542a16f249f29	Owner contract; internal fields remain internal; no universal ABI promise
compiler/lowering/quality/quality_ir.inc::NEBOC_LIR_MIN_CONFIDENCE	x86_64-systemv-elf-linux	compiler/lowering/quality/quality_ir.inc	NEBOC_LIR_MIN_CONFIDENCE	2312	25b8c158d98d4830ced6371bab8aa6c396c9ff9fe94a9a09afe8d103be9df2e5	Owner contract; internal fields remain internal; no universal ABI promise
compiler/lowering/quality/quality_ir.inc::NEBOC_LIR_LINEAGE_HASH	x86_64-systemv-elf-linux	compiler/lowering/quality/quality_ir.inc	NEBOC_LIR_LINEAGE_HASH	2313	4f6cefdf689ddb433d157fed9e0073af2dc7c76b79e14380ee4d67e30ddd138b	Owner contract; internal fields remain internal; no universal ABI promise
compiler/lowering/quality/quality_ir.inc::NEBOC_LIR_SECURITY_ASSERT	x86_64-systemv-elf-linux	compiler/lowering/quality/quality_ir.inc	NEBOC_LIR_SECURITY_ASSERT	2314	2264ed70a87b76716461251c77e4c04af265923a9413b5ff9a2674b5a79f1e9e	Owner contract; internal fields remain internal; no universal ABI promise
compiler/lowering/quality/quality_native.inc::neboc_quality_confidence_e_lineage_NATIVE_OUTPUT_OFFSET	x86_64-systemv-elf-linux	compiler/lowering/quality/quality_native.inc	neboc_quality_confidence_e_lineage_NATIVE_OUTPUT_OFFSET	680	9d4b3f69b52a3cb4f95b0d1ecb25fcf553a8de8c020a7c68b3701f8a5f30d2cd	Owner contract; internal fields remain internal; no universal ABI promise
compiler/lowering/quality/quality_native.inc::neboc_quality_confidence_e_lineage_NATIVE_TARGET_OFFSET	x86_64-systemv-elf-linux	compiler/lowering/quality/quality_native.inc	neboc_quality_confidence_e_lineage_NATIVE_TARGET_OFFSET	680	f5670d6116d15578d4f3d9caba269fd8528a5cafec1a0fca1395ab47530d74f8	Owner contract; internal fields remain internal; no universal ABI promise
compiler/lowering/quality/quality_native.inc::NEBOC_NATIVE_WORD_BYTES_OFFSET	x86_64-systemv-elf-linux	compiler/lowering/quality/quality_native.inc	NEBOC_NATIVE_WORD_BYTES_OFFSET	688	b4c86443e5c8562a8c0f43cb13836032f5a4d77a306ab42aa70b39d5f6b48b3c	Owner contract; internal fields remain internal; no universal ABI promise
compiler/lowering/quality/quality_native.inc::NEBOC_NATIVE_SCORE_SCALE_OFFSET	x86_64-systemv-elf-linux	compiler/lowering/quality/quality_native.inc	NEBOC_NATIVE_SCORE_SCALE_OFFSET	696	34a8247ed941b09a6ae55d91828e55c3bd624e0b43b2988a8237dbb065b85ea5	Owner contract; internal fields remain internal; no universal ABI promise
compiler/lowering/quality/quality_native.inc::NEBOC_NATIVE_RUNTIME_GATE_OFFSET	x86_64-systemv-elf-linux	compiler/lowering/quality/quality_native.inc	NEBOC_NATIVE_RUNTIME_GATE_OFFSET	704	cfe88230a3e2a148e3d18ee59e8fb87557bb5877e6af16467401839f4a3005fe	Owner contract; internal fields remain internal; no universal ABI promise
compiler/lowering/quality/quality_native.inc::neboc_quality_confidence_e_lineage_NATIVE_RESULT_TYPE_OFFSET	x86_64-systemv-elf-linux	compiler/lowering/quality/quality_native.inc	neboc_quality_confidence_e_lineage_NATIVE_RESULT_TYPE_OFFSET	712	b5f4398a3a7f7f376d3b633c3622f9d5dce2bfd4c20257a4f1ae2b398d4d2a12	Owner contract; internal fields remain internal; no universal ABI promise
compiler/lowering/quality/quality_native.inc::NEBOC_NATIVE_EFFECTIVE_QUALITY_OFFSET	x86_64-systemv-elf-linux	compiler/lowering/quality/quality_native.inc	NEBOC_NATIVE_EFFECTIVE_QUALITY_OFFSET	720	2988fcd6c36f767141cf80688c0e97a87b327a63d3ee728b68a0cb911f1cbf3f	Owner contract; internal fields remain internal; no universal ABI promise
compiler/lowering/quality/quality_native.inc::NEBOC_NATIVE_EFFECTIVE_CONFIDENCE_OFFSET	x86_64-systemv-elf-linux	compiler/lowering/quality/quality_native.inc	NEBOC_NATIVE_EFFECTIVE_CONFIDENCE_OFFSET	728	d774da8680d06e2c9cf65442ad49f59d1f5384f0074e954aa6f4b7cfadcee302	Owner contract; internal fields remain internal; no universal ABI promise
compiler/lowering/quality/quality_native.inc::NEBOC_NATIVE_LINEAGE_HASH_OFFSET	x86_64-systemv-elf-linux	compiler/lowering/quality/quality_native.inc	NEBOC_NATIVE_LINEAGE_HASH_OFFSET	736	6cb8093163e317fa662ea5d606126744626367070bc65d22c6da28336e24a556	Owner contract; internal fields remain internal; no universal ABI promise
compiler/lowering/quality/quality_native.inc::neboc_quality_confidence_e_lineage_NATIVE_DECISION_OFFSET	x86_64-systemv-elf-linux	compiler/lowering/quality/quality_native.inc	neboc_quality_confidence_e_lineage_NATIVE_DECISION_OFFSET	744	bd2721b2af06431465c0e5604d6437576cc723a78edc7584ed81c0c6d41faa49	Owner contract; internal fields remain internal; no universal ABI promise
compiler/lowering/quality/quality_native.inc::neboc_quality_confidence_e_lineage_NATIVE_DIAGNOSTIC_OFFSET	x86_64-systemv-elf-linux	compiler/lowering/quality/quality_native.inc	neboc_quality_confidence_e_lineage_NATIVE_DIAGNOSTIC_OFFSET	752	f7eff951aa3a115167f452e2caa805d1929ce3f13b37f3c3eea02e1b6c4421be	Owner contract; internal fields remain internal; no universal ABI promise
compiler/lowering/quality/quality_native.inc::neboc_quality_confidence_e_lineage_NATIVE_ALLOCATIONS_OFFSET	x86_64-systemv-elf-linux	compiler/lowering/quality/quality_native.inc	neboc_quality_confidence_e_lineage_NATIVE_ALLOCATIONS_OFFSET	760	544a449c62dc2c9bc51d8ddf03785a998706b598611932f9abbc8531b807e92d	Owner contract; internal fields remain internal; no universal ABI promise
compiler/lowering/quality/quality_native.inc::neboc_quality_confidence_e_lineage_NATIVE_HASH_OFFSET	x86_64-systemv-elf-linux	compiler/lowering/quality/quality_native.inc	neboc_quality_confidence_e_lineage_NATIVE_HASH_OFFSET	768	49bcb658a30c5a8f503111a3e5e1bc9ff19512949406dcdeea0100cfdffe3e48	Owner contract; internal fields remain internal; no universal ABI promise
compiler/lowering/quality/quality_native.inc::neboc_quality_confidence_e_lineage_NATIVE_HASHED_BYTES	x86_64-systemv-elf-linux	compiler/lowering/quality/quality_native.inc	neboc_quality_confidence_e_lineage_NATIVE_HASHED_BYTES	768	e8138804d99e920472eceb43ac5952d2e12a2a2a76b57f05de97898c98e88872	Owner contract; internal fields remain internal; no universal ABI promise
compiler/lowering/quality/quality_native.inc::neboc_quality_confidence_e_lineage_NATIVE_OUTPUT_QWORDS	x86_64-systemv-elf-linux	compiler/lowering/quality/quality_native.inc	neboc_quality_confidence_e_lineage_NATIVE_OUTPUT_QWORDS	12	1b60a64f54b0dbf0c09ee08bc74450321df0229d258d384e499a0a3e495a1401	Owner contract; internal fields remain internal; no universal ABI promise
compiler/lowering/quality/quality_native.inc::neboc_quality_confidence_e_lineage_NATIVE_REQUEST_SIZE	x86_64-systemv-elf-linux	compiler/lowering/quality/quality_native.inc	neboc_quality_confidence_e_lineage_NATIVE_REQUEST_SIZE	776	3be493483ee1ccfd3b0af91e3cd17eae8843536ce92ef0813788bb4fe36f3c3b	Owner contract; internal fields remain internal; no universal ABI promise
compiler/lowering/quality/quality_native.inc::neboc_quality_confidence_e_lineage_NATIVE_REQUEST_QWORDS	x86_64-systemv-elf-linux	compiler/lowering/quality/quality_native.inc	neboc_quality_confidence_e_lineage_NATIVE_REQUEST_QWORDS	97	4e4c471370a625a2c26a32b260292e37f63be0cbe696353e96945e9221fed2b5	Owner contract; internal fields remain internal; no universal ABI promise
compiler/lowering/quality/quality_native.inc::neboc_quality_confidence_e_lineage_NATIVE_ALIGNMENT	x86_64-systemv-elf-linux	compiler/lowering/quality/quality_native.inc	neboc_quality_confidence_e_lineage_NATIVE_ALIGNMENT	8	c6c2a7f5a43285b76f504d34ca8fa3b59f24cadd9c443108d9344afbd8fe2a24	Owner contract; internal fields remain internal; no universal ABI promise
compiler/lowering/quality/quality_native.inc::NEBOC_NATIVE_TARGET_X86_64_SYSV	x86_64-systemv-elf-linux	compiler/lowering/quality/quality_native.inc	NEBOC_NATIVE_TARGET_X86_64_SYSV	1	95672150571130a56d98b6d45cdedc0a793aa784fae2e387e25af20d734af919	Owner contract; internal fields remain internal; no universal ABI promise
compiler/lowering/quality/quality_native.inc::NEBOC_NATIVE_WORD_BYTES	x86_64-systemv-elf-linux	compiler/lowering/quality/quality_native.inc	NEBOC_NATIVE_WORD_BYTES	8	f1be3750d69ab782028c3def00e063efaf178c9ce791b8565c95a79c2ff4faf5	Owner contract; internal fields remain internal; no universal ABI promise
compiler/lowering/quality/quality_native.inc::NEBOC_NATIVE_RUNTIME_GATE_ID	x86_64-systemv-elf-linux	compiler/lowering/quality/quality_native.inc	NEBOC_NATIVE_RUNTIME_GATE_ID	23041	db1213b623cbb4dfe27d09a5a95d8e8e8cfab842b79b02328687194c2d63cc2f	Owner contract; internal fields remain internal; no universal ABI promise
compiler/lowering/scalars/decimal_binary64.inc::DBC_LIMBS	x86_64-systemv-elf-linux	compiler/lowering/scalars/decimal_binary64.inc	DBC_LIMBS	96	763420749b0f4ae95742e5b5615d70c4dfda109318e90f38314f298e803c4de5	Owner contract; internal fields remain internal; no universal ABI promise
compiler/lowering/scalars/decimal_binary64.inc::DBC_N	x86_64-systemv-elf-linux	compiler/lowering/scalars/decimal_binary64.inc	DBC_N	128	ab2c6222cdd5963e0edefdb96b232c5c7c1ebe8adbe59b1b9a3b6276e9d2a3d8	Owner contract; internal fields remain internal; no universal ABI promise
compiler/lowering/scalars/decimal_binary64.inc::DBC_D	x86_64-systemv-elf-linux	compiler/lowering/scalars/decimal_binary64.inc	DBC_D	896	11677ab133a82ec9173749e46336960f867635eb3025acf1e70f7bb1ab5f9f70	Owner contract; internal fields remain internal; no universal ABI promise
compiler/lowering/scalars/decimal_binary64.inc::DBC_A	x86_64-systemv-elf-linux	compiler/lowering/scalars/decimal_binary64.inc	DBC_A	1664	1ad065ba5dc7e7c52b12e65af9738b69c974332884821f92359c022beed03f21	Owner contract; internal fields remain internal; no universal ABI promise
compiler/lowering/scalars/decimal_binary64.inc::DBC_T	x86_64-systemv-elf-linux	compiler/lowering/scalars/decimal_binary64.inc	DBC_T	2432	ad57948a8c22cf4fefd77400efd9246d7d965c69c1a410147bd5d66d11293d20	Owner contract; internal fields remain internal; no universal ABI promise
compiler/lowering/scalars/decimal_binary64.inc::DBC_FRAME	x86_64-systemv-elf-linux	compiler/lowering/scalars/decimal_binary64.inc	DBC_FRAME	3288	22544f242a1d757754945d56bf0b8e0defa4e6a9bdb0aeae828c9ccc49ee2199	Owner contract; internal fields remain internal; no universal ABI promise
compiler/lowering/scalars/foundation_float_lowering.inc::NEBOC_FLOAT_LOWERING_MAX_TOTAL_DIGITS	x86_64-systemv-elf-linux	compiler/lowering/scalars/foundation_float_lowering.inc	NEBOC_FLOAT_LOWERING_MAX_TOTAL_DIGITS	65535	10f98e2eaa1c424326afca50af77b2101621f194bffbfd7da8e83fd5073b9fc9	Owner contract; internal fields remain internal; no universal ABI promise
compiler/lowering/scalars/foundation_float_lowering.inc::NEBOC_FLOAT_LOWERING_REQUEST_SOURCE_OFFSET	x86_64-systemv-elf-linux	compiler/lowering/scalars/foundation_float_lowering.inc	NEBOC_FLOAT_LOWERING_REQUEST_SOURCE_OFFSET	0	e42470f84d97751f40e201864b0eededed2ac6fde8ddc729dff48178b6238b05	Owner contract; internal fields remain internal; no universal ABI promise
compiler/lowering/scalars/foundation_float_lowering.inc::NEBOC_FLOAT_LOWERING_REQUEST_LENGTH_OFFSET	x86_64-systemv-elf-linux	compiler/lowering/scalars/foundation_float_lowering.inc	NEBOC_FLOAT_LOWERING_REQUEST_LENGTH_OFFSET	8	e4ba236b86aa689a406a82ce6387fb7dd8139f5b5843871b8806cdc1615579a5	Owner contract; internal fields remain internal; no universal ABI promise
compiler/lowering/scalars/foundation_float_lowering.inc::NEBOC_FLOAT_LOWERING_REQUEST_OUT_BITS_OFFSET	x86_64-systemv-elf-linux	compiler/lowering/scalars/foundation_float_lowering.inc	NEBOC_FLOAT_LOWERING_REQUEST_OUT_BITS_OFFSET	16	77b54d4ac9966ac29e0491f1c290183a43fec44973c0103f6f78b5d238a37b3b	Owner contract; internal fields remain internal; no universal ABI promise
compiler/lowering/scalars/foundation_float_lowering.inc::NEBOC_FLOAT_LOWERING_REQUEST_ERROR_CODE_OFFSET	x86_64-systemv-elf-linux	compiler/lowering/scalars/foundation_float_lowering.inc	NEBOC_FLOAT_LOWERING_REQUEST_ERROR_CODE_OFFSET	24	f527bcc394d4b563940a194fad685876c5d1bf40b72f9feb27ff6e577440b391	Owner contract; internal fields remain internal; no universal ABI promise
compiler/lowering/scalars/foundation_float_lowering.inc::NEBOC_FLOAT_LOWERING_REQUEST_INTEGER_DIGITS_OFFSET	x86_64-systemv-elf-linux	compiler/lowering/scalars/foundation_float_lowering.inc	NEBOC_FLOAT_LOWERING_REQUEST_INTEGER_DIGITS_OFFSET	32	2d1e2cf954dea9a18a883d706119f8cff6334656ab0e0dfad83457dbf48076d6	Owner contract; internal fields remain internal; no universal ABI promise
compiler/lowering/scalars/foundation_float_lowering.inc::NEBOC_FLOAT_LOWERING_REQUEST_FRACTION_DIGITS_OFFSET	x86_64-systemv-elf-linux	compiler/lowering/scalars/foundation_float_lowering.inc	NEBOC_FLOAT_LOWERING_REQUEST_FRACTION_DIGITS_OFFSET	40	9642ea36bac7bcc06e78b799fe3d042285564ca0ce1ce28f0e3c95390a71bf70	Owner contract; internal fields remain internal; no universal ABI promise
compiler/lowering/scalars/foundation_float_lowering.inc::NEBOC_FLOAT_LOWERING_REQUEST_FLAGS_OFFSET	x86_64-systemv-elf-linux	compiler/lowering/scalars/foundation_float_lowering.inc	NEBOC_FLOAT_LOWERING_REQUEST_FLAGS_OFFSET	48	2742eaba75b109a0e3af86e2a38cc6714b5ff033ff2ae3b84703f77313579582	Owner contract; internal fields remain internal; no universal ABI promise
compiler/lowering/scalars/foundation_float_lowering.inc::NEBOC_FLOAT_LOWERING_REQUEST_RESERVED_OFFSET	x86_64-systemv-elf-linux	compiler/lowering/scalars/foundation_float_lowering.inc	NEBOC_FLOAT_LOWERING_REQUEST_RESERVED_OFFSET	56	ac1998ffa942ba97ae58a649e54de264e733725ba495e298f535d75e4b79ca95	Owner contract; internal fields remain internal; no universal ABI promise
compiler/lowering/scalars/foundation_float_lowering.inc::NEBOC_FLOAT_LOWERING_REQUEST_SIZE	x86_64-systemv-elf-linux	compiler/lowering/scalars/foundation_float_lowering.inc	NEBOC_FLOAT_LOWERING_REQUEST_SIZE	64	2055e1786d8dd458906f657d4f77fdf76708df4bdbd0b78399b6b192a06ad51d	Owner contract; internal fields remain internal; no universal ABI promise
compiler/lowering/scalars/foundation_float_lowering.inc::NEBOC_FLOAT_LOWERING_REQUEST_QWORDS	x86_64-systemv-elf-linux	compiler/lowering/scalars/foundation_float_lowering.inc	NEBOC_FLOAT_LOWERING_REQUEST_QWORDS	8	5114a6c3211cdc5a64f0521ebdd1fe933477cf7414433132d3f4e5955cd41638	Owner contract; internal fields remain internal; no universal ABI promise
compiler/lowering/scalars/foundation_float_lowering.inc::NEBOC_FLOAT_LOWERING_FLAG_MATERIALIZED	x86_64-systemv-elf-linux	compiler/lowering/scalars/foundation_float_lowering.inc	NEBOC_FLOAT_LOWERING_FLAG_MATERIALIZED	1	47d0fb7d822c27e414751de278dfe5a24a62729aaa39d89a9394112faf5ea13b	Owner contract; internal fields remain internal; no universal ABI promise
compiler/lowering/scalars/foundation_float_lowering.inc::NEBOC_FLOAT_LOWERING_FLAG_STRICT_DECIMAL	x86_64-systemv-elf-linux	compiler/lowering/scalars/foundation_float_lowering.inc	NEBOC_FLOAT_LOWERING_FLAG_STRICT_DECIMAL	2	7d65d9559a8872a438c83fa5ec082951ffbc4b228819fb11221e35b32bf2f4b1	Owner contract; internal fields remain internal; no universal ABI promise
compiler/lowering/scalars/foundation_float_lowering.inc::NEBOC_FLOAT_LOWERING_FLAG_PUBLIC_VERTICAL_SLICE	x86_64-systemv-elf-linux	compiler/lowering/scalars/foundation_float_lowering.inc	NEBOC_FLOAT_LOWERING_FLAG_PUBLIC_VERTICAL_SLICE	4	e80114a0a702873c63804b87ecf8424a9d13e6a30be8c8d7549e9e0a84c63561	Owner contract; internal fields remain internal; no universal ABI promise
compiler/lowering/scalars/foundation_float_lowering.inc::NEBOC_FLOAT_LOWERING_FLAG_IEEE754_BINARY64	x86_64-systemv-elf-linux	compiler/lowering/scalars/foundation_float_lowering.inc	NEBOC_FLOAT_LOWERING_FLAG_IEEE754_BINARY64	8	ce4c45b21ea66a462dc47bf51a58ae9bd694f884c5e6639b75f7ec0a4c88c870	Owner contract; internal fields remain internal; no universal ABI promise
compiler/lowering/scalars/foundation_float_lowering.inc::NEBOC_FLOAT_LOWERING_FLAG_DETERMINISTIC	x86_64-systemv-elf-linux	compiler/lowering/scalars/foundation_float_lowering.inc	NEBOC_FLOAT_LOWERING_FLAG_DETERMINISTIC	16	9dfb83c492bd87b0f1c5f3f0def8092bb1096574ebbf5f6416cd50b7c227c759	Owner contract; internal fields remain internal; no universal ABI promise
compiler/lowering/scalars/foundation_float_lowering.inc::NEBOC_FLOAT_LOWERING_REQUIRED_FLAGS	x86_64-systemv-elf-linux	compiler/lowering/scalars/foundation_float_lowering.inc	NEBOC_FLOAT_LOWERING_REQUIRED_FLAGS	31	be8e3d008942326112df1b52362000afa236a767a277a1c03ba4034d4441d209	Owner contract; internal fields remain internal; no universal ABI promise
compiler/lowering/scalars/foundation_float_lowering.inc::NEBOC_FLOAT_LOWERING_ERROR_NONE	x86_64-systemv-elf-linux	compiler/lowering/scalars/foundation_float_lowering.inc	NEBOC_FLOAT_LOWERING_ERROR_NONE	0	afe8a2b69570e24653dc623eba00309d757f16c56e7196c313c0814234b800ef	Owner contract; internal fields remain internal; no universal ABI promise
compiler/lowering/scalars/foundation_float_lowering.inc::NEBOC_FLOAT_LOWERING_ERROR_BAD_REQUEST	x86_64-systemv-elf-linux	compiler/lowering/scalars/foundation_float_lowering.inc	NEBOC_FLOAT_LOWERING_ERROR_BAD_REQUEST	1	853890759eaa471067145688d665e545a4e9f4ae0005e516ef292224edb57933	Owner contract; internal fields remain internal; no universal ABI promise
compiler/lowering/scalars/foundation_float_lowering.inc::NEBOC_FLOAT_LOWERING_ERROR_INVALID_SHAPE	x86_64-systemv-elf-linux	compiler/lowering/scalars/foundation_float_lowering.inc	NEBOC_FLOAT_LOWERING_ERROR_INVALID_SHAPE	2	3e75e4638dbe14f3e4e9ff6575b63ae498ed195b700f0f3f7d0137b11f42da0d	Owner contract; internal fields remain internal; no universal ABI promise
compiler/lowering/scalars/foundation_float_lowering.inc::NEBOC_FLOAT_LOWERING_ERROR_SOURCE_LIMIT	x86_64-systemv-elf-linux	compiler/lowering/scalars/foundation_float_lowering.inc	NEBOC_FLOAT_LOWERING_ERROR_SOURCE_LIMIT	3	2a712b7cd8fa1b6dd6e7d63eea80fd93cda0f493ecb5fbce922d5a335ee39fd6	Owner contract; internal fields remain internal; no universal ABI promise
compiler/lowering/scalars/foundation_float_lowering.inc::NEBOC_FLOAT_LOWERING_ERROR_COUNT	x86_64-systemv-elf-linux	compiler/lowering/scalars/foundation_float_lowering.inc	NEBOC_FLOAT_LOWERING_ERROR_COUNT	4	ba7899ebbed687ba9997081c38a6c459282bc266ba91defec5d857ba6daa45b1	Owner contract; internal fields remain internal; no universal ABI promise
compiler/lowering/scalars/numeric_literal_ir_contract.inc::neboc_literais_numericos_bases_e_representacao_IR_SEMANTIC_REQUEST_OFFSET	x86_64-systemv-elf-linux	compiler/lowering/scalars/numeric_literal_ir_contract.inc	neboc_literais_numericos_bases_e_representacao_IR_SEMANTIC_REQUEST_OFFSET	0	2d710818bb974b9a6e07a40f440135720faae314e861181359191ef1639c107b	Owner contract; internal fields remain internal; no universal ABI promise
compiler/lowering/scalars/numeric_literal_ir_contract.inc::neboc_literais_numericos_bases_e_representacao_IR_HIR_KIND_OFFSET	x86_64-systemv-elf-linux	compiler/lowering/scalars/numeric_literal_ir_contract.inc	neboc_literais_numericos_bases_e_representacao_IR_HIR_KIND_OFFSET	8	5ab9ac835abb69f2811a6391253132c09d8a4bc948afa748eb740f04b598d491	Owner contract; internal fields remain internal; no universal ABI promise
compiler/lowering/scalars/numeric_literal_ir_contract.inc::NEBOC_IR_HIR_TYPE_ID_OFFSET	x86_64-systemv-elf-linux	compiler/lowering/scalars/numeric_literal_ir_contract.inc	NEBOC_IR_HIR_TYPE_ID_OFFSET	16	4e6ba9258a1fb272ac6ae64f0c7a21662165812d176fa6b0a16c39e02f28e05a	Owner contract; internal fields remain internal; no universal ABI promise
compiler/lowering/scalars/numeric_literal_ir_contract.inc::NEBOC_IR_HIR_VALUE_OFFSET	x86_64-systemv-elf-linux	compiler/lowering/scalars/numeric_literal_ir_contract.inc	NEBOC_IR_HIR_VALUE_OFFSET	24	afb9fd57fef51d84f6cc67f5bf7fdab2fc2b7178896ecc7b0117eebc9e050545	Owner contract; internal fields remain internal; no universal ABI promise
compiler/lowering/scalars/numeric_literal_ir_contract.inc::neboc_literais_numericos_bases_e_representacao_IR_HIR_SOURCE_ID_OFFSET	x86_64-systemv-elf-linux	compiler/lowering/scalars/numeric_literal_ir_contract.inc	neboc_literais_numericos_bases_e_representacao_IR_HIR_SOURCE_ID_OFFSET	32	915141680be3c6b09f9f18dcb0e9d9d8814b6b0bb4f7eeebe0affc55aa3ae037	Owner contract; internal fields remain internal; no universal ABI promise
compiler/lowering/scalars/numeric_literal_ir_contract.inc::NEBOC_IR_HIR_START_OFFSET	x86_64-systemv-elf-linux	compiler/lowering/scalars/numeric_literal_ir_contract.inc	NEBOC_IR_HIR_START_OFFSET	40	0496b11379295fb03bb4f2a948600adf75808bd581ebf5530881331a492bceee	Owner contract; internal fields remain internal; no universal ABI promise
compiler/lowering/scalars/numeric_literal_ir_contract.inc::NEBOC_IR_HIR_END_OFFSET	x86_64-systemv-elf-linux	compiler/lowering/scalars/numeric_literal_ir_contract.inc	NEBOC_IR_HIR_END_OFFSET	48	46d65c95a934986888aaac234142b734168219536ac4824f377994c9df36475d	Owner contract; internal fields remain internal; no universal ABI promise
compiler/lowering/scalars/numeric_literal_ir_contract.inc::neboc_literais_numericos_bases_e_representacao_IR_HIR_PROVENANCE_HASH_OFFSET	x86_64-systemv-elf-linux	compiler/lowering/scalars/numeric_literal_ir_contract.inc	neboc_literais_numericos_bases_e_representacao_IR_HIR_PROVENANCE_HASH_OFFSET	56	475633b1ff87e23f5f369fd9ae2a8c69027f575d8d32645285cb77c85755eaf3	Owner contract; internal fields remain internal; no universal ABI promise
compiler/lowering/scalars/numeric_literal_ir_contract.inc::neboc_literais_numericos_bases_e_representacao_IR_LIR_KIND_OFFSET	x86_64-systemv-elf-linux	compiler/lowering/scalars/numeric_literal_ir_contract.inc	neboc_literais_numericos_bases_e_representacao_IR_LIR_KIND_OFFSET	64	4ecbe5d8f79ea2858e710ed5c146b3927b6278f98e22b40ced41c3beb29e91de	Owner contract; internal fields remain internal; no universal ABI promise
compiler/lowering/scalars/numeric_literal_ir_contract.inc::NEBOC_IR_LIR_WIDTH_OFFSET	x86_64-systemv-elf-linux	compiler/lowering/scalars/numeric_literal_ir_contract.inc	NEBOC_IR_LIR_WIDTH_OFFSET	72	597c4132dbec6ff8ab74bfd1da216eef230d7dbff61cccb3c354df21bd275fdb	Owner contract; internal fields remain internal; no universal ABI promise
compiler/lowering/scalars/numeric_literal_ir_contract.inc::NEBOC_IR_LIR_SIGNED_OFFSET	x86_64-systemv-elf-linux	compiler/lowering/scalars/numeric_literal_ir_contract.inc	NEBOC_IR_LIR_SIGNED_OFFSET	80	a1f20fe42760c2fbfa3d5fc072406e1d846b85054aef12ff08a9092d4942e65b	Owner contract; internal fields remain internal; no universal ABI promise
compiler/lowering/scalars/numeric_literal_ir_contract.inc::NEBOC_IR_LIR_VALUE_OFFSET	x86_64-systemv-elf-linux	compiler/lowering/scalars/numeric_literal_ir_contract.inc	NEBOC_IR_LIR_VALUE_OFFSET	88	51d6d06b0fcd7c1f93f01024172ddb578c9852b13878ed176f0c72dce2d39101	Owner contract; internal fields remain internal; no universal ABI promise
compiler/lowering/scalars/numeric_literal_ir_contract.inc::neboc_literais_numericos_bases_e_representacao_IR_RUNTIME_METADATA_OFFSET	x86_64-systemv-elf-linux	compiler/lowering/scalars/numeric_literal_ir_contract.inc	neboc_literais_numericos_bases_e_representacao_IR_RUNTIME_METADATA_OFFSET	96	d5ab8ba12e2b87a43e3807480d3059e2967270f421fcb26c98089b12d436b25e	Owner contract; internal fields remain internal; no universal ABI promise
compiler/lowering/scalars/numeric_literal_ir_contract.inc::neboc_literais_numericos_bases_e_representacao_IR_HASH_OFFSET	x86_64-systemv-elf-linux	compiler/lowering/scalars/numeric_literal_ir_contract.inc	neboc_literais_numericos_bases_e_representacao_IR_HASH_OFFSET	104	8843ac0bdf992131a52c7e7a841be030cb143881aa1e46eb1ea73453db56488b	Owner contract; internal fields remain internal; no universal ABI promise
compiler/lowering/scalars/numeric_literal_ir_contract.inc::neboc_literais_numericos_bases_e_representacao_IR_ERROR_CODE_OFFSET	x86_64-systemv-elf-linux	compiler/lowering/scalars/numeric_literal_ir_contract.inc	neboc_literais_numericos_bases_e_representacao_IR_ERROR_CODE_OFFSET	112	af9b8973624a62ef38f0a1f800f8097e354f158d461580adfcba95e3c98e159b	Owner contract; internal fields remain internal; no universal ABI promise
compiler/lowering/scalars/numeric_literal_ir_contract.inc::neboc_literais_numericos_bases_e_representacao_IR_REQUEST_SIZE	x86_64-systemv-elf-linux	compiler/lowering/scalars/numeric_literal_ir_contract.inc	neboc_literais_numericos_bases_e_representacao_IR_REQUEST_SIZE	120	18d9a0d496e24a1be7a4d4e698cf6b2d67bfa045920a4336617321da5730d88e	Owner contract; internal fields remain internal; no universal ABI promise
compiler/lowering/scalars/numeric_literal_ir_contract.inc::NEBOC_IR_HIR_INT_CONSTANT	x86_64-systemv-elf-linux	compiler/lowering/scalars/numeric_literal_ir_contract.inc	NEBOC_IR_HIR_INT_CONSTANT	1	8c44daeb021f7fcbb999250073100b86a8ea8782cb4f63938d2452c0e23a8d40	Owner contract; internal fields remain internal; no universal ABI promise
compiler/lowering/scalars/numeric_literal_ir_contract.inc::NEBOC_IR_LIR_IMMEDIATE_I64	x86_64-systemv-elf-linux	compiler/lowering/scalars/numeric_literal_ir_contract.inc	NEBOC_IR_LIR_IMMEDIATE_I64	1	ab56fbbb7a897ea1d02593b9fd279f14decc8f232a4fb0bf963a60a13f2d3eeb	Owner contract; internal fields remain internal; no universal ABI promise
compiler/lowering/scalars/numeric_literal_ir_contract.inc::NEBOC_IR_WIDTH_64	x86_64-systemv-elf-linux	compiler/lowering/scalars/numeric_literal_ir_contract.inc	NEBOC_IR_WIDTH_64	64	f9baa8704847b5f1aa1f04c444164de13dffdae76ecfa0b838af0f184007b2c0	Owner contract; internal fields remain internal; no universal ABI promise
compiler/lowering/scalars/numeric_literal_ir_contract.inc::NEBOC_IR_SIGNED_YES	x86_64-systemv-elf-linux	compiler/lowering/scalars/numeric_literal_ir_contract.inc	NEBOC_IR_SIGNED_YES	1	0f6a025cb8a0ff2df4377212b0117cde517daa110e1aa86f2b3716c46fc23775	Owner contract; internal fields remain internal; no universal ABI promise
compiler/lowering/scalars/numeric_literal_ir_contract.inc::neboc_literais_numericos_bases_e_representacao_IR_RUNTIME_METADATA_NONE	x86_64-systemv-elf-linux	compiler/lowering/scalars/numeric_literal_ir_contract.inc	neboc_literais_numericos_bases_e_representacao_IR_RUNTIME_METADATA_NONE	0	50f7d3539d0c45d37175966799275e10ea38e861fab41c669f0660aab681cd67	Owner contract; internal fields remain internal; no universal ABI promise
compiler/lowering/scalars/numeric_literal_ir_contract.inc::neboc_literais_numericos_bases_e_representacao_IR_ERROR_NONE	x86_64-systemv-elf-linux	compiler/lowering/scalars/numeric_literal_ir_contract.inc	neboc_literais_numericos_bases_e_representacao_IR_ERROR_NONE	0	b5b42bb3d1439688e5a09bfacaea96ee3cde1dca82152b7d53139c505cb4744e	Owner contract; internal fields remain internal; no universal ABI promise
compiler/lowering/scalars/numeric_literal_ir_contract.inc::neboc_literais_numericos_bases_e_representacao_IR_ERROR_SEMANTIC_NOT_VALID	x86_64-systemv-elf-linux	compiler/lowering/scalars/numeric_literal_ir_contract.inc	neboc_literais_numericos_bases_e_representacao_IR_ERROR_SEMANTIC_NOT_VALID	1	bc1fe2f681c4096a938bd3c95eb2df69c096421a17e4471718df4471397f4db3	Owner contract; internal fields remain internal; no universal ABI promise
compiler/lowering/scalars/numeric_literal_ir_contract.inc::neboc_literais_numericos_bases_e_representacao_IR_ERROR_SEMANTIC_INVARIANT	x86_64-systemv-elf-linux	compiler/lowering/scalars/numeric_literal_ir_contract.inc	neboc_literais_numericos_bases_e_representacao_IR_ERROR_SEMANTIC_INVARIANT	2	d598ffb5b07b52990234cf786f7d94681f841ba08641fe8710135c033387075f	Owner contract; internal fields remain internal; no universal ABI promise
compiler/lowering/scalars/numeric_literal_native_lowering.inc::neboc_literais_numericos_bases_e_representacao_NATIVE_SEMANTIC_REQUEST_OFFSET	x86_64-systemv-elf-linux	compiler/lowering/scalars/numeric_literal_native_lowering.inc	neboc_literais_numericos_bases_e_representacao_NATIVE_SEMANTIC_REQUEST_OFFSET	0	78c73d092827dd36916634852b60e3a21c2de1d7f62f28177db9f79a2be01ac7	Owner contract; internal fields remain internal; no universal ABI promise
compiler/lowering/scalars/numeric_literal_native_lowering.inc::neboc_literais_numericos_bases_e_representacao_NATIVE_IR_REQUEST_OFFSET	x86_64-systemv-elf-linux	compiler/lowering/scalars/numeric_literal_native_lowering.inc	neboc_literais_numericos_bases_e_representacao_NATIVE_IR_REQUEST_OFFSET	8	1f7ebfa404c237e1a86709c790c8009d435d840245586587b9ff2b18a2a087d5	Owner contract; internal fields remain internal; no universal ABI promise
compiler/lowering/scalars/numeric_literal_native_lowering.inc::neboc_literais_numericos_bases_e_representacao_NATIVE_TARGET_ID_OFFSET	x86_64-systemv-elf-linux	compiler/lowering/scalars/numeric_literal_native_lowering.inc	neboc_literais_numericos_bases_e_representacao_NATIVE_TARGET_ID_OFFSET	16	f5d73dbaaa3ee34daf2d09d82905f94378707a1fd9d1f15371295f409579ff62	Owner contract; internal fields remain internal; no universal ABI promise
compiler/lowering/scalars/numeric_literal_native_lowering.inc::neboc_literais_numericos_bases_e_representacao_NATIVE_TYPE_ID_OFFSET	x86_64-systemv-elf-linux	compiler/lowering/scalars/numeric_literal_native_lowering.inc	neboc_literais_numericos_bases_e_representacao_NATIVE_TYPE_ID_OFFSET	24	47aa44d4fb32007ef49103a471a26d3008ed23f36378d0aff94cc9ce5d4af9a4	Owner contract; internal fields remain internal; no universal ABI promise
compiler/lowering/scalars/numeric_literal_native_lowering.inc::NEBOC_NATIVE_SIGNED_VALUE_OFFSET	x86_64-systemv-elf-linux	compiler/lowering/scalars/numeric_literal_native_lowering.inc	NEBOC_NATIVE_SIGNED_VALUE_OFFSET	32	04028516303e2354b832631cdb70c64d8539877e84229dce44a58c4c65490a79	Owner contract; internal fields remain internal; no universal ABI promise
compiler/lowering/scalars/numeric_literal_native_lowering.inc::NEBOC_NATIVE_BIT_WIDTH_OFFSET	x86_64-systemv-elf-linux	compiler/lowering/scalars/numeric_literal_native_lowering.inc	NEBOC_NATIVE_BIT_WIDTH_OFFSET	40	dab6f023153396c75d0551905eb391d6b2239e75df1cdbdd18873f1733620c62	Owner contract; internal fields remain internal; no universal ABI promise
compiler/lowering/scalars/numeric_literal_native_lowering.inc::NEBOC_NATIVE_STORAGE_SIZE_OFFSET	x86_64-systemv-elf-linux	compiler/lowering/scalars/numeric_literal_native_lowering.inc	NEBOC_NATIVE_STORAGE_SIZE_OFFSET	48	b088704505cfb76ab8d1c15108162b4625883194e486fc21f65725cbca102be9	Owner contract; internal fields remain internal; no universal ABI promise
compiler/lowering/scalars/numeric_literal_native_lowering.inc::NEBOC_NATIVE_STORAGE_ALIGNMENT_OFFSET	x86_64-systemv-elf-linux	compiler/lowering/scalars/numeric_literal_native_lowering.inc	NEBOC_NATIVE_STORAGE_ALIGNMENT_OFFSET	56	d039a953c429fe3e50857a07ca752eddbfa2a3e93e1d8bae47b526333ec583b3	Owner contract; internal fields remain internal; no universal ABI promise
compiler/lowering/scalars/numeric_literal_native_lowering.inc::neboc_literais_numericos_bases_e_representacao_NATIVE_ABI_CLASS_OFFSET	x86_64-systemv-elf-linux	compiler/lowering/scalars/numeric_literal_native_lowering.inc	neboc_literais_numericos_bases_e_representacao_NATIVE_ABI_CLASS_OFFSET	64	dcf492755906e2e02e128dacd35efbb5023944e3fa1f10729338b46d2c03a4cf	Owner contract; internal fields remain internal; no universal ABI promise
compiler/lowering/scalars/numeric_literal_native_lowering.inc::neboc_literais_numericos_bases_e_representacao_NATIVE_PARAMETER_REGISTER_OFFSET	x86_64-systemv-elf-linux	compiler/lowering/scalars/numeric_literal_native_lowering.inc	neboc_literais_numericos_bases_e_representacao_NATIVE_PARAMETER_REGISTER_OFFSET	72	50646a11a30a80fb394748c83b7ca9ab4f4306c6f7d8b645fdc42dbe13fae9cf	Owner contract; internal fields remain internal; no universal ABI promise
compiler/lowering/scalars/numeric_literal_native_lowering.inc::neboc_literais_numericos_bases_e_representacao_NATIVE_RETURN_REGISTER_OFFSET	x86_64-systemv-elf-linux	compiler/lowering/scalars/numeric_literal_native_lowering.inc	neboc_literais_numericos_bases_e_representacao_NATIVE_RETURN_REGISTER_OFFSET	80	03f76571806c9c897afd5a66c1b0000e127a493b97900fa107d64d8823485e00	Owner contract; internal fields remain internal; no universal ABI promise
compiler/lowering/scalars/numeric_literal_native_lowering.inc::NEBOC_NATIVE_STACK_SLOT_SIZE_OFFSET	x86_64-systemv-elf-linux	compiler/lowering/scalars/numeric_literal_native_lowering.inc	NEBOC_NATIVE_STACK_SLOT_SIZE_OFFSET	88	117ebd2144195bf2ef13b3937f359cec8ac2c49cb9e19ed996308b844de16251	Owner contract; internal fields remain internal; no universal ABI promise
compiler/lowering/scalars/numeric_literal_native_lowering.inc::NEBOC_NATIVE_STACK_SLOT_ALIGNMENT_OFFSET	x86_64-systemv-elf-linux	compiler/lowering/scalars/numeric_literal_native_lowering.inc	NEBOC_NATIVE_STACK_SLOT_ALIGNMENT_OFFSET	96	5b66e2daa04ae6b25cc6956fe691720227104b3b36b86a6e57321816659afb6b	Owner contract; internal fields remain internal; no universal ABI promise
compiler/lowering/scalars/numeric_literal_native_lowering.inc::NEBOC_NATIVE_IMMEDIATE_ENCODING_OFFSET	x86_64-systemv-elf-linux	compiler/lowering/scalars/numeric_literal_native_lowering.inc	NEBOC_NATIVE_IMMEDIATE_ENCODING_OFFSET	104	a751f7bdb8ce5642e409836b189f359a3cf0aefdafba6c8262bd02e127b0ebe4	Owner contract; internal fields remain internal; no universal ABI promise
compiler/lowering/scalars/numeric_literal_native_lowering.inc::neboc_literais_numericos_bases_e_representacao_NATIVE_FLAGS_OFFSET	x86_64-systemv-elf-linux	compiler/lowering/scalars/numeric_literal_native_lowering.inc	neboc_literais_numericos_bases_e_representacao_NATIVE_FLAGS_OFFSET	112	e7c1db158784266357c4735116b0c4c2e9aebff84cf4900c3832d2ef72075a09	Owner contract; internal fields remain internal; no universal ABI promise
compiler/lowering/scalars/numeric_literal_native_lowering.inc::neboc_literais_numericos_bases_e_representacao_NATIVE_RUNTIME_METADATA_OFFSET	x86_64-systemv-elf-linux	compiler/lowering/scalars/numeric_literal_native_lowering.inc	neboc_literais_numericos_bases_e_representacao_NATIVE_RUNTIME_METADATA_OFFSET	120	e839cd19df9cf455739da3860fa6c9530a8b91df76b75f3dfb4c8bd140a1d8f5	Owner contract; internal fields remain internal; no universal ABI promise
compiler/lowering/scalars/numeric_literal_native_lowering.inc::neboc_literais_numericos_bases_e_representacao_NATIVE_HASH_OFFSET	x86_64-systemv-elf-linux	compiler/lowering/scalars/numeric_literal_native_lowering.inc	neboc_literais_numericos_bases_e_representacao_NATIVE_HASH_OFFSET	128	1aef2e5efeaf54640fc304412dd699fd64113b8ab08ee00bb330d71562df7741	Owner contract; internal fields remain internal; no universal ABI promise
compiler/lowering/scalars/numeric_literal_native_lowering.inc::neboc_literais_numericos_bases_e_representacao_NATIVE_ERROR_CODE_OFFSET	x86_64-systemv-elf-linux	compiler/lowering/scalars/numeric_literal_native_lowering.inc	neboc_literais_numericos_bases_e_representacao_NATIVE_ERROR_CODE_OFFSET	136	1da9679eb10b146be246e49986cf57e97d97546c43843a63f3e067ae1142ad3a	Owner contract; internal fields remain internal; no universal ABI promise
compiler/lowering/scalars/numeric_literal_native_lowering.inc::neboc_literais_numericos_bases_e_representacao_NATIVE_REQUEST_SIZE	x86_64-systemv-elf-linux	compiler/lowering/scalars/numeric_literal_native_lowering.inc	neboc_literais_numericos_bases_e_representacao_NATIVE_REQUEST_SIZE	144	f9caa404c02696b1f726d57b3e2715210d64241b4f8123c6705b3fa5802a1eb3	Owner contract; internal fields remain internal; no universal ABI promise
compiler/lowering/scalars/numeric_literal_native_lowering.inc::neboc_literais_numericos_bases_e_representacao_NATIVE_TARGET_X86_64_SYSTEMV_ELF_LINUX	x86_64-systemv-elf-linux	compiler/lowering/scalars/numeric_literal_native_lowering.inc	neboc_literais_numericos_bases_e_representacao_NATIVE_TARGET_X86_64_SYSTEMV_ELF_LINUX	1	c6c17d6d7c9a4c20102871abc854c6a78c1ee7491874f679bb9ac96f089ba75d	Owner contract; internal fields remain internal; no universal ABI promise
compiler/lowering/scalars/numeric_literal_native_lowering.inc::neboc_literais_numericos_bases_e_representacao_NATIVE_ABI_CLASS_INTEGER	x86_64-systemv-elf-linux	compiler/lowering/scalars/numeric_literal_native_lowering.inc	neboc_literais_numericos_bases_e_representacao_NATIVE_ABI_CLASS_INTEGER	1	0eddf67f8167c0f4daaa47510ac4f40c4303e0b5197cbbd9878925420da79436	Owner contract; internal fields remain internal; no universal ABI promise
compiler/lowering/scalars/numeric_literal_native_lowering.inc::neboc_literais_numericos_bases_e_representacao_NATIVE_REGISTER_RDI	x86_64-systemv-elf-linux	compiler/lowering/scalars/numeric_literal_native_lowering.inc	neboc_literais_numericos_bases_e_representacao_NATIVE_REGISTER_RDI	1	9ec27a75840aac81248c0cd780a582b44a6bd29d2f3d3993b1d0349f3ae85046	Owner contract; internal fields remain internal; no universal ABI promise
compiler/lowering/scalars/numeric_literal_native_lowering.inc::neboc_literais_numericos_bases_e_representacao_NATIVE_REGISTER_RAX	x86_64-systemv-elf-linux	compiler/lowering/scalars/numeric_literal_native_lowering.inc	neboc_literais_numericos_bases_e_representacao_NATIVE_REGISTER_RAX	2	cfdb43f9961283d9bee701e675c7ed1a47990a4d56a08879d8076caddc5d9627	Owner contract; internal fields remain internal; no universal ABI promise
compiler/lowering/scalars/numeric_literal_native_lowering.inc::NEBOC_NATIVE_IMMEDIATE_SIGN_EXTENDED_I32	x86_64-systemv-elf-linux	compiler/lowering/scalars/numeric_literal_native_lowering.inc	NEBOC_NATIVE_IMMEDIATE_SIGN_EXTENDED_I32	1	638e9fb5d1c1b3a8d4c80acbb7b4a1e78529457a420cf4e1aa3242150f561675	Owner contract; internal fields remain internal; no universal ABI promise
compiler/lowering/scalars/numeric_literal_native_lowering.inc::NEBOC_NATIVE_IMMEDIATE_I64	x86_64-systemv-elf-linux	compiler/lowering/scalars/numeric_literal_native_lowering.inc	NEBOC_NATIVE_IMMEDIATE_I64	2	2a60a460085614f82d80264aa939a7df2e6056789823a6c4c11cdb6ea9285bf3	Owner contract; internal fields remain internal; no universal ABI promise
compiler/lowering/scalars/numeric_literal_native_lowering.inc::neboc_literais_numericos_bases_e_representacao_NATIVE_RUNTIME_METADATA_NONE	x86_64-systemv-elf-linux	compiler/lowering/scalars/numeric_literal_native_lowering.inc	neboc_literais_numericos_bases_e_representacao_NATIVE_RUNTIME_METADATA_NONE	0	df63abec2c3ebd9b2651758c545f2ea3d514fc01a60609eee3d272779ee8ca19	Owner contract; internal fields remain internal; no universal ABI promise
compiler/lowering/scalars/numeric_literal_native_lowering.inc::NEBOC_NATIVE_FLAG_NORMALIZED_I64	x86_64-systemv-elf-linux	compiler/lowering/scalars/numeric_literal_native_lowering.inc	NEBOC_NATIVE_FLAG_NORMALIZED_I64	1	22bdbdd0f48c4097a1b474a8e6c23ca2514bf22d8c5087fb600d2c496ddda175	Owner contract; internal fields remain internal; no universal ABI promise
compiler/lowering/scalars/numeric_literal_native_lowering.inc::NEBOC_NATIVE_FLAG_SYSV_INTEGER_CLASS	x86_64-systemv-elf-linux	compiler/lowering/scalars/numeric_literal_native_lowering.inc	NEBOC_NATIVE_FLAG_SYSV_INTEGER_CLASS	2	02528c05377a959697a10a890a79e3e2ab77edde8ae654f241886291a8c15124	Owner contract; internal fields remain internal; no universal ABI promise
compiler/lowering/scalars/numeric_literal_native_lowering.inc::NEBOC_NATIVE_FLAG_NO_BASE_METADATA	x86_64-systemv-elf-linux	compiler/lowering/scalars/numeric_literal_native_lowering.inc	NEBOC_NATIVE_FLAG_NO_BASE_METADATA	4	9ec91a45c39a991f9e7b9b157e9f6964c6827a52b12aeae12f7c6be0e915ba32	Owner contract; internal fields remain internal; no universal ABI promise
compiler/lowering/scalars/numeric_literal_native_lowering.inc::neboc_literais_numericos_bases_e_representacao_NATIVE_FLAG_DETERMINISTIC	x86_64-systemv-elf-linux	compiler/lowering/scalars/numeric_literal_native_lowering.inc	neboc_literais_numericos_bases_e_representacao_NATIVE_FLAG_DETERMINISTIC	8	f8ac2d008036241351ec8e675f5151d8fe54bcf28d6a9070db5ea77caa605732	Owner contract; internal fields remain internal; no universal ABI promise
compiler/lowering/scalars/numeric_literal_native_lowering.inc::NEBOC_NATIVE_FLAG_INT64_MIN	x86_64-systemv-elf-linux	compiler/lowering/scalars/numeric_literal_native_lowering.inc	NEBOC_NATIVE_FLAG_INT64_MIN	16	c0e572f3c1bba1b248edd8222f2d250e852ffcc4295f7d2d6f9a1d650d65acc9	Owner contract; internal fields remain internal; no universal ABI promise
compiler/lowering/scalars/numeric_literal_native_lowering.inc::neboc_literais_numericos_bases_e_representacao_NATIVE_REQUIRED_FLAGS	x86_64-systemv-elf-linux	compiler/lowering/scalars/numeric_literal_native_lowering.inc	neboc_literais_numericos_bases_e_representacao_NATIVE_REQUIRED_FLAGS	15	4d505f9dbb68c586f08378ff7588869ec02f8f298a61d6f4554b3920e11fe473	Owner contract; internal fields remain internal; no universal ABI promise
compiler/lowering/scalars/numeric_literal_native_lowering.inc::neboc_literais_numericos_bases_e_representacao_NATIVE_ERROR_NONE	x86_64-systemv-elf-linux	compiler/lowering/scalars/numeric_literal_native_lowering.inc	neboc_literais_numericos_bases_e_representacao_NATIVE_ERROR_NONE	0	21bc5506b7ae2dc98b044eed548c23e6d53d231da7339078d5561482b6b9db3c	Owner contract; internal fields remain internal; no universal ABI promise
compiler/lowering/scalars/numeric_literal_native_lowering.inc::neboc_literais_numericos_bases_e_representacao_NATIVE_ERROR_SEMANTIC_NOT_VALID	x86_64-systemv-elf-linux	compiler/lowering/scalars/numeric_literal_native_lowering.inc	neboc_literais_numericos_bases_e_representacao_NATIVE_ERROR_SEMANTIC_NOT_VALID	1	2a2762a899b52597e0fa1f2fe91a3dc6708c10c2830f5e384d45b4f58c02894f	Owner contract; internal fields remain internal; no universal ABI promise
compiler/lowering/scalars/numeric_literal_native_lowering.inc::neboc_literais_numericos_bases_e_representacao_NATIVE_ERROR_IR_NOT_VALID	x86_64-systemv-elf-linux	compiler/lowering/scalars/numeric_literal_native_lowering.inc	neboc_literais_numericos_bases_e_representacao_NATIVE_ERROR_IR_NOT_VALID	2	3ca2644f8059765b0bdd45b609e28aa58c859dee24b4d08c45f461a3120fa1ea	Owner contract; internal fields remain internal; no universal ABI promise
compiler/lowering/scalars/numeric_literal_native_lowering.inc::NEBOC_NATIVE_ERROR_VALUE_MISMATCH	x86_64-systemv-elf-linux	compiler/lowering/scalars/numeric_literal_native_lowering.inc	NEBOC_NATIVE_ERROR_VALUE_MISMATCH	3	bdf02fc647df1d1412d4f83cffd07077a9f3393bf4f321ac1cc9982e515d0afd	Owner contract; internal fields remain internal; no universal ABI promise
compiler/lowering/scalars/numeric_literal_native_lowering.inc::neboc_literais_numericos_bases_e_representacao_NATIVE_ERROR_TARGET_UNSUPPORTED	x86_64-systemv-elf-linux	compiler/lowering/scalars/numeric_literal_native_lowering.inc	neboc_literais_numericos_bases_e_representacao_NATIVE_ERROR_TARGET_UNSUPPORTED	4	36c17c8d594bf5f5b70484bf2bed7cf8efdeda1beb3f08f5a08d212802bf0d89	Owner contract; internal fields remain internal; no universal ABI promise
compiler/lowering/scalars/numeric_literal_native_lowering.inc::neboc_literais_numericos_bases_e_representacao_NATIVE_ERROR_RUNTIME_METADATA	x86_64-systemv-elf-linux	compiler/lowering/scalars/numeric_literal_native_lowering.inc	neboc_literais_numericos_bases_e_representacao_NATIVE_ERROR_RUNTIME_METADATA	5	bb67d37eca0d867b289dd4efe019c422d51ce21f175763bcbcdd6e5b60866517	Owner contract; internal fields remain internal; no universal ABI promise
compiler/lowering/scalars/numeric_literal_native_lowering.inc::NEBOC_NATIVE_ERROR_INTERNAL_INVARIANT	x86_64-systemv-elf-linux	compiler/lowering/scalars/numeric_literal_native_lowering.inc	NEBOC_NATIVE_ERROR_INTERNAL_INVARIANT	6	ece732454fd91ca1dd1a98128245599517f1d8be7a788a15fea2412036db7105	Owner contract; internal fields remain internal; no universal ABI promise
compiler/lowering/scalars/numeric_safety_ir_contract.inc::neboc_seguranca_numerica_conversoes_e_overflow_IR_SEMANTIC_REQUEST_OFFSET	x86_64-systemv-elf-linux	compiler/lowering/scalars/numeric_safety_ir_contract.inc	neboc_seguranca_numerica_conversoes_e_overflow_IR_SEMANTIC_REQUEST_OFFSET	0	072a2796d3f6c8d9f014bbf0811ccfe6238a3d64722d6b8ea997c1373a89e049	Owner contract; internal fields remain internal; no universal ABI promise
compiler/lowering/scalars/numeric_safety_ir_contract.inc::neboc_seguranca_numerica_conversoes_e_overflow_IR_HIR_KIND_OFFSET	x86_64-systemv-elf-linux	compiler/lowering/scalars/numeric_safety_ir_contract.inc	neboc_seguranca_numerica_conversoes_e_overflow_IR_HIR_KIND_OFFSET	8	5714631ccda52c56d6d78048869111b166c1f03fb15d23174e0fc6dccf4146a3	Owner contract; internal fields remain internal; no universal ABI promise
compiler/lowering/scalars/numeric_safety_ir_contract.inc::NEBOC_IR_HIR_OPERAND_TYPE_OFFSET	x86_64-systemv-elf-linux	compiler/lowering/scalars/numeric_safety_ir_contract.inc	NEBOC_IR_HIR_OPERAND_TYPE_OFFSET	16	97527734d5509f81af8172885bbeabcb82f61e5f29edfcf024a899e3ad1c85eb	Owner contract; internal fields remain internal; no universal ABI promise
compiler/lowering/scalars/numeric_safety_ir_contract.inc::NEBOC_IR_HIR_OPERAND_VALUE_ID_OFFSET	x86_64-systemv-elf-linux	compiler/lowering/scalars/numeric_safety_ir_contract.inc	NEBOC_IR_HIR_OPERAND_VALUE_ID_OFFSET	24	4818b74baaf9d0a6d8ad129ac40e683dd3c7cb03a7c0e11be210b1299b1c5ac7	Owner contract; internal fields remain internal; no universal ABI promise
compiler/lowering/scalars/numeric_safety_ir_contract.inc::NEBOC_IR_HIR_CONSTANT_STATE_OFFSET	x86_64-systemv-elf-linux	compiler/lowering/scalars/numeric_safety_ir_contract.inc	NEBOC_IR_HIR_CONSTANT_STATE_OFFSET	32	a239c0d02078b9037ff548c176892586f16f6be2cfb80e534f1e03e6fb895935	Owner contract; internal fields remain internal; no universal ABI promise
compiler/lowering/scalars/numeric_safety_ir_contract.inc::NEBOC_IR_HIR_CONSTANT_BITS_OFFSET	x86_64-systemv-elf-linux	compiler/lowering/scalars/numeric_safety_ir_contract.inc	NEBOC_IR_HIR_CONSTANT_BITS_OFFSET	40	fc2ab30458aee5d4b42a3be4b36508fcc71bd0d9f3cc9df93074e02bb4ee8480	Owner contract; internal fields remain internal; no universal ABI promise
compiler/lowering/scalars/numeric_safety_ir_contract.inc::NEBOC_IR_HIR_RESULT_TYPE_OFFSET	x86_64-systemv-elf-linux	compiler/lowering/scalars/numeric_safety_ir_contract.inc	NEBOC_IR_HIR_RESULT_TYPE_OFFSET	48	b9dab3f4ee174caf778169977a563f0408035a013dd3ff526a48fb2c6e69d700	Owner contract; internal fields remain internal; no universal ABI promise
compiler/lowering/scalars/numeric_safety_ir_contract.inc::NEBOC_IR_HIR_OPERATION_OFFSET	x86_64-systemv-elf-linux	compiler/lowering/scalars/numeric_safety_ir_contract.inc	NEBOC_IR_HIR_OPERATION_OFFSET	56	0f9889cb84ccea421b2b7cf6eb9365143315f775f7accc0a39f20c887fde2544	Owner contract; internal fields remain internal; no universal ABI promise
compiler/lowering/scalars/numeric_safety_ir_contract.inc::neboc_seguranca_numerica_conversoes_e_overflow_IR_HIR_SOURCE_ID_OFFSET	x86_64-systemv-elf-linux	compiler/lowering/scalars/numeric_safety_ir_contract.inc	neboc_seguranca_numerica_conversoes_e_overflow_IR_HIR_SOURCE_ID_OFFSET	64	b673b842672983e8c7044158d108b7a3ab7a74817ac6723aa015287378d48b22	Owner contract; internal fields remain internal; no universal ABI promise
compiler/lowering/scalars/numeric_safety_ir_contract.inc::NEBOC_IR_HIR_CALL_START_OFFSET	x86_64-systemv-elf-linux	compiler/lowering/scalars/numeric_safety_ir_contract.inc	NEBOC_IR_HIR_CALL_START_OFFSET	72	e6b66a4d54037b374c76e915e51ed36d48c65a23ecfd0cda95fe5553d1dce89b	Owner contract; internal fields remain internal; no universal ABI promise
compiler/lowering/scalars/numeric_safety_ir_contract.inc::NEBOC_IR_HIR_CALL_END_OFFSET	x86_64-systemv-elf-linux	compiler/lowering/scalars/numeric_safety_ir_contract.inc	NEBOC_IR_HIR_CALL_END_OFFSET	80	630fe85cc4edfb557b35bd1cacdf455196e7b1408119c9e82d08ebadfae3b701	Owner contract; internal fields remain internal; no universal ABI promise
compiler/lowering/scalars/numeric_safety_ir_contract.inc::NEBOC_IR_HIR_METHOD_START_OFFSET	x86_64-systemv-elf-linux	compiler/lowering/scalars/numeric_safety_ir_contract.inc	NEBOC_IR_HIR_METHOD_START_OFFSET	88	c9e4f13e62a4c97d837563b68c1eb453547cb2c8a1183880f6be26aedd0a1054	Owner contract; internal fields remain internal; no universal ABI promise
compiler/lowering/scalars/numeric_safety_ir_contract.inc::NEBOC_IR_HIR_METHOD_END_OFFSET	x86_64-systemv-elf-linux	compiler/lowering/scalars/numeric_safety_ir_contract.inc	NEBOC_IR_HIR_METHOD_END_OFFSET	96	8361735ecf62ee91a57e0b4552bfe0e10cd157b7caf902daa82b54b47544925b	Owner contract; internal fields remain internal; no universal ABI promise
compiler/lowering/scalars/numeric_safety_ir_contract.inc::neboc_seguranca_numerica_conversoes_e_overflow_IR_HIR_PROVENANCE_HASH_OFFSET	x86_64-systemv-elf-linux	compiler/lowering/scalars/numeric_safety_ir_contract.inc	neboc_seguranca_numerica_conversoes_e_overflow_IR_HIR_PROVENANCE_HASH_OFFSET	104	45c2e26e1c92230551d4abfea3e88c85a6be1871a87055edabbfda4dc57c4217	Owner contract; internal fields remain internal; no universal ABI promise
compiler/lowering/scalars/numeric_safety_ir_contract.inc::neboc_seguranca_numerica_conversoes_e_overflow_IR_LIR_KIND_OFFSET	x86_64-systemv-elf-linux	compiler/lowering/scalars/numeric_safety_ir_contract.inc	neboc_seguranca_numerica_conversoes_e_overflow_IR_LIR_KIND_OFFSET	112	cba00f754489f2d837495ff9d8705fbddc4aa78ed7343afc81dfd1685bfa70ff	Owner contract; internal fields remain internal; no universal ABI promise
compiler/lowering/scalars/numeric_safety_ir_contract.inc::NEBOC_IR_LIR_OPERAND_REPR_OFFSET	x86_64-systemv-elf-linux	compiler/lowering/scalars/numeric_safety_ir_contract.inc	NEBOC_IR_LIR_OPERAND_REPR_OFFSET	120	97e839c141a9d392ce13851485c2f60d31ff4750e48dfcc3595048ed8b0f0751	Owner contract; internal fields remain internal; no universal ABI promise
compiler/lowering/scalars/numeric_safety_ir_contract.inc::NEBOC_IR_LIR_RESULT_REPR_OFFSET	x86_64-systemv-elf-linux	compiler/lowering/scalars/numeric_safety_ir_contract.inc	NEBOC_IR_LIR_RESULT_REPR_OFFSET	128	0a22fa2dded5a022262819804b424c77e4d8d2e1aa202c35f1d370efe0a2e55e	Owner contract; internal fields remain internal; no universal ABI promise
compiler/lowering/scalars/numeric_safety_ir_contract.inc::NEBOC_IR_LIR_OPERAND_VALUE_ID_OFFSET	x86_64-systemv-elf-linux	compiler/lowering/scalars/numeric_safety_ir_contract.inc	NEBOC_IR_LIR_OPERAND_VALUE_ID_OFFSET	136	e95560ffa2d8de28c3f19d4f8e6f17894a43ef453887599177599fc01e92821a	Owner contract; internal fields remain internal; no universal ABI promise
compiler/lowering/scalars/numeric_safety_ir_contract.inc::NEBOC_IR_LIR_CONSTANT_STATE_OFFSET	x86_64-systemv-elf-linux	compiler/lowering/scalars/numeric_safety_ir_contract.inc	NEBOC_IR_LIR_CONSTANT_STATE_OFFSET	144	0bbdb9faa38b8bf52493b43fbcfb32cc9841df2787532f036121d4ba267de58a	Owner contract; internal fields remain internal; no universal ABI promise
compiler/lowering/scalars/numeric_safety_ir_contract.inc::NEBOC_IR_LIR_CONSTANT_BITS_OFFSET	x86_64-systemv-elf-linux	compiler/lowering/scalars/numeric_safety_ir_contract.inc	NEBOC_IR_LIR_CONSTANT_BITS_OFFSET	152	5461cca345fc5519e1bd7aff1b9d65efcf8f1ad183424de84691efc1fe7fb292	Owner contract; internal fields remain internal; no universal ABI promise
compiler/lowering/scalars/numeric_safety_ir_contract.inc::NEBOC_IR_LIR_POLICY_OFFSET	x86_64-systemv-elf-linux	compiler/lowering/scalars/numeric_safety_ir_contract.inc	NEBOC_IR_LIR_POLICY_OFFSET	160	80f4f11fac7cdd7f39aa61ec5b4de9c7e132b5d187087baceb4892f7d78950d0	Owner contract; internal fields remain internal; no universal ABI promise
compiler/lowering/scalars/numeric_safety_ir_contract.inc::NEBOC_IR_LIR_FLAGS_OFFSET	x86_64-systemv-elf-linux	compiler/lowering/scalars/numeric_safety_ir_contract.inc	NEBOC_IR_LIR_FLAGS_OFFSET	168	3075e763bf4019b85ad3740c66f5c1a7224477c9c5e7d077c42c7507a5a51c77	Owner contract; internal fields remain internal; no universal ABI promise
compiler/lowering/scalars/numeric_safety_ir_contract.inc::neboc_seguranca_numerica_conversoes_e_overflow_IR_RUNTIME_METADATA_OFFSET	x86_64-systemv-elf-linux	compiler/lowering/scalars/numeric_safety_ir_contract.inc	neboc_seguranca_numerica_conversoes_e_overflow_IR_RUNTIME_METADATA_OFFSET	176	7ea15468b94a6d8d6668acac87ddcce3950c5e06075d094a9775671578de4055	Owner contract; internal fields remain internal; no universal ABI promise
compiler/lowering/scalars/numeric_safety_ir_contract.inc::neboc_seguranca_numerica_conversoes_e_overflow_IR_HASH_OFFSET	x86_64-systemv-elf-linux	compiler/lowering/scalars/numeric_safety_ir_contract.inc	neboc_seguranca_numerica_conversoes_e_overflow_IR_HASH_OFFSET	184	76779a631587f467bdca4820675865f416027f8c647e373d917f31ba33c73951	Owner contract; internal fields remain internal; no universal ABI promise
compiler/lowering/scalars/numeric_safety_ir_contract.inc::neboc_seguranca_numerica_conversoes_e_overflow_IR_ERROR_CODE_OFFSET	x86_64-systemv-elf-linux	compiler/lowering/scalars/numeric_safety_ir_contract.inc	neboc_seguranca_numerica_conversoes_e_overflow_IR_ERROR_CODE_OFFSET	192	592b7bccf8dd1d9ffd4655620ffd639e750e4381bbe97808289699037804215c	Owner contract; internal fields remain internal; no universal ABI promise
compiler/lowering/scalars/numeric_safety_ir_contract.inc::neboc_seguranca_numerica_conversoes_e_overflow_IR_REQUEST_SIZE	x86_64-systemv-elf-linux	compiler/lowering/scalars/numeric_safety_ir_contract.inc	neboc_seguranca_numerica_conversoes_e_overflow_IR_REQUEST_SIZE	200	dc709214b179b040ba49238cc7bf60410e82bc2620921ad6033cfdbcedbfc9cd	Owner contract; internal fields remain internal; no universal ABI promise
compiler/lowering/scalars/numeric_safety_ir_contract.inc::NEBOC_IR_HIR_NUMERIC_CONVERSION	x86_64-systemv-elf-linux	compiler/lowering/scalars/numeric_safety_ir_contract.inc	NEBOC_IR_HIR_NUMERIC_CONVERSION	1	5793ddd17160544799f8b8b26394843ee8bde3d85c71c50547f720f0b8fbc0e4	Owner contract; internal fields remain internal; no universal ABI promise
compiler/lowering/scalars/numeric_safety_ir_contract.inc::NEBOC_IR_HIR_FLOAT_CLASSIFIER	x86_64-systemv-elf-linux	compiler/lowering/scalars/numeric_safety_ir_contract.inc	NEBOC_IR_HIR_FLOAT_CLASSIFIER	2	3cde1efbdf6179bdfbe8661cbc7882b1972e933486ab53d3ba2dc4d1dc2855b8	Owner contract; internal fields remain internal; no universal ABI promise
compiler/lowering/scalars/numeric_safety_ir_contract.inc::NEBOC_IR_LIR_ABSTRACT_I64_TO_F64	x86_64-systemv-elf-linux	compiler/lowering/scalars/numeric_safety_ir_contract.inc	NEBOC_IR_LIR_ABSTRACT_I64_TO_F64	1	d78193008958ef4018d7e3872599273613753ba2fcd6124d14660b327416a0fa	Owner contract; internal fields remain internal; no universal ABI promise
compiler/lowering/scalars/numeric_safety_ir_contract.inc::NEBOC_IR_LIR_ABSTRACT_F64_CLASSIFY	x86_64-systemv-elf-linux	compiler/lowering/scalars/numeric_safety_ir_contract.inc	NEBOC_IR_LIR_ABSTRACT_F64_CLASSIFY	2	21fda7038675c54e564e62b8833034563ad2baf227284328dbec612c62a7cf65	Owner contract; internal fields remain internal; no universal ABI promise
compiler/lowering/scalars/numeric_safety_ir_contract.inc::NEBOC_IR_REPR_SIGNED_I64	x86_64-systemv-elf-linux	compiler/lowering/scalars/numeric_safety_ir_contract.inc	NEBOC_IR_REPR_SIGNED_I64	1	31139b8f3d76a6c7a19e7bcd7c7c4f083dfc1f4948ac00aa92807c2a35e05b60	Owner contract; internal fields remain internal; no universal ABI promise
compiler/lowering/scalars/numeric_safety_ir_contract.inc::NEBOC_IR_REPR_IEEE_BINARY64_BITS	x86_64-systemv-elf-linux	compiler/lowering/scalars/numeric_safety_ir_contract.inc	NEBOC_IR_REPR_IEEE_BINARY64_BITS	2	683ea4a14f0f3226664968d4a398193448d224c2c60ecfc077b36bd0048a48b9	Owner contract; internal fields remain internal; no universal ABI promise
compiler/lowering/scalars/numeric_safety_ir_contract.inc::NEBOC_IR_REPR_CANONICAL_BOOL	x86_64-systemv-elf-linux	compiler/lowering/scalars/numeric_safety_ir_contract.inc	NEBOC_IR_REPR_CANONICAL_BOOL	3	86aa18f42e31bbbb22c629bd39b32781388338f1a343c08cc83e26d506fade99	Owner contract; internal fields remain internal; no universal ABI promise
compiler/lowering/scalars/numeric_safety_ir_contract.inc::neboc_seguranca_numerica_conversoes_e_overflow_IR_RUNTIME_METADATA_NONE	x86_64-systemv-elf-linux	compiler/lowering/scalars/numeric_safety_ir_contract.inc	neboc_seguranca_numerica_conversoes_e_overflow_IR_RUNTIME_METADATA_NONE	0	e287aeb1c5365d4923f2e8ddbd61f5fb68908b15d67c4d7f1478f6a0e55fe7c5	Owner contract; internal fields remain internal; no universal ABI promise
compiler/lowering/scalars/numeric_safety_ir_contract.inc::neboc_seguranca_numerica_conversoes_e_overflow_IR_ERROR_NONE	x86_64-systemv-elf-linux	compiler/lowering/scalars/numeric_safety_ir_contract.inc	neboc_seguranca_numerica_conversoes_e_overflow_IR_ERROR_NONE	0	8df7ed94f5d2807f7bf9bd8fdc3ff52fac1341c44a0e3819c2507cb521fc42c3	Owner contract; internal fields remain internal; no universal ABI promise
compiler/lowering/scalars/numeric_safety_ir_contract.inc::neboc_seguranca_numerica_conversoes_e_overflow_IR_ERROR_SEMANTIC_NOT_VALID	x86_64-systemv-elf-linux	compiler/lowering/scalars/numeric_safety_ir_contract.inc	neboc_seguranca_numerica_conversoes_e_overflow_IR_ERROR_SEMANTIC_NOT_VALID	1	a093760dd0116c694f31e76317d6f57ebe54a4b21192ce8e706d108515c958a1	Owner contract; internal fields remain internal; no universal ABI promise
compiler/lowering/scalars/numeric_safety_ir_contract.inc::neboc_seguranca_numerica_conversoes_e_overflow_IR_ERROR_SEMANTIC_INVARIANT	x86_64-systemv-elf-linux	compiler/lowering/scalars/numeric_safety_ir_contract.inc	neboc_seguranca_numerica_conversoes_e_overflow_IR_ERROR_SEMANTIC_INVARIANT	2	687108ad6de12e9228467c93702fab3b4a9bce0205e233e9d1cdce36573da546	Owner contract; internal fields remain internal; no universal ABI promise
compiler/lowering/scalars/numeric_safety_native_lowering.inc::neboc_seguranca_numerica_conversoes_e_overflow_NATIVE_SEMANTIC_REQUEST_OFFSET	x86_64-systemv-elf-linux	compiler/lowering/scalars/numeric_safety_native_lowering.inc	neboc_seguranca_numerica_conversoes_e_overflow_NATIVE_SEMANTIC_REQUEST_OFFSET	0	72b07d677f0c3ef904ec44928d67936700ecc01483f8338cef8502019775fe54	Owner contract; internal fields remain internal; no universal ABI promise
compiler/lowering/scalars/numeric_safety_native_lowering.inc::neboc_seguranca_numerica_conversoes_e_overflow_NATIVE_IR_REQUEST_OFFSET	x86_64-systemv-elf-linux	compiler/lowering/scalars/numeric_safety_native_lowering.inc	neboc_seguranca_numerica_conversoes_e_overflow_NATIVE_IR_REQUEST_OFFSET	8	515150038f5f99ff3f761a7c47be3786045c9d866ef783867db233922dcba385	Owner contract; internal fields remain internal; no universal ABI promise
compiler/lowering/scalars/numeric_safety_native_lowering.inc::neboc_seguranca_numerica_conversoes_e_overflow_NATIVE_TARGET_ID_OFFSET	x86_64-systemv-elf-linux	compiler/lowering/scalars/numeric_safety_native_lowering.inc	neboc_seguranca_numerica_conversoes_e_overflow_NATIVE_TARGET_ID_OFFSET	16	410456647e7738434537aac0f72700dc5ec6ff070e2c2aaeb3b4d8ecfc212943	Owner contract; internal fields remain internal; no universal ABI promise
compiler/lowering/scalars/numeric_safety_native_lowering.inc::NEBOC_NATIVE_METHOD_ID_OFFSET	x86_64-systemv-elf-linux	compiler/lowering/scalars/numeric_safety_native_lowering.inc	NEBOC_NATIVE_METHOD_ID_OFFSET	24	42599716e6676ac034cc1b123d2497ed5981384dc02ffef2c80ba1569394d42b	Owner contract; internal fields remain internal; no universal ABI promise
compiler/lowering/scalars/numeric_safety_native_lowering.inc::NEBOC_NATIVE_OPERATION_KIND_OFFSET	x86_64-systemv-elf-linux	compiler/lowering/scalars/numeric_safety_native_lowering.inc	NEBOC_NATIVE_OPERATION_KIND_OFFSET	32	a32370dabf344677f8fb38d8704d262fc550d4071ce7ab29765a65f164d5aebd	Owner contract; internal fields remain internal; no universal ABI promise
compiler/lowering/scalars/numeric_safety_native_lowering.inc::neboc_seguranca_numerica_conversoes_e_overflow_NATIVE_OPERAND_TYPE_OFFSET	x86_64-systemv-elf-linux	compiler/lowering/scalars/numeric_safety_native_lowering.inc	neboc_seguranca_numerica_conversoes_e_overflow_NATIVE_OPERAND_TYPE_OFFSET	40	db2408a4034ddf2b5a22ea2fc16464c256b8d3cf765acbcd38f032c2512c944d	Owner contract; internal fields remain internal; no universal ABI promise
compiler/lowering/scalars/numeric_safety_native_lowering.inc::neboc_seguranca_numerica_conversoes_e_overflow_NATIVE_RESULT_TYPE_OFFSET	x86_64-systemv-elf-linux	compiler/lowering/scalars/numeric_safety_native_lowering.inc	neboc_seguranca_numerica_conversoes_e_overflow_NATIVE_RESULT_TYPE_OFFSET	48	bd3cccc7b6f692eea4506b55defb611ec4aaafcaf28a53ec8f0c9d044ab7e569	Owner contract; internal fields remain internal; no universal ABI promise
compiler/lowering/scalars/numeric_safety_native_lowering.inc::neboc_seguranca_numerica_conversoes_e_overflow_NATIVE_OPERAND_REPR_OFFSET	x86_64-systemv-elf-linux	compiler/lowering/scalars/numeric_safety_native_lowering.inc	neboc_seguranca_numerica_conversoes_e_overflow_NATIVE_OPERAND_REPR_OFFSET	56	71b771be946f720f1078556fc07f7e542eb679bc5dfdfafbf139b3acbc7ca5d3	Owner contract; internal fields remain internal; no universal ABI promise
compiler/lowering/scalars/numeric_safety_native_lowering.inc::neboc_seguranca_numerica_conversoes_e_overflow_NATIVE_RESULT_REPR_OFFSET	x86_64-systemv-elf-linux	compiler/lowering/scalars/numeric_safety_native_lowering.inc	neboc_seguranca_numerica_conversoes_e_overflow_NATIVE_RESULT_REPR_OFFSET	64	5dd25b4f393f9f24ce79374252469b150e5d9e9d9865eb69b6dea706a7c8600f	Owner contract; internal fields remain internal; no universal ABI promise
compiler/lowering/scalars/numeric_safety_native_lowering.inc::neboc_seguranca_numerica_conversoes_e_overflow_NATIVE_OPERAND_ABI_CLASS_OFFSET	x86_64-systemv-elf-linux	compiler/lowering/scalars/numeric_safety_native_lowering.inc	neboc_seguranca_numerica_conversoes_e_overflow_NATIVE_OPERAND_ABI_CLASS_OFFSET	72	c53a6904ca2e38a311b079e1cc38b29c84b27e4f5d9c1dbc2e3a41522dc858f5	Owner contract; internal fields remain internal; no universal ABI promise
compiler/lowering/scalars/numeric_safety_native_lowering.inc::neboc_seguranca_numerica_conversoes_e_overflow_NATIVE_RESULT_ABI_CLASS_OFFSET	x86_64-systemv-elf-linux	compiler/lowering/scalars/numeric_safety_native_lowering.inc	neboc_seguranca_numerica_conversoes_e_overflow_NATIVE_RESULT_ABI_CLASS_OFFSET	80	34dfe271bded64294fe9f8113ebd1de283297e19370feae302379b9120bdf1e8	Owner contract; internal fields remain internal; no universal ABI promise
compiler/lowering/scalars/numeric_safety_native_lowering.inc::neboc_seguranca_numerica_conversoes_e_overflow_NATIVE_PARAMETER_REGISTER_OFFSET	x86_64-systemv-elf-linux	compiler/lowering/scalars/numeric_safety_native_lowering.inc	neboc_seguranca_numerica_conversoes_e_overflow_NATIVE_PARAMETER_REGISTER_OFFSET	88	308d12d40329e34d4d8f7cd58f899698e1fff5103ef5317538e3397bf7c06c43	Owner contract; internal fields remain internal; no universal ABI promise
compiler/lowering/scalars/numeric_safety_native_lowering.inc::neboc_seguranca_numerica_conversoes_e_overflow_NATIVE_RETURN_REGISTER_OFFSET	x86_64-systemv-elf-linux	compiler/lowering/scalars/numeric_safety_native_lowering.inc	neboc_seguranca_numerica_conversoes_e_overflow_NATIVE_RETURN_REGISTER_OFFSET	96	0ab8a4c833f4e92904b1f9fd518068e9af4e4e929245000336de397554c9ebff	Owner contract; internal fields remain internal; no universal ABI promise
compiler/lowering/scalars/numeric_safety_native_lowering.inc::neboc_seguranca_numerica_conversoes_e_overflow_NATIVE_INSTRUCTION_OFFSET	x86_64-systemv-elf-linux	compiler/lowering/scalars/numeric_safety_native_lowering.inc	neboc_seguranca_numerica_conversoes_e_overflow_NATIVE_INSTRUCTION_OFFSET	104	2d247f10e9006ad45b7a3648a4eb11f8d8b291cda555e51d3bab4e330d091e6b	Owner contract; internal fields remain internal; no universal ABI promise
compiler/lowering/scalars/numeric_safety_native_lowering.inc::NEBOC_NATIVE_ROUNDING_MODE_OFFSET	x86_64-systemv-elf-linux	compiler/lowering/scalars/numeric_safety_native_lowering.inc	NEBOC_NATIVE_ROUNDING_MODE_OFFSET	112	e75a0ca82402ec99290807a6a5cdf10ba7640079e8c24199ae53917ba9f73a17	Owner contract; internal fields remain internal; no universal ABI promise
compiler/lowering/scalars/numeric_safety_native_lowering.inc::neboc_seguranca_numerica_conversoes_e_overflow_NATIVE_RUNTIME_HELPER_OFFSET	x86_64-systemv-elf-linux	compiler/lowering/scalars/numeric_safety_native_lowering.inc	neboc_seguranca_numerica_conversoes_e_overflow_NATIVE_RUNTIME_HELPER_OFFSET	120	e6c169055da27fdb3d1bace27a6356b846219aaa6d8f01843942f98e71c7867d	Owner contract; internal fields remain internal; no universal ABI promise
compiler/lowering/scalars/numeric_safety_native_lowering.inc::neboc_seguranca_numerica_conversoes_e_overflow_NATIVE_SCRATCH_SIZE_OFFSET	x86_64-systemv-elf-linux	compiler/lowering/scalars/numeric_safety_native_lowering.inc	neboc_seguranca_numerica_conversoes_e_overflow_NATIVE_SCRATCH_SIZE_OFFSET	128	43c2983691c243c9b2260ed51b38d3606b0ac18f3f23f0a24a42907691150204	Owner contract; internal fields remain internal; no universal ABI promise
compiler/lowering/scalars/numeric_safety_native_lowering.inc::NEBOC_NATIVE_SCRATCH_ALIGNMENT_OFFSET	x86_64-systemv-elf-linux	compiler/lowering/scalars/numeric_safety_native_lowering.inc	NEBOC_NATIVE_SCRATCH_ALIGNMENT_OFFSET	136	a1545ac9b98df1b154cc0f00eccae2eaeacf5b72cb88b5e62517ae11c1de870d	Owner contract; internal fields remain internal; no universal ABI promise
compiler/lowering/scalars/numeric_safety_native_lowering.inc::neboc_seguranca_numerica_conversoes_e_overflow_NATIVE_FLAGS_OFFSET	x86_64-systemv-elf-linux	compiler/lowering/scalars/numeric_safety_native_lowering.inc	neboc_seguranca_numerica_conversoes_e_overflow_NATIVE_FLAGS_OFFSET	144	6bfb256e5a02f8235ee85e10be8043594932d11d3ec448bc71798344221a6109	Owner contract; internal fields remain internal; no universal ABI promise
compiler/lowering/scalars/numeric_safety_native_lowering.inc::neboc_seguranca_numerica_conversoes_e_overflow_NATIVE_RUNTIME_METADATA_OFFSET	x86_64-systemv-elf-linux	compiler/lowering/scalars/numeric_safety_native_lowering.inc	neboc_seguranca_numerica_conversoes_e_overflow_NATIVE_RUNTIME_METADATA_OFFSET	152	7cbb8b51921e9d4c9c3883b2083e5f4bbebff2a34b41c7607fe1de8c8511c9df	Owner contract; internal fields remain internal; no universal ABI promise
compiler/lowering/scalars/numeric_safety_native_lowering.inc::neboc_seguranca_numerica_conversoes_e_overflow_NATIVE_SEMANTIC_HASH_OFFSET	x86_64-systemv-elf-linux	compiler/lowering/scalars/numeric_safety_native_lowering.inc	neboc_seguranca_numerica_conversoes_e_overflow_NATIVE_SEMANTIC_HASH_OFFSET	160	0b24e9904e727be26d3e3880b44c2d06996b16e646263e0e3ce8aba152f9177b	Owner contract; internal fields remain internal; no universal ABI promise
compiler/lowering/scalars/numeric_safety_native_lowering.inc::neboc_seguranca_numerica_conversoes_e_overflow_NATIVE_IR_HASH_OFFSET	x86_64-systemv-elf-linux	compiler/lowering/scalars/numeric_safety_native_lowering.inc	neboc_seguranca_numerica_conversoes_e_overflow_NATIVE_IR_HASH_OFFSET	168	2f8f32747b40b9c7a4f5303a73470df5f64a50bce4ae850b1d3224c625d8a90b	Owner contract; internal fields remain internal; no universal ABI promise
compiler/lowering/scalars/numeric_safety_native_lowering.inc::neboc_seguranca_numerica_conversoes_e_overflow_NATIVE_HASH_OFFSET	x86_64-systemv-elf-linux	compiler/lowering/scalars/numeric_safety_native_lowering.inc	neboc_seguranca_numerica_conversoes_e_overflow_NATIVE_HASH_OFFSET	176	f033667875fb1c85d8ab2b1c557567d31168d898bd92704a7cc6a7f1b13820c9	Owner contract; internal fields remain internal; no universal ABI promise
compiler/lowering/scalars/numeric_safety_native_lowering.inc::neboc_seguranca_numerica_conversoes_e_overflow_NATIVE_ERROR_CODE_OFFSET	x86_64-systemv-elf-linux	compiler/lowering/scalars/numeric_safety_native_lowering.inc	neboc_seguranca_numerica_conversoes_e_overflow_NATIVE_ERROR_CODE_OFFSET	184	4d350b9f3dd86203df92d3a84664ad649b6620bda1c8a1b4d35cfcbcf45eb834	Owner contract; internal fields remain internal; no universal ABI promise
compiler/lowering/scalars/numeric_safety_native_lowering.inc::NEBOC_NATIVE_RESERVED0_OFFSET	x86_64-systemv-elf-linux	compiler/lowering/scalars/numeric_safety_native_lowering.inc	NEBOC_NATIVE_RESERVED0_OFFSET	192	4b9c40b4cda2819be19c12c180bab2d1fb76bb2352b75077ec5bbbf86c01d1ed	Owner contract; internal fields remain internal; no universal ABI promise
compiler/lowering/scalars/numeric_safety_native_lowering.inc::NEBOC_NATIVE_RESERVED1_OFFSET	x86_64-systemv-elf-linux	compiler/lowering/scalars/numeric_safety_native_lowering.inc	NEBOC_NATIVE_RESERVED1_OFFSET	200	b9adb131e81af0800aed0d057b7f26af86561770422fdb83d42f451a42c2879b	Owner contract; internal fields remain internal; no universal ABI promise
compiler/lowering/scalars/numeric_safety_native_lowering.inc::neboc_seguranca_numerica_conversoes_e_overflow_NATIVE_REQUEST_SIZE	x86_64-systemv-elf-linux	compiler/lowering/scalars/numeric_safety_native_lowering.inc	neboc_seguranca_numerica_conversoes_e_overflow_NATIVE_REQUEST_SIZE	208	ea1cdacaa777670bd3ebf3b05250c11147c875c8dcc7dac18251ba014ea73bff	Owner contract; internal fields remain internal; no universal ABI promise
compiler/lowering/scalars/numeric_safety_native_lowering.inc::neboc_seguranca_numerica_conversoes_e_overflow_NATIVE_TARGET_X86_64_SYSTEMV_ELF_LINUX	x86_64-systemv-elf-linux	compiler/lowering/scalars/numeric_safety_native_lowering.inc	neboc_seguranca_numerica_conversoes_e_overflow_NATIVE_TARGET_X86_64_SYSTEMV_ELF_LINUX	1	4e25e7abcc6f1c89a56cb8f0fc63cce61fcfa8fe9bba8f5eb55af3bb5134e38b	Owner contract; internal fields remain internal; no universal ABI promise
compiler/lowering/scalars/numeric_safety_native_lowering.inc::NEBOC_NATIVE_OPERATION_CONVERSION	x86_64-systemv-elf-linux	compiler/lowering/scalars/numeric_safety_native_lowering.inc	NEBOC_NATIVE_OPERATION_CONVERSION	1	bd866a8a1b5b0b98cdc4d44ce78905f42f175b9928460e2bf14c0813ff35c182	Owner contract; internal fields remain internal; no universal ABI promise
compiler/lowering/scalars/numeric_safety_native_lowering.inc::NEBOC_NATIVE_OPERATION_CLASSIFIER	x86_64-systemv-elf-linux	compiler/lowering/scalars/numeric_safety_native_lowering.inc	NEBOC_NATIVE_OPERATION_CLASSIFIER	2	46e2e993ac0012b87f2bf2ff9489429806f3a525f8107564dd299aa13ef009e1	Owner contract; internal fields remain internal; no universal ABI promise
compiler/lowering/scalars/numeric_safety_native_lowering.inc::neboc_seguranca_numerica_conversoes_e_overflow_NATIVE_ABI_CLASS_INTEGER	x86_64-systemv-elf-linux	compiler/lowering/scalars/numeric_safety_native_lowering.inc	neboc_seguranca_numerica_conversoes_e_overflow_NATIVE_ABI_CLASS_INTEGER	1	a4a9aa2c65a13b6bc1e09e4ad4d7c6f550ff36579c6c047135082c47d7dda162	Owner contract; internal fields remain internal; no universal ABI promise
compiler/lowering/scalars/numeric_safety_native_lowering.inc::neboc_seguranca_numerica_conversoes_e_overflow_NATIVE_ABI_CLASS_SSE	x86_64-systemv-elf-linux	compiler/lowering/scalars/numeric_safety_native_lowering.inc	neboc_seguranca_numerica_conversoes_e_overflow_NATIVE_ABI_CLASS_SSE	2	4e4856368604c96ae5a8d80c2519092a926911dd72b2f133e1951d4f5a15ff99	Owner contract; internal fields remain internal; no universal ABI promise
compiler/lowering/scalars/numeric_safety_native_lowering.inc::neboc_seguranca_numerica_conversoes_e_overflow_NATIVE_REGISTER_RDI	x86_64-systemv-elf-linux	compiler/lowering/scalars/numeric_safety_native_lowering.inc	neboc_seguranca_numerica_conversoes_e_overflow_NATIVE_REGISTER_RDI	1	844fceaf2a3f876a204050ad4148af82dadf1964fd5c7b4c3e635ef65200da0b	Owner contract; internal fields remain internal; no universal ABI promise
compiler/lowering/scalars/numeric_safety_native_lowering.inc::neboc_seguranca_numerica_conversoes_e_overflow_NATIVE_REGISTER_XMM0	x86_64-systemv-elf-linux	compiler/lowering/scalars/numeric_safety_native_lowering.inc	neboc_seguranca_numerica_conversoes_e_overflow_NATIVE_REGISTER_XMM0	2	ef01461a300346d5e7219979782d88406a89f55e2bb2134383ef7e6cb23d3488	Owner contract; internal fields remain internal; no universal ABI promise
compiler/lowering/scalars/numeric_safety_native_lowering.inc::neboc_seguranca_numerica_conversoes_e_overflow_NATIVE_REGISTER_RAX	x86_64-systemv-elf-linux	compiler/lowering/scalars/numeric_safety_native_lowering.inc	neboc_seguranca_numerica_conversoes_e_overflow_NATIVE_REGISTER_RAX	3	2a6bad951681932315d613c25324ceffee1cfaf6956ad0a0fed5d19d788afe81	Owner contract; internal fields remain internal; no universal ABI promise
compiler/lowering/scalars/numeric_safety_native_lowering.inc::NEBOC_NATIVE_INSTRUCTION_CVTSI2SD_XMM_R64	x86_64-systemv-elf-linux	compiler/lowering/scalars/numeric_safety_native_lowering.inc	NEBOC_NATIVE_INSTRUCTION_CVTSI2SD_XMM_R64	1	144278fd7f3c5d49a635f1373271407088ec08b88f008c9a6fbb6ec1d109466a	Owner contract; internal fields remain internal; no universal ABI promise
compiler/lowering/scalars/numeric_safety_native_lowering.inc::NEBOC_NATIVE_INSTRUCTION_BITWISE_F64_CLASSIFY	x86_64-systemv-elf-linux	compiler/lowering/scalars/numeric_safety_native_lowering.inc	NEBOC_NATIVE_INSTRUCTION_BITWISE_F64_CLASSIFY	2	e4bc1d8f38b73f97ebdf475e88b5eadf91188971b09dab9ad6914387b98378dc	Owner contract; internal fields remain internal; no universal ABI promise
compiler/lowering/scalars/numeric_safety_native_lowering.inc::NEBOC_NATIVE_ROUNDING_NONE	x86_64-systemv-elf-linux	compiler/lowering/scalars/numeric_safety_native_lowering.inc	NEBOC_NATIVE_ROUNDING_NONE	0	1e59b1b0d5b053d24da47f50da174d749717b6b7c1b79982d1930352a4aba047	Owner contract; internal fields remain internal; no universal ABI promise
compiler/lowering/scalars/numeric_safety_native_lowering.inc::NEBOC_NATIVE_ROUNDING_MXCSR_RN_TIES_EVEN	x86_64-systemv-elf-linux	compiler/lowering/scalars/numeric_safety_native_lowering.inc	NEBOC_NATIVE_ROUNDING_MXCSR_RN_TIES_EVEN	1	a496e90f472283f705c96b45edfcb8e3ba7159f4dfdce9b9f070f6df21701684	Owner contract; internal fields remain internal; no universal ABI promise
compiler/lowering/scalars/numeric_safety_native_lowering.inc::NEBOC_NATIVE_HELPER_INT_TO_FLOAT	x86_64-systemv-elf-linux	compiler/lowering/scalars/numeric_safety_native_lowering.inc	NEBOC_NATIVE_HELPER_INT_TO_FLOAT	1	efa1ca4f64aa69fb6d5cebf6fd69cb384387ee0bf744eb996558f9f74501ca88	Owner contract; internal fields remain internal; no universal ABI promise
compiler/lowering/scalars/numeric_safety_native_lowering.inc::NEBOC_NATIVE_HELPER_IS_FINITE	x86_64-systemv-elf-linux	compiler/lowering/scalars/numeric_safety_native_lowering.inc	NEBOC_NATIVE_HELPER_IS_FINITE	2	53d6e71dae20f6a5f825acb1273b8cf20a25e2d52d68ada8df1e8b0406463c4f	Owner contract; internal fields remain internal; no universal ABI promise
compiler/lowering/scalars/numeric_safety_native_lowering.inc::NEBOC_NATIVE_HELPER_IS_NAN	x86_64-systemv-elf-linux	compiler/lowering/scalars/numeric_safety_native_lowering.inc	NEBOC_NATIVE_HELPER_IS_NAN	3	722701a20dbccbc1a93489acb99bb0350fa5f5a41526a14f0da3365666593c92	Owner contract; internal fields remain internal; no universal ABI promise
compiler/lowering/scalars/numeric_safety_native_lowering.inc::NEBOC_NATIVE_HELPER_IS_INFINITE	x86_64-systemv-elf-linux	compiler/lowering/scalars/numeric_safety_native_lowering.inc	NEBOC_NATIVE_HELPER_IS_INFINITE	4	878ee509acd50092ef8255091c65ea2d75630f2e5df1d772d71ef2204c223cca	Owner contract; internal fields remain internal; no universal ABI promise
compiler/lowering/scalars/numeric_safety_native_lowering.inc::NEBOC_NATIVE_HELPER_IS_NEGATIVE_ZERO	x86_64-systemv-elf-linux	compiler/lowering/scalars/numeric_safety_native_lowering.inc	NEBOC_NATIVE_HELPER_IS_NEGATIVE_ZERO	5	5b6f69fcc1d6dedd42b2dfe3feda6c19637d1bda374f35d4906448c780818e10	Owner contract; internal fields remain internal; no universal ABI promise
compiler/lowering/scalars/numeric_safety_native_lowering.inc::neboc_seguranca_numerica_conversoes_e_overflow_NATIVE_RUNTIME_METADATA_NONE	x86_64-systemv-elf-linux	compiler/lowering/scalars/numeric_safety_native_lowering.inc	neboc_seguranca_numerica_conversoes_e_overflow_NATIVE_RUNTIME_METADATA_NONE	0	4187f1a1355a39a9371cfb6828c64a38d77968c9629eb34eb57c0d8a343b0514	Owner contract; internal fields remain internal; no universal ABI promise
compiler/lowering/scalars/numeric_safety_native_lowering.inc::NEBOC_NATIVE_FLAG_SSE2_REQUIRED	x86_64-systemv-elf-linux	compiler/lowering/scalars/numeric_safety_native_lowering.inc	NEBOC_NATIVE_FLAG_SSE2_REQUIRED	1	06cb0bfaa6dfb45408fea4f313e67a116697df2d7a51544ea1c5096e40f2b80d	Owner contract; internal fields remain internal; no universal ABI promise
compiler/lowering/scalars/numeric_safety_native_lowering.inc::NEBOC_NATIVE_FLAG_TOTAL	x86_64-systemv-elf-linux	compiler/lowering/scalars/numeric_safety_native_lowering.inc	NEBOC_NATIVE_FLAG_TOTAL	2	613c065504f21520df56e7ad5f6e902dd56af8ec594f879782234399d4b984a7	Owner contract; internal fields remain internal; no universal ABI promise
compiler/lowering/scalars/numeric_safety_native_lowering.inc::neboc_seguranca_numerica_conversoes_e_overflow_NATIVE_FLAG_PURE	x86_64-systemv-elf-linux	compiler/lowering/scalars/numeric_safety_native_lowering.inc	neboc_seguranca_numerica_conversoes_e_overflow_NATIVE_FLAG_PURE	4	ee1a596001ae160e387b1151c13f9b3c764112e6db3a36d57272e908a23c0682	Owner contract; internal fields remain internal; no universal ABI promise
compiler/lowering/scalars/numeric_safety_native_lowering.inc::NEBOC_NATIVE_FLAG_ALLOCATION_FREE	x86_64-systemv-elf-linux	compiler/lowering/scalars/numeric_safety_native_lowering.inc	NEBOC_NATIVE_FLAG_ALLOCATION_FREE	8	3b71035e53c123064108f24613a698c4c75549254718beed5a4af7225b50d140	Owner contract; internal fields remain internal; no universal ABI promise
compiler/lowering/scalars/numeric_safety_native_lowering.inc::NEBOC_NATIVE_FLAG_NO_LIBC	x86_64-systemv-elf-linux	compiler/lowering/scalars/numeric_safety_native_lowering.inc	NEBOC_NATIVE_FLAG_NO_LIBC	16	01c14fb72dc9e742e8b1f3db87ac78520c3fe8199f53abc27cf4512abf907c37	Owner contract; internal fields remain internal; no universal ABI promise
compiler/lowering/scalars/numeric_safety_native_lowering.inc::neboc_seguranca_numerica_conversoes_e_overflow_NATIVE_FLAG_DETERMINISTIC	x86_64-systemv-elf-linux	compiler/lowering/scalars/numeric_safety_native_lowering.inc	neboc_seguranca_numerica_conversoes_e_overflow_NATIVE_FLAG_DETERMINISTIC	32	b291a997585c5944a287c873aee172d25d6326f56a21fe0587e25d5bcd3a6fe8	Owner contract; internal fields remain internal; no universal ABI promise
compiler/lowering/scalars/numeric_safety_native_lowering.inc::NEBOC_NATIVE_FLAG_MXCSR_ROUNDING_PINNED	x86_64-systemv-elf-linux	compiler/lowering/scalars/numeric_safety_native_lowering.inc	NEBOC_NATIVE_FLAG_MXCSR_ROUNDING_PINNED	64	5e09b0ef80f67b0d299a4d836969da89685a7dabd413908d6d0c57bb6797ef65	Owner contract; internal fields remain internal; no universal ABI promise
compiler/lowering/scalars/numeric_safety_native_lowering.inc::NEBOC_NATIVE_FLAG_MXCSR_RESTORED	x86_64-systemv-elf-linux	compiler/lowering/scalars/numeric_safety_native_lowering.inc	NEBOC_NATIVE_FLAG_MXCSR_RESTORED	128	32f7f953bb3ec2210a54c28267833dba4de7de350aff45f3fd37e5779a21772c	Owner contract; internal fields remain internal; no universal ABI promise
compiler/lowering/scalars/numeric_safety_native_lowering.inc::NEBOC_NATIVE_FLAG_BITWISE_CLASSIFICATION	x86_64-systemv-elf-linux	compiler/lowering/scalars/numeric_safety_native_lowering.inc	NEBOC_NATIVE_FLAG_BITWISE_CLASSIFICATION	256	5fe5d1fa30e06f5ccc7466c528a8a8401b9b1028d1814f79e724d92d94ab87c9	Owner contract; internal fields remain internal; no universal ABI promise
compiler/lowering/scalars/numeric_safety_native_lowering.inc::NEBOC_NATIVE_FLAG_NO_FP_EXCEPTION	x86_64-systemv-elf-linux	compiler/lowering/scalars/numeric_safety_native_lowering.inc	NEBOC_NATIVE_FLAG_NO_FP_EXCEPTION	512	9205c286ffe204cf0676943c4c646e8f0401c745ade20a9eed4f5b29cfd0a899	Owner contract; internal fields remain internal; no universal ABI promise
compiler/lowering/scalars/numeric_safety_native_lowering.inc::NEBOC_NATIVE_FLAG_CANONICAL_BOOL	x86_64-systemv-elf-linux	compiler/lowering/scalars/numeric_safety_native_lowering.inc	NEBOC_NATIVE_FLAG_CANONICAL_BOOL	1024	a33b11e2c0b842493d6a52b4fd66515a5b3cb6cacda8dfc3f69c2468e76cfa78	Owner contract; internal fields remain internal; no universal ABI promise
compiler/lowering/scalars/numeric_safety_native_lowering.inc::neboc_seguranca_numerica_conversoes_e_overflow_NATIVE_FLAGS_COMMON	x86_64-systemv-elf-linux	compiler/lowering/scalars/numeric_safety_native_lowering.inc	neboc_seguranca_numerica_conversoes_e_overflow_NATIVE_FLAGS_COMMON	NEBOC_NATIVE_FLAG_SSE2_REQUIRED | NEBOC_NATIVE_FLAG_TOTAL | neboc_seguranca_numerica_conversoes_e_overflow_NATIVE_FLAG_PURE | NEBOC_NATIVE_FLAG_ALLOCATION_FREE | NEBOC_NATIVE_FLAG_NO_LIBC | neboc_seguranca_numerica_conversoes_e_overflow_NATIVE_FLAG_DETERMINISTIC	1d660b6ebbe081200fd9ac54ed903b59c1b7aa0ac1fd20fc36bc5fd1e4017220	Owner contract; internal fields remain internal; no universal ABI promise
compiler/lowering/scalars/numeric_safety_native_lowering.inc::NEBOC_NATIVE_FLAGS_CONVERSION	x86_64-systemv-elf-linux	compiler/lowering/scalars/numeric_safety_native_lowering.inc	NEBOC_NATIVE_FLAGS_CONVERSION	neboc_seguranca_numerica_conversoes_e_overflow_NATIVE_FLAGS_COMMON | NEBOC_NATIVE_FLAG_MXCSR_ROUNDING_PINNED | NEBOC_NATIVE_FLAG_MXCSR_RESTORED	48960b7120458249221ef6be78c2fa2076de26f34b88ef98a93939521b98bb7b	Owner contract; internal fields remain internal; no universal ABI promise
compiler/lowering/scalars/numeric_safety_native_lowering.inc::NEBOC_NATIVE_FLAGS_CLASSIFIER	x86_64-systemv-elf-linux	compiler/lowering/scalars/numeric_safety_native_lowering.inc	NEBOC_NATIVE_FLAGS_CLASSIFIER	neboc_seguranca_numerica_conversoes_e_overflow_NATIVE_FLAGS_COMMON | NEBOC_NATIVE_FLAG_BITWISE_CLASSIFICATION | NEBOC_NATIVE_FLAG_NO_FP_EXCEPTION | NEBOC_NATIVE_FLAG_CANONICAL_BOOL	dc980e10f2164520b0909a4246defaae18bc651e6b53f6f1de0924e146145010	Owner contract; internal fields remain internal; no universal ABI promise
compiler/lowering/scalars/numeric_safety_native_lowering.inc::neboc_seguranca_numerica_conversoes_e_overflow_NATIVE_ERROR_NONE	x86_64-systemv-elf-linux	compiler/lowering/scalars/numeric_safety_native_lowering.inc	neboc_seguranca_numerica_conversoes_e_overflow_NATIVE_ERROR_NONE	0	40adbf50257a0d9b782e04195c4b91814a50ab5d9b5a3ab5d929c71b91dc40be	Owner contract; internal fields remain internal; no universal ABI promise
compiler/lowering/scalars/numeric_safety_native_lowering.inc::neboc_seguranca_numerica_conversoes_e_overflow_NATIVE_ERROR_SEMANTIC_NOT_VALID	x86_64-systemv-elf-linux	compiler/lowering/scalars/numeric_safety_native_lowering.inc	neboc_seguranca_numerica_conversoes_e_overflow_NATIVE_ERROR_SEMANTIC_NOT_VALID	1	84065237f3f2288e35ae5b6b610cfa2e090ca71af10ff0a4becf51882ab32a1c	Owner contract; internal fields remain internal; no universal ABI promise
compiler/lowering/scalars/numeric_safety_native_lowering.inc::neboc_seguranca_numerica_conversoes_e_overflow_NATIVE_ERROR_IR_NOT_VALID	x86_64-systemv-elf-linux	compiler/lowering/scalars/numeric_safety_native_lowering.inc	neboc_seguranca_numerica_conversoes_e_overflow_NATIVE_ERROR_IR_NOT_VALID	2	1d2d85205294470d484a6cde7919f9df7f9914ea4fa2c5edbb916b541862121d	Owner contract; internal fields remain internal; no universal ABI promise
compiler/lowering/scalars/numeric_safety_native_lowering.inc::neboc_seguranca_numerica_conversoes_e_overflow_NATIVE_ERROR_TARGET_UNSUPPORTED	x86_64-systemv-elf-linux	compiler/lowering/scalars/numeric_safety_native_lowering.inc	neboc_seguranca_numerica_conversoes_e_overflow_NATIVE_ERROR_TARGET_UNSUPPORTED	3	c2d27867fdf1e003eef5f1802944e7a873ea99c17db772dbc3bb898937267dde	Owner contract; internal fields remain internal; no universal ABI promise
compiler/lowering/scalars/numeric_safety_native_lowering.inc::neboc_seguranca_numerica_conversoes_e_overflow_NATIVE_ERROR_CONTRACT_MISMATCH	x86_64-systemv-elf-linux	compiler/lowering/scalars/numeric_safety_native_lowering.inc	neboc_seguranca_numerica_conversoes_e_overflow_NATIVE_ERROR_CONTRACT_MISMATCH	4	925dd18f63aa0dd7ac68d04153f4140becccc623fb3a4a35428b7bacd2be1486	Owner contract; internal fields remain internal; no universal ABI promise
compiler/lowering/scalars/numeric_safety_native_lowering.inc::neboc_seguranca_numerica_conversoes_e_overflow_NATIVE_ERROR_RUNTIME_METADATA	x86_64-systemv-elf-linux	compiler/lowering/scalars/numeric_safety_native_lowering.inc	neboc_seguranca_numerica_conversoes_e_overflow_NATIVE_ERROR_RUNTIME_METADATA	5	5260ea61b636c016402bb460782370e57670f6fa0a15b0a3c8f10425831b1e35	Owner contract; internal fields remain internal; no universal ABI promise
compiler/lowering/scalars/numeric_safety_native_lowering.inc::NEBOC_NATIVE_ERROR_METHOD_UNSUPPORTED	x86_64-systemv-elf-linux	compiler/lowering/scalars/numeric_safety_native_lowering.inc	NEBOC_NATIVE_ERROR_METHOD_UNSUPPORTED	6	05f399620e97e68a83c4a7b8c077e99e780b2ce1ff1a2e8a29702fadf47462ee	Owner contract; internal fields remain internal; no universal ABI promise
compiler/lowering/scalars/option_result_ir_contract.inc::neboc_option_result_null_externo_e_erros_tipados_IR_SEMANTIC_REQUEST_OFFSET	x86_64-systemv-elf-linux	compiler/lowering/scalars/option_result_ir_contract.inc	neboc_option_result_null_externo_e_erros_tipados_IR_SEMANTIC_REQUEST_OFFSET	0	f4f02266dd89c3947356c95ee5ffebe5d8986cdc0c6c1f41b97b752dae1046f5	Owner contract; internal fields remain internal; no universal ABI promise
compiler/lowering/scalars/option_result_ir_contract.inc::neboc_option_result_null_externo_e_erros_tipados_IR_HIR_KIND_OFFSET	x86_64-systemv-elf-linux	compiler/lowering/scalars/option_result_ir_contract.inc	neboc_option_result_null_externo_e_erros_tipados_IR_HIR_KIND_OFFSET	8	2096c4f1e5ff5b3430875f1d550577e7456794c35dba35295f586c535815f025	Owner contract; internal fields remain internal; no universal ABI promise
compiler/lowering/scalars/option_result_ir_contract.inc::NEBOC_IR_CONTAINER_OFFSET	x86_64-systemv-elf-linux	compiler/lowering/scalars/option_result_ir_contract.inc	NEBOC_IR_CONTAINER_OFFSET	16	33cc2ffd735a46a56364f5d2c5b6c0e1319373f81724868e5e6c8ef2eb2b788a	Owner contract; internal fields remain internal; no universal ABI promise
compiler/lowering/scalars/option_result_ir_contract.inc::NEBOC_IR_SUCCESS_TYPE_OFFSET	x86_64-systemv-elf-linux	compiler/lowering/scalars/option_result_ir_contract.inc	NEBOC_IR_SUCCESS_TYPE_OFFSET	24	519acf8ab8051b35806a04f634ee41ced1c37b3c6cbea694e0f6782381b668a0	Owner contract; internal fields remain internal; no universal ABI promise
compiler/lowering/scalars/option_result_ir_contract.inc::NEBOC_IR_ERROR_TYPE_OFFSET	x86_64-systemv-elf-linux	compiler/lowering/scalars/option_result_ir_contract.inc	NEBOC_IR_ERROR_TYPE_OFFSET	32	22b77d58c610218297acfd45259902125f3ca82feb24cd46fd2bc45cded92568	Owner contract; internal fields remain internal; no universal ABI promise
compiler/lowering/scalars/option_result_ir_contract.inc::NEBOC_IR_RESULT_TYPE_KIND_OFFSET	x86_64-systemv-elf-linux	compiler/lowering/scalars/option_result_ir_contract.inc	NEBOC_IR_RESULT_TYPE_KIND_OFFSET	40	c62ee87dbca1cf7581688facbdbb1a1912120ea2d57e0d7b6d116939f5f4168e	Owner contract; internal fields remain internal; no universal ABI promise
compiler/lowering/scalars/option_result_ir_contract.inc::NEBOC_IR_VARIANT_OBSERVER_OFFSET	x86_64-systemv-elf-linux	compiler/lowering/scalars/option_result_ir_contract.inc	NEBOC_IR_VARIANT_OBSERVER_OFFSET	48	9e77df594f50144b4cd0026d0210acdff194dde2bc1881aad54d86eb7944982b	Owner contract; internal fields remain internal; no universal ABI promise
compiler/lowering/scalars/option_result_ir_contract.inc::neboc_option_result_null_externo_e_erros_tipados_IR_LIR_KIND_OFFSET	x86_64-systemv-elf-linux	compiler/lowering/scalars/option_result_ir_contract.inc	neboc_option_result_null_externo_e_erros_tipados_IR_LIR_KIND_OFFSET	56	3991628207b948531dbadcb8a9161bf05dd0fbc9549fe247034c6bbe36aa2754	Owner contract; internal fields remain internal; no universal ABI promise
compiler/lowering/scalars/option_result_ir_contract.inc::NEBOC_IR_PAYLOAD_REPR_OFFSET	x86_64-systemv-elf-linux	compiler/lowering/scalars/option_result_ir_contract.inc	NEBOC_IR_PAYLOAD_REPR_OFFSET	64	9711f979f0f3122f4bb41d29ef563dd82230a98bcd0e4a7129ec2280aa25855c	Owner contract; internal fields remain internal; no universal ABI promise
compiler/lowering/scalars/option_result_ir_contract.inc::NEBOC_IR_FALLBACK_REPR_OFFSET	x86_64-systemv-elf-linux	compiler/lowering/scalars/option_result_ir_contract.inc	NEBOC_IR_FALLBACK_REPR_OFFSET	72	8f65b8d01350ab92488369810875253716480f4248de66fa08a0bb13687f6976	Owner contract; internal fields remain internal; no universal ABI promise
compiler/lowering/scalars/option_result_ir_contract.inc::NEBOC_IR_FAILURE_EDGE_OFFSET	x86_64-systemv-elf-linux	compiler/lowering/scalars/option_result_ir_contract.inc	NEBOC_IR_FAILURE_EDGE_OFFSET	80	9534883c088b0bfe74c3710c928670def4d0e2f312fa24a0a317c872e136540b	Owner contract; internal fields remain internal; no universal ABI promise
compiler/lowering/scalars/option_result_ir_contract.inc::neboc_option_result_null_externo_e_erros_tipados_IR_EFFECT_FLAGS_OFFSET	x86_64-systemv-elf-linux	compiler/lowering/scalars/option_result_ir_contract.inc	neboc_option_result_null_externo_e_erros_tipados_IR_EFFECT_FLAGS_OFFSET	88	8221486c6c4587f5cac96e9fe051076153a2af7c5e44df274ae0d238d74b1ccb	Owner contract; internal fields remain internal; no universal ABI promise
compiler/lowering/scalars/option_result_ir_contract.inc::NEBOC_IR_TYPE_IDENTITY_HASH_OFFSET	x86_64-systemv-elf-linux	compiler/lowering/scalars/option_result_ir_contract.inc	NEBOC_IR_TYPE_IDENTITY_HASH_OFFSET	96	a8e6a2748c6dae5baf7f410c98c9e45801b31d797d84e082cef4cbf7739ac6d4	Owner contract; internal fields remain internal; no universal ABI promise
compiler/lowering/scalars/option_result_ir_contract.inc::neboc_option_result_null_externo_e_erros_tipados_IR_RUNTIME_METADATA_OFFSET	x86_64-systemv-elf-linux	compiler/lowering/scalars/option_result_ir_contract.inc	neboc_option_result_null_externo_e_erros_tipados_IR_RUNTIME_METADATA_OFFSET	104	3071b4a5dc5740fb0fdf28b5b41f6bd28af0d4984691d31939d1dc0c4826d7f9	Owner contract; internal fields remain internal; no universal ABI promise
compiler/lowering/scalars/option_result_ir_contract.inc::NEBOC_IR_LAYOUT_STATE_OFFSET	x86_64-systemv-elf-linux	compiler/lowering/scalars/option_result_ir_contract.inc	NEBOC_IR_LAYOUT_STATE_OFFSET	112	b1c25104ef4c4506ce540031399a322f5916c95ff19fa39cfc9b0c9ef185a2d7	Owner contract; internal fields remain internal; no universal ABI promise
compiler/lowering/scalars/option_result_ir_contract.inc::neboc_option_result_null_externo_e_erros_tipados_IR_HASH_OFFSET	x86_64-systemv-elf-linux	compiler/lowering/scalars/option_result_ir_contract.inc	neboc_option_result_null_externo_e_erros_tipados_IR_HASH_OFFSET	120	7babe2b736b818c28fa8611305dff367b2a9d159f5b2f857913056d9bfe54de7	Owner contract; internal fields remain internal; no universal ABI promise
compiler/lowering/scalars/option_result_ir_contract.inc::NEBOC_IR_ERROR_OFFSET	x86_64-systemv-elf-linux	compiler/lowering/scalars/option_result_ir_contract.inc	NEBOC_IR_ERROR_OFFSET	128	e88a998bfe6c0023e0ec6afa7ec466796b62b425a0391138d63bcf01517d4ec9	Owner contract; internal fields remain internal; no universal ABI promise
compiler/lowering/scalars/option_result_ir_contract.inc::neboc_option_result_null_externo_e_erros_tipados_IR_REQUEST_SIZE	x86_64-systemv-elf-linux	compiler/lowering/scalars/option_result_ir_contract.inc	neboc_option_result_null_externo_e_erros_tipados_IR_REQUEST_SIZE	136	f81d1ac0835e6dd18d73546d22af42012eb1a5a14438d7c71059985f22193b32	Owner contract; internal fields remain internal; no universal ABI promise
compiler/lowering/scalars/option_result_ir_contract.inc::neboc_option_result_null_externo_e_erros_tipados_IR_ERROR_NONE	x86_64-systemv-elf-linux	compiler/lowering/scalars/option_result_ir_contract.inc	neboc_option_result_null_externo_e_erros_tipados_IR_ERROR_NONE	0	a13fd717b791dd6ed7234ec45e3797834761afa5f6b16e14f6dd77b3dab78f22	Owner contract; internal fields remain internal; no universal ABI promise
compiler/lowering/scalars/option_result_ir_contract.inc::NEBOC_IR_ERROR_SEMANTIC	x86_64-systemv-elf-linux	compiler/lowering/scalars/option_result_ir_contract.inc	NEBOC_IR_ERROR_SEMANTIC	1	aa6901a5d52bea2a884b79c490a2c594a7b2dfc091a4ab20d4dbaca99851a2b0	Owner contract; internal fields remain internal; no universal ABI promise
compiler/lowering/scalars/option_result_ir_contract.inc::NEBOC_IR_ERROR_INVARIANT	x86_64-systemv-elf-linux	compiler/lowering/scalars/option_result_ir_contract.inc	NEBOC_IR_ERROR_INVARIANT	2	4d84512e7dc902ba134d8f2edd36ed58a33fb57b632a172a9e756f1e49ac3d4a	Owner contract; internal fields remain internal; no universal ABI promise
compiler/lowering/scalars/option_result_native_lowering.inc::neboc_option_result_null_externo_e_erros_tipados_NATIVE_SEMANTIC_REQUEST_OFFSET	x86_64-systemv-elf-linux	compiler/lowering/scalars/option_result_native_lowering.inc	neboc_option_result_null_externo_e_erros_tipados_NATIVE_SEMANTIC_REQUEST_OFFSET	0	eba0934e376f74b8c8002ccf924c36bd774c141041f75e0f8d8a8df5a7f024db	Owner contract; internal fields remain internal; no universal ABI promise
compiler/lowering/scalars/option_result_native_lowering.inc::neboc_option_result_null_externo_e_erros_tipados_NATIVE_IR_REQUEST_OFFSET	x86_64-systemv-elf-linux	compiler/lowering/scalars/option_result_native_lowering.inc	neboc_option_result_null_externo_e_erros_tipados_NATIVE_IR_REQUEST_OFFSET	8	fd64b0353ef20d9aaee465abed5c2b591006c62d90f654e4c099ea8a4d8e1c20	Owner contract; internal fields remain internal; no universal ABI promise
compiler/lowering/scalars/option_result_native_lowering.inc::neboc_option_result_null_externo_e_erros_tipados_NATIVE_TARGET_ID_OFFSET	x86_64-systemv-elf-linux	compiler/lowering/scalars/option_result_native_lowering.inc	neboc_option_result_null_externo_e_erros_tipados_NATIVE_TARGET_ID_OFFSET	16	1f95829f3f2f2c4f2a730b05e8e944507160122ad577ecb1cea25fb9fdc1db80	Owner contract; internal fields remain internal; no universal ABI promise
compiler/lowering/scalars/option_result_native_lowering.inc::NEBOC_NATIVE_CONTAINER_OFFSET	x86_64-systemv-elf-linux	compiler/lowering/scalars/option_result_native_lowering.inc	NEBOC_NATIVE_CONTAINER_OFFSET	24	b6022d0ebf07d59623828488b89ad2e198cedd691b78d096c2ac9bc678755132	Owner contract; internal fields remain internal; no universal ABI promise
compiler/lowering/scalars/option_result_native_lowering.inc::neboc_option_result_null_externo_e_erros_tipados_NATIVE_OPERATION_OFFSET	x86_64-systemv-elf-linux	compiler/lowering/scalars/option_result_native_lowering.inc	neboc_option_result_null_externo_e_erros_tipados_NATIVE_OPERATION_OFFSET	32	3a5b412f0a105991c44e0f95720781a6870bf8c4a4f38114fc5c800d3464fb21	Owner contract; internal fields remain internal; no universal ABI promise
compiler/lowering/scalars/option_result_native_lowering.inc::NEBOC_NATIVE_SUCCESS_TYPE_OFFSET	x86_64-systemv-elf-linux	compiler/lowering/scalars/option_result_native_lowering.inc	NEBOC_NATIVE_SUCCESS_TYPE_OFFSET	40	e6fe31cc350d91379812e49aeba8307375255c3b3e5571d7e00526198815fa2e	Owner contract; internal fields remain internal; no universal ABI promise
compiler/lowering/scalars/option_result_native_lowering.inc::NEBOC_NATIVE_ERROR_TYPE_OFFSET	x86_64-systemv-elf-linux	compiler/lowering/scalars/option_result_native_lowering.inc	NEBOC_NATIVE_ERROR_TYPE_OFFSET	48	347e4671ca875fc2aa9d7802002348776f41e1a0bf3751c0662da9cb1c40ea27	Owner contract; internal fields remain internal; no universal ABI promise
compiler/lowering/scalars/option_result_native_lowering.inc::NEBOC_NATIVE_SUCCESS_REPR_OFFSET	x86_64-systemv-elf-linux	compiler/lowering/scalars/option_result_native_lowering.inc	NEBOC_NATIVE_SUCCESS_REPR_OFFSET	56	b21d7a941c0e202190b31861b37cb30b7153170f3fa412112dea580bb651f101	Owner contract; internal fields remain internal; no universal ABI promise
compiler/lowering/scalars/option_result_native_lowering.inc::NEBOC_NATIVE_ERROR_REPR_OFFSET	x86_64-systemv-elf-linux	compiler/lowering/scalars/option_result_native_lowering.inc	NEBOC_NATIVE_ERROR_REPR_OFFSET	64	533ed169e3fdbbd31049ce3d651b57aa5421bcfc390120d5bb83ce8d4529fb74	Owner contract; internal fields remain internal; no universal ABI promise
compiler/lowering/scalars/option_result_native_lowering.inc::NEBOC_NATIVE_ACTIVE_REPR_OFFSET	x86_64-systemv-elf-linux	compiler/lowering/scalars/option_result_native_lowering.inc	NEBOC_NATIVE_ACTIVE_REPR_OFFSET	72	449ae855ad072dc4de7229593fdb2fbc12abea1c53c92cb76c6e8d9bd437c01e	Owner contract; internal fields remain internal; no universal ABI promise
compiler/lowering/scalars/option_result_native_lowering.inc::NEBOC_NATIVE_TAG_VALUE_OFFSET	x86_64-systemv-elf-linux	compiler/lowering/scalars/option_result_native_lowering.inc	NEBOC_NATIVE_TAG_VALUE_OFFSET	80	a58ed0ae3829881a6e3362433a44396816d61ea3370f27ea937f2830d6ee515e	Owner contract; internal fields remain internal; no universal ABI promise
compiler/lowering/scalars/option_result_native_lowering.inc::NEBOC_NATIVE_SUCCESS_TAG_OFFSET	x86_64-systemv-elf-linux	compiler/lowering/scalars/option_result_native_lowering.inc	NEBOC_NATIVE_SUCCESS_TAG_OFFSET	88	40bf139b2d22eb0219049d728b22a667fa86b16b8228f8bc26478cf337b5fc0d	Owner contract; internal fields remain internal; no universal ABI promise
compiler/lowering/scalars/option_result_native_lowering.inc::neboc_option_result_null_externo_e_erros_tipados_NATIVE_SLOT_SIZE_OFFSET	x86_64-systemv-elf-linux	compiler/lowering/scalars/option_result_native_lowering.inc	neboc_option_result_null_externo_e_erros_tipados_NATIVE_SLOT_SIZE_OFFSET	96	05266a14e867b75fb74dd74fe59f03843d29f78d30a3a9cabf15c2da79378a65	Owner contract; internal fields remain internal; no universal ABI promise
compiler/lowering/scalars/option_result_native_lowering.inc::neboc_option_result_null_externo_e_erros_tipados_NATIVE_SLOT_ALIGNMENT_OFFSET	x86_64-systemv-elf-linux	compiler/lowering/scalars/option_result_native_lowering.inc	neboc_option_result_null_externo_e_erros_tipados_NATIVE_SLOT_ALIGNMENT_OFFSET	104	0c0bd2227c8802a55f571a3d96fb4cd0d1b6379d77d8f327beb3d914f38b78ee	Owner contract; internal fields remain internal; no universal ABI promise
compiler/lowering/scalars/option_result_native_lowering.inc::NEBOC_NATIVE_TAG_OFFSET_OFFSET	x86_64-systemv-elf-linux	compiler/lowering/scalars/option_result_native_lowering.inc	NEBOC_NATIVE_TAG_OFFSET_OFFSET	112	4dab3825941b1745e09cd55038521d8513b059f1dd57ebf769d549e789de3eb2	Owner contract; internal fields remain internal; no universal ABI promise
compiler/lowering/scalars/option_result_native_lowering.inc::NEBOC_NATIVE_TAG_SIZE_OFFSET	x86_64-systemv-elf-linux	compiler/lowering/scalars/option_result_native_lowering.inc	NEBOC_NATIVE_TAG_SIZE_OFFSET	120	c1780e2a5bf2a16efe3c103c828270d512f88ebac1e8987ab92b31f4147f0a0b	Owner contract; internal fields remain internal; no universal ABI promise
compiler/lowering/scalars/option_result_native_lowering.inc::NEBOC_NATIVE_PADDING_OFFSET_OFFSET	x86_64-systemv-elf-linux	compiler/lowering/scalars/option_result_native_lowering.inc	NEBOC_NATIVE_PADDING_OFFSET_OFFSET	128	d0164625ad52cd1947ed892901b285cb9a1808eebed80343fa82f33e1b7c9b6d	Owner contract; internal fields remain internal; no universal ABI promise
compiler/lowering/scalars/option_result_native_lowering.inc::NEBOC_NATIVE_PADDING_SIZE_OFFSET	x86_64-systemv-elf-linux	compiler/lowering/scalars/option_result_native_lowering.inc	NEBOC_NATIVE_PADDING_SIZE_OFFSET	136	dc85ef6fef3834f6b75f528df0917f934a8b48ef2397f5d14a507f6de1de910e	Owner contract; internal fields remain internal; no universal ABI promise
compiler/lowering/scalars/option_result_native_lowering.inc::NEBOC_NATIVE_PAYLOAD_OFFSET_OFFSET	x86_64-systemv-elf-linux	compiler/lowering/scalars/option_result_native_lowering.inc	NEBOC_NATIVE_PAYLOAD_OFFSET_OFFSET	144	ef9f29f103c6c27eb0efb3291f34f3878e214ae7b9d799e82d7ba66e140c02e1	Owner contract; internal fields remain internal; no universal ABI promise
compiler/lowering/scalars/option_result_native_lowering.inc::NEBOC_NATIVE_PAYLOAD_STORAGE_SIZE_OFFSET	x86_64-systemv-elf-linux	compiler/lowering/scalars/option_result_native_lowering.inc	NEBOC_NATIVE_PAYLOAD_STORAGE_SIZE_OFFSET	152	2b3aa0707730a301dcbfc51cc68d5fe2272c7dc8fb73444263aea2e37125199a	Owner contract; internal fields remain internal; no universal ABI promise
compiler/lowering/scalars/option_result_native_lowering.inc::NEBOC_NATIVE_ACTIVE_PAYLOAD_SIZE_OFFSET	x86_64-systemv-elf-linux	compiler/lowering/scalars/option_result_native_lowering.inc	NEBOC_NATIVE_ACTIVE_PAYLOAD_SIZE_OFFSET	160	dcd47cf553b37087aced42cae1e5ee821bc52286b536ef9f4728473180faf724	Owner contract; internal fields remain internal; no universal ABI promise
compiler/lowering/scalars/option_result_native_lowering.inc::NEBOC_NATIVE_ACTIVE_PAYLOAD_ALIGNMENT_OFFSET	x86_64-systemv-elf-linux	compiler/lowering/scalars/option_result_native_lowering.inc	NEBOC_NATIVE_ACTIVE_PAYLOAD_ALIGNMENT_OFFSET	168	8b88c11fee24b7f9f6f66148c340db4fa10c241c8b75ec3b22a5498a62b93c43	Owner contract; internal fields remain internal; no universal ABI promise
compiler/lowering/scalars/option_result_native_lowering.inc::NEBOC_NATIVE_FIRST_EIGHTBYTE_CLASS_OFFSET	x86_64-systemv-elf-linux	compiler/lowering/scalars/option_result_native_lowering.inc	NEBOC_NATIVE_FIRST_EIGHTBYTE_CLASS_OFFSET	176	91fcba093c5f006cc5c9746f848b1c9db51aa35214fad94ee612852c6d522dad	Owner contract; internal fields remain internal; no universal ABI promise
compiler/lowering/scalars/option_result_native_lowering.inc::NEBOC_NATIVE_SECOND_EIGHTBYTE_CLASS_OFFSET	x86_64-systemv-elf-linux	compiler/lowering/scalars/option_result_native_lowering.inc	NEBOC_NATIVE_SECOND_EIGHTBYTE_CLASS_OFFSET	184	a2b7750773c2de88d1113d2b1de6e0149792ad379df5f7f7d0854565e40786ea	Owner contract; internal fields remain internal; no universal ABI promise
compiler/lowering/scalars/option_result_native_lowering.inc::NEBOC_NATIVE_ARGUMENT_TAG_REGISTER_OFFSET	x86_64-systemv-elf-linux	compiler/lowering/scalars/option_result_native_lowering.inc	NEBOC_NATIVE_ARGUMENT_TAG_REGISTER_OFFSET	192	2a745d83803808194847fb903f6fd99b67a89276f8328e1fe96f7d5b22806be5	Owner contract; internal fields remain internal; no universal ABI promise
compiler/lowering/scalars/option_result_native_lowering.inc::NEBOC_NATIVE_ARGUMENT_PAYLOAD_REGISTER_OFFSET	x86_64-systemv-elf-linux	compiler/lowering/scalars/option_result_native_lowering.inc	NEBOC_NATIVE_ARGUMENT_PAYLOAD_REGISTER_OFFSET	200	2e794dcd4e104f6166746c18e1d5f6f2933d30e7e14275076c4b12050ad0ecf5	Owner contract; internal fields remain internal; no universal ABI promise
compiler/lowering/scalars/option_result_native_lowering.inc::NEBOC_NATIVE_FALLBACK_REGISTER_OFFSET	x86_64-systemv-elf-linux	compiler/lowering/scalars/option_result_native_lowering.inc	NEBOC_NATIVE_FALLBACK_REGISTER_OFFSET	208	c23a25e668b3b604d867e89b4862170f2e2a5b86f952261eee69f33666587db6	Owner contract; internal fields remain internal; no universal ABI promise
compiler/lowering/scalars/option_result_native_lowering.inc::neboc_option_result_null_externo_e_erros_tipados_NATIVE_RETURN_TAG_REGISTER_OFFSET	x86_64-systemv-elf-linux	compiler/lowering/scalars/option_result_native_lowering.inc	neboc_option_result_null_externo_e_erros_tipados_NATIVE_RETURN_TAG_REGISTER_OFFSET	216	a8ca39667f93fbccd41610369019646d0e01e7544733657d68c143630b858136	Owner contract; internal fields remain internal; no universal ABI promise
compiler/lowering/scalars/option_result_native_lowering.inc::neboc_option_result_null_externo_e_erros_tipados_NATIVE_RETURN_PAYLOAD_REGISTER_OFFSET	x86_64-systemv-elf-linux	compiler/lowering/scalars/option_result_native_lowering.inc	neboc_option_result_null_externo_e_erros_tipados_NATIVE_RETURN_PAYLOAD_REGISTER_OFFSET	224	a05184e39134f4046f16d031bed9a7193191d4b6d4524560f2edbde3667e5314	Owner contract; internal fields remain internal; no universal ABI promise
compiler/lowering/scalars/option_result_native_lowering.inc::NEBOC_NATIVE_SCALAR_RETURN_REGISTER_OFFSET	x86_64-systemv-elf-linux	compiler/lowering/scalars/option_result_native_lowering.inc	NEBOC_NATIVE_SCALAR_RETURN_REGISTER_OFFSET	232	860499d5111783bb873c3a289f786e8eeace7f70bc5855050037e72e399023c7	Owner contract; internal fields remain internal; no universal ABI promise
compiler/lowering/scalars/option_result_native_lowering.inc::neboc_option_result_null_externo_e_erros_tipados_NATIVE_RUNTIME_HELPER_OFFSET	x86_64-systemv-elf-linux	compiler/lowering/scalars/option_result_native_lowering.inc	neboc_option_result_null_externo_e_erros_tipados_NATIVE_RUNTIME_HELPER_OFFSET	240	c083d2f7879f8cd88a7787f3b23a1232633445db487d97d371c66f666fc16ec3	Owner contract; internal fields remain internal; no universal ABI promise
compiler/lowering/scalars/option_result_native_lowering.inc::neboc_option_result_null_externo_e_erros_tipados_NATIVE_FLAGS_OFFSET	x86_64-systemv-elf-linux	compiler/lowering/scalars/option_result_native_lowering.inc	neboc_option_result_null_externo_e_erros_tipados_NATIVE_FLAGS_OFFSET	248	24063ffa263bd0865814566cbe1c1d3c1d1651d0b797b175a69a801db45d6c6c	Owner contract; internal fields remain internal; no universal ABI promise
compiler/lowering/scalars/option_result_native_lowering.inc::neboc_option_result_null_externo_e_erros_tipados_NATIVE_RUNTIME_METADATA_OFFSET	x86_64-systemv-elf-linux	compiler/lowering/scalars/option_result_native_lowering.inc	neboc_option_result_null_externo_e_erros_tipados_NATIVE_RUNTIME_METADATA_OFFSET	256	a65da30fa1edfa08fadacaab3a900b774baad36c9e28d26e33e45b8ba9060280	Owner contract; internal fields remain internal; no universal ABI promise
compiler/lowering/scalars/option_result_native_lowering.inc::neboc_option_result_null_externo_e_erros_tipados_NATIVE_SEMANTIC_HASH_OFFSET	x86_64-systemv-elf-linux	compiler/lowering/scalars/option_result_native_lowering.inc	neboc_option_result_null_externo_e_erros_tipados_NATIVE_SEMANTIC_HASH_OFFSET	264	9c5ce732f69667e3427f6ea4144b90806e73e14393e11bfaf4939ecf0cc3fe5d	Owner contract; internal fields remain internal; no universal ABI promise
compiler/lowering/scalars/option_result_native_lowering.inc::neboc_option_result_null_externo_e_erros_tipados_NATIVE_IR_HASH_OFFSET	x86_64-systemv-elf-linux	compiler/lowering/scalars/option_result_native_lowering.inc	neboc_option_result_null_externo_e_erros_tipados_NATIVE_IR_HASH_OFFSET	272	46c9b8fa12875d97b58f56ef9b08c200c846fb261bce43e7f1e72320d866d266	Owner contract; internal fields remain internal; no universal ABI promise
compiler/lowering/scalars/option_result_native_lowering.inc::neboc_option_result_null_externo_e_erros_tipados_NATIVE_HASH_OFFSET	x86_64-systemv-elf-linux	compiler/lowering/scalars/option_result_native_lowering.inc	neboc_option_result_null_externo_e_erros_tipados_NATIVE_HASH_OFFSET	280	4cbd3df0ca12b20fd964815c3b0e57a5f2d4fe9d718a6dd95c45c6ebf14199ff	Owner contract; internal fields remain internal; no universal ABI promise
compiler/lowering/scalars/option_result_native_lowering.inc::NEBOC_NATIVE_ERROR_OFFSET	x86_64-systemv-elf-linux	compiler/lowering/scalars/option_result_native_lowering.inc	NEBOC_NATIVE_ERROR_OFFSET	288	64c443f0c6623a66e0c7a3f55a66a1ef4cc76ebb5f4bb9d167f90e8c76597250	Owner contract; internal fields remain internal; no universal ABI promise
compiler/lowering/scalars/option_result_native_lowering.inc::neboc_option_result_null_externo_e_erros_tipados_NATIVE_REQUEST_SIZE	x86_64-systemv-elf-linux	compiler/lowering/scalars/option_result_native_lowering.inc	neboc_option_result_null_externo_e_erros_tipados_NATIVE_REQUEST_SIZE	296	2d3b033f079ee46d012880aa5bbba3fe799a01e7c0e640cfea591058d876db3f	Owner contract; internal fields remain internal; no universal ABI promise
compiler/lowering/scalars/option_result_native_lowering.inc::neboc_option_result_null_externo_e_erros_tipados_NATIVE_TARGET_X86_64_SYSTEMV_ELF_LINUX	x86_64-systemv-elf-linux	compiler/lowering/scalars/option_result_native_lowering.inc	neboc_option_result_null_externo_e_erros_tipados_NATIVE_TARGET_X86_64_SYSTEMV_ELF_LINUX	1	2927a6ed078b484a7600854bc3e6651f2752b3b2a9e3db05c044eada2c8852d3	Owner contract; internal fields remain internal; no universal ABI promise
compiler/lowering/scalars/option_result_native_lowering.inc::NEBOC_NATIVE_OPERATION_CONSTRUCT	x86_64-systemv-elf-linux	compiler/lowering/scalars/option_result_native_lowering.inc	NEBOC_NATIVE_OPERATION_CONSTRUCT	1	0f9580b1121d75576b1681eff42b0c0b121faa50b3dd38becd9f6ba33e9d61f1	Owner contract; internal fields remain internal; no universal ABI promise
compiler/lowering/scalars/option_result_native_lowering.inc::NEBOC_NATIVE_OPERATION_PREDICATE	x86_64-systemv-elf-linux	compiler/lowering/scalars/option_result_native_lowering.inc	NEBOC_NATIVE_OPERATION_PREDICATE	2	268ddf3b4a4d6c59ee1008a883347a2e4a3b9c89c32351a7a3df77f422e37478	Owner contract; internal fields remain internal; no universal ABI promise
compiler/lowering/scalars/option_result_native_lowering.inc::NEBOC_NATIVE_OPERATION_UNWRAP_OR	x86_64-systemv-elf-linux	compiler/lowering/scalars/option_result_native_lowering.inc	NEBOC_NATIVE_OPERATION_UNWRAP_OR	3	2ab2651e7f7a874a7775708700ecbae33cde387440511dfe444df5044d7997da	Owner contract; internal fields remain internal; no universal ABI promise
compiler/lowering/scalars/option_result_native_lowering.inc::neboc_option_result_null_externo_e_erros_tipados_NATIVE_REPR_NONE	x86_64-systemv-elf-linux	compiler/lowering/scalars/option_result_native_lowering.inc	neboc_option_result_null_externo_e_erros_tipados_NATIVE_REPR_NONE	0	757bbcb3557ec620fa6d0783f6f29963192a8367df93ea83b970ecfab5516cda	Owner contract; internal fields remain internal; no universal ABI promise
compiler/lowering/scalars/option_result_native_lowering.inc::neboc_option_result_null_externo_e_erros_tipados_NATIVE_REPR_BOOL_U8	x86_64-systemv-elf-linux	compiler/lowering/scalars/option_result_native_lowering.inc	neboc_option_result_null_externo_e_erros_tipados_NATIVE_REPR_BOOL_U8	1	9f4bf6b4c3495d03f77056b955f581f31191ba339be944b79ed7472f4d684b2f	Owner contract; internal fields remain internal; no universal ABI promise
compiler/lowering/scalars/option_result_native_lowering.inc::NEBOC_NATIVE_REPR_INT_I64	x86_64-systemv-elf-linux	compiler/lowering/scalars/option_result_native_lowering.inc	NEBOC_NATIVE_REPR_INT_I64	2	01265aee39710b561edd3f9875e8db2d717b2f7baa1d55f0de816196e2a63327	Owner contract; internal fields remain internal; no universal ABI promise
compiler/lowering/scalars/option_result_native_lowering.inc::NEBOC_NATIVE_REPR_FLOAT_BINARY64	x86_64-systemv-elf-linux	compiler/lowering/scalars/option_result_native_lowering.inc	NEBOC_NATIVE_REPR_FLOAT_BINARY64	3	b0f56d26b536ccebdd1fba01f6cc4c0f60aca8ef4bd1a3c7bdc6eade8cc6feea	Owner contract; internal fields remain internal; no universal ABI promise
compiler/lowering/scalars/option_result_native_lowering.inc::NEBOC_NATIVE_REPR_CHAR_U32	x86_64-systemv-elf-linux	compiler/lowering/scalars/option_result_native_lowering.inc	NEBOC_NATIVE_REPR_CHAR_U32	4	b7ffcd522cce3d8509c406a2964684073b20d17aea956e6957c6af92155ddf8f	Owner contract; internal fields remain internal; no universal ABI promise
compiler/lowering/scalars/option_result_native_lowering.inc::NEBOC_NATIVE_ABI_CLASS_NONE	x86_64-systemv-elf-linux	compiler/lowering/scalars/option_result_native_lowering.inc	NEBOC_NATIVE_ABI_CLASS_NONE	0	cf9d83af6dd3da2837ceb0cdc8d055dbe5a1d1c28369251599f33f8301cd1390	Owner contract; internal fields remain internal; no universal ABI promise
compiler/lowering/scalars/option_result_native_lowering.inc::neboc_option_result_null_externo_e_erros_tipados_NATIVE_ABI_CLASS_INTEGER	x86_64-systemv-elf-linux	compiler/lowering/scalars/option_result_native_lowering.inc	neboc_option_result_null_externo_e_erros_tipados_NATIVE_ABI_CLASS_INTEGER	1	9c70a7a7d54e486698d98234d86c61bf80eea9146b81d7aa6ae2ec98b352b9ec	Owner contract; internal fields remain internal; no universal ABI promise
compiler/lowering/scalars/option_result_native_lowering.inc::neboc_option_result_null_externo_e_erros_tipados_NATIVE_ABI_CLASS_SSE	x86_64-systemv-elf-linux	compiler/lowering/scalars/option_result_native_lowering.inc	neboc_option_result_null_externo_e_erros_tipados_NATIVE_ABI_CLASS_SSE	2	530e30ea22bb6aa1e8aef038bf043e38a11d5e1371bcec90e5eb690f693ffdd6	Owner contract; internal fields remain internal; no universal ABI promise
compiler/lowering/scalars/option_result_native_lowering.inc::neboc_option_result_null_externo_e_erros_tipados_NATIVE_REGISTER_NONE	x86_64-systemv-elf-linux	compiler/lowering/scalars/option_result_native_lowering.inc	neboc_option_result_null_externo_e_erros_tipados_NATIVE_REGISTER_NONE	0	3a6a7a749af7b8b6a0dd78d84d2874405c977dd4c14c9fb5d42d4114b5e90438	Owner contract; internal fields remain internal; no universal ABI promise
compiler/lowering/scalars/option_result_native_lowering.inc::neboc_option_result_null_externo_e_erros_tipados_NATIVE_REGISTER_RDI	x86_64-systemv-elf-linux	compiler/lowering/scalars/option_result_native_lowering.inc	neboc_option_result_null_externo_e_erros_tipados_NATIVE_REGISTER_RDI	1	95bb0b161c5650301d6351c10fb7f13dc56bf0586942b795e5a7481c739e52ac	Owner contract; internal fields remain internal; no universal ABI promise
compiler/lowering/scalars/option_result_native_lowering.inc::neboc_option_result_null_externo_e_erros_tipados_NATIVE_REGISTER_RSI	x86_64-systemv-elf-linux	compiler/lowering/scalars/option_result_native_lowering.inc	neboc_option_result_null_externo_e_erros_tipados_NATIVE_REGISTER_RSI	2	f6dd0e3a509a37418292c6c72660eda3e4d9b9a4a6c0076934bc4fd8085bc17b	Owner contract; internal fields remain internal; no universal ABI promise
compiler/lowering/scalars/option_result_native_lowering.inc::neboc_option_result_null_externo_e_erros_tipados_NATIVE_REGISTER_RDX	x86_64-systemv-elf-linux	compiler/lowering/scalars/option_result_native_lowering.inc	neboc_option_result_null_externo_e_erros_tipados_NATIVE_REGISTER_RDX	3	415b63eeef95ae622bd46e58713604aee1d96f864d2609a2288f76e458a32857	Owner contract; internal fields remain internal; no universal ABI promise
compiler/lowering/scalars/option_result_native_lowering.inc::neboc_option_result_null_externo_e_erros_tipados_NATIVE_REGISTER_RAX	x86_64-systemv-elf-linux	compiler/lowering/scalars/option_result_native_lowering.inc	neboc_option_result_null_externo_e_erros_tipados_NATIVE_REGISTER_RAX	4	02b5a471324d9c6d3cd30bf6cb450a466b4cda04c7f67c113dd36c71c812b980	Owner contract; internal fields remain internal; no universal ABI promise
compiler/lowering/scalars/option_result_native_lowering.inc::neboc_option_result_null_externo_e_erros_tipados_NATIVE_REGISTER_XMM0	x86_64-systemv-elf-linux	compiler/lowering/scalars/option_result_native_lowering.inc	neboc_option_result_null_externo_e_erros_tipados_NATIVE_REGISTER_XMM0	5	34230ca9d3da2e692120add4f0686617ba55e5b7d3efd5acff953587ed8957d3	Owner contract; internal fields remain internal; no universal ABI promise
compiler/lowering/scalars/option_result_native_lowering.inc::NEBOC_NATIVE_REGISTER_XMM1	x86_64-systemv-elf-linux	compiler/lowering/scalars/option_result_native_lowering.inc	NEBOC_NATIVE_REGISTER_XMM1	6	7c6b7981cea744052f82f5738d0ab53bf1b31c617e58965b9207be753bf5404f	Owner contract; internal fields remain internal; no universal ABI promise
compiler/lowering/scalars/option_result_native_lowering.inc::NEBOC_NATIVE_HELPER_STORE_ZERO_PAYLOAD	x86_64-systemv-elf-linux	compiler/lowering/scalars/option_result_native_lowering.inc	NEBOC_NATIVE_HELPER_STORE_ZERO_PAYLOAD	1	27e55bde710ea719defad75c68de88569a95bc76524cc0cda32bf5bae679ae21	Owner contract; internal fields remain internal; no universal ABI promise
compiler/lowering/scalars/option_result_native_lowering.inc::NEBOC_NATIVE_HELPER_STORE_INTEGER	x86_64-systemv-elf-linux	compiler/lowering/scalars/option_result_native_lowering.inc	NEBOC_NATIVE_HELPER_STORE_INTEGER	2	3a40dd12b6c47032a1053bcc978c37d03f83c765f467bf0eae5b1c1beeb9f00f	Owner contract; internal fields remain internal; no universal ABI promise
compiler/lowering/scalars/option_result_native_lowering.inc::NEBOC_NATIVE_HELPER_STORE_FLOAT	x86_64-systemv-elf-linux	compiler/lowering/scalars/option_result_native_lowering.inc	NEBOC_NATIVE_HELPER_STORE_FLOAT	3	137de17f2ead26af9cefc29722cbb7c49972d79ff98e812a1a6993f415921c88	Owner contract; internal fields remain internal; no universal ABI promise
compiler/lowering/scalars/option_result_native_lowering.inc::NEBOC_NATIVE_HELPER_TAG_TEST	x86_64-systemv-elf-linux	compiler/lowering/scalars/option_result_native_lowering.inc	NEBOC_NATIVE_HELPER_TAG_TEST	4	a04bc040838bdc956e0239174df976260950cfea2b72bc77f52599ba4d82ba9d	Owner contract; internal fields remain internal; no universal ABI promise
compiler/lowering/scalars/option_result_native_lowering.inc::NEBOC_NATIVE_HELPER_UNWRAP_INTEGER	x86_64-systemv-elf-linux	compiler/lowering/scalars/option_result_native_lowering.inc	NEBOC_NATIVE_HELPER_UNWRAP_INTEGER	5	743abcd1203877bee9c511ad17d70aaf02aae5fb42805d1e659d4c4341e9b945	Owner contract; internal fields remain internal; no universal ABI promise
compiler/lowering/scalars/option_result_native_lowering.inc::NEBOC_NATIVE_HELPER_UNWRAP_FLOAT	x86_64-systemv-elf-linux	compiler/lowering/scalars/option_result_native_lowering.inc	NEBOC_NATIVE_HELPER_UNWRAP_FLOAT	6	2c2c357608c09d2491d6f4f9cc950ed3217e618433c86ba6e14afc7ce08c8ec3	Owner contract; internal fields remain internal; no universal ABI promise
compiler/lowering/scalars/option_result_native_lowering.inc::NEBOC_NATIVE_TAG_OPTION_NONE	x86_64-systemv-elf-linux	compiler/lowering/scalars/option_result_native_lowering.inc	NEBOC_NATIVE_TAG_OPTION_NONE	0	f095da5565e07c8b20bf4f40bc9429001c2245711f5e07d401b98999eb8de23b	Owner contract; internal fields remain internal; no universal ABI promise
compiler/lowering/scalars/option_result_native_lowering.inc::NEBOC_NATIVE_TAG_OPTION_SOME	x86_64-systemv-elf-linux	compiler/lowering/scalars/option_result_native_lowering.inc	NEBOC_NATIVE_TAG_OPTION_SOME	1	520250a8566ac087b9c84c9d8a782dea86e6b3c0649213d54c0ccf7dcd128356	Owner contract; internal fields remain internal; no universal ABI promise
compiler/lowering/scalars/option_result_native_lowering.inc::NEBOC_NATIVE_TAG_RESULT_OK	x86_64-systemv-elf-linux	compiler/lowering/scalars/option_result_native_lowering.inc	NEBOC_NATIVE_TAG_RESULT_OK	0	5a2d1043784efb0be59b552d1e64e1c65c6a1b813be3d1312133d1fa7d0db918	Owner contract; internal fields remain internal; no universal ABI promise
compiler/lowering/scalars/option_result_native_lowering.inc::NEBOC_NATIVE_TAG_RESULT_ERR	x86_64-systemv-elf-linux	compiler/lowering/scalars/option_result_native_lowering.inc	NEBOC_NATIVE_TAG_RESULT_ERR	1	7130ade0f04a85be3ae2ea796394cb5029ac02d31bd7108415b5a61f5be5044a	Owner contract; internal fields remain internal; no universal ABI promise
compiler/lowering/scalars/option_result_native_lowering.inc::NEBOC_NATIVE_FLAG_INLINE_TAGGED	x86_64-systemv-elf-linux	compiler/lowering/scalars/option_result_native_lowering.inc	NEBOC_NATIVE_FLAG_INLINE_TAGGED	1	30bcb873ca2d1648f59d987d12bbadfb361194b2a0de94e1308772a2e682c12b	Owner contract; internal fields remain internal; no universal ABI promise
compiler/lowering/scalars/option_result_native_lowering.inc::neboc_option_result_null_externo_e_erros_tipados_NATIVE_FLAG_CALLER_OWNED	x86_64-systemv-elf-linux	compiler/lowering/scalars/option_result_native_lowering.inc	neboc_option_result_null_externo_e_erros_tipados_NATIVE_FLAG_CALLER_OWNED	2	e86507f8825fec32b4f6794c6ca599ec1dfbcdffada6e7dd0cf76010009029e9	Owner contract; internal fields remain internal; no universal ABI promise
compiler/lowering/scalars/option_result_native_lowering.inc::NEBOC_NATIVE_FLAG_PADDING_ZERO	x86_64-systemv-elf-linux	compiler/lowering/scalars/option_result_native_lowering.inc	NEBOC_NATIVE_FLAG_PADDING_ZERO	4	ad9834a1bc9a28f5bca77199c7f3be95d3ed3b296ac8dc88d91948b12f577a6c	Owner contract; internal fields remain internal; no universal ABI promise
compiler/lowering/scalars/option_result_native_lowering.inc::NEBOC_NATIVE_FLAG_PAYLOAD_HIGH_BYTES_ZERO	x86_64-systemv-elf-linux	compiler/lowering/scalars/option_result_native_lowering.inc	NEBOC_NATIVE_FLAG_PAYLOAD_HIGH_BYTES_ZERO	8	359ee73e0a150d956277ea538daabe206b291a4599fd8d8a864669deb51e49cc	Owner contract; internal fields remain internal; no universal ABI promise
compiler/lowering/scalars/option_result_native_lowering.inc::NEBOC_NATIVE_FLAG_NO_NICHE	x86_64-systemv-elf-linux	compiler/lowering/scalars/option_result_native_lowering.inc	NEBOC_NATIVE_FLAG_NO_NICHE	16	d261a917e0667a22dcdd685d242b55c8d734b7b4be706a93a5723e3ef6b8e14b	Owner contract; internal fields remain internal; no universal ABI promise
compiler/lowering/scalars/option_result_native_lowering.inc::neboc_option_result_null_externo_e_erros_tipados_NATIVE_FLAG_NO_HEAP	x86_64-systemv-elf-linux	compiler/lowering/scalars/option_result_native_lowering.inc	neboc_option_result_null_externo_e_erros_tipados_NATIVE_FLAG_NO_HEAP	32	dd74b3e11ff81983c44116d2e3a1f9f289a4acdf03ae9232590d738a0e4cfccf	Owner contract; internal fields remain internal; no universal ABI promise
compiler/lowering/scalars/option_result_native_lowering.inc::NEBOC_NATIVE_FLAG_NO_RUNTIME_OBJECT	x86_64-systemv-elf-linux	compiler/lowering/scalars/option_result_native_lowering.inc	NEBOC_NATIVE_FLAG_NO_RUNTIME_OBJECT	64	397da2ffaf3b436c15052b5b4ca98f45f55aab695dcb165a6bc32071a006fbae	Owner contract; internal fields remain internal; no universal ABI promise
compiler/lowering/scalars/option_result_native_lowering.inc::NEBOC_NATIVE_FLAG_NO_SOURCE_NULL	x86_64-systemv-elf-linux	compiler/lowering/scalars/option_result_native_lowering.inc	NEBOC_NATIVE_FLAG_NO_SOURCE_NULL	128	28809b050f2adb8246302e94a6cfc7c4d56f396312b6cf21a0c98db20215ccfa	Owner contract; internal fields remain internal; no universal ABI promise
compiler/lowering/scalars/option_result_native_lowering.inc::neboc_option_result_null_externo_e_erros_tipados_NATIVE_FLAG_DETERMINISTIC	x86_64-systemv-elf-linux	compiler/lowering/scalars/option_result_native_lowering.inc	neboc_option_result_null_externo_e_erros_tipados_NATIVE_FLAG_DETERMINISTIC	256	d1387d72d7cd2849bc8946a0a472dab9686ee2faf1a76475f78e81a478512789	Owner contract; internal fields remain internal; no universal ABI promise
compiler/lowering/scalars/option_result_native_lowering.inc::NEBOC_NATIVE_FLAG_SSE2	x86_64-systemv-elf-linux	compiler/lowering/scalars/option_result_native_lowering.inc	NEBOC_NATIVE_FLAG_SSE2	512	834cf3e429db62790ed619d35d86703153b4e3f42a2669dad7de5492454564af	Owner contract; internal fields remain internal; no universal ABI promise
compiler/lowering/scalars/option_result_native_lowering.inc::neboc_option_result_null_externo_e_erros_tipados_NATIVE_FLAGS_COMMON	x86_64-systemv-elf-linux	compiler/lowering/scalars/option_result_native_lowering.inc	neboc_option_result_null_externo_e_erros_tipados_NATIVE_FLAGS_COMMON	NEBOC_NATIVE_FLAG_INLINE_TAGGED|neboc_option_result_null_externo_e_erros_tipados_NATIVE_FLAG_CALLER_OWNED|NEBOC_NATIVE_FLAG_PADDING_ZERO|NEBOC_NATIVE_FLAG_PAYLOAD_HIGH_BYTES_ZERO|NEBOC_NATIVE_FLAG_NO_NICHE|neboc_option_result_null_externo_e_erros_tipados_NATIVE_FLAG_NO_HEAP|NEBOC_NATIVE_FLAG_NO_RUNTIME_OBJECT|NEBOC_NATIVE_FLAG_NO_SOURCE_NULL|neboc_option_result_null_externo_e_erros_tipados_NATIVE_FLAG_DETERMINISTIC|NEBOC_NATIVE_FLAG_SSE2	50572d2a220f6be721f8f8e97340cce737cceba131ddcdf39bf0bc3a2a9d369e	Owner contract; internal fields remain internal; no universal ABI promise
compiler/lowering/scalars/option_result_native_lowering.inc::neboc_option_result_null_externo_e_erros_tipados_NATIVE_RUNTIME_METADATA_NONE	x86_64-systemv-elf-linux	compiler/lowering/scalars/option_result_native_lowering.inc	neboc_option_result_null_externo_e_erros_tipados_NATIVE_RUNTIME_METADATA_NONE	0	9217668096c53acb889ca5bd6e5681e71f00244dc7ef52b96187498f9c0dbef0	Owner contract; internal fields remain internal; no universal ABI promise
compiler/lowering/scalars/option_result_native_lowering.inc::neboc_option_result_null_externo_e_erros_tipados_NATIVE_ERROR_NONE	x86_64-systemv-elf-linux	compiler/lowering/scalars/option_result_native_lowering.inc	neboc_option_result_null_externo_e_erros_tipados_NATIVE_ERROR_NONE	0	237bd632a7a0b3432484cdabc6cb60fa53b3e41569f92d9aa76d3ecc6d10099c	Owner contract; internal fields remain internal; no universal ABI promise
compiler/lowering/scalars/option_result_native_lowering.inc::NEBOC_NATIVE_ERROR_SEMANTIC_INVALID	x86_64-systemv-elf-linux	compiler/lowering/scalars/option_result_native_lowering.inc	NEBOC_NATIVE_ERROR_SEMANTIC_INVALID	1	82a51df0d9f500a4a86a19bc6d7c21859cd516b88ab36b67ae0582bd10ac00ed	Owner contract; internal fields remain internal; no universal ABI promise
compiler/lowering/scalars/option_result_native_lowering.inc::NEBOC_NATIVE_ERROR_IR_INVALID	x86_64-systemv-elf-linux	compiler/lowering/scalars/option_result_native_lowering.inc	NEBOC_NATIVE_ERROR_IR_INVALID	2	fb81c78fd0012ef4cc1945ff71eace9585259904f4bb940f15463b7a24b5b589	Owner contract; internal fields remain internal; no universal ABI promise
compiler/lowering/scalars/option_result_native_lowering.inc::neboc_option_result_null_externo_e_erros_tipados_NATIVE_ERROR_TARGET_UNSUPPORTED	x86_64-systemv-elf-linux	compiler/lowering/scalars/option_result_native_lowering.inc	neboc_option_result_null_externo_e_erros_tipados_NATIVE_ERROR_TARGET_UNSUPPORTED	3	53ba6c760f64c503853e0888fe573de4644d6c304ca7e1fc1095cf69fe88fb86	Owner contract; internal fields remain internal; no universal ABI promise
compiler/lowering/scalars/option_result_native_lowering.inc::neboc_option_result_null_externo_e_erros_tipados_NATIVE_ERROR_CONTRACT_MISMATCH	x86_64-systemv-elf-linux	compiler/lowering/scalars/option_result_native_lowering.inc	neboc_option_result_null_externo_e_erros_tipados_NATIVE_ERROR_CONTRACT_MISMATCH	4	03b17cb2ae4ed34f2e527b43b27372a62404924cde2f88284adc0eff4b68c6a2	Owner contract; internal fields remain internal; no universal ABI promise
compiler/lowering/scalars/option_result_native_lowering.inc::NEBOC_NATIVE_ERROR_TYPE_UNSUPPORTED	x86_64-systemv-elf-linux	compiler/lowering/scalars/option_result_native_lowering.inc	NEBOC_NATIVE_ERROR_TYPE_UNSUPPORTED	5	81049fe038fc9ac8e8bc6eb4a67f1863dd251b52ca57ff9e2d34a896db01f836	Owner contract; internal fields remain internal; no universal ABI promise
compiler/lowering/scalars/option_result_native_lowering.inc::NEBOC_NATIVE_ERROR_OPERATION_UNSUPPORTED	x86_64-systemv-elf-linux	compiler/lowering/scalars/option_result_native_lowering.inc	NEBOC_NATIVE_ERROR_OPERATION_UNSUPPORTED	6	ad3ce0702a4bc839b59e59225ea1cd13fa60ed78468d455123c99d250aaf194c	Owner contract; internal fields remain internal; no universal ABI promise
compiler/lowering/scalars/option_result_native_lowering.inc::neboc_option_result_null_externo_e_erros_tipados_NATIVE_ERROR_RUNTIME_METADATA	x86_64-systemv-elf-linux	compiler/lowering/scalars/option_result_native_lowering.inc	neboc_option_result_null_externo_e_erros_tipados_NATIVE_ERROR_RUNTIME_METADATA	7	bc5fdd1c081ba21b6f61c155c95be4735430a777b0bd5069da2682b865eaa6cc	Owner contract; internal fields remain internal; no universal ABI promise
compiler/lowering/scalars/option_result_plan.inc::NEBOC_OPTION_PLAN_MAGIC_OFFSET	x86_64-systemv-elf-linux	compiler/lowering/scalars/option_result_plan.inc	NEBOC_OPTION_PLAN_MAGIC_OFFSET	0	133a8fd2f40e527efed05a833717ca441d2d178014a64c0fdaea7ddd0c95c95d	Owner contract; internal fields remain internal; no universal ABI promise
compiler/lowering/scalars/option_result_plan.inc::NEBOC_OPTION_PLAN_LAYOUT_ID_OFFSET	x86_64-systemv-elf-linux	compiler/lowering/scalars/option_result_plan.inc	NEBOC_OPTION_PLAN_LAYOUT_ID_OFFSET	8	a2b06c9a32bf83e8dc6c9b1b859e0b777d66b76668987349aaf78c2f13b1f175	Owner contract; internal fields remain internal; no universal ABI promise
compiler/lowering/scalars/option_result_plan.inc::NEBOC_OPTION_PLAN_SEMANTIC_HASH_OFFSET	x86_64-systemv-elf-linux	compiler/lowering/scalars/option_result_plan.inc	NEBOC_OPTION_PLAN_SEMANTIC_HASH_OFFSET	16	b176aa8757fd3973af7830d7ca5606e79c5c9e834760c087f62c9e14cb3ae7a8	Owner contract; internal fields remain internal; no universal ABI promise
compiler/lowering/scalars/option_result_plan.inc::NEBOC_OPTION_PLAN_FOUND_OFFSET	x86_64-systemv-elf-linux	compiler/lowering/scalars/option_result_plan.inc	NEBOC_OPTION_PLAN_FOUND_OFFSET	24	56089e88030042d5f7979a761b831bb54fd6a672d29de7842bd2282e24ade74e	Owner contract; internal fields remain internal; no universal ABI promise
compiler/lowering/scalars/option_result_plan.inc::NEBOC_OPTION_PLAN_RESULT_TYPE_OFFSET	x86_64-systemv-elf-linux	compiler/lowering/scalars/option_result_plan.inc	NEBOC_OPTION_PLAN_RESULT_TYPE_OFFSET	32	e3ce03f64b25cb306f552cb2c62090c7776dcd6d6f11b1e8b9ec0fb8a0f8636e	Owner contract; internal fields remain internal; no universal ABI promise
compiler/lowering/scalars/option_result_plan.inc::NEBOC_OPTION_PLAN_RESULT_VALUE_OFFSET	x86_64-systemv-elf-linux	compiler/lowering/scalars/option_result_plan.inc	NEBOC_OPTION_PLAN_RESULT_VALUE_OFFSET	40	c2dcc015ce5752771b648a6dcfe31df22f52f32e60635ef13d6b7804799b3346	Owner contract; internal fields remain internal; no universal ABI promise
compiler/lowering/scalars/option_result_plan.inc::NEBOC_OPTION_PLAN_CALLBACK_COUNT_OFFSET	x86_64-systemv-elf-linux	compiler/lowering/scalars/option_result_plan.inc	NEBOC_OPTION_PLAN_CALLBACK_COUNT_OFFSET	48	1ea1f8b0e074bd2590f70c40e8259992fd7d4b7da8b952bd58213f9611456484	Owner contract; internal fields remain internal; no universal ABI promise
compiler/lowering/scalars/option_result_plan.inc::NEBOC_OPTION_PLAN_DROP_COUNT_OFFSET	x86_64-systemv-elf-linux	compiler/lowering/scalars/option_result_plan.inc	NEBOC_OPTION_PLAN_DROP_COUNT_OFFSET	56	942c77cc4021ad93e4ff89009f3cfe744c39ff21456b69e6f2149719ebd4e748	Owner contract; internal fields remain internal; no universal ABI promise
compiler/lowering/scalars/option_result_plan.inc::NEBOC_OPTION_PLAN_MAX_LAYOUT_SIZE_OFFSET	x86_64-systemv-elf-linux	compiler/lowering/scalars/option_result_plan.inc	NEBOC_OPTION_PLAN_MAX_LAYOUT_SIZE_OFFSET	64	8d38820a3fd9ea1ed4980b2e9eac46a44795936189634dc47f1aa53e8173cf3b	Owner contract; internal fields remain internal; no universal ABI promise
compiler/lowering/scalars/option_result_plan.inc::NEBOC_OPTION_PLAN_MAX_LAYOUT_ALIGN_OFFSET	x86_64-systemv-elf-linux	compiler/lowering/scalars/option_result_plan.inc	NEBOC_OPTION_PLAN_MAX_LAYOUT_ALIGN_OFFSET	72	9b3cd6e8bbf9ba26f89eb1aa7c206c52330c856f43f7e2fa6073138765530f6f	Owner contract; internal fields remain internal; no universal ABI promise
compiler/lowering/scalars/option_result_plan.inc::NEBOC_OPTION_PLAN_EFFECT_COUNT_OFFSET	x86_64-systemv-elf-linux	compiler/lowering/scalars/option_result_plan.inc	NEBOC_OPTION_PLAN_EFFECT_COUNT_OFFSET	80	0e0a262a22df618fd7821fdd6d9df8b62a28fc477ac9c0f94a19b615d0bc0ed7	Owner contract; internal fields remain internal; no universal ABI promise
compiler/lowering/scalars/option_result_plan.inc::NEBOC_OPTION_PLAN_EFFECTS_OFFSET	x86_64-systemv-elf-linux	compiler/lowering/scalars/option_result_plan.inc	NEBOC_OPTION_PLAN_EFFECTS_OFFSET	88	f3c96defa78f66c5c24e4bbba522905112afa688543a8091629819ae1c3ab7bb	Owner contract; internal fields remain internal; no universal ABI promise
compiler/lowering/scalars/option_result_plan.inc::NEBOC_OPTION_PLAN_HASH_OFFSET	x86_64-systemv-elf-linux	compiler/lowering/scalars/option_result_plan.inc	NEBOC_OPTION_PLAN_HASH_OFFSET	(88+32*32)	1f1c25670f57e985f98bf051878c6ad9dbaf84ef15afc48d49d1eaf4176eec8b	Owner contract; internal fields remain internal; no universal ABI promise
compiler/lowering/scalars/option_result_plan.inc::NEBOC_OPTION_PLAN_HASHED_BYTES	x86_64-systemv-elf-linux	compiler/lowering/scalars/option_result_plan.inc	NEBOC_OPTION_PLAN_HASHED_BYTES	(88+32*32)	c22b5f1d9da419270be85226ebd9505bac76ed063e259447867e2df8397e61dd	Owner contract; internal fields remain internal; no universal ABI promise
compiler/lowering/scalars/option_result_plan.inc::NEBOC_OPTION_PLAN_SIZE	x86_64-systemv-elf-linux	compiler/lowering/scalars/option_result_plan.inc	NEBOC_OPTION_PLAN_SIZE	(96+32*32)	ab5e7fea212f8f0a516924e829ca4e54e390c1a13d5498ae656024a32b7c5302	Owner contract; internal fields remain internal; no universal ABI promise
compiler/lowering/scalars/option_result_plan.inc::NEBOC_OPTION_PLAN_QWORDS	x86_64-systemv-elf-linux	compiler/lowering/scalars/option_result_plan.inc	NEBOC_OPTION_PLAN_QWORDS	(12+32*4)	5242d31720718cba1dcd231e5b41cde686ca70ada51862f19a906c364dba59af	Owner contract; internal fields remain internal; no universal ABI promise
compiler/lowering/scalars/option_result_plan.inc::NEBOC_OPTION_PLAN_MAGIC	x86_64-systemv-elf-linux	compiler/lowering/scalars/option_result_plan.inc	NEBOC_OPTION_PLAN_MAGIC	0x5246323747303550	462b78810e929b0b442877897ae3ad61d249f13339624d718dcd402e1f6f5015	Owner contract; internal fields remain internal; no universal ABI promise
compiler/lowering/scalars/option_result_plan.inc::NEBOC_RESULT_PLAN_MAGIC_OFFSET	x86_64-systemv-elf-linux	compiler/lowering/scalars/option_result_plan.inc	NEBOC_RESULT_PLAN_MAGIC_OFFSET	0	557c51c418373b76e3d3a461f9bdd0af7cdeeac6ee9ebb5b68a8ab5fd8e04e19	Owner contract; internal fields remain internal; no universal ABI promise
compiler/lowering/scalars/option_result_plan.inc::NEBOC_RESULT_PLAN_LAYOUT_ID_OFFSET	x86_64-systemv-elf-linux	compiler/lowering/scalars/option_result_plan.inc	NEBOC_RESULT_PLAN_LAYOUT_ID_OFFSET	8	5484095c406ececb9bd95ab5a0a779e65691b1c0cc02c5e382abe81226529753	Owner contract; internal fields remain internal; no universal ABI promise
compiler/lowering/scalars/option_result_plan.inc::NEBOC_RESULT_PLAN_SEMANTIC_HASH_OFFSET	x86_64-systemv-elf-linux	compiler/lowering/scalars/option_result_plan.inc	NEBOC_RESULT_PLAN_SEMANTIC_HASH_OFFSET	16	d54317930d95e145e55325b73a53e9411da66f7b522372bb288c03bc1abb815b	Owner contract; internal fields remain internal; no universal ABI promise
compiler/lowering/scalars/option_result_plan.inc::NEBOC_RESULT_PLAN_FOUND_OFFSET	x86_64-systemv-elf-linux	compiler/lowering/scalars/option_result_plan.inc	NEBOC_RESULT_PLAN_FOUND_OFFSET	24	290b1034a231d808e0cdaa0faecd60188448cb21799c5c708b8b2af43158fcee	Owner contract; internal fields remain internal; no universal ABI promise
compiler/lowering/scalars/option_result_plan.inc::NEBOC_RESULT_PLAN_OUTPUT_TYPE_OFFSET	x86_64-systemv-elf-linux	compiler/lowering/scalars/option_result_plan.inc	NEBOC_RESULT_PLAN_OUTPUT_TYPE_OFFSET	32	5a98509c9c63ee1db5ff2c3677160230d85c69e9caba5f1d6c9e631c646c6010	Owner contract; internal fields remain internal; no universal ABI promise
compiler/lowering/scalars/option_result_plan.inc::NEBOC_RESULT_PLAN_OUTPUT_VALUE_OFFSET	x86_64-systemv-elf-linux	compiler/lowering/scalars/option_result_plan.inc	NEBOC_RESULT_PLAN_OUTPUT_VALUE_OFFSET	40	7177d9d45f830fd4c7c1ad0178ee10df89699cdd172035e9c162701fdc2c9cab	Owner contract; internal fields remain internal; no universal ABI promise
compiler/lowering/scalars/option_result_plan.inc::NEBOC_RESULT_PLAN_CALLBACK_COUNT_OFFSET	x86_64-systemv-elf-linux	compiler/lowering/scalars/option_result_plan.inc	NEBOC_RESULT_PLAN_CALLBACK_COUNT_OFFSET	48	bf5e5242c7da0cfaeceedbde729b5ce7686ec2a599e6342054558c8080844b75	Owner contract; internal fields remain internal; no universal ABI promise
compiler/lowering/scalars/option_result_plan.inc::NEBOC_RESULT_PLAN_DROP_COUNT_OFFSET	x86_64-systemv-elf-linux	compiler/lowering/scalars/option_result_plan.inc	NEBOC_RESULT_PLAN_DROP_COUNT_OFFSET	56	84dae74ce66753eff2c5a9af12a944bbe8f371c691cdd007d673c29a6c328f1c	Owner contract; internal fields remain internal; no universal ABI promise
compiler/lowering/scalars/option_result_plan.inc::NEBOC_RESULT_PLAN_MAX_LAYOUT_SIZE_OFFSET	x86_64-systemv-elf-linux	compiler/lowering/scalars/option_result_plan.inc	NEBOC_RESULT_PLAN_MAX_LAYOUT_SIZE_OFFSET	64	29ed5ef8527fcc3abca89097facd9d25b778a49fa7968869bfd16ee5dafe84ff	Owner contract; internal fields remain internal; no universal ABI promise
compiler/lowering/scalars/option_result_plan.inc::NEBOC_RESULT_PLAN_MAX_LAYOUT_ALIGN_OFFSET	x86_64-systemv-elf-linux	compiler/lowering/scalars/option_result_plan.inc	NEBOC_RESULT_PLAN_MAX_LAYOUT_ALIGN_OFFSET	72	252a2724cac27a1fe22ab217e27bfadf31594c1b8a20c7310dd0edb9b76ea03a	Owner contract; internal fields remain internal; no universal ABI promise
compiler/lowering/scalars/option_result_plan.inc::NEBOC_RESULT_PLAN_ACTIVE_TAG_OFFSET	x86_64-systemv-elf-linux	compiler/lowering/scalars/option_result_plan.inc	NEBOC_RESULT_PLAN_ACTIVE_TAG_OFFSET	80	c8413e41dc41da79c8edecc86c6cc1618ac374b14fea0239ea75b0b617288f03	Owner contract; internal fields remain internal; no universal ABI promise
compiler/lowering/scalars/option_result_plan.inc::NEBOC_RESULT_PLAN_EFFECT_COUNT_OFFSET	x86_64-systemv-elf-linux	compiler/lowering/scalars/option_result_plan.inc	NEBOC_RESULT_PLAN_EFFECT_COUNT_OFFSET	88	bf7e0a746ff560b59c47df4759771de2abbf11644a3c131f3028100c6e3da9fb	Owner contract; internal fields remain internal; no universal ABI promise
compiler/lowering/scalars/option_result_plan.inc::NEBOC_RESULT_PLAN_EFFECTS_OFFSET	x86_64-systemv-elf-linux	compiler/lowering/scalars/option_result_plan.inc	NEBOC_RESULT_PLAN_EFFECTS_OFFSET	96	f1f5c7d7d542f7d1c018688c29e7f261fca71d9720916c870b28a2c14a7da77e	Owner contract; internal fields remain internal; no universal ABI promise
compiler/lowering/scalars/option_result_plan.inc::NEBOC_RESULT_PLAN_TEXT_USED_OFFSET	x86_64-systemv-elf-linux	compiler/lowering/scalars/option_result_plan.inc	NEBOC_RESULT_PLAN_TEXT_USED_OFFSET	(96+32*32)	4fe2be5805c72829e9d957529d9543f3f618fa040e2aeb93c3644cc7a4679b99	Owner contract; internal fields remain internal; no universal ABI promise
compiler/lowering/scalars/option_result_plan.inc::NEBOC_RESULT_PLAN_TEXT_BYTES_OFFSET	x86_64-systemv-elf-linux	compiler/lowering/scalars/option_result_plan.inc	NEBOC_RESULT_PLAN_TEXT_BYTES_OFFSET	(104+32*32)	7e4f00a9867a1efbcaf0bcf1b2a42fcb2887bd42a3bdfa8b2176d494ea0a754a	Owner contract; internal fields remain internal; no universal ABI promise
compiler/lowering/scalars/option_result_plan.inc::NEBOC_RESULT_PLAN_HASH_OFFSET	x86_64-systemv-elf-linux	compiler/lowering/scalars/option_result_plan.inc	NEBOC_RESULT_PLAN_HASH_OFFSET	(104+32*32+4096)	ff7e26dedead41d49e688f3dc014f4c50caa1c0067719c1575e1f88595d7d8c1	Owner contract; internal fields remain internal; no universal ABI promise
compiler/lowering/scalars/option_result_plan.inc::NEBOC_RESULT_PLAN_HASHED_BYTES	x86_64-systemv-elf-linux	compiler/lowering/scalars/option_result_plan.inc	NEBOC_RESULT_PLAN_HASHED_BYTES	NEBOC_RESULT_PLAN_HASH_OFFSET	e2468709c122135736e8aa0b7bc2f704fd899b27142c0ebfd30311a2eda88ca6	Owner contract; internal fields remain internal; no universal ABI promise
compiler/lowering/scalars/option_result_plan.inc::NEBOC_RESULT_PLAN_SIZE	x86_64-systemv-elf-linux	compiler/lowering/scalars/option_result_plan.inc	NEBOC_RESULT_PLAN_SIZE	(NEBOC_RESULT_PLAN_HASH_OFFSET+8)	a36ccafb1a7fb3ed509a02c22ed0b8dc39246152ea78f85786b2887b6134bef7	Owner contract; internal fields remain internal; no universal ABI promise
compiler/lowering/scalars/option_result_plan.inc::NEBOC_RESULT_PLAN_QWORDS	x86_64-systemv-elf-linux	compiler/lowering/scalars/option_result_plan.inc	NEBOC_RESULT_PLAN_QWORDS	(NEBOC_RESULT_PLAN_SIZE/8)	87227cf3adc2c1d3ba92603e569a833d3b828efaa96921c45b79ed98bea7438f	Owner contract; internal fields remain internal; no universal ABI promise
compiler/lowering/scalars/option_result_plan.inc::NEBOC_RESULT_PLAN_MAGIC	x86_64-systemv-elf-linux	compiler/lowering/scalars/option_result_plan.inc	NEBOC_RESULT_PLAN_MAGIC	0x5246323747355250	b0c2f8b0b3980316d2b9cd44e7e01b5bd961267ccf218d83792c4b02e1d72798	Owner contract; internal fields remain internal; no universal ABI promise
compiler/lowering/stdlib/net_port_ir.inc::neboc_rede_e_protocolos_IR_MAGIC_OFFSET	x86_64-systemv-elf-linux	compiler/lowering/stdlib/net_port_ir.inc	neboc_rede_e_protocolos_IR_MAGIC_OFFSET	0	7eb76900faadad8a570d0e9de28cc2f3740d2cf37994625579728c47a35c6e5e	Owner contract; internal fields remain internal; no universal ABI promise
compiler/lowering/stdlib/net_port_ir.inc::neboc_rede_e_protocolos_IR_OPERATION_OFFSET	x86_64-systemv-elf-linux	compiler/lowering/stdlib/net_port_ir.inc	neboc_rede_e_protocolos_IR_OPERATION_OFFSET	8	14f6ebe9c8e126f59ea79747680e6861443d9f7b0fb3739d5d47ffcd82ac49ea	Owner contract; internal fields remain internal; no universal ABI promise
compiler/lowering/stdlib/net_port_ir.inc::neboc_rede_e_protocolos_IR_ARITY_OFFSET	x86_64-systemv-elf-linux	compiler/lowering/stdlib/net_port_ir.inc	neboc_rede_e_protocolos_IR_ARITY_OFFSET	16	a9dd4957c3b6c86188e228f6c105a6640944155bd2fb31fe174b8621df6d3a97	Owner contract; internal fields remain internal; no universal ABI promise
compiler/lowering/stdlib/net_port_ir.inc::NEBOC_IR_PORT_OFFSET	x86_64-systemv-elf-linux	compiler/lowering/stdlib/net_port_ir.inc	NEBOC_IR_PORT_OFFSET	24	666e36f379d1a5f0c32b8976f62a89e948c58a7382be42c3d63f1a1bd5592dc9	Owner contract; internal fields remain internal; no universal ABI promise
compiler/lowering/stdlib/net_port_ir.inc::neboc_rede_e_protocolos_IR_DIGIT_COUNT_OFFSET	x86_64-systemv-elf-linux	compiler/lowering/stdlib/net_port_ir.inc	neboc_rede_e_protocolos_IR_DIGIT_COUNT_OFFSET	32	34392167fbbfd180dd12b76031bc049e9b998cc5301f39adc038714be7a2f006	Owner contract; internal fields remain internal; no universal ABI promise
compiler/lowering/stdlib/net_port_ir.inc::neboc_rede_e_protocolos_IR_LITERAL_HASH_OFFSET	x86_64-systemv-elf-linux	compiler/lowering/stdlib/net_port_ir.inc	neboc_rede_e_protocolos_IR_LITERAL_HASH_OFFSET	40	6a7384c8a3619ec3790a3366e5cecbe83ebd32b1bd54ac7410a7ab45ac0ef8d7	Owner contract; internal fields remain internal; no universal ABI promise
compiler/lowering/stdlib/net_port_ir.inc::neboc_rede_e_protocolos_IR_RESULT_TYPE_OFFSET	x86_64-systemv-elf-linux	compiler/lowering/stdlib/net_port_ir.inc	neboc_rede_e_protocolos_IR_RESULT_TYPE_OFFSET	48	39a8dec85534237fd3edf87f5293c7be6678763d29d17328e22cf7e8ab107450	Owner contract; internal fields remain internal; no universal ABI promise
compiler/lowering/stdlib/net_port_ir.inc::neboc_rede_e_protocolos_IR_EFFECT_OFFSET	x86_64-systemv-elf-linux	compiler/lowering/stdlib/net_port_ir.inc	neboc_rede_e_protocolos_IR_EFFECT_OFFSET	56	fadf485f76a9b6f20aef48d6f2b145a37ccf76343afe9fc38b8748716f322310	Owner contract; internal fields remain internal; no universal ABI promise
compiler/lowering/stdlib/net_port_ir.inc::neboc_rede_e_protocolos_IR_SYNTAX_HASH_OFFSET	x86_64-systemv-elf-linux	compiler/lowering/stdlib/net_port_ir.inc	neboc_rede_e_protocolos_IR_SYNTAX_HASH_OFFSET	64	79ec6d7fd8614b4cf19051f43e214ed9af1bcfac1d76a1c0d2249976b60dc142	Owner contract; internal fields remain internal; no universal ABI promise
compiler/lowering/stdlib/net_port_ir.inc::neboc_rede_e_protocolos_IR_AUTHORITY_HASH_OFFSET	x86_64-systemv-elf-linux	compiler/lowering/stdlib/net_port_ir.inc	neboc_rede_e_protocolos_IR_AUTHORITY_HASH_OFFSET	72	114fc524c5a607d488975d6b31aad2c5c04e93e903a938df6ba92f35658aabbd	Owner contract; internal fields remain internal; no universal ABI promise
compiler/lowering/stdlib/net_port_ir.inc::neboc_rede_e_protocolos_IR_SEMANTIC_HASH_OFFSET	x86_64-systemv-elf-linux	compiler/lowering/stdlib/net_port_ir.inc	neboc_rede_e_protocolos_IR_SEMANTIC_HASH_OFFSET	80	e3506feea9845e31aab1704e1c752fac23b769d726d356864bf2365ea73193f2	Owner contract; internal fields remain internal; no universal ABI promise
compiler/lowering/stdlib/net_port_ir.inc::neboc_rede_e_protocolos_IR_DECISION_OFFSET	x86_64-systemv-elf-linux	compiler/lowering/stdlib/net_port_ir.inc	neboc_rede_e_protocolos_IR_DECISION_OFFSET	88	8229225f4f20312f1083c74e91c032d62dd62ff1e40c44044bd3a103a6b6765b	Owner contract; internal fields remain internal; no universal ABI promise
compiler/lowering/stdlib/net_port_ir.inc::neboc_rede_e_protocolos_IR_DIAGNOSTIC_OFFSET	x86_64-systemv-elf-linux	compiler/lowering/stdlib/net_port_ir.inc	neboc_rede_e_protocolos_IR_DIAGNOSTIC_OFFSET	96	a9051c5ea7b2214a4b23efc8e12118d03a0577545ab231b64dbc8f79bd59d8b0	Owner contract; internal fields remain internal; no universal ABI promise
compiler/lowering/stdlib/net_port_ir.inc::neboc_rede_e_protocolos_IR_FLAGS_OFFSET	x86_64-systemv-elf-linux	compiler/lowering/stdlib/net_port_ir.inc	neboc_rede_e_protocolos_IR_FLAGS_OFFSET	104	92d2d5c4d62db4e49872a910b4aa96c42d8897203eeee52996429f4d2ca435d0	Owner contract; internal fields remain internal; no universal ABI promise
compiler/lowering/stdlib/net_port_ir.inc::neboc_rede_e_protocolos_IR_TARGET_OFFSET	x86_64-systemv-elf-linux	compiler/lowering/stdlib/net_port_ir.inc	neboc_rede_e_protocolos_IR_TARGET_OFFSET	112	e5bd9a29534559164e85313aefa3ebe32ae96aad528718bfb31fe5cd6441a3bd	Owner contract; internal fields remain internal; no universal ABI promise
compiler/lowering/stdlib/net_port_ir.inc::neboc_rede_e_protocolos_IR_HASH_OFFSET	x86_64-systemv-elf-linux	compiler/lowering/stdlib/net_port_ir.inc	neboc_rede_e_protocolos_IR_HASH_OFFSET	120	e9d5ffab51b9e93d5ad1aad1c80d89fee3a4e89aed04a550215a932ff251733a	Owner contract; internal fields remain internal; no universal ABI promise
compiler/lowering/stdlib/net_port_ir.inc::neboc_rede_e_protocolos_IR_HASHED_BYTES	x86_64-systemv-elf-linux	compiler/lowering/stdlib/net_port_ir.inc	neboc_rede_e_protocolos_IR_HASHED_BYTES	120	e0ca0b6ec6f4a5b1b120170b872a736a816998833b0bcfa13fb12d65ae4b759c	Owner contract; internal fields remain internal; no universal ABI promise
compiler/lowering/stdlib/net_port_ir.inc::neboc_rede_e_protocolos_IR_QWORDS	x86_64-systemv-elf-linux	compiler/lowering/stdlib/net_port_ir.inc	neboc_rede_e_protocolos_IR_QWORDS	16	961649816ad13ea836b151f3aee0e140826497f99ec7668fabb6658108d5769d	Owner contract; internal fields remain internal; no universal ABI promise
compiler/lowering/stdlib/net_port_ir.inc::neboc_rede_e_protocolos_IR_SIZE	x86_64-systemv-elf-linux	compiler/lowering/stdlib/net_port_ir.inc	neboc_rede_e_protocolos_IR_SIZE	128	beecb294b3c3ca98214b2c436c8414d2de6390f391f3f8daf5862f191a9948c7	Owner contract; internal fields remain internal; no universal ABI promise
compiler/lowering/stdlib/net_port_ir.inc::neboc_rede_e_protocolos_IR_MAGIC	x86_64-systemv-elf-linux	compiler/lowering/stdlib/net_port_ir.inc	neboc_rede_e_protocolos_IR_MAGIC	0x4e45424f47323949	a8ba98fdcd0a707869f84b4a657866f6863f02fda6965930842ce726c65a8e0c	Owner contract; internal fields remain internal; no universal ABI promise
compiler/lowering/stdlib/net_port_ir.inc::neboc_rede_e_protocolos_IR_FLAG_TARGET_NEUTRAL	x86_64-systemv-elf-linux	compiler/lowering/stdlib/net_port_ir.inc	neboc_rede_e_protocolos_IR_FLAG_TARGET_NEUTRAL	1	dd0a30ae96d6b0cb1788af7543d38c2734361c98b3f7f266919e79ebf366f16a	Owner contract; internal fields remain internal; no universal ABI promise
compiler/lowering/stdlib/net_port_ir.inc::neboc_rede_e_protocolos_IR_FLAG_PURE	x86_64-systemv-elf-linux	compiler/lowering/stdlib/net_port_ir.inc	neboc_rede_e_protocolos_IR_FLAG_PURE	2	ce03d1e373a57eb7d07542cad4ec10aee9164469464f4d5f9fc5f488e1fdeeb5	Owner contract; internal fields remain internal; no universal ABI promise
compiler/lowering/stdlib/net_port_ir.inc::neboc_rede_e_protocolos_IR_REQUIRED_FLAGS	x86_64-systemv-elf-linux	compiler/lowering/stdlib/net_port_ir.inc	neboc_rede_e_protocolos_IR_REQUIRED_FLAGS	3	26ec3e7ec8308aa235473850f10bd7662ece093b1491504eb3db3406ce8fcb12	Owner contract; internal fields remain internal; no universal ABI promise
compiler/lowering/stdlib/net_port_native.inc::neboc_rede_e_protocolos_NATIVE_MAGIC_OFFSET	x86_64-systemv-elf-linux	compiler/lowering/stdlib/net_port_native.inc	neboc_rede_e_protocolos_NATIVE_MAGIC_OFFSET	0	a6e477ef3ff7572d2f3b4dd6f7d8de572805149dbc861a491306ae2f1d81570c	Owner contract; internal fields remain internal; no universal ABI promise
compiler/lowering/stdlib/net_port_native.inc::neboc_rede_e_protocolos_NATIVE_OPERATION_OFFSET	x86_64-systemv-elf-linux	compiler/lowering/stdlib/net_port_native.inc	neboc_rede_e_protocolos_NATIVE_OPERATION_OFFSET	8	2dbd2f891e648593f8aaa644ad91ac9cb41b1fc89ce764c318dbc88ac4d8bc77	Owner contract; internal fields remain internal; no universal ABI promise
compiler/lowering/stdlib/net_port_native.inc::neboc_rede_e_protocolos_NATIVE_ARITY_OFFSET	x86_64-systemv-elf-linux	compiler/lowering/stdlib/net_port_native.inc	neboc_rede_e_protocolos_NATIVE_ARITY_OFFSET	16	a98e121ea00e409de24d84af96aac17d07dcd909ceca2d08c51297d7b73c79ad	Owner contract; internal fields remain internal; no universal ABI promise
compiler/lowering/stdlib/net_port_native.inc::NEBOC_NATIVE_PORT_OFFSET	x86_64-systemv-elf-linux	compiler/lowering/stdlib/net_port_native.inc	NEBOC_NATIVE_PORT_OFFSET	24	cc4ed371e3cd48d1fd1f9f75e06791243b78f39d62a4c88e785942bf29b8f5b1	Owner contract; internal fields remain internal; no universal ABI promise
compiler/lowering/stdlib/net_port_native.inc::neboc_rede_e_protocolos_NATIVE_DIGIT_COUNT_OFFSET	x86_64-systemv-elf-linux	compiler/lowering/stdlib/net_port_native.inc	neboc_rede_e_protocolos_NATIVE_DIGIT_COUNT_OFFSET	32	5170a02304bf607626c04b348acf7eeae06f4e15526a864c2c825ae133ca1c02	Owner contract; internal fields remain internal; no universal ABI promise
compiler/lowering/stdlib/net_port_native.inc::neboc_rede_e_protocolos_NATIVE_LITERAL_HASH_OFFSET	x86_64-systemv-elf-linux	compiler/lowering/stdlib/net_port_native.inc	neboc_rede_e_protocolos_NATIVE_LITERAL_HASH_OFFSET	40	20b26e2624faaef8e43fc0ab79809acbb003a93a04ca98525c5e3c04d57a5fd4	Owner contract; internal fields remain internal; no universal ABI promise
compiler/lowering/stdlib/net_port_native.inc::neboc_rede_e_protocolos_NATIVE_RESULT_TYPE_OFFSET	x86_64-systemv-elf-linux	compiler/lowering/stdlib/net_port_native.inc	neboc_rede_e_protocolos_NATIVE_RESULT_TYPE_OFFSET	48	4f1d37d50eb4c187b2a8674c39a19ad0188b68f158f835f9ecb49a728508359d	Owner contract; internal fields remain internal; no universal ABI promise
compiler/lowering/stdlib/net_port_native.inc::neboc_rede_e_protocolos_NATIVE_EFFECT_OFFSET	x86_64-systemv-elf-linux	compiler/lowering/stdlib/net_port_native.inc	neboc_rede_e_protocolos_NATIVE_EFFECT_OFFSET	56	7458aae691d49b7e2020cc90f3970ecb1fcac1a359c9a6baa1015665078bc81d	Owner contract; internal fields remain internal; no universal ABI promise
compiler/lowering/stdlib/net_port_native.inc::neboc_rede_e_protocolos_NATIVE_SYNTAX_HASH_OFFSET	x86_64-systemv-elf-linux	compiler/lowering/stdlib/net_port_native.inc	neboc_rede_e_protocolos_NATIVE_SYNTAX_HASH_OFFSET	64	d9ff6547a95d80a5e0be96fe1c08bb4d40967e70ae7060cda90addae5d1ec90c	Owner contract; internal fields remain internal; no universal ABI promise
compiler/lowering/stdlib/net_port_native.inc::neboc_rede_e_protocolos_NATIVE_AUTHORITY_HASH_OFFSET	x86_64-systemv-elf-linux	compiler/lowering/stdlib/net_port_native.inc	neboc_rede_e_protocolos_NATIVE_AUTHORITY_HASH_OFFSET	72	cd7471ef1be832c09d37020f5ae04f112b9249de2b778ceeb3c8fac1f5c0cf4f	Owner contract; internal fields remain internal; no universal ABI promise
compiler/lowering/stdlib/net_port_native.inc::neboc_rede_e_protocolos_NATIVE_SEMANTIC_HASH_OFFSET	x86_64-systemv-elf-linux	compiler/lowering/stdlib/net_port_native.inc	neboc_rede_e_protocolos_NATIVE_SEMANTIC_HASH_OFFSET	80	b5163941a72a2b0d04100a934dcda6900b7ea8727b696cb63d3e43125d880504	Owner contract; internal fields remain internal; no universal ABI promise
compiler/lowering/stdlib/net_port_native.inc::neboc_rede_e_protocolos_NATIVE_IR_HASH_OFFSET	x86_64-systemv-elf-linux	compiler/lowering/stdlib/net_port_native.inc	neboc_rede_e_protocolos_NATIVE_IR_HASH_OFFSET	88	2e81a87bb7a5fe59855d591981495b38ac1404dc7db11e818b81668f150afa84	Owner contract; internal fields remain internal; no universal ABI promise
compiler/lowering/stdlib/net_port_native.inc::neboc_rede_e_protocolos_NATIVE_TARGET_OFFSET	x86_64-systemv-elf-linux	compiler/lowering/stdlib/net_port_native.inc	neboc_rede_e_protocolos_NATIVE_TARGET_OFFSET	96	72a22473067a07406d9d14a6e1bdd5f75212520cc3d8a42c84c8d56e1cba0eed	Owner contract; internal fields remain internal; no universal ABI promise
compiler/lowering/stdlib/net_port_native.inc::neboc_rede_e_protocolos_NATIVE_ABI_OFFSET	x86_64-systemv-elf-linux	compiler/lowering/stdlib/net_port_native.inc	neboc_rede_e_protocolos_NATIVE_ABI_OFFSET	104	cbdf4d1ff976222b978b17fec5dacfbc9f2f7433d3106c687a4dd0b87c117e3e	Owner contract; internal fields remain internal; no universal ABI promise
compiler/lowering/stdlib/net_port_native.inc::neboc_rede_e_protocolos_NATIVE_RESULT_OFFSET	x86_64-systemv-elf-linux	compiler/lowering/stdlib/net_port_native.inc	neboc_rede_e_protocolos_NATIVE_RESULT_OFFSET	112	7c740ed28d877a897b7d612a53ef9cac7b57355daa337541bf4b319280a38094	Owner contract; internal fields remain internal; no universal ABI promise
compiler/lowering/stdlib/net_port_native.inc::neboc_rede_e_protocolos_NATIVE_DECISION_OFFSET	x86_64-systemv-elf-linux	compiler/lowering/stdlib/net_port_native.inc	neboc_rede_e_protocolos_NATIVE_DECISION_OFFSET	120	30ddd724ad4cbadecf5c92aec6ef70da3277302233cb9d78807672d1b5928b38	Owner contract; internal fields remain internal; no universal ABI promise
compiler/lowering/stdlib/net_port_native.inc::neboc_rede_e_protocolos_NATIVE_DIAGNOSTIC_OFFSET	x86_64-systemv-elf-linux	compiler/lowering/stdlib/net_port_native.inc	neboc_rede_e_protocolos_NATIVE_DIAGNOSTIC_OFFSET	128	cd6e4abe300e47817178e5117a99fbc36cee9177ac05338c6a6126bbbe233df9	Owner contract; internal fields remain internal; no universal ABI promise
compiler/lowering/stdlib/net_port_native.inc::neboc_rede_e_protocolos_NATIVE_FLAGS_OFFSET	x86_64-systemv-elf-linux	compiler/lowering/stdlib/net_port_native.inc	neboc_rede_e_protocolos_NATIVE_FLAGS_OFFSET	136	72cce2447940b830bfbeff584176d7a8a92e7648c64b7ce279862dba32c8479b	Owner contract; internal fields remain internal; no universal ABI promise
compiler/lowering/stdlib/net_port_native.inc::neboc_rede_e_protocolos_NATIVE_RESERVED_OFFSET	x86_64-systemv-elf-linux	compiler/lowering/stdlib/net_port_native.inc	neboc_rede_e_protocolos_NATIVE_RESERVED_OFFSET	144	2417fffb16c35ad6f00cabdba67788739e7a1287940319bd7ab21581649698c7	Owner contract; internal fields remain internal; no universal ABI promise
compiler/lowering/stdlib/net_port_native.inc::neboc_rede_e_protocolos_NATIVE_HASH_OFFSET	x86_64-systemv-elf-linux	compiler/lowering/stdlib/net_port_native.inc	neboc_rede_e_protocolos_NATIVE_HASH_OFFSET	152	6fbe2fc775ce9ae1fb3aaabe09c921b487973be92406e5ca678b847b1d1f42a4	Owner contract; internal fields remain internal; no universal ABI promise
compiler/lowering/stdlib/net_port_native.inc::neboc_rede_e_protocolos_NATIVE_HASHED_BYTES	x86_64-systemv-elf-linux	compiler/lowering/stdlib/net_port_native.inc	neboc_rede_e_protocolos_NATIVE_HASHED_BYTES	152	c4a7cedd42aca245cec6821f8d0996e2dfbb576f005154369eab7a22573d7512	Owner contract; internal fields remain internal; no universal ABI promise
compiler/lowering/stdlib/net_port_native.inc::neboc_rede_e_protocolos_NATIVE_QWORDS	x86_64-systemv-elf-linux	compiler/lowering/stdlib/net_port_native.inc	neboc_rede_e_protocolos_NATIVE_QWORDS	20	f6446ba9209bc48f55395e8b64b6244b63c258051cac03142c9fd25f9bb8a2a2	Owner contract; internal fields remain internal; no universal ABI promise
compiler/lowering/stdlib/net_port_native.inc::neboc_rede_e_protocolos_NATIVE_SIZE	x86_64-systemv-elf-linux	compiler/lowering/stdlib/net_port_native.inc	neboc_rede_e_protocolos_NATIVE_SIZE	160	d8bccaf1669afcc370cb7d455ca37f85b7c5d621bba09c6cf4a1d29110afaf10	Owner contract; internal fields remain internal; no universal ABI promise
compiler/lowering/stdlib/net_port_native.inc::neboc_rede_e_protocolos_NATIVE_MAGIC	x86_64-systemv-elf-linux	compiler/lowering/stdlib/net_port_native.inc	neboc_rede_e_protocolos_NATIVE_MAGIC	0x4e45424f4732394e	a8066e6a57292b406e3fc150ea1fe546680d7dd7418f4ad8968eed50f0056767	Owner contract; internal fields remain internal; no universal ABI promise
compiler/lowering/stdlib/net_port_native.inc::neboc_rede_e_protocolos_NATIVE_TARGET_X86_64_SYSV_ELF	x86_64-systemv-elf-linux	compiler/lowering/stdlib/net_port_native.inc	neboc_rede_e_protocolos_NATIVE_TARGET_X86_64_SYSV_ELF	1	f5e48a5ff41a6f348792dde4646e70f7a7f2906ee5c58ef04235ade3db85c055	Owner contract; internal fields remain internal; no universal ABI promise
compiler/lowering/stdlib/net_port_native.inc::neboc_rede_e_protocolos_NATIVE_ABI_INTERNAL_V1	x86_64-systemv-elf-linux	compiler/lowering/stdlib/net_port_native.inc	neboc_rede_e_protocolos_NATIVE_ABI_INTERNAL_V1	1	6841ce2c65e1be197f44792b3438798b868427b4eb9b07996f7df9c8850eedff	Owner contract; internal fields remain internal; no universal ABI promise
compiler/lowering/stdlib/net_port_native.inc::neboc_rede_e_protocolos_NATIVE_FLAG_AUTHENTICATED	x86_64-systemv-elf-linux	compiler/lowering/stdlib/net_port_native.inc	neboc_rede_e_protocolos_NATIVE_FLAG_AUTHENTICATED	1	09b7cd7cc858fcfbd513ea7bea8cd10cb139ae87d15587c2c892c4ef773f3a75	Owner contract; internal fields remain internal; no universal ABI promise
compiler/lowering/stdlib/net_port_native.inc::neboc_rede_e_protocolos_NATIVE_FLAG_PURE	x86_64-systemv-elf-linux	compiler/lowering/stdlib/net_port_native.inc	neboc_rede_e_protocolos_NATIVE_FLAG_PURE	2	aba7b2366416a78d5a0722b70c281741bef3e4de75912860483ed62058f874ae	Owner contract; internal fields remain internal; no universal ABI promise
compiler/lowering/stdlib/net_port_native.inc::NEBOC_NATIVE_FLAG_INVALID_PORT	x86_64-systemv-elf-linux	compiler/lowering/stdlib/net_port_native.inc	NEBOC_NATIVE_FLAG_INVALID_PORT	4	0159fb65016dea630335d9750675dabdc2ba86f83d17b8bc4632a5206187385f	Owner contract; internal fields remain internal; no universal ABI promise
compiler/lowering/stdlib/net_port_native.inc::neboc_rede_e_protocolos_NATIVE_REQUIRED_FLAGS	x86_64-systemv-elf-linux	compiler/lowering/stdlib/net_port_native.inc	neboc_rede_e_protocolos_NATIVE_REQUIRED_FLAGS	3	4ed55a889374ec21cec769621a0a42e380e770a884c8fd006f4e6639814ac931	Owner contract; internal fields remain internal; no universal ABI promise
compiler/lowering/stdlib/path_query_ir.inc::neboc_filesystem_paths_e_formatos_IR_MAGIC_OFFSET	x86_64-systemv-elf-linux	compiler/lowering/stdlib/path_query_ir.inc	neboc_filesystem_paths_e_formatos_IR_MAGIC_OFFSET	0	a8a954b2d1b7a02d9fb683733a699af743929015d7050e446344060dc472c067	Owner contract; internal fields remain internal; no universal ABI promise
compiler/lowering/stdlib/path_query_ir.inc::neboc_filesystem_paths_e_formatos_IR_OPERATION_OFFSET	x86_64-systemv-elf-linux	compiler/lowering/stdlib/path_query_ir.inc	neboc_filesystem_paths_e_formatos_IR_OPERATION_OFFSET	8	b620aab0d66dfab34f4c9879b59812fbcac8b017b4f29f9def7ef0de75f055cf	Owner contract; internal fields remain internal; no universal ABI promise
compiler/lowering/stdlib/path_query_ir.inc::neboc_filesystem_paths_e_formatos_IR_ARITY_OFFSET	x86_64-systemv-elf-linux	compiler/lowering/stdlib/path_query_ir.inc	neboc_filesystem_paths_e_formatos_IR_ARITY_OFFSET	16	44f1f22d12e14d47c819d6da668d61a7bbc3435784df537a15128f9b85a0a35d	Owner contract; internal fields remain internal; no universal ABI promise
compiler/lowering/stdlib/path_query_ir.inc::NEBOC_IR_DEPTH_OFFSET	x86_64-systemv-elf-linux	compiler/lowering/stdlib/path_query_ir.inc	NEBOC_IR_DEPTH_OFFSET	24	c8bff790e192e711474a87a701720d9db648a3c65f12802f81ef80a98a973d40	Owner contract; internal fields remain internal; no universal ABI promise
compiler/lowering/stdlib/path_query_ir.inc::NEBOC_IR_ABSOLUTE_OFFSET	x86_64-systemv-elf-linux	compiler/lowering/stdlib/path_query_ir.inc	NEBOC_IR_ABSOLUTE_OFFSET	32	e06ee602decb2e704d4fd8d0a2bef71d87e9fe82e72770edd99903f5e20b75ee	Owner contract; internal fields remain internal; no universal ABI promise
compiler/lowering/stdlib/path_query_ir.inc::NEBOC_IR_PATH_HASH_OFFSET	x86_64-systemv-elf-linux	compiler/lowering/stdlib/path_query_ir.inc	NEBOC_IR_PATH_HASH_OFFSET	40	951082fb2c32ea3b31e86656644d9f1ceb6fce8209ecc4bf79513f9ca96b1b31	Owner contract; internal fields remain internal; no universal ABI promise
compiler/lowering/stdlib/path_query_ir.inc::neboc_filesystem_paths_e_formatos_IR_RESULT_TYPE_OFFSET	x86_64-systemv-elf-linux	compiler/lowering/stdlib/path_query_ir.inc	neboc_filesystem_paths_e_formatos_IR_RESULT_TYPE_OFFSET	48	20c4839d96e8afa27b1cb880253289c30fa795ae867ec113a0f481a0c2076b11	Owner contract; internal fields remain internal; no universal ABI promise
compiler/lowering/stdlib/path_query_ir.inc::neboc_filesystem_paths_e_formatos_IR_EFFECT_OFFSET	x86_64-systemv-elf-linux	compiler/lowering/stdlib/path_query_ir.inc	neboc_filesystem_paths_e_formatos_IR_EFFECT_OFFSET	56	ac91a58ec4d09bd9177000586279efb022f321fb49a3d4d5f8b7739b197e84a5	Owner contract; internal fields remain internal; no universal ABI promise
compiler/lowering/stdlib/path_query_ir.inc::neboc_filesystem_paths_e_formatos_IR_SYNTAX_HASH_OFFSET	x86_64-systemv-elf-linux	compiler/lowering/stdlib/path_query_ir.inc	neboc_filesystem_paths_e_formatos_IR_SYNTAX_HASH_OFFSET	64	b0f71b577b7bbb6d0af00668f54199f8e5add9c404a4b7ef64082a80459b898b	Owner contract; internal fields remain internal; no universal ABI promise
compiler/lowering/stdlib/path_query_ir.inc::neboc_filesystem_paths_e_formatos_IR_AUTHORITY_HASH_OFFSET	x86_64-systemv-elf-linux	compiler/lowering/stdlib/path_query_ir.inc	neboc_filesystem_paths_e_formatos_IR_AUTHORITY_HASH_OFFSET	72	22928d19f935c26c1e7afb5e23fe9025f296f76e9cd660147988ac95bbaf459c	Owner contract; internal fields remain internal; no universal ABI promise
compiler/lowering/stdlib/path_query_ir.inc::neboc_filesystem_paths_e_formatos_IR_SEMANTIC_HASH_OFFSET	x86_64-systemv-elf-linux	compiler/lowering/stdlib/path_query_ir.inc	neboc_filesystem_paths_e_formatos_IR_SEMANTIC_HASH_OFFSET	80	1bfb4826d272ed7167e3c154c5f7aa86c19f6c9d6e07c4db06fc9cfab935b3b8	Owner contract; internal fields remain internal; no universal ABI promise
compiler/lowering/stdlib/path_query_ir.inc::neboc_filesystem_paths_e_formatos_IR_DECISION_OFFSET	x86_64-systemv-elf-linux	compiler/lowering/stdlib/path_query_ir.inc	neboc_filesystem_paths_e_formatos_IR_DECISION_OFFSET	88	db461458b2fd73fbe3aeede365f9e78ca4361f16fbb0a87f80a5c5635fd39acb	Owner contract; internal fields remain internal; no universal ABI promise
compiler/lowering/stdlib/path_query_ir.inc::neboc_filesystem_paths_e_formatos_IR_DIAGNOSTIC_OFFSET	x86_64-systemv-elf-linux	compiler/lowering/stdlib/path_query_ir.inc	neboc_filesystem_paths_e_formatos_IR_DIAGNOSTIC_OFFSET	96	79cbde0857aaaeffba0fa0a02a9040b616fb59c778154e73e47fed4519490695	Owner contract; internal fields remain internal; no universal ABI promise
compiler/lowering/stdlib/path_query_ir.inc::neboc_filesystem_paths_e_formatos_IR_FLAGS_OFFSET	x86_64-systemv-elf-linux	compiler/lowering/stdlib/path_query_ir.inc	neboc_filesystem_paths_e_formatos_IR_FLAGS_OFFSET	104	fe1bd99555a1f7258753fefbfb192f95e75f8ca0eb7ba242d730b446c1cc1656	Owner contract; internal fields remain internal; no universal ABI promise
compiler/lowering/stdlib/path_query_ir.inc::neboc_filesystem_paths_e_formatos_IR_TARGET_OFFSET	x86_64-systemv-elf-linux	compiler/lowering/stdlib/path_query_ir.inc	neboc_filesystem_paths_e_formatos_IR_TARGET_OFFSET	112	3bf3baa8094b2c368a1e593eb7035b72442fce04fcd0286393191fb4b601c902	Owner contract; internal fields remain internal; no universal ABI promise
compiler/lowering/stdlib/path_query_ir.inc::neboc_filesystem_paths_e_formatos_IR_HASH_OFFSET	x86_64-systemv-elf-linux	compiler/lowering/stdlib/path_query_ir.inc	neboc_filesystem_paths_e_formatos_IR_HASH_OFFSET	120	1337b9684bc1c00c50ea2cc532d20798ade3a853c6c125e87259be0c0b05a6ea	Owner contract; internal fields remain internal; no universal ABI promise
compiler/lowering/stdlib/path_query_ir.inc::neboc_filesystem_paths_e_formatos_IR_HASHED_BYTES	x86_64-systemv-elf-linux	compiler/lowering/stdlib/path_query_ir.inc	neboc_filesystem_paths_e_formatos_IR_HASHED_BYTES	120	034e482e068243149ee734474c904a79ce9b96fa4f4495fd5268d71ddc4579ae	Owner contract; internal fields remain internal; no universal ABI promise
compiler/lowering/stdlib/path_query_ir.inc::neboc_filesystem_paths_e_formatos_IR_QWORDS	x86_64-systemv-elf-linux	compiler/lowering/stdlib/path_query_ir.inc	neboc_filesystem_paths_e_formatos_IR_QWORDS	16	1de046d400b8d4b7715edfeaa09c7cd8432bd3c16086172328380246cbfb0d43	Owner contract; internal fields remain internal; no universal ABI promise
compiler/lowering/stdlib/path_query_ir.inc::neboc_filesystem_paths_e_formatos_IR_SIZE	x86_64-systemv-elf-linux	compiler/lowering/stdlib/path_query_ir.inc	neboc_filesystem_paths_e_formatos_IR_SIZE	128	a220258061e7b37d3c829432ce5d80febe5ad4cb99aeaa3c06214b0188135d63	Owner contract; internal fields remain internal; no universal ABI promise
compiler/lowering/stdlib/path_query_ir.inc::neboc_filesystem_paths_e_formatos_IR_MAGIC	x86_64-systemv-elf-linux	compiler/lowering/stdlib/path_query_ir.inc	neboc_filesystem_paths_e_formatos_IR_MAGIC	0x4e45424f47323849	75540ab14cbaec4a413d55d1e5c90fbfa0ad63381839cc131c596ed53afb221f	Owner contract; internal fields remain internal; no universal ABI promise
compiler/lowering/stdlib/path_query_ir.inc::neboc_filesystem_paths_e_formatos_IR_FLAG_TARGET_NEUTRAL	x86_64-systemv-elf-linux	compiler/lowering/stdlib/path_query_ir.inc	neboc_filesystem_paths_e_formatos_IR_FLAG_TARGET_NEUTRAL	1	c9efb9ef1b0a5289ca6a6651bab0681c3c1988d803f38a42b0c23717b4ace121	Owner contract; internal fields remain internal; no universal ABI promise
compiler/lowering/stdlib/path_query_ir.inc::neboc_filesystem_paths_e_formatos_IR_FLAG_PURE	x86_64-systemv-elf-linux	compiler/lowering/stdlib/path_query_ir.inc	neboc_filesystem_paths_e_formatos_IR_FLAG_PURE	2	85870b1caae7ad3b8a67863dd121abc5a730ca4b55004a91cd49d634f2076bcc	Owner contract; internal fields remain internal; no universal ABI promise
compiler/lowering/stdlib/path_query_ir.inc::neboc_filesystem_paths_e_formatos_IR_REQUIRED_FLAGS	x86_64-systemv-elf-linux	compiler/lowering/stdlib/path_query_ir.inc	neboc_filesystem_paths_e_formatos_IR_REQUIRED_FLAGS	3	6a4fcaa95d94b021e61bca51d7ac9f226ef5bc8254382601b136669c55597ece	Owner contract; internal fields remain internal; no universal ABI promise
compiler/lowering/stdlib/path_query_native.inc::neboc_filesystem_paths_e_formatos_NATIVE_MAGIC_OFFSET	x86_64-systemv-elf-linux	compiler/lowering/stdlib/path_query_native.inc	neboc_filesystem_paths_e_formatos_NATIVE_MAGIC_OFFSET	0	bc9c328ce3e83442e2aedc08d504f3bb30fb09c8e0522072defc15c4c548cd30	Owner contract; internal fields remain internal; no universal ABI promise
compiler/lowering/stdlib/path_query_native.inc::neboc_filesystem_paths_e_formatos_NATIVE_OPERATION_OFFSET	x86_64-systemv-elf-linux	compiler/lowering/stdlib/path_query_native.inc	neboc_filesystem_paths_e_formatos_NATIVE_OPERATION_OFFSET	8	c7e58f049a8f0e2ca2fd7b6e20e39a0a06eecc20c4091c88792fdd10e431cd05	Owner contract; internal fields remain internal; no universal ABI promise
compiler/lowering/stdlib/path_query_native.inc::neboc_filesystem_paths_e_formatos_NATIVE_ARITY_OFFSET	x86_64-systemv-elf-linux	compiler/lowering/stdlib/path_query_native.inc	neboc_filesystem_paths_e_formatos_NATIVE_ARITY_OFFSET	16	c859c13e0caa9b763cf6d0fc84c33a498b425790e3076c63ee45f68b9d83670d	Owner contract; internal fields remain internal; no universal ABI promise
compiler/lowering/stdlib/path_query_native.inc::NEBOC_NATIVE_DEPTH_OFFSET	x86_64-systemv-elf-linux	compiler/lowering/stdlib/path_query_native.inc	NEBOC_NATIVE_DEPTH_OFFSET	24	6522ae7bf94d53417a833b26a291fd4275acef858cdeb5ffa9eb058933fbdb29	Owner contract; internal fields remain internal; no universal ABI promise
compiler/lowering/stdlib/path_query_native.inc::NEBOC_NATIVE_ABSOLUTE_OFFSET	x86_64-systemv-elf-linux	compiler/lowering/stdlib/path_query_native.inc	NEBOC_NATIVE_ABSOLUTE_OFFSET	32	d8f7de39611abb01baf0248e1d31027be2c2c821c657c9e494df5e9004fff5cd	Owner contract; internal fields remain internal; no universal ABI promise
compiler/lowering/stdlib/path_query_native.inc::NEBOC_NATIVE_PATH_HASH_OFFSET	x86_64-systemv-elf-linux	compiler/lowering/stdlib/path_query_native.inc	NEBOC_NATIVE_PATH_HASH_OFFSET	40	fe70e2d1399058f5d3c6107fba2782fcd1441560684c2214043cc8f3ebc36455	Owner contract; internal fields remain internal; no universal ABI promise
compiler/lowering/stdlib/path_query_native.inc::neboc_filesystem_paths_e_formatos_NATIVE_RESULT_TYPE_OFFSET	x86_64-systemv-elf-linux	compiler/lowering/stdlib/path_query_native.inc	neboc_filesystem_paths_e_formatos_NATIVE_RESULT_TYPE_OFFSET	48	3d0f3fc06583798ceb0bf83def3ae0dc9786ff6783382da360e58da3cb6f7805	Owner contract; internal fields remain internal; no universal ABI promise
compiler/lowering/stdlib/path_query_native.inc::neboc_filesystem_paths_e_formatos_NATIVE_EFFECT_OFFSET	x86_64-systemv-elf-linux	compiler/lowering/stdlib/path_query_native.inc	neboc_filesystem_paths_e_formatos_NATIVE_EFFECT_OFFSET	56	ab2b5236464d7c64aaed1aa3a9c9077010aa5d15846b05181f6ac0373e982306	Owner contract; internal fields remain internal; no universal ABI promise
compiler/lowering/stdlib/path_query_native.inc::neboc_filesystem_paths_e_formatos_NATIVE_SYNTAX_HASH_OFFSET	x86_64-systemv-elf-linux	compiler/lowering/stdlib/path_query_native.inc	neboc_filesystem_paths_e_formatos_NATIVE_SYNTAX_HASH_OFFSET	64	46a7a100fc23904b9755174926cad85a1a624533a8123086d2998fc29edcdefe	Owner contract; internal fields remain internal; no universal ABI promise
compiler/lowering/stdlib/path_query_native.inc::neboc_filesystem_paths_e_formatos_NATIVE_AUTHORITY_HASH_OFFSET	x86_64-systemv-elf-linux	compiler/lowering/stdlib/path_query_native.inc	neboc_filesystem_paths_e_formatos_NATIVE_AUTHORITY_HASH_OFFSET	72	cbf949ea6f5332e2eed70a09b8a03db1b8bdff427ab0e82f1857eacce4af8886	Owner contract; internal fields remain internal; no universal ABI promise
compiler/lowering/stdlib/path_query_native.inc::neboc_filesystem_paths_e_formatos_NATIVE_SEMANTIC_HASH_OFFSET	x86_64-systemv-elf-linux	compiler/lowering/stdlib/path_query_native.inc	neboc_filesystem_paths_e_formatos_NATIVE_SEMANTIC_HASH_OFFSET	80	870b0ba630851dd6084938cb5284d7cd3aba599bb579536f457b0450e6626555	Owner contract; internal fields remain internal; no universal ABI promise
compiler/lowering/stdlib/path_query_native.inc::neboc_filesystem_paths_e_formatos_NATIVE_IR_HASH_OFFSET	x86_64-systemv-elf-linux	compiler/lowering/stdlib/path_query_native.inc	neboc_filesystem_paths_e_formatos_NATIVE_IR_HASH_OFFSET	88	13d1ae176446a58c2987cac3bd4f4c34cd395c52e8a0d56706ddb39b8151f265	Owner contract; internal fields remain internal; no universal ABI promise
compiler/lowering/stdlib/path_query_native.inc::neboc_filesystem_paths_e_formatos_NATIVE_TARGET_OFFSET	x86_64-systemv-elf-linux	compiler/lowering/stdlib/path_query_native.inc	neboc_filesystem_paths_e_formatos_NATIVE_TARGET_OFFSET	96	ea47f6994ba9eaa9349cfab7777c01100eb8a6fa3e8293b84a99ca90814f8a9d	Owner contract; internal fields remain internal; no universal ABI promise
compiler/lowering/stdlib/path_query_native.inc::neboc_filesystem_paths_e_formatos_NATIVE_ABI_OFFSET	x86_64-systemv-elf-linux	compiler/lowering/stdlib/path_query_native.inc	neboc_filesystem_paths_e_formatos_NATIVE_ABI_OFFSET	104	67c77cd0ea5808eb7816845ef5355e4ac4e280fb74b10723e90b55c05b379e18	Owner contract; internal fields remain internal; no universal ABI promise
compiler/lowering/stdlib/path_query_native.inc::neboc_filesystem_paths_e_formatos_NATIVE_RESULT_OFFSET	x86_64-systemv-elf-linux	compiler/lowering/stdlib/path_query_native.inc	neboc_filesystem_paths_e_formatos_NATIVE_RESULT_OFFSET	112	ac5616d0e64f53a65804963dd144a759979bc8fc3eabfa46052cac8c815ed2a2	Owner contract; internal fields remain internal; no universal ABI promise
compiler/lowering/stdlib/path_query_native.inc::neboc_filesystem_paths_e_formatos_NATIVE_DECISION_OFFSET	x86_64-systemv-elf-linux	compiler/lowering/stdlib/path_query_native.inc	neboc_filesystem_paths_e_formatos_NATIVE_DECISION_OFFSET	120	36b5cd13577d4e0dbd3a03427d95a5f5a27bcd525f2e124cba51aeb0c2418d06	Owner contract; internal fields remain internal; no universal ABI promise
compiler/lowering/stdlib/path_query_native.inc::neboc_filesystem_paths_e_formatos_NATIVE_DIAGNOSTIC_OFFSET	x86_64-systemv-elf-linux	compiler/lowering/stdlib/path_query_native.inc	neboc_filesystem_paths_e_formatos_NATIVE_DIAGNOSTIC_OFFSET	128	03020e2ef7dfd28246d4d2f9fff9d3fa1543f8c34481a36782d629249dbac43c	Owner contract; internal fields remain internal; no universal ABI promise
compiler/lowering/stdlib/path_query_native.inc::neboc_filesystem_paths_e_formatos_NATIVE_FLAGS_OFFSET	x86_64-systemv-elf-linux	compiler/lowering/stdlib/path_query_native.inc	neboc_filesystem_paths_e_formatos_NATIVE_FLAGS_OFFSET	136	f382d6992b76f312dc8aed84939478df645867761fb0146c79326bb4bc2b07fd	Owner contract; internal fields remain internal; no universal ABI promise
compiler/lowering/stdlib/path_query_native.inc::neboc_filesystem_paths_e_formatos_NATIVE_RESERVED_OFFSET	x86_64-systemv-elf-linux	compiler/lowering/stdlib/path_query_native.inc	neboc_filesystem_paths_e_formatos_NATIVE_RESERVED_OFFSET	144	90658a9de4862f9f0be282c321c1beb7a522140742cf2f22d5df5679d9e86f45	Owner contract; internal fields remain internal; no universal ABI promise
compiler/lowering/stdlib/path_query_native.inc::neboc_filesystem_paths_e_formatos_NATIVE_HASH_OFFSET	x86_64-systemv-elf-linux	compiler/lowering/stdlib/path_query_native.inc	neboc_filesystem_paths_e_formatos_NATIVE_HASH_OFFSET	152	55926392cbf741de494a322e3f939e247dec8f0b64ee2de6c95f74e9d1e61bca	Owner contract; internal fields remain internal; no universal ABI promise
compiler/lowering/stdlib/path_query_native.inc::neboc_filesystem_paths_e_formatos_NATIVE_HASHED_BYTES	x86_64-systemv-elf-linux	compiler/lowering/stdlib/path_query_native.inc	neboc_filesystem_paths_e_formatos_NATIVE_HASHED_BYTES	152	16467bc474109e68d8d0c8868ade1d1e40a91222d3565348e11ca90292080521	Owner contract; internal fields remain internal; no universal ABI promise
compiler/lowering/stdlib/path_query_native.inc::neboc_filesystem_paths_e_formatos_NATIVE_QWORDS	x86_64-systemv-elf-linux	compiler/lowering/stdlib/path_query_native.inc	neboc_filesystem_paths_e_formatos_NATIVE_QWORDS	20	b7895449e2dd3839673d59c75777a04fe39a8e24cdc1c877ddc6d061d230d3a5	Owner contract; internal fields remain internal; no universal ABI promise
compiler/lowering/stdlib/path_query_native.inc::neboc_filesystem_paths_e_formatos_NATIVE_SIZE	x86_64-systemv-elf-linux	compiler/lowering/stdlib/path_query_native.inc	neboc_filesystem_paths_e_formatos_NATIVE_SIZE	160	05ed0f538064b9fcefb918bc70af7b0cffcac4778b82aba83688ed93ca6ec017	Owner contract; internal fields remain internal; no universal ABI promise
compiler/lowering/stdlib/path_query_native.inc::neboc_filesystem_paths_e_formatos_NATIVE_MAGIC	x86_64-systemv-elf-linux	compiler/lowering/stdlib/path_query_native.inc	neboc_filesystem_paths_e_formatos_NATIVE_MAGIC	0x4e45424f4732384e	19ad4a0bb3c868cf5a7f4ed0e297d1a8e51d29d0159acf437e2269ae5f84df73	Owner contract; internal fields remain internal; no universal ABI promise
compiler/lowering/stdlib/path_query_native.inc::neboc_filesystem_paths_e_formatos_NATIVE_TARGET_X86_64_SYSV_ELF	x86_64-systemv-elf-linux	compiler/lowering/stdlib/path_query_native.inc	neboc_filesystem_paths_e_formatos_NATIVE_TARGET_X86_64_SYSV_ELF	1	21e8c91c3b1913d6d50ca79744a4a653c977d214db01c86a39439c43fc54dd8b	Owner contract; internal fields remain internal; no universal ABI promise
compiler/lowering/stdlib/path_query_native.inc::neboc_filesystem_paths_e_formatos_NATIVE_ABI_INTERNAL_V1	x86_64-systemv-elf-linux	compiler/lowering/stdlib/path_query_native.inc	neboc_filesystem_paths_e_formatos_NATIVE_ABI_INTERNAL_V1	1	6f160afbc3b09f9186e4b6125506da5bce81d1bc37b97aa6c4fdfe0e65b87ff2	Owner contract; internal fields remain internal; no universal ABI promise
compiler/lowering/stdlib/path_query_native.inc::neboc_filesystem_paths_e_formatos_NATIVE_FLAG_AUTHENTICATED	x86_64-systemv-elf-linux	compiler/lowering/stdlib/path_query_native.inc	neboc_filesystem_paths_e_formatos_NATIVE_FLAG_AUTHENTICATED	1	fa14793f60130c9d48b0d9166fbf1bf586bf57ff6be20f18b2646095c34ef164	Owner contract; internal fields remain internal; no universal ABI promise
compiler/lowering/stdlib/path_query_native.inc::neboc_filesystem_paths_e_formatos_NATIVE_FLAG_PURE	x86_64-systemv-elf-linux	compiler/lowering/stdlib/path_query_native.inc	neboc_filesystem_paths_e_formatos_NATIVE_FLAG_PURE	2	d433942d6fd1583138ceb3be670f37b319d7e309ccbb1854994e23f4b07e3e92	Owner contract; internal fields remain internal; no universal ABI promise
compiler/lowering/stdlib/path_query_native.inc::NEBOC_NATIVE_FLAG_INVALID_PATH	x86_64-systemv-elf-linux	compiler/lowering/stdlib/path_query_native.inc	NEBOC_NATIVE_FLAG_INVALID_PATH	4	521e175dbf5f7ef99422371095d75ee61860973b601a1493e808228969bd3528	Owner contract; internal fields remain internal; no universal ABI promise
compiler/lowering/stdlib/path_query_native.inc::neboc_filesystem_paths_e_formatos_NATIVE_REQUIRED_FLAGS	x86_64-systemv-elf-linux	compiler/lowering/stdlib/path_query_native.inc	neboc_filesystem_paths_e_formatos_NATIVE_REQUIRED_FLAGS	3	a3028c28e758867dfb2f4c45e5dad502a5353b8009fb1004e151848f29a0a7ba	Owner contract; internal fields remain internal; no universal ABI promise
compiler/lowering/stdlib/std_math_ir.inc::neboc_biblioteca_padrao_por_dominios_IR_MAGIC_OFFSET	x86_64-systemv-elf-linux	compiler/lowering/stdlib/std_math_ir.inc	neboc_biblioteca_padrao_por_dominios_IR_MAGIC_OFFSET	0	6827c486a498cfc9dfefe0193047acd6bd748b68d7c263a41e75d64d8cc17c3b	Owner contract; internal fields remain internal; no universal ABI promise
compiler/lowering/stdlib/std_math_ir.inc::neboc_biblioteca_padrao_por_dominios_IR_OPERATION_OFFSET	x86_64-systemv-elf-linux	compiler/lowering/stdlib/std_math_ir.inc	neboc_biblioteca_padrao_por_dominios_IR_OPERATION_OFFSET	8	552f23860665ffd51cfa157149bda0a05f6654ee1a5a1031752fb0e65aef1b33	Owner contract; internal fields remain internal; no universal ABI promise
compiler/lowering/stdlib/std_math_ir.inc::neboc_biblioteca_padrao_por_dominios_IR_ARITY_OFFSET	x86_64-systemv-elf-linux	compiler/lowering/stdlib/std_math_ir.inc	neboc_biblioteca_padrao_por_dominios_IR_ARITY_OFFSET	16	9f2d269f39755802756a9bf2162a842ff002d205d09a6c5a1d764543e69bce2a	Owner contract; internal fields remain internal; no universal ABI promise
compiler/lowering/stdlib/std_math_ir.inc::neboc_biblioteca_padrao_por_dominios_IR_VALUE_OFFSET	x86_64-systemv-elf-linux	compiler/lowering/stdlib/std_math_ir.inc	neboc_biblioteca_padrao_por_dominios_IR_VALUE_OFFSET	24	bc2bc3ced92710e269d629f8b2e82bb2e2638953189225642b2dfef20729be0c	Owner contract; internal fields remain internal; no universal ABI promise
compiler/lowering/stdlib/std_math_ir.inc::NEBOC_IR_LOWER_OFFSET	x86_64-systemv-elf-linux	compiler/lowering/stdlib/std_math_ir.inc	NEBOC_IR_LOWER_OFFSET	32	cbf9c0f5b420850d8c7ebc8c0487b243a04668a7c91ecb1130d3a75443fedb50	Owner contract; internal fields remain internal; no universal ABI promise
compiler/lowering/stdlib/std_math_ir.inc::NEBOC_IR_UPPER_OFFSET	x86_64-systemv-elf-linux	compiler/lowering/stdlib/std_math_ir.inc	NEBOC_IR_UPPER_OFFSET	40	2cac4f9eb37e7d0b8aaece3b6711f4bfd81147e671e9784d50fb9602104b7635	Owner contract; internal fields remain internal; no universal ABI promise
compiler/lowering/stdlib/std_math_ir.inc::neboc_biblioteca_padrao_por_dominios_IR_RESULT_TYPE_OFFSET	x86_64-systemv-elf-linux	compiler/lowering/stdlib/std_math_ir.inc	neboc_biblioteca_padrao_por_dominios_IR_RESULT_TYPE_OFFSET	48	4a3f3a7c15c56117d59f3c914b820562bf10e585d99d219da6fe7a36f1eb7bb1	Owner contract; internal fields remain internal; no universal ABI promise
compiler/lowering/stdlib/std_math_ir.inc::neboc_biblioteca_padrao_por_dominios_IR_EFFECT_OFFSET	x86_64-systemv-elf-linux	compiler/lowering/stdlib/std_math_ir.inc	neboc_biblioteca_padrao_por_dominios_IR_EFFECT_OFFSET	56	538da2fb2032b68de9f51e4c37806705fb61a1458a66dce192d556f5cb1c3645	Owner contract; internal fields remain internal; no universal ABI promise
compiler/lowering/stdlib/std_math_ir.inc::neboc_biblioteca_padrao_por_dominios_IR_SYNTAX_HASH_OFFSET	x86_64-systemv-elf-linux	compiler/lowering/stdlib/std_math_ir.inc	neboc_biblioteca_padrao_por_dominios_IR_SYNTAX_HASH_OFFSET	64	1fba2216bf93d85624664a65f51a9cd064e7799b77f4937518224d774ecb6aef	Owner contract; internal fields remain internal; no universal ABI promise
compiler/lowering/stdlib/std_math_ir.inc::neboc_biblioteca_padrao_por_dominios_IR_AUTHORITY_HASH_OFFSET	x86_64-systemv-elf-linux	compiler/lowering/stdlib/std_math_ir.inc	neboc_biblioteca_padrao_por_dominios_IR_AUTHORITY_HASH_OFFSET	72	9b3a21703f4cd90d6f45156b698b76fa65a6173cc687f048e4f6d21b82ee0b91	Owner contract; internal fields remain internal; no universal ABI promise
compiler/lowering/stdlib/std_math_ir.inc::neboc_biblioteca_padrao_por_dominios_IR_SEMANTIC_HASH_OFFSET	x86_64-systemv-elf-linux	compiler/lowering/stdlib/std_math_ir.inc	neboc_biblioteca_padrao_por_dominios_IR_SEMANTIC_HASH_OFFSET	80	6a84b74a53982f2af98ac367e424116043925dc4e64f5ae521ca521a4eb83cc6	Owner contract; internal fields remain internal; no universal ABI promise
compiler/lowering/stdlib/std_math_ir.inc::neboc_biblioteca_padrao_por_dominios_IR_DECISION_OFFSET	x86_64-systemv-elf-linux	compiler/lowering/stdlib/std_math_ir.inc	neboc_biblioteca_padrao_por_dominios_IR_DECISION_OFFSET	88	622bec3497402ad2efd86b724011d499c5277fd14e9ed87414e40a62cfcca8bc	Owner contract; internal fields remain internal; no universal ABI promise
compiler/lowering/stdlib/std_math_ir.inc::neboc_biblioteca_padrao_por_dominios_IR_DIAGNOSTIC_OFFSET	x86_64-systemv-elf-linux	compiler/lowering/stdlib/std_math_ir.inc	neboc_biblioteca_padrao_por_dominios_IR_DIAGNOSTIC_OFFSET	96	ee08b4717746b070c83b3c9fc1669cc6598c483aeab76465317ce722bf392702	Owner contract; internal fields remain internal; no universal ABI promise
compiler/lowering/stdlib/std_math_ir.inc::neboc_biblioteca_padrao_por_dominios_IR_FLAGS_OFFSET	x86_64-systemv-elf-linux	compiler/lowering/stdlib/std_math_ir.inc	neboc_biblioteca_padrao_por_dominios_IR_FLAGS_OFFSET	104	4abb8550c355b1d81a7baba6c456b90d7d43d29a87fbe69582ccd47a427e9ce1	Owner contract; internal fields remain internal; no universal ABI promise
compiler/lowering/stdlib/std_math_ir.inc::neboc_biblioteca_padrao_por_dominios_IR_TARGET_OFFSET	x86_64-systemv-elf-linux	compiler/lowering/stdlib/std_math_ir.inc	neboc_biblioteca_padrao_por_dominios_IR_TARGET_OFFSET	112	1a98001d42172d0262a2338b75a294e2f23cea0d39f675ea6927bc1f35f27a18	Owner contract; internal fields remain internal; no universal ABI promise
compiler/lowering/stdlib/std_math_ir.inc::neboc_biblioteca_padrao_por_dominios_IR_HASH_OFFSET	x86_64-systemv-elf-linux	compiler/lowering/stdlib/std_math_ir.inc	neboc_biblioteca_padrao_por_dominios_IR_HASH_OFFSET	120	b10f70f9e8aff746ddbffcc56544cf49e0d94126fd22ce59469ebaee69a8b7eb	Owner contract; internal fields remain internal; no universal ABI promise
compiler/lowering/stdlib/std_math_ir.inc::neboc_biblioteca_padrao_por_dominios_IR_HASHED_BYTES	x86_64-systemv-elf-linux	compiler/lowering/stdlib/std_math_ir.inc	neboc_biblioteca_padrao_por_dominios_IR_HASHED_BYTES	120	6781a8f706c6fc0998994a04988ddcad8d71d79c51aff4625b69855949cef15c	Owner contract; internal fields remain internal; no universal ABI promise
compiler/lowering/stdlib/std_math_ir.inc::neboc_biblioteca_padrao_por_dominios_IR_QWORDS	x86_64-systemv-elf-linux	compiler/lowering/stdlib/std_math_ir.inc	neboc_biblioteca_padrao_por_dominios_IR_QWORDS	16	257b667f1f8be985bebecbd65c12b0e78815526078f1ad6a0db44adc98676bd6	Owner contract; internal fields remain internal; no universal ABI promise
compiler/lowering/stdlib/std_math_ir.inc::neboc_biblioteca_padrao_por_dominios_IR_SIZE	x86_64-systemv-elf-linux	compiler/lowering/stdlib/std_math_ir.inc	neboc_biblioteca_padrao_por_dominios_IR_SIZE	128	dad3d792fbfef86114be0d87f671dcf4a834d54321bb4ed30b2873919a7a851b	Owner contract; internal fields remain internal; no universal ABI promise
compiler/lowering/stdlib/std_math_ir.inc::neboc_biblioteca_padrao_por_dominios_IR_MAGIC	x86_64-systemv-elf-linux	compiler/lowering/stdlib/std_math_ir.inc	neboc_biblioteca_padrao_por_dominios_IR_MAGIC	0x4e45424f47323749	bfbf48bbf51535e846a8a73c65bd68985dfb4dff166dd383dbba1588c084b241	Owner contract; internal fields remain internal; no universal ABI promise
compiler/lowering/stdlib/std_math_ir.inc::neboc_biblioteca_padrao_por_dominios_IR_FLAG_TARGET_NEUTRAL	x86_64-systemv-elf-linux	compiler/lowering/stdlib/std_math_ir.inc	neboc_biblioteca_padrao_por_dominios_IR_FLAG_TARGET_NEUTRAL	1	52b402cf7511604fcf0815bd9da62f85249c8c73f3361201b51537f4e67ff1ec	Owner contract; internal fields remain internal; no universal ABI promise
compiler/lowering/stdlib/std_math_ir.inc::neboc_biblioteca_padrao_por_dominios_IR_FLAG_PURE	x86_64-systemv-elf-linux	compiler/lowering/stdlib/std_math_ir.inc	neboc_biblioteca_padrao_por_dominios_IR_FLAG_PURE	2	6a27c226183aad486650b93da810354c6100f1aa7cf84164d6214f09957ff859	Owner contract; internal fields remain internal; no universal ABI promise
compiler/lowering/stdlib/std_math_ir.inc::neboc_biblioteca_padrao_por_dominios_IR_REQUIRED_FLAGS	x86_64-systemv-elf-linux	compiler/lowering/stdlib/std_math_ir.inc	neboc_biblioteca_padrao_por_dominios_IR_REQUIRED_FLAGS	3	034bcf7ba73a916a6e8e69624d8c765c1e119ce6893ee8844bb90ac9dc9da260	Owner contract; internal fields remain internal; no universal ABI promise
compiler/lowering/stdlib/std_math_native.inc::neboc_biblioteca_padrao_por_dominios_NATIVE_MAGIC_OFFSET	x86_64-systemv-elf-linux	compiler/lowering/stdlib/std_math_native.inc	neboc_biblioteca_padrao_por_dominios_NATIVE_MAGIC_OFFSET	0	026d8621bfaafc4b9cda088e95a76bdb79f1ed5bd5eb2a90c5adaa66917b8d8b	Owner contract; internal fields remain internal; no universal ABI promise
compiler/lowering/stdlib/std_math_native.inc::neboc_biblioteca_padrao_por_dominios_NATIVE_OPERATION_OFFSET	x86_64-systemv-elf-linux	compiler/lowering/stdlib/std_math_native.inc	neboc_biblioteca_padrao_por_dominios_NATIVE_OPERATION_OFFSET	8	426ee801c2b3042a9892a6cee370baf54541b5a355baeeb4e13c4c74ab8128dd	Owner contract; internal fields remain internal; no universal ABI promise
compiler/lowering/stdlib/std_math_native.inc::neboc_biblioteca_padrao_por_dominios_NATIVE_ARITY_OFFSET	x86_64-systemv-elf-linux	compiler/lowering/stdlib/std_math_native.inc	neboc_biblioteca_padrao_por_dominios_NATIVE_ARITY_OFFSET	16	a7f113f57c0f5a5fe5f3b52552057001cbce430f92179b0ffdc8af6e718b288b	Owner contract; internal fields remain internal; no universal ABI promise
compiler/lowering/stdlib/std_math_native.inc::neboc_biblioteca_padrao_por_dominios_NATIVE_VALUE_OFFSET	x86_64-systemv-elf-linux	compiler/lowering/stdlib/std_math_native.inc	neboc_biblioteca_padrao_por_dominios_NATIVE_VALUE_OFFSET	24	fe8505b1a42088a5613ca98ea18ffabccdac1505939e78a5174252f9b72ee454	Owner contract; internal fields remain internal; no universal ABI promise
compiler/lowering/stdlib/std_math_native.inc::NEBOC_NATIVE_LOWER_OFFSET	x86_64-systemv-elf-linux	compiler/lowering/stdlib/std_math_native.inc	NEBOC_NATIVE_LOWER_OFFSET	32	7b78b18d8a77e3f534e9b2d0ec1d2c1187be584703a64823524af995ad46ec6e	Owner contract; internal fields remain internal; no universal ABI promise
compiler/lowering/stdlib/std_math_native.inc::NEBOC_NATIVE_UPPER_OFFSET	x86_64-systemv-elf-linux	compiler/lowering/stdlib/std_math_native.inc	NEBOC_NATIVE_UPPER_OFFSET	40	d5743984644dd60f6e9be68702c9d164bb96edbe122bc1ab0165671253d5ae06	Owner contract; internal fields remain internal; no universal ABI promise
compiler/lowering/stdlib/std_math_native.inc::neboc_biblioteca_padrao_por_dominios_NATIVE_RESULT_TYPE_OFFSET	x86_64-systemv-elf-linux	compiler/lowering/stdlib/std_math_native.inc	neboc_biblioteca_padrao_por_dominios_NATIVE_RESULT_TYPE_OFFSET	48	8dfb4fa05f43c54e06f46bb9647f657dfa59663e23aaef73dc0ea8b0550b370e	Owner contract; internal fields remain internal; no universal ABI promise
compiler/lowering/stdlib/std_math_native.inc::neboc_biblioteca_padrao_por_dominios_NATIVE_EFFECT_OFFSET	x86_64-systemv-elf-linux	compiler/lowering/stdlib/std_math_native.inc	neboc_biblioteca_padrao_por_dominios_NATIVE_EFFECT_OFFSET	56	7dbfdb9bcf442889320353ff46e2d0b7b31105d9db104731bea834f425707cda	Owner contract; internal fields remain internal; no universal ABI promise
compiler/lowering/stdlib/std_math_native.inc::neboc_biblioteca_padrao_por_dominios_NATIVE_SYNTAX_HASH_OFFSET	x86_64-systemv-elf-linux	compiler/lowering/stdlib/std_math_native.inc	neboc_biblioteca_padrao_por_dominios_NATIVE_SYNTAX_HASH_OFFSET	64	b3da43b0f078abd6c9faef93c02c262f8a7a1d22374e75d8c8b6d1638e0e19f4	Owner contract; internal fields remain internal; no universal ABI promise
compiler/lowering/stdlib/std_math_native.inc::neboc_biblioteca_padrao_por_dominios_NATIVE_AUTHORITY_HASH_OFFSET	x86_64-systemv-elf-linux	compiler/lowering/stdlib/std_math_native.inc	neboc_biblioteca_padrao_por_dominios_NATIVE_AUTHORITY_HASH_OFFSET	72	d4c0daed47fbbcc198754444d53339080200e09dcac5c9f56bd4dce659aecb5a	Owner contract; internal fields remain internal; no universal ABI promise
compiler/lowering/stdlib/std_math_native.inc::neboc_biblioteca_padrao_por_dominios_NATIVE_SEMANTIC_HASH_OFFSET	x86_64-systemv-elf-linux	compiler/lowering/stdlib/std_math_native.inc	neboc_biblioteca_padrao_por_dominios_NATIVE_SEMANTIC_HASH_OFFSET	80	0a4e0921635a151b7f803607783daaa536e299df28db5aeb0930eaa761f6faec	Owner contract; internal fields remain internal; no universal ABI promise
compiler/lowering/stdlib/std_math_native.inc::neboc_biblioteca_padrao_por_dominios_NATIVE_IR_HASH_OFFSET	x86_64-systemv-elf-linux	compiler/lowering/stdlib/std_math_native.inc	neboc_biblioteca_padrao_por_dominios_NATIVE_IR_HASH_OFFSET	88	bec5d1da7ecd2be6259e24c170d7a7bbaa4d597b64f0c793158c50f19bf27342	Owner contract; internal fields remain internal; no universal ABI promise
compiler/lowering/stdlib/std_math_native.inc::neboc_biblioteca_padrao_por_dominios_NATIVE_TARGET_OFFSET	x86_64-systemv-elf-linux	compiler/lowering/stdlib/std_math_native.inc	neboc_biblioteca_padrao_por_dominios_NATIVE_TARGET_OFFSET	96	4aed12cf744dfc0843ff842a711af20f944e6a1e23be1836aa4bd675f5806bf2	Owner contract; internal fields remain internal; no universal ABI promise
compiler/lowering/stdlib/std_math_native.inc::neboc_biblioteca_padrao_por_dominios_NATIVE_ABI_OFFSET	x86_64-systemv-elf-linux	compiler/lowering/stdlib/std_math_native.inc	neboc_biblioteca_padrao_por_dominios_NATIVE_ABI_OFFSET	104	3bf544a61a204d7c0f40483ed1049392083be255989274c69150ede8da3e9950	Owner contract; internal fields remain internal; no universal ABI promise
compiler/lowering/stdlib/std_math_native.inc::neboc_biblioteca_padrao_por_dominios_NATIVE_RESULT_OFFSET	x86_64-systemv-elf-linux	compiler/lowering/stdlib/std_math_native.inc	neboc_biblioteca_padrao_por_dominios_NATIVE_RESULT_OFFSET	112	8926a15a3133499b1990bee8cbf8215a6a93a55496d831017b7e7c4e326649e9	Owner contract; internal fields remain internal; no universal ABI promise
compiler/lowering/stdlib/std_math_native.inc::neboc_biblioteca_padrao_por_dominios_NATIVE_DECISION_OFFSET	x86_64-systemv-elf-linux	compiler/lowering/stdlib/std_math_native.inc	neboc_biblioteca_padrao_por_dominios_NATIVE_DECISION_OFFSET	120	1f42522fe5fa97db199ca510ea7fc95c5aa3f163ed99f838e829e68338fb2583	Owner contract; internal fields remain internal; no universal ABI promise
compiler/lowering/stdlib/std_math_native.inc::neboc_biblioteca_padrao_por_dominios_NATIVE_DIAGNOSTIC_OFFSET	x86_64-systemv-elf-linux	compiler/lowering/stdlib/std_math_native.inc	neboc_biblioteca_padrao_por_dominios_NATIVE_DIAGNOSTIC_OFFSET	128	82173a196a879a9e9a4db5e0f4a572c5fc57ba7af7f15f854e4cdba03f451ee1	Owner contract; internal fields remain internal; no universal ABI promise
compiler/lowering/stdlib/std_math_native.inc::neboc_biblioteca_padrao_por_dominios_NATIVE_FLAGS_OFFSET	x86_64-systemv-elf-linux	compiler/lowering/stdlib/std_math_native.inc	neboc_biblioteca_padrao_por_dominios_NATIVE_FLAGS_OFFSET	136	3a00def62b08dabcb3d4b772b9973dcc3edfdebefc9e46fa8cf57e952c14a730	Owner contract; internal fields remain internal; no universal ABI promise
compiler/lowering/stdlib/std_math_native.inc::neboc_biblioteca_padrao_por_dominios_NATIVE_RESERVED_OFFSET	x86_64-systemv-elf-linux	compiler/lowering/stdlib/std_math_native.inc	neboc_biblioteca_padrao_por_dominios_NATIVE_RESERVED_OFFSET	144	17333cc0998b4bd94270ea8aa8b3ffd5029f5f286bd24062caba5d0dfc59bdad	Owner contract; internal fields remain internal; no universal ABI promise
compiler/lowering/stdlib/std_math_native.inc::neboc_biblioteca_padrao_por_dominios_NATIVE_HASH_OFFSET	x86_64-systemv-elf-linux	compiler/lowering/stdlib/std_math_native.inc	neboc_biblioteca_padrao_por_dominios_NATIVE_HASH_OFFSET	152	633374434b7563a3115f85a66a9a99488870d9613e9f612d4271f7abc12687c8	Owner contract; internal fields remain internal; no universal ABI promise
compiler/lowering/stdlib/std_math_native.inc::neboc_biblioteca_padrao_por_dominios_NATIVE_HASHED_BYTES	x86_64-systemv-elf-linux	compiler/lowering/stdlib/std_math_native.inc	neboc_biblioteca_padrao_por_dominios_NATIVE_HASHED_BYTES	152	500cff9eb44a145598607f5bc157e8e9ac6c05b5068604403974fa2b99c9f677	Owner contract; internal fields remain internal; no universal ABI promise
compiler/lowering/stdlib/std_math_native.inc::neboc_biblioteca_padrao_por_dominios_NATIVE_QWORDS	x86_64-systemv-elf-linux	compiler/lowering/stdlib/std_math_native.inc	neboc_biblioteca_padrao_por_dominios_NATIVE_QWORDS	20	535f530186117791887b90434f1bf8a13a88aae407f80f8f397fb5f1caf2c010	Owner contract; internal fields remain internal; no universal ABI promise
compiler/lowering/stdlib/std_math_native.inc::neboc_biblioteca_padrao_por_dominios_NATIVE_SIZE	x86_64-systemv-elf-linux	compiler/lowering/stdlib/std_math_native.inc	neboc_biblioteca_padrao_por_dominios_NATIVE_SIZE	160	94858d9e6aa8c12dc220bba97cb35a4b6d072083e81bad6dfc731497df1e2bc5	Owner contract; internal fields remain internal; no universal ABI promise
compiler/lowering/stdlib/std_math_native.inc::neboc_biblioteca_padrao_por_dominios_NATIVE_MAGIC	x86_64-systemv-elf-linux	compiler/lowering/stdlib/std_math_native.inc	neboc_biblioteca_padrao_por_dominios_NATIVE_MAGIC	0x4e45424f4732374e	0d52d1669f379796af4be0b433f51888e2ecf5a8d2854d7dd056aa31064f621c	Owner contract; internal fields remain internal; no universal ABI promise
compiler/lowering/stdlib/std_math_native.inc::neboc_biblioteca_padrao_por_dominios_NATIVE_TARGET_X86_64_SYSV_ELF	x86_64-systemv-elf-linux	compiler/lowering/stdlib/std_math_native.inc	neboc_biblioteca_padrao_por_dominios_NATIVE_TARGET_X86_64_SYSV_ELF	1	ce21f650b20a142bcf55c1ab347194887e63b08602e5e8636cd5c91a3687310d	Owner contract; internal fields remain internal; no universal ABI promise
compiler/lowering/stdlib/std_math_native.inc::neboc_biblioteca_padrao_por_dominios_NATIVE_ABI_INTERNAL_V1	x86_64-systemv-elf-linux	compiler/lowering/stdlib/std_math_native.inc	neboc_biblioteca_padrao_por_dominios_NATIVE_ABI_INTERNAL_V1	1	e3da00344aea5d6d9318a6a791db5c65737d42fc485b120274de0db187040ab4	Owner contract; internal fields remain internal; no universal ABI promise
compiler/lowering/stdlib/std_math_native.inc::neboc_biblioteca_padrao_por_dominios_NATIVE_FLAG_AUTHENTICATED	x86_64-systemv-elf-linux	compiler/lowering/stdlib/std_math_native.inc	neboc_biblioteca_padrao_por_dominios_NATIVE_FLAG_AUTHENTICATED	1	5866b42eceddcc29fdef27c2221ef4d710b4bee764923872a8db5cc413ea119b	Owner contract; internal fields remain internal; no universal ABI promise
compiler/lowering/stdlib/std_math_native.inc::neboc_biblioteca_padrao_por_dominios_NATIVE_FLAG_PURE	x86_64-systemv-elf-linux	compiler/lowering/stdlib/std_math_native.inc	neboc_biblioteca_padrao_por_dominios_NATIVE_FLAG_PURE	2	7b75e3997290f372fd74e10163a0402fbe56e385493b637686e80cdfa1f2f027	Owner contract; internal fields remain internal; no universal ABI promise
compiler/lowering/stdlib/std_math_native.inc::NEBOC_NATIVE_FLAG_DOMAIN_ERROR	x86_64-systemv-elf-linux	compiler/lowering/stdlib/std_math_native.inc	NEBOC_NATIVE_FLAG_DOMAIN_ERROR	4	a499a251d8f655f5868152dcd94e3412894a3c12b5035098943b7bdeed142f38	Owner contract; internal fields remain internal; no universal ABI promise
compiler/lowering/stdlib/std_math_native.inc::neboc_biblioteca_padrao_por_dominios_NATIVE_REQUIRED_FLAGS	x86_64-systemv-elf-linux	compiler/lowering/stdlib/std_math_native.inc	neboc_biblioteca_padrao_por_dominios_NATIVE_REQUIRED_FLAGS	3	0c40cee040c1ec4c4a0b0e56da16c1f1e165afa2315716d3fe2f1083ac61f691	Owner contract; internal fields remain internal; no universal ABI promise
compiler/lowering/stdlib/visual_summary_ir.inc::neboc_console_visual_dashboard_e_plots_IR_MAGIC_OFFSET	x86_64-systemv-elf-linux	compiler/lowering/stdlib/visual_summary_ir.inc	neboc_console_visual_dashboard_e_plots_IR_MAGIC_OFFSET	0	5322c9e40eb544ddb53f7d82d2ce47eb3b0120bc80bdf98ccebc9fa7e37a5ee9	Owner contract; internal fields remain internal; no universal ABI promise
compiler/lowering/stdlib/visual_summary_ir.inc::neboc_console_visual_dashboard_e_plots_IR_OPERATION_OFFSET	x86_64-systemv-elf-linux	compiler/lowering/stdlib/visual_summary_ir.inc	neboc_console_visual_dashboard_e_plots_IR_OPERATION_OFFSET	8	e506c7e1e2d43ab855feb6f1509381ad8d4feb4218da8df15391d8b3f78edd82	Owner contract; internal fields remain internal; no universal ABI promise
compiler/lowering/stdlib/visual_summary_ir.inc::neboc_console_visual_dashboard_e_plots_IR_ARITY_OFFSET	x86_64-systemv-elf-linux	compiler/lowering/stdlib/visual_summary_ir.inc	neboc_console_visual_dashboard_e_plots_IR_ARITY_OFFSET	16	226b808d0c98b5f470eee14db60e1bd8a9acd3974631c5be22678434e2556828	Owner contract; internal fields remain internal; no universal ABI promise
compiler/lowering/stdlib/visual_summary_ir.inc::neboc_console_visual_dashboard_e_plots_IR_VALUE_OFFSET	x86_64-systemv-elf-linux	compiler/lowering/stdlib/visual_summary_ir.inc	neboc_console_visual_dashboard_e_plots_IR_VALUE_OFFSET	24	6f1f7da156f62b56a23f8e9f298511254e8b13a8efd5f50b5a98d0ef9bed7f5b	Owner contract; internal fields remain internal; no universal ABI promise
compiler/lowering/stdlib/visual_summary_ir.inc::neboc_console_visual_dashboard_e_plots_IR_DIGIT_COUNT_OFFSET	x86_64-systemv-elf-linux	compiler/lowering/stdlib/visual_summary_ir.inc	neboc_console_visual_dashboard_e_plots_IR_DIGIT_COUNT_OFFSET	32	3b272781b4e8ff2752746c02466e8552ca3fbd0a6750d32c473a7d388fc2cb41	Owner contract; internal fields remain internal; no universal ABI promise
compiler/lowering/stdlib/visual_summary_ir.inc::neboc_console_visual_dashboard_e_plots_IR_LITERAL_HASH_OFFSET	x86_64-systemv-elf-linux	compiler/lowering/stdlib/visual_summary_ir.inc	neboc_console_visual_dashboard_e_plots_IR_LITERAL_HASH_OFFSET	40	f7ab39aadeb55edbee46f23ad85498ce2cb58a89303fabcaaf56d62a2ca5c3f0	Owner contract; internal fields remain internal; no universal ABI promise
compiler/lowering/stdlib/visual_summary_ir.inc::neboc_console_visual_dashboard_e_plots_IR_RESULT_TYPE_OFFSET	x86_64-systemv-elf-linux	compiler/lowering/stdlib/visual_summary_ir.inc	neboc_console_visual_dashboard_e_plots_IR_RESULT_TYPE_OFFSET	48	b4ded3eebf29b9cd15b1393acd699e948765205d5b8c8becaa30aef8e57b5019	Owner contract; internal fields remain internal; no universal ABI promise
compiler/lowering/stdlib/visual_summary_ir.inc::neboc_console_visual_dashboard_e_plots_IR_EFFECT_OFFSET	x86_64-systemv-elf-linux	compiler/lowering/stdlib/visual_summary_ir.inc	neboc_console_visual_dashboard_e_plots_IR_EFFECT_OFFSET	56	a3f59b7bac5204b308120b9c218c9bf7788b252f4d2ce77a1586f23a9593c27f	Owner contract; internal fields remain internal; no universal ABI promise
compiler/lowering/stdlib/visual_summary_ir.inc::neboc_console_visual_dashboard_e_plots_IR_SYNTAX_HASH_OFFSET	x86_64-systemv-elf-linux	compiler/lowering/stdlib/visual_summary_ir.inc	neboc_console_visual_dashboard_e_plots_IR_SYNTAX_HASH_OFFSET	64	14ed023465b603e08364d7995dd8b532bf05e562b097ad6a02748b8d51ec525b	Owner contract; internal fields remain internal; no universal ABI promise
compiler/lowering/stdlib/visual_summary_ir.inc::neboc_console_visual_dashboard_e_plots_IR_AUTHORITY_HASH_OFFSET	x86_64-systemv-elf-linux	compiler/lowering/stdlib/visual_summary_ir.inc	neboc_console_visual_dashboard_e_plots_IR_AUTHORITY_HASH_OFFSET	72	67f2168d76eb7376fc49efa9130b6eb8c13f2d68d54b55c6712450eaae498d6c	Owner contract; internal fields remain internal; no universal ABI promise
compiler/lowering/stdlib/visual_summary_ir.inc::neboc_console_visual_dashboard_e_plots_IR_SEMANTIC_HASH_OFFSET	x86_64-systemv-elf-linux	compiler/lowering/stdlib/visual_summary_ir.inc	neboc_console_visual_dashboard_e_plots_IR_SEMANTIC_HASH_OFFSET	80	e1cbb4d4177b9c3d84e9ce00b1168f25496e1aba8ab14f0dba8ed5df642caa34	Owner contract; internal fields remain internal; no universal ABI promise
compiler/lowering/stdlib/visual_summary_ir.inc::neboc_console_visual_dashboard_e_plots_IR_DECISION_OFFSET	x86_64-systemv-elf-linux	compiler/lowering/stdlib/visual_summary_ir.inc	neboc_console_visual_dashboard_e_plots_IR_DECISION_OFFSET	88	d77882e63e572efd2ca67ae6db6d84d26a3ba67b7f13449dd794db6373c1440b	Owner contract; internal fields remain internal; no universal ABI promise
compiler/lowering/stdlib/visual_summary_ir.inc::neboc_console_visual_dashboard_e_plots_IR_DIAGNOSTIC_OFFSET	x86_64-systemv-elf-linux	compiler/lowering/stdlib/visual_summary_ir.inc	neboc_console_visual_dashboard_e_plots_IR_DIAGNOSTIC_OFFSET	96	4420307fc1bd33e3ba93a0de644079ed6762e53934b5d2816531b0ac7c462546	Owner contract; internal fields remain internal; no universal ABI promise
compiler/lowering/stdlib/visual_summary_ir.inc::neboc_console_visual_dashboard_e_plots_IR_FLAGS_OFFSET	x86_64-systemv-elf-linux	compiler/lowering/stdlib/visual_summary_ir.inc	neboc_console_visual_dashboard_e_plots_IR_FLAGS_OFFSET	104	3a35983abd21028f1e72b0f598900382b98d2f546f3b4445d932e379f219bb83	Owner contract; internal fields remain internal; no universal ABI promise
compiler/lowering/stdlib/visual_summary_ir.inc::neboc_console_visual_dashboard_e_plots_IR_TARGET_OFFSET	x86_64-systemv-elf-linux	compiler/lowering/stdlib/visual_summary_ir.inc	neboc_console_visual_dashboard_e_plots_IR_TARGET_OFFSET	112	6de2f5d386facfd62095fdeb60ab18e9aa94b72223ee115f409cbd53139fe372	Owner contract; internal fields remain internal; no universal ABI promise
compiler/lowering/stdlib/visual_summary_ir.inc::neboc_console_visual_dashboard_e_plots_IR_HASH_OFFSET	x86_64-systemv-elf-linux	compiler/lowering/stdlib/visual_summary_ir.inc	neboc_console_visual_dashboard_e_plots_IR_HASH_OFFSET	120	41bf6c1ef99405a56fc03fece674cf39a37d0fa7f11bcb69b20d4efcd41f8367	Owner contract; internal fields remain internal; no universal ABI promise
compiler/lowering/stdlib/visual_summary_ir.inc::neboc_console_visual_dashboard_e_plots_IR_HASHED_BYTES	x86_64-systemv-elf-linux	compiler/lowering/stdlib/visual_summary_ir.inc	neboc_console_visual_dashboard_e_plots_IR_HASHED_BYTES	120	45bc63bd3dae246d4a128c48c11125e9d25ed24ed49dd6c789e644b44757fe47	Owner contract; internal fields remain internal; no universal ABI promise
compiler/lowering/stdlib/visual_summary_ir.inc::neboc_console_visual_dashboard_e_plots_IR_QWORDS	x86_64-systemv-elf-linux	compiler/lowering/stdlib/visual_summary_ir.inc	neboc_console_visual_dashboard_e_plots_IR_QWORDS	16	5c3e51d1e2c9d3d117a457174419808c890b1e027b837ac1e5d9430b4fbc4d5b	Owner contract; internal fields remain internal; no universal ABI promise
compiler/lowering/stdlib/visual_summary_ir.inc::neboc_console_visual_dashboard_e_plots_IR_SIZE	x86_64-systemv-elf-linux	compiler/lowering/stdlib/visual_summary_ir.inc	neboc_console_visual_dashboard_e_plots_IR_SIZE	128	8f04179520253b6670091e9daee22f0d0926219f7a542f9c54f4d88e7dd6bcbd	Owner contract; internal fields remain internal; no universal ABI promise
compiler/lowering/stdlib/visual_summary_ir.inc::neboc_console_visual_dashboard_e_plots_IR_MAGIC	x86_64-systemv-elf-linux	compiler/lowering/stdlib/visual_summary_ir.inc	neboc_console_visual_dashboard_e_plots_IR_MAGIC	0x4e45424f47333049	78360e3b7d6877b98f18c1dab46dc6c861a8a5923dbcdd361a6673055d8faff1	Owner contract; internal fields remain internal; no universal ABI promise
compiler/lowering/stdlib/visual_summary_ir.inc::neboc_console_visual_dashboard_e_plots_IR_FLAG_TARGET_NEUTRAL	x86_64-systemv-elf-linux	compiler/lowering/stdlib/visual_summary_ir.inc	neboc_console_visual_dashboard_e_plots_IR_FLAG_TARGET_NEUTRAL	1	af5df71e41e0b969fc46a398389a4d7fe774e5e3bd518cc127db0f0b6b203169	Owner contract; internal fields remain internal; no universal ABI promise
compiler/lowering/stdlib/visual_summary_ir.inc::neboc_console_visual_dashboard_e_plots_IR_FLAG_PURE	x86_64-systemv-elf-linux	compiler/lowering/stdlib/visual_summary_ir.inc	neboc_console_visual_dashboard_e_plots_IR_FLAG_PURE	2	0c8fa6a5b4877f43fcf5750b4473154374566a16bab21ce8c3b5256770d51206	Owner contract; internal fields remain internal; no universal ABI promise
compiler/lowering/stdlib/visual_summary_ir.inc::neboc_console_visual_dashboard_e_plots_IR_REQUIRED_FLAGS	x86_64-systemv-elf-linux	compiler/lowering/stdlib/visual_summary_ir.inc	neboc_console_visual_dashboard_e_plots_IR_REQUIRED_FLAGS	3	f622b3115be56a5ea38276a69c49138072241715515af69d17c29ffd98634fc0	Owner contract; internal fields remain internal; no universal ABI promise
compiler/lowering/stdlib/visual_summary_native.inc::neboc_console_visual_dashboard_e_plots_NATIVE_MAGIC_OFFSET	x86_64-systemv-elf-linux	compiler/lowering/stdlib/visual_summary_native.inc	neboc_console_visual_dashboard_e_plots_NATIVE_MAGIC_OFFSET	0	2356504221ba63a036674178b1d77bf8ecd3ab125c67b025cec133f7ef8a8250	Owner contract; internal fields remain internal; no universal ABI promise
compiler/lowering/stdlib/visual_summary_native.inc::neboc_console_visual_dashboard_e_plots_NATIVE_OPERATION_OFFSET	x86_64-systemv-elf-linux	compiler/lowering/stdlib/visual_summary_native.inc	neboc_console_visual_dashboard_e_plots_NATIVE_OPERATION_OFFSET	8	0af32ec55e4491f84cf02af5700608a61b1fdcfa6139d38abaefb802ceea6d63	Owner contract; internal fields remain internal; no universal ABI promise
compiler/lowering/stdlib/visual_summary_native.inc::neboc_console_visual_dashboard_e_plots_NATIVE_ARITY_OFFSET	x86_64-systemv-elf-linux	compiler/lowering/stdlib/visual_summary_native.inc	neboc_console_visual_dashboard_e_plots_NATIVE_ARITY_OFFSET	16	56de8124e5c0ffd158145d9a930bc6169108c4fde681607eea21dd4a9180d456	Owner contract; internal fields remain internal; no universal ABI promise
compiler/lowering/stdlib/visual_summary_native.inc::neboc_console_visual_dashboard_e_plots_NATIVE_VALUE_OFFSET	x86_64-systemv-elf-linux	compiler/lowering/stdlib/visual_summary_native.inc	neboc_console_visual_dashboard_e_plots_NATIVE_VALUE_OFFSET	24	f804737591d7b29adc21b1262a9dc255ab82b95e8ac71f6a3a2c02c350508f34	Owner contract; internal fields remain internal; no universal ABI promise
compiler/lowering/stdlib/visual_summary_native.inc::neboc_console_visual_dashboard_e_plots_NATIVE_DIGIT_COUNT_OFFSET	x86_64-systemv-elf-linux	compiler/lowering/stdlib/visual_summary_native.inc	neboc_console_visual_dashboard_e_plots_NATIVE_DIGIT_COUNT_OFFSET	32	03f40283806c8b6b75fca2bb4a86bc9f2b1f0807fb62aa203683414cce923304	Owner contract; internal fields remain internal; no universal ABI promise
compiler/lowering/stdlib/visual_summary_native.inc::neboc_console_visual_dashboard_e_plots_NATIVE_LITERAL_HASH_OFFSET	x86_64-systemv-elf-linux	compiler/lowering/stdlib/visual_summary_native.inc	neboc_console_visual_dashboard_e_plots_NATIVE_LITERAL_HASH_OFFSET	40	b04c9e70a59d08bbe2dd747daeabb1d50e5aede85852afb4ba6361a9c2076ea2	Owner contract; internal fields remain internal; no universal ABI promise
compiler/lowering/stdlib/visual_summary_native.inc::neboc_console_visual_dashboard_e_plots_NATIVE_RESULT_TYPE_OFFSET	x86_64-systemv-elf-linux	compiler/lowering/stdlib/visual_summary_native.inc	neboc_console_visual_dashboard_e_plots_NATIVE_RESULT_TYPE_OFFSET	48	10235cc59ea4326198cfdd23b2d9d423b1b45a4a0e61d3531d9024bee50955c1	Owner contract; internal fields remain internal; no universal ABI promise
compiler/lowering/stdlib/visual_summary_native.inc::neboc_console_visual_dashboard_e_plots_NATIVE_EFFECT_OFFSET	x86_64-systemv-elf-linux	compiler/lowering/stdlib/visual_summary_native.inc	neboc_console_visual_dashboard_e_plots_NATIVE_EFFECT_OFFSET	56	ef652ea3e638d7739607eccd1ce4d88658e9468b0e10b6994aca9f6bea31063a	Owner contract; internal fields remain internal; no universal ABI promise
compiler/lowering/stdlib/visual_summary_native.inc::neboc_console_visual_dashboard_e_plots_NATIVE_SYNTAX_HASH_OFFSET	x86_64-systemv-elf-linux	compiler/lowering/stdlib/visual_summary_native.inc	neboc_console_visual_dashboard_e_plots_NATIVE_SYNTAX_HASH_OFFSET	64	7ea8ec6c63a21998d5fca28894285593773e873f9cb20bcb2366735800dca124	Owner contract; internal fields remain internal; no universal ABI promise
compiler/lowering/stdlib/visual_summary_native.inc::neboc_console_visual_dashboard_e_plots_NATIVE_AUTHORITY_HASH_OFFSET	x86_64-systemv-elf-linux	compiler/lowering/stdlib/visual_summary_native.inc	neboc_console_visual_dashboard_e_plots_NATIVE_AUTHORITY_HASH_OFFSET	72	fc73576107745ffb8e12b4e2b2b041fe9b0e7847cbf72c7a4f8f1aceb1990d86	Owner contract; internal fields remain internal; no universal ABI promise
compiler/lowering/stdlib/visual_summary_native.inc::neboc_console_visual_dashboard_e_plots_NATIVE_SEMANTIC_HASH_OFFSET	x86_64-systemv-elf-linux	compiler/lowering/stdlib/visual_summary_native.inc	neboc_console_visual_dashboard_e_plots_NATIVE_SEMANTIC_HASH_OFFSET	80	302d3d5bbf85a13abe5b29ecae488dce72dc53bdeff6f89784c1dd532be1eb45	Owner contract; internal fields remain internal; no universal ABI promise
compiler/lowering/stdlib/visual_summary_native.inc::neboc_console_visual_dashboard_e_plots_NATIVE_IR_HASH_OFFSET	x86_64-systemv-elf-linux	compiler/lowering/stdlib/visual_summary_native.inc	neboc_console_visual_dashboard_e_plots_NATIVE_IR_HASH_OFFSET	88	89389684e816380f393efa31f8052c840abd78a0713ba82cc7261a6560df4d45	Owner contract; internal fields remain internal; no universal ABI promise
compiler/lowering/stdlib/visual_summary_native.inc::neboc_console_visual_dashboard_e_plots_NATIVE_TARGET_OFFSET	x86_64-systemv-elf-linux	compiler/lowering/stdlib/visual_summary_native.inc	neboc_console_visual_dashboard_e_plots_NATIVE_TARGET_OFFSET	96	440c9bd68b26040b9e0d8ee43bccb1f1f3544fc5f9d603ffe8ea4cd56afa5fcc	Owner contract; internal fields remain internal; no universal ABI promise
compiler/lowering/stdlib/visual_summary_native.inc::neboc_console_visual_dashboard_e_plots_NATIVE_ABI_OFFSET	x86_64-systemv-elf-linux	compiler/lowering/stdlib/visual_summary_native.inc	neboc_console_visual_dashboard_e_plots_NATIVE_ABI_OFFSET	104	be06b5f840d93b2d4bbbea20f9c84be0669be31678d8fff596f7713b9a656500	Owner contract; internal fields remain internal; no universal ABI promise
compiler/lowering/stdlib/visual_summary_native.inc::neboc_console_visual_dashboard_e_plots_NATIVE_RESULT_OFFSET	x86_64-systemv-elf-linux	compiler/lowering/stdlib/visual_summary_native.inc	neboc_console_visual_dashboard_e_plots_NATIVE_RESULT_OFFSET	112	afc76d14640caa95a5669ef68733d2797c93acd717f82e0aa60b9812e571a668	Owner contract; internal fields remain internal; no universal ABI promise
compiler/lowering/stdlib/visual_summary_native.inc::neboc_console_visual_dashboard_e_plots_NATIVE_DECISION_OFFSET	x86_64-systemv-elf-linux	compiler/lowering/stdlib/visual_summary_native.inc	neboc_console_visual_dashboard_e_plots_NATIVE_DECISION_OFFSET	120	62cbb6664d0e05a6a5d6fafe994aecac5f87e88a23f91d8b9cc793aba03ec4bc	Owner contract; internal fields remain internal; no universal ABI promise
compiler/lowering/stdlib/visual_summary_native.inc::neboc_console_visual_dashboard_e_plots_NATIVE_DIAGNOSTIC_OFFSET	x86_64-systemv-elf-linux	compiler/lowering/stdlib/visual_summary_native.inc	neboc_console_visual_dashboard_e_plots_NATIVE_DIAGNOSTIC_OFFSET	128	6b2d07750e6bc9ad6b6cec1daa5e3f477a8bfdeb8196508f543ebaf339088c03	Owner contract; internal fields remain internal; no universal ABI promise
compiler/lowering/stdlib/visual_summary_native.inc::neboc_console_visual_dashboard_e_plots_NATIVE_FLAGS_OFFSET	x86_64-systemv-elf-linux	compiler/lowering/stdlib/visual_summary_native.inc	neboc_console_visual_dashboard_e_plots_NATIVE_FLAGS_OFFSET	136	0a2bac28eb8d2c1aa6a5bab655a2febb6a74930fc1b2a57fe68661c14d55a41f	Owner contract; internal fields remain internal; no universal ABI promise
compiler/lowering/stdlib/visual_summary_native.inc::neboc_console_visual_dashboard_e_plots_NATIVE_RESERVED_OFFSET	x86_64-systemv-elf-linux	compiler/lowering/stdlib/visual_summary_native.inc	neboc_console_visual_dashboard_e_plots_NATIVE_RESERVED_OFFSET	144	d1d50b91f422952cf40e3cb49260078f3e1a505d0e1fdbdd44e0d8df9f9397e0	Owner contract; internal fields remain internal; no universal ABI promise
compiler/lowering/stdlib/visual_summary_native.inc::neboc_console_visual_dashboard_e_plots_NATIVE_HASH_OFFSET	x86_64-systemv-elf-linux	compiler/lowering/stdlib/visual_summary_native.inc	neboc_console_visual_dashboard_e_plots_NATIVE_HASH_OFFSET	152	22904a8c22ed8e7b8c9a732957a329006edc18cf22f0142060af1a5d8b4a1cf1	Owner contract; internal fields remain internal; no universal ABI promise
compiler/lowering/stdlib/visual_summary_native.inc::neboc_console_visual_dashboard_e_plots_NATIVE_HASHED_BYTES	x86_64-systemv-elf-linux	compiler/lowering/stdlib/visual_summary_native.inc	neboc_console_visual_dashboard_e_plots_NATIVE_HASHED_BYTES	152	0359ce9d8d083e23ba851125275b33f895132af9c2b181c03c023714a504768d	Owner contract; internal fields remain internal; no universal ABI promise
compiler/lowering/stdlib/visual_summary_native.inc::neboc_console_visual_dashboard_e_plots_NATIVE_QWORDS	x86_64-systemv-elf-linux	compiler/lowering/stdlib/visual_summary_native.inc	neboc_console_visual_dashboard_e_plots_NATIVE_QWORDS	20	9f67d145fa5b0d3e999b3db9ee0aa69a8c678da1af004fd60379d7856079d1c9	Owner contract; internal fields remain internal; no universal ABI promise
compiler/lowering/stdlib/visual_summary_native.inc::neboc_console_visual_dashboard_e_plots_NATIVE_SIZE	x86_64-systemv-elf-linux	compiler/lowering/stdlib/visual_summary_native.inc	neboc_console_visual_dashboard_e_plots_NATIVE_SIZE	160	e67cc46dd3b9f25d8e0e28cf6d22e7e845f5ae87f79c004e5c915ef925facf1a	Owner contract; internal fields remain internal; no universal ABI promise
compiler/lowering/stdlib/visual_summary_native.inc::neboc_console_visual_dashboard_e_plots_NATIVE_MAGIC	x86_64-systemv-elf-linux	compiler/lowering/stdlib/visual_summary_native.inc	neboc_console_visual_dashboard_e_plots_NATIVE_MAGIC	0x4e45424f4733304e	0c960696e65aaea3849084441cd2e5d393b8bc14603bd7524b590578ea2d28db	Owner contract; internal fields remain internal; no universal ABI promise
compiler/lowering/stdlib/visual_summary_native.inc::neboc_console_visual_dashboard_e_plots_NATIVE_TARGET_X86_64_SYSV_ELF	x86_64-systemv-elf-linux	compiler/lowering/stdlib/visual_summary_native.inc	neboc_console_visual_dashboard_e_plots_NATIVE_TARGET_X86_64_SYSV_ELF	1	87b37fe238d5ff9b9d10b918c233fcf8d0ea91724582e32fff875cf04233c4dc	Owner contract; internal fields remain internal; no universal ABI promise
compiler/lowering/stdlib/visual_summary_native.inc::neboc_console_visual_dashboard_e_plots_NATIVE_ABI_INTERNAL_V1	x86_64-systemv-elf-linux	compiler/lowering/stdlib/visual_summary_native.inc	neboc_console_visual_dashboard_e_plots_NATIVE_ABI_INTERNAL_V1	1	0c493a77a6e5a3c05757e3fb275d7be43d96c6d9f4cf8f028873dd5644ff2d90	Owner contract; internal fields remain internal; no universal ABI promise
compiler/lowering/stdlib/visual_summary_native.inc::neboc_console_visual_dashboard_e_plots_NATIVE_FLAG_AUTHENTICATED	x86_64-systemv-elf-linux	compiler/lowering/stdlib/visual_summary_native.inc	neboc_console_visual_dashboard_e_plots_NATIVE_FLAG_AUTHENTICATED	1	b68f433d27a624727135ce90609df735a7257d8c4fd47dcd4fad17758b72eb28	Owner contract; internal fields remain internal; no universal ABI promise
compiler/lowering/stdlib/visual_summary_native.inc::neboc_console_visual_dashboard_e_plots_NATIVE_FLAG_PURE	x86_64-systemv-elf-linux	compiler/lowering/stdlib/visual_summary_native.inc	neboc_console_visual_dashboard_e_plots_NATIVE_FLAG_PURE	2	ce392ae8130918efd7f5a43f862d8eb2d8c8f80892f4a601be4ea8588cdcbc61	Owner contract; internal fields remain internal; no universal ABI promise
compiler/lowering/stdlib/visual_summary_native.inc::NEBOC_NATIVE_FLAG_INVALID_VALUE	x86_64-systemv-elf-linux	compiler/lowering/stdlib/visual_summary_native.inc	NEBOC_NATIVE_FLAG_INVALID_VALUE	4	48452f987aee3116b9de1a023a2e67327b3faf6a7c93d82a4724cee80ed827d5	Owner contract; internal fields remain internal; no universal ABI promise
compiler/lowering/stdlib/visual_summary_native.inc::neboc_console_visual_dashboard_e_plots_NATIVE_REQUIRED_FLAGS	x86_64-systemv-elf-linux	compiler/lowering/stdlib/visual_summary_native.inc	neboc_console_visual_dashboard_e_plots_NATIVE_REQUIRED_FLAGS	3	770e0e80459cc172242f3a3512e10d5ddbc7d162f3463c38ecd5ddff3e8034ec	Owner contract; internal fields remain internal; no universal ABI promise
compiler/lowering/textual/binary_foundation_plan.inc::NEBOC_BF_PLAN_MAGIC_OFFSET	x86_64-systemv-elf-linux	compiler/lowering/textual/binary_foundation_plan.inc	NEBOC_BF_PLAN_MAGIC_OFFSET	0	cb712a46efbad1887cec788e62a475220cc3ac472c7a2031f63c82eb21302861	Owner contract; internal fields remain internal; no universal ABI promise
compiler/lowering/textual/binary_foundation_plan.inc::NEBOC_BF_PLAN_VERSION_OFFSET	x86_64-systemv-elf-linux	compiler/lowering/textual/binary_foundation_plan.inc	NEBOC_BF_PLAN_VERSION_OFFSET	8	cd58edc2c489e1dac7430b1df4b929d16352e4d97ba71754023be9b57e92fb09	Owner contract; internal fields remain internal; no universal ABI promise
compiler/lowering/textual/binary_foundation_plan.inc::NEBOC_BF_PLAN_OPERATION_MASK_OFFSET	x86_64-systemv-elf-linux	compiler/lowering/textual/binary_foundation_plan.inc	NEBOC_BF_PLAN_OPERATION_MASK_OFFSET	16	e68de58347d88a02702e4ac9993851b40cbbf5de76b584a57d7a55aeb3ff48a1	Owner contract; internal fields remain internal; no universal ABI promise
compiler/lowering/textual/binary_foundation_plan.inc::NEBOC_BF_PLAN_RESULT_OFFSET	x86_64-systemv-elf-linux	compiler/lowering/textual/binary_foundation_plan.inc	NEBOC_BF_PLAN_RESULT_OFFSET	24	4fb43e2772bfae2ccf701cf6b283ff274ab9f49bee540db4f0ed768820d4f699	Owner contract; internal fields remain internal; no universal ABI promise
compiler/lowering/textual/binary_foundation_plan.inc::NEBOC_BF_PLAN_SEQUENCE0_LENGTH_OFFSET	x86_64-systemv-elf-linux	compiler/lowering/textual/binary_foundation_plan.inc	NEBOC_BF_PLAN_SEQUENCE0_LENGTH_OFFSET	32	7353063dec8691b63eebe015b0aa2d5387fdb992e49aed830a9b36c69fb78b68	Owner contract; internal fields remain internal; no universal ABI promise
compiler/lowering/textual/binary_foundation_plan.inc::NEBOC_BF_PLAN_SEQUENCE0_PACKED_OFFSET	x86_64-systemv-elf-linux	compiler/lowering/textual/binary_foundation_plan.inc	NEBOC_BF_PLAN_SEQUENCE0_PACKED_OFFSET	40	4f8256e289489a39b117dd4b918cb0bec01815e13dafc408e810f45efa3486db	Owner contract; internal fields remain internal; no universal ABI promise
compiler/lowering/textual/binary_foundation_plan.inc::NEBOC_BF_PLAN_SEQUENCE1_LENGTH_OFFSET	x86_64-systemv-elf-linux	compiler/lowering/textual/binary_foundation_plan.inc	NEBOC_BF_PLAN_SEQUENCE1_LENGTH_OFFSET	48	a70b49733e92befdfef2f047474591aa70cc2402acfeb88ca3dbf27e41693a82	Owner contract; internal fields remain internal; no universal ABI promise
compiler/lowering/textual/binary_foundation_plan.inc::NEBOC_BF_PLAN_SEQUENCE1_PACKED_OFFSET	x86_64-systemv-elf-linux	compiler/lowering/textual/binary_foundation_plan.inc	NEBOC_BF_PLAN_SEQUENCE1_PACKED_OFFSET	56	ee4ad6f096330ffe9301407bbad82935854b5e268b92cfbe63cd15390d84fac5	Owner contract; internal fields remain internal; no universal ABI promise
compiler/lowering/textual/binary_foundation_plan.inc::NEBOC_BF_PLAN_HASH_OFFSET	x86_64-systemv-elf-linux	compiler/lowering/textual/binary_foundation_plan.inc	NEBOC_BF_PLAN_HASH_OFFSET	64	2e89890f20c273881f980c9341c2930a5f813910818ec1c62a86bed8ba529087	Owner contract; internal fields remain internal; no universal ABI promise
compiler/lowering/textual/binary_foundation_plan.inc::NEBOC_BF_PLAN_SIZE	x86_64-systemv-elf-linux	compiler/lowering/textual/binary_foundation_plan.inc	NEBOC_BF_PLAN_SIZE	72	70f80f3307a30901e428f9902d23c1e60a5d40844ab81b9c51fb811026433b12	Owner contract; internal fields remain internal; no universal ABI promise
compiler/lowering/textual/binary_foundation_plan.inc::NEBOC_BF_PLAN_QWORDS	x86_64-systemv-elf-linux	compiler/lowering/textual/binary_foundation_plan.inc	NEBOC_BF_PLAN_QWORDS	9	7ee46d6982834ce20b4b85eeaa12fab15a3c1a4829f07a30587ca6784c038991	Owner contract; internal fields remain internal; no universal ABI promise
compiler/lowering/textual/binary_foundation_plan.inc::NEBOC_BF_PLAN_HASHED_BYTES	x86_64-systemv-elf-linux	compiler/lowering/textual/binary_foundation_plan.inc	NEBOC_BF_PLAN_HASHED_BYTES	64	363a62aaf723bde3b78d3e3ef42256872956faea29a387aeeb4d64cf98e1606d	Owner contract; internal fields remain internal; no universal ABI promise
compiler/lowering/textual/binary_foundation_plan.inc::NEBOC_BF_PLAN_MAGIC	x86_64-systemv-elf-linux	compiler/lowering/textual/binary_foundation_plan.inc	NEBOC_BF_PLAN_MAGIC	0x3146424f42454e	a49ed069437b7317980f0cf89fb374dcb2be60a9548ae82c78ae0031bb0ada87	Owner contract; internal fields remain internal; no universal ABI promise
compiler/lowering/textual/binary_foundation_plan.inc::NEBOC_BF_PLAN_VERSION	x86_64-systemv-elf-linux	compiler/lowering/textual/binary_foundation_plan.inc	NEBOC_BF_PLAN_VERSION	1	8aaa50ffd63a7ac6467b6b81f34195aace35406cc2aae68a14f71df9b9fd9be7	Owner contract; internal fields remain internal; no universal ABI promise
compiler/lowering/textual/buffer_plan.inc::NEBOC_BUFFER_PLAN_MAGIC_OFFSET	x86_64-systemv-elf-linux	compiler/lowering/textual/buffer_plan.inc	NEBOC_BUFFER_PLAN_MAGIC_OFFSET	0	b1737c0fea05a1e5e206e7b8e7c766f452231eec6d9035e80ea244edaa89ed63	Owner contract; internal fields remain internal; no universal ABI promise
compiler/lowering/textual/buffer_plan.inc::NEBOC_BUFFER_PLAN_VERSION_OFFSET	x86_64-systemv-elf-linux	compiler/lowering/textual/buffer_plan.inc	NEBOC_BUFFER_PLAN_VERSION_OFFSET	8	a3620669868421b4bdb9639acc033b5ad1916a375a7f645ec464abaf4493e033	Owner contract; internal fields remain internal; no universal ABI promise
compiler/lowering/textual/buffer_plan.inc::NEBOC_BUFFER_PLAN_LENGTH_OFFSET	x86_64-systemv-elf-linux	compiler/lowering/textual/buffer_plan.inc	NEBOC_BUFFER_PLAN_LENGTH_OFFSET	16	2ab680060e12798b56fdb0d1c9d58b9d03865bd316d05bbe2ee90c37d554ac1b	Owner contract; internal fields remain internal; no universal ABI promise
compiler/lowering/textual/buffer_plan.inc::NEBOC_BUFFER_PLAN_CAPACITY_OFFSET	x86_64-systemv-elf-linux	compiler/lowering/textual/buffer_plan.inc	NEBOC_BUFFER_PLAN_CAPACITY_OFFSET	24	2f6c2b5464779fa4249f0c34df290a9b6e0fbc2a892d2fbe2d5c5db68b9fea58	Owner contract; internal fields remain internal; no universal ABI promise
compiler/lowering/textual/buffer_plan.inc::NEBOC_BUFFER_PLAN_STORAGE_OFFSET	x86_64-systemv-elf-linux	compiler/lowering/textual/buffer_plan.inc	NEBOC_BUFFER_PLAN_STORAGE_OFFSET	32	5c5f6d953355468c9484500f147d0cefd1bb8ec09cd7a4fb77a75c18abefaf22	Owner contract; internal fields remain internal; no universal ABI promise
compiler/lowering/textual/buffer_plan.inc::NEBOC_BUFFER_PLAN_RESERVED_OFFSET	x86_64-systemv-elf-linux	compiler/lowering/textual/buffer_plan.inc	NEBOC_BUFFER_PLAN_RESERVED_OFFSET	40	c6ef0c6ea0ddb7b460a801e5c912493cce2f596e41b24d5a2b36b82e16d0ea13	Owner contract; internal fields remain internal; no universal ABI promise
compiler/lowering/textual/buffer_plan.inc::NEBOC_BUFFER_PLAN_RESULT_OFFSET	x86_64-systemv-elf-linux	compiler/lowering/textual/buffer_plan.inc	NEBOC_BUFFER_PLAN_RESULT_OFFSET	48	25f750d38eeae4f660cec2a2a6aefff313ba8e49dd047dfc3cf35688997a2d62	Owner contract; internal fields remain internal; no universal ABI promise
compiler/lowering/textual/buffer_plan.inc::NEBOC_BUFFER_PLAN_TYPE_ID_OFFSET	x86_64-systemv-elf-linux	compiler/lowering/textual/buffer_plan.inc	NEBOC_BUFFER_PLAN_TYPE_ID_OFFSET	56	79edaf0bfd97dcdc25e2e7a23727f87bc422488315c9b5a8c2f0c60199081071	Owner contract; internal fields remain internal; no universal ABI promise
compiler/lowering/textual/buffer_plan.inc::NEBOC_BUFFER_PLAN_STATE_OFFSET	x86_64-systemv-elf-linux	compiler/lowering/textual/buffer_plan.inc	NEBOC_BUFFER_PLAN_STATE_OFFSET	64	059b48bcacb27c32c312994a937696a8a9204c86d92b454aae986d19a1216155	Owner contract; internal fields remain internal; no universal ABI promise
compiler/lowering/textual/buffer_plan.inc::NEBOC_BUFFER_PLAN_DROP_COUNT_OFFSET	x86_64-systemv-elf-linux	compiler/lowering/textual/buffer_plan.inc	NEBOC_BUFFER_PLAN_DROP_COUNT_OFFSET	72	9bed8e3c88a6993b2a619b31c45e1885b3a8ed7a8a584f0143c3845097deea4c	Owner contract; internal fields remain internal; no universal ABI promise
compiler/lowering/textual/buffer_plan.inc::NEBOC_BUFFER_PLAN_FLAGS_OFFSET	x86_64-systemv-elf-linux	compiler/lowering/textual/buffer_plan.inc	NEBOC_BUFFER_PLAN_FLAGS_OFFSET	80	8b83cf0c7ffc41aa60e63c58ca0661f8bcd4955046c2539fad3022cacc14bc67	Owner contract; internal fields remain internal; no universal ABI promise
compiler/lowering/textual/buffer_plan.inc::NEBOC_BUFFER_PLAN_HASH_OFFSET	x86_64-systemv-elf-linux	compiler/lowering/textual/buffer_plan.inc	NEBOC_BUFFER_PLAN_HASH_OFFSET	88	b1cef59b3784ba06d54b61fc48ef543e13b0115663eb04c9765fb04dc2d571dd	Owner contract; internal fields remain internal; no universal ABI promise
compiler/lowering/textual/buffer_plan.inc::NEBOC_BUFFER_PLAN_QWORDS	x86_64-systemv-elf-linux	compiler/lowering/textual/buffer_plan.inc	NEBOC_BUFFER_PLAN_QWORDS	12	daa1050d9caa594ebb267e0cfd83a86ae7bc639e5ce7b084e96e1d8d64ac35e3	Owner contract; internal fields remain internal; no universal ABI promise
compiler/lowering/textual/buffer_plan.inc::NEBOC_BUFFER_PLAN_SIZE	x86_64-systemv-elf-linux	compiler/lowering/textual/buffer_plan.inc	NEBOC_BUFFER_PLAN_SIZE	96	26516ad706b6f73c657b785c90c299cab9b0fe650fed430a21d086868c4f453a	Owner contract; internal fields remain internal; no universal ABI promise
compiler/lowering/textual/buffer_plan.inc::NEBOC_BUFFER_PLAN_HASHED_BYTES	x86_64-systemv-elf-linux	compiler/lowering/textual/buffer_plan.inc	NEBOC_BUFFER_PLAN_HASHED_BYTES	88	3e0c2d26827289d89769f071738c34b3f4f9367e26bfcf52e39ce7f300410e72	Owner contract; internal fields remain internal; no universal ABI promise
compiler/lowering/textual/buffer_plan.inc::NEBOC_BUFFER_PLAN_OPERATION_COUNT_OFFSET	x86_64-systemv-elf-linux	compiler/lowering/textual/buffer_plan.inc	NEBOC_BUFFER_PLAN_OPERATION_COUNT_OFFSET	96	5ed2a33b6c0d401038995b79cee505fbd4838a7973c5c35682a37738a9a61ec0	Owner contract; internal fields remain internal; no universal ABI promise
compiler/lowering/textual/buffer_plan.inc::NEBOC_BUFFER_PLAN_OPTION_TAG_OFFSET	x86_64-systemv-elf-linux	compiler/lowering/textual/buffer_plan.inc	NEBOC_BUFFER_PLAN_OPTION_TAG_OFFSET	104	14e089a7e610a8edcf8fbed9512e5627b13afd6c746d94e37b26db51dbdfdbb0	Owner contract; internal fields remain internal; no universal ABI promise
compiler/lowering/textual/buffer_plan.inc::NEBOC_BUFFER_PLAN_RESULT_TAG_OFFSET	x86_64-systemv-elf-linux	compiler/lowering/textual/buffer_plan.inc	NEBOC_BUFFER_PLAN_RESULT_TAG_OFFSET	112	409ce2abfb8da7e2229b3e761c9848d98faf372c87983bb533d693fa57456a7f	Owner contract; internal fields remain internal; no universal ABI promise
compiler/lowering/textual/buffer_plan.inc::NEBOC_BUFFER_PLAN_GENERATION_OFFSET	x86_64-systemv-elf-linux	compiler/lowering/textual/buffer_plan.inc	NEBOC_BUFFER_PLAN_GENERATION_OFFSET	120	8b92c3b3dbbfbc1caa36105506d73f1cb432bdc8aba72bc5f767f3e119ed39aa	Owner contract; internal fields remain internal; no universal ABI promise
compiler/lowering/textual/buffer_plan.inc::NEBOC_BUFFER_PLAN_MUTATION_COUNT_OFFSET	x86_64-systemv-elf-linux	compiler/lowering/textual/buffer_plan.inc	NEBOC_BUFFER_PLAN_MUTATION_COUNT_OFFSET	128	30e1cac9efddb9124e602d4b654a6fa2e66f892016ed16493a7c630091df7c26	Owner contract; internal fields remain internal; no universal ABI promise
compiler/lowering/textual/buffer_plan.inc::NEBOC_BUFFER_PLAN_EXTENSION_HASH_OFFSET	x86_64-systemv-elf-linux	compiler/lowering/textual/buffer_plan.inc	NEBOC_BUFFER_PLAN_EXTENSION_HASH_OFFSET	136	8fe326e2970dab5275a0d9aea85bd109920dc4352fa486dd8956c1005023b819	Owner contract; internal fields remain internal; no universal ABI promise
compiler/lowering/textual/buffer_plan.inc::NEBOC_BUFFER_PLAN_F09_QWORDS	x86_64-systemv-elf-linux	compiler/lowering/textual/buffer_plan.inc	NEBOC_BUFFER_PLAN_F09_QWORDS	18	07d7546bf4e8ef770404a99151cf2caa26128317029a4897a583e35d0dcba607	Owner contract; internal fields remain internal; no universal ABI promise
compiler/lowering/textual/buffer_plan.inc::NEBOC_BUFFER_PLAN_F09_SIZE	x86_64-systemv-elf-linux	compiler/lowering/textual/buffer_plan.inc	NEBOC_BUFFER_PLAN_F09_SIZE	144	0bd0c12013b83bb6e7e2274065b988b5c696a0e59c61a8d7883c9bda580ee6ac	Owner contract; internal fields remain internal; no universal ABI promise
compiler/lowering/textual/buffer_plan.inc::NEBOC_BUFFER_PLAN_F09_EXTENSION_OFFSET	x86_64-systemv-elf-linux	compiler/lowering/textual/buffer_plan.inc	NEBOC_BUFFER_PLAN_F09_EXTENSION_OFFSET	96	f7093eb48a196b6e83fa6381853e0d250125ebde27a04217f96351e2cec51bc1	Owner contract; internal fields remain internal; no universal ABI promise
compiler/lowering/textual/buffer_plan.inc::NEBOC_BUFFER_PLAN_F09_HASHED_BYTES	x86_64-systemv-elf-linux	compiler/lowering/textual/buffer_plan.inc	NEBOC_BUFFER_PLAN_F09_HASHED_BYTES	40	0b8f1f4bb902551e3fe1fe7f9136fa4745f7028e573fe5d9c9eb129e19e342d4	Owner contract; internal fields remain internal; no universal ABI promise
compiler/lowering/textual/buffer_plan.inc::NEBOC_BUFFER_PLAN_MAGIC	x86_64-systemv-elf-linux	compiler/lowering/textual/buffer_plan.inc	NEBOC_BUFFER_PLAN_MAGIC	0x3846303147464252	688299015a49069a3b3347d39f908b8ba5d014fbe9e5b34227fba7c8dba37dc6	Owner contract; internal fields remain internal; no universal ABI promise
compiler/lowering/textual/buffer_plan.inc::NEBOC_BUFFER_PLAN_VERSION_A0	x86_64-systemv-elf-linux	compiler/lowering/textual/buffer_plan.inc	NEBOC_BUFFER_PLAN_VERSION_A0	0x4130	efcc72a16e7ecceb415a387ef6f86ae3031d698ac6170c1ef22d63d9884af931	Owner contract; internal fields remain internal; no universal ABI promise
compiler/lowering/textual/buffer_plan.inc::NEBOC_BUFFER_PLAN_VERSION_A1	x86_64-systemv-elf-linux	compiler/lowering/textual/buffer_plan.inc	NEBOC_BUFFER_PLAN_VERSION_A1	0x4131	6e7c0b89429b46d34e0c9cbf102a15a9cf14f58d929c9115f3ca8db837a070fb	Owner contract; internal fields remain internal; no universal ABI promise
compiler/lowering/textual/buffer_plan.inc::NEBOC_BUFFER_PLAN_VERSION_A2	x86_64-systemv-elf-linux	compiler/lowering/textual/buffer_plan.inc	NEBOC_BUFFER_PLAN_VERSION_A2	0x4132	0e64d6377dceaeb9c8ce34613a3dbd9c04b154c187b341ba6ed13a82f5911a89	Owner contract; internal fields remain internal; no universal ABI promise
compiler/lowering/textual/buffer_plan.inc::NEBOC_BUFFER_PLAN_FROZEN_LENGTH_OFFSET	x86_64-systemv-elf-linux	compiler/lowering/textual/buffer_plan.inc	NEBOC_BUFFER_PLAN_FROZEN_LENGTH_OFFSET	144	386e18069da5ed4487523f5236d1ed4a8628a21d094fba8b05e544bc1f30b7eb	Owner contract; internal fields remain internal; no universal ABI promise
compiler/lowering/textual/buffer_plan.inc::NEBOC_BUFFER_PLAN_FROZEN_STORAGE_OFFSET	x86_64-systemv-elf-linux	compiler/lowering/textual/buffer_plan.inc	NEBOC_BUFFER_PLAN_FROZEN_STORAGE_OFFSET	152	e904c45fd6680ccccab50beb34ff4d55a0d3b4f55ddbc31658efb6f79d2f9aa2	Owner contract; internal fields remain internal; no universal ABI promise
compiler/lowering/textual/buffer_plan.inc::NEBOC_BUFFER_PLAN_FROZEN_TYPE_ID_OFFSET	x86_64-systemv-elf-linux	compiler/lowering/textual/buffer_plan.inc	NEBOC_BUFFER_PLAN_FROZEN_TYPE_ID_OFFSET	160	1cac3aef24cb49a951dc7fe41123c1b94adf11cbfce14cd7108c240dc6182242	Owner contract; internal fields remain internal; no universal ABI promise
compiler/lowering/textual/buffer_plan.inc::NEBOC_BUFFER_PLAN_FREEZE_COUNT_OFFSET	x86_64-systemv-elf-linux	compiler/lowering/textual/buffer_plan.inc	NEBOC_BUFFER_PLAN_FREEZE_COUNT_OFFSET	168	3e44b6176f1c32a66459b951023acdeadabd8614b9227efad193fb74953a9713	Owner contract; internal fields remain internal; no universal ABI promise
compiler/lowering/textual/buffer_plan.inc::NEBOC_BUFFER_PLAN_F10_HASH_OFFSET	x86_64-systemv-elf-linux	compiler/lowering/textual/buffer_plan.inc	NEBOC_BUFFER_PLAN_F10_HASH_OFFSET	176	a88152f9ef125f4b3105f9e4f5360c6e8e172ef20ba40c121cf33f6b22cd56d8	Owner contract; internal fields remain internal; no universal ABI promise
compiler/lowering/textual/buffer_plan.inc::NEBOC_BUFFER_PLAN_F10_EXTENSION_OFFSET	x86_64-systemv-elf-linux	compiler/lowering/textual/buffer_plan.inc	NEBOC_BUFFER_PLAN_F10_EXTENSION_OFFSET	144	e9ca434582e731c3bd0e94dab1c5e6077ae682a6a55e7bc58a5368f43572753a	Owner contract; internal fields remain internal; no universal ABI promise
compiler/lowering/textual/buffer_plan.inc::NEBOC_BUFFER_PLAN_F10_HASHED_BYTES	x86_64-systemv-elf-linux	compiler/lowering/textual/buffer_plan.inc	NEBOC_BUFFER_PLAN_F10_HASHED_BYTES	32	bbbc5a97d3ee4f7045d1c459ae7c780d512935a0637ef92e529adb9d5424e390	Owner contract; internal fields remain internal; no universal ABI promise
compiler/lowering/textual/buffer_plan.inc::NEBOC_BUFFER_PLAN_F10_QWORDS	x86_64-systemv-elf-linux	compiler/lowering/textual/buffer_plan.inc	NEBOC_BUFFER_PLAN_F10_QWORDS	23	de86ca6d1be26614d0ec825237554c678c695fdb6cfa6833c092f39a269962c8	Owner contract; internal fields remain internal; no universal ABI promise
compiler/lowering/textual/buffer_plan.inc::NEBOC_BUFFER_PLAN_F10_SIZE	x86_64-systemv-elf-linux	compiler/lowering/textual/buffer_plan.inc	NEBOC_BUFFER_PLAN_F10_SIZE	184	394a28fdf9f32bb564c27b5a6281df092aea3751fa33fb0f0aeca589a2eced14	Owner contract; internal fields remain internal; no universal ABI promise
compiler/lowering/textual/buffer_plan.inc::NEBOC_BUFFER_PLAN_VERSION_A3	x86_64-systemv-elf-linux	compiler/lowering/textual/buffer_plan.inc	NEBOC_BUFFER_PLAN_VERSION_A3	0x4133	ae5327b299e6b9f2cc6388ad60cf5458c55e9d0530ec5a6c8fc6574948ead2a4	Owner contract; internal fields remain internal; no universal ABI promise
compiler/lowering/textual/buffer_plan.inc::NEBOC_BUFFER_PLAN_SLICE_START_OFFSET	x86_64-systemv-elf-linux	compiler/lowering/textual/buffer_plan.inc	NEBOC_BUFFER_PLAN_SLICE_START_OFFSET	184	b4ee46969c107b71111d7dcf1305b3e1b243a70455e5b16b27089c277348864c	Owner contract; internal fields remain internal; no universal ABI promise
compiler/lowering/textual/buffer_plan.inc::NEBOC_BUFFER_PLAN_SLICE_LENGTH_OFFSET	x86_64-systemv-elf-linux	compiler/lowering/textual/buffer_plan.inc	NEBOC_BUFFER_PLAN_SLICE_LENGTH_OFFSET	192	8b07ae9e1e23f36df5321a598a3c263f5a486b0b1546245b5c7c63ce1ec5e4e7	Owner contract; internal fields remain internal; no universal ABI promise
compiler/lowering/textual/buffer_plan.inc::NEBOC_BUFFER_PLAN_SLICE_STORAGE_OFFSET	x86_64-systemv-elf-linux	compiler/lowering/textual/buffer_plan.inc	NEBOC_BUFFER_PLAN_SLICE_STORAGE_OFFSET	200	e24ec4d796be559cfd82109b6d14f80f6eacb0177d56145297630c41842decb2	Owner contract; internal fields remain internal; no universal ABI promise
compiler/lowering/textual/buffer_plan.inc::NEBOC_BUFFER_PLAN_SLICE_OWNER_GENERATION_OFFSET	x86_64-systemv-elf-linux	compiler/lowering/textual/buffer_plan.inc	NEBOC_BUFFER_PLAN_SLICE_OWNER_GENERATION_OFFSET	208	5d6f099fdd5910e032b4846827e0c815a731a269b982efd2d70c468ccadc4b82	Owner contract; internal fields remain internal; no universal ABI promise
compiler/lowering/textual/buffer_plan.inc::NEBOC_BUFFER_PLAN_SLICE_VIEW_GENERATION_OFFSET	x86_64-systemv-elf-linux	compiler/lowering/textual/buffer_plan.inc	NEBOC_BUFFER_PLAN_SLICE_VIEW_GENERATION_OFFSET	216	d6c1de13d320c95eb91132aeea9970996d9adee324eed4dad3ee2de02da09289	Owner contract; internal fields remain internal; no universal ABI promise
compiler/lowering/textual/buffer_plan.inc::NEBOC_BUFFER_PLAN_SLICE_STATE_OFFSET	x86_64-systemv-elf-linux	compiler/lowering/textual/buffer_plan.inc	NEBOC_BUFFER_PLAN_SLICE_STATE_OFFSET	224	3850479d8b335d98e81960b109fcf11d23d3596bd3a50d703fa39d114d275500	Owner contract; internal fields remain internal; no universal ABI promise
compiler/lowering/textual/buffer_plan.inc::NEBOC_BUFFER_PLAN_SLICE_VIEW_COUNT_OFFSET	x86_64-systemv-elf-linux	compiler/lowering/textual/buffer_plan.inc	NEBOC_BUFFER_PLAN_SLICE_VIEW_COUNT_OFFSET	232	4baff5eb53cb70227b699e3845c31c447f89064598951f2fb9dc60be5e56c3b5	Owner contract; internal fields remain internal; no universal ABI promise
compiler/lowering/textual/buffer_plan.inc::NEBOC_BUFFER_PLAN_SLICE_RELEASE_COUNT_OFFSET	x86_64-systemv-elf-linux	compiler/lowering/textual/buffer_plan.inc	NEBOC_BUFFER_PLAN_SLICE_RELEASE_COUNT_OFFSET	240	37d78466deae633724afdbf6dbd446430bcb4a9d0cacfe3998c96cb5b7c6635f	Owner contract; internal fields remain internal; no universal ABI promise
compiler/lowering/textual/buffer_plan.inc::NEBOC_BUFFER_PLAN_SLICE_TYPE_ID_OFFSET	x86_64-systemv-elf-linux	compiler/lowering/textual/buffer_plan.inc	NEBOC_BUFFER_PLAN_SLICE_TYPE_ID_OFFSET	248	bcb3c724b1f4b439712767d27a728f95ea9ecf3e69dd3ff0de4ed99466c9d645	Owner contract; internal fields remain internal; no universal ABI promise
compiler/lowering/textual/buffer_plan.inc::NEBOC_BUFFER_PLAN_F11_HASH_OFFSET	x86_64-systemv-elf-linux	compiler/lowering/textual/buffer_plan.inc	NEBOC_BUFFER_PLAN_F11_HASH_OFFSET	256	0e7a28738337cf26d13b5972871e5212d988d62cdea66cddab062bbdea5eba90	Owner contract; internal fields remain internal; no universal ABI promise
compiler/lowering/textual/buffer_plan.inc::NEBOC_BUFFER_PLAN_F11_EXTENSION_OFFSET	x86_64-systemv-elf-linux	compiler/lowering/textual/buffer_plan.inc	NEBOC_BUFFER_PLAN_F11_EXTENSION_OFFSET	184	ca643a5ecc4c37971e9df92c7cbcd09e9cef348f2121c42333a034459841c5c2	Owner contract; internal fields remain internal; no universal ABI promise
compiler/lowering/textual/buffer_plan.inc::NEBOC_BUFFER_PLAN_F11_HASHED_BYTES	x86_64-systemv-elf-linux	compiler/lowering/textual/buffer_plan.inc	NEBOC_BUFFER_PLAN_F11_HASHED_BYTES	72	03376adf56f665fffbb76bf54bc5f16219ca8bbee1a8102a63b0449602e1d3ea	Owner contract; internal fields remain internal; no universal ABI promise
compiler/lowering/textual/buffer_plan.inc::NEBOC_BUFFER_PLAN_F11_QWORDS	x86_64-systemv-elf-linux	compiler/lowering/textual/buffer_plan.inc	NEBOC_BUFFER_PLAN_F11_QWORDS	33	9d42f4467c28891cfdd682ef897b9b8b3e190a202cb0d54c094a157c23243d79	Owner contract; internal fields remain internal; no universal ABI promise
compiler/lowering/textual/buffer_plan.inc::NEBOC_BUFFER_PLAN_F11_SIZE	x86_64-systemv-elf-linux	compiler/lowering/textual/buffer_plan.inc	NEBOC_BUFFER_PLAN_F11_SIZE	264	099a3940a0cf5c9ff5948af8f88fe53b3a204c8d652828b05ca32d62f48a1dfb	Owner contract; internal fields remain internal; no universal ABI promise
compiler/lowering/textual/bytes_access_lowering.inc::NEBOC_BYTES_ACCESS_OPERATION_OFFSET	x86_64-systemv-elf-linux	compiler/lowering/textual/bytes_access_lowering.inc	NEBOC_BYTES_ACCESS_OPERATION_OFFSET	0	470bc150b6688b8238705d23bd3f47de1ac37c9c1320a4036ba3d43a2ff6d7e8	Owner contract; internal fields remain internal; no universal ABI promise
compiler/lowering/textual/bytes_access_lowering.inc::NEBOC_BYTES_ACCESS_LENGTH_OFFSET	x86_64-systemv-elf-linux	compiler/lowering/textual/bytes_access_lowering.inc	NEBOC_BYTES_ACCESS_LENGTH_OFFSET	8	08293db289f6f41ddff374b3d6212a86471c9d56452996925d9751297ee452c8	Owner contract; internal fields remain internal; no universal ABI promise
compiler/lowering/textual/bytes_access_lowering.inc::NEBOC_BYTES_ACCESS_PACKED_OFFSET	x86_64-systemv-elf-linux	compiler/lowering/textual/bytes_access_lowering.inc	NEBOC_BYTES_ACCESS_PACKED_OFFSET	16	96b78b5adf5cf51fcbd5784c6352bef10cc432798916600631c56fd27c7dd1cd	Owner contract; internal fields remain internal; no universal ABI promise
compiler/lowering/textual/bytes_access_lowering.inc::NEBOC_BYTES_ACCESS_INDEX_OFFSET	x86_64-systemv-elf-linux	compiler/lowering/textual/bytes_access_lowering.inc	NEBOC_BYTES_ACCESS_INDEX_OFFSET	24	ef405134b752ae5c306e7ca82518bdbd5836a1e680758978d3a39ac3869e3ac3	Owner contract; internal fields remain internal; no universal ABI promise
compiler/lowering/textual/bytes_access_lowering.inc::NEBOC_BYTES_ACCESS_END_OFFSET	x86_64-systemv-elf-linux	compiler/lowering/textual/bytes_access_lowering.inc	NEBOC_BYTES_ACCESS_END_OFFSET	32	1be30a0272c3c5bfc24c769434c83dc1b103ac5a7ddaebd01aee1e72be8c0f87	Owner contract; internal fields remain internal; no universal ABI promise
compiler/lowering/textual/bytes_access_lowering.inc::NEBOC_BYTES_ACCESS_RESULT_VALUE_OFFSET	x86_64-systemv-elf-linux	compiler/lowering/textual/bytes_access_lowering.inc	NEBOC_BYTES_ACCESS_RESULT_VALUE_OFFSET	40	6edeeee2a055fca2b467dcfd5651dd0bdd83bda6bce696d131749cf106397633	Owner contract; internal fields remain internal; no universal ABI promise
compiler/lowering/textual/bytes_access_lowering.inc::NEBOC_BYTES_ACCESS_RESULT_LENGTH_OFFSET	x86_64-systemv-elf-linux	compiler/lowering/textual/bytes_access_lowering.inc	NEBOC_BYTES_ACCESS_RESULT_LENGTH_OFFSET	48	efbda90225ab9429aa97e639f0393ae302afd8b17c1c08a4105fb1709d454096	Owner contract; internal fields remain internal; no universal ABI promise
compiler/lowering/textual/bytes_access_lowering.inc::NEBOC_BYTES_ACCESS_RESULT_PACKED_OFFSET	x86_64-systemv-elf-linux	compiler/lowering/textual/bytes_access_lowering.inc	NEBOC_BYTES_ACCESS_RESULT_PACKED_OFFSET	56	e8d62ed17dad29b1436bb3fdf26b9d1cae4814037e1dab2594643ff887c25275	Owner contract; internal fields remain internal; no universal ABI promise
compiler/lowering/textual/bytes_access_lowering.inc::NEBOC_BYTES_ACCESS_OPTION_TAG_OFFSET	x86_64-systemv-elf-linux	compiler/lowering/textual/bytes_access_lowering.inc	NEBOC_BYTES_ACCESS_OPTION_TAG_OFFSET	64	e68ab5968cb25b73b5ac6d8696ab04d6170b1302ff4887df3ffd9ee09957d182	Owner contract; internal fields remain internal; no universal ABI promise
compiler/lowering/textual/bytes_access_lowering.inc::NEBOC_BYTES_ACCESS_ERROR_OFFSET	x86_64-systemv-elf-linux	compiler/lowering/textual/bytes_access_lowering.inc	NEBOC_BYTES_ACCESS_ERROR_OFFSET	72	b2618da08adc281d837ec423b5ab770f24098b44bbf3bda037b87120781cdfd9	Owner contract; internal fields remain internal; no universal ABI promise
compiler/lowering/textual/bytes_access_lowering.inc::NEBOC_BYTES_ACCESS_SIZE	x86_64-systemv-elf-linux	compiler/lowering/textual/bytes_access_lowering.inc	NEBOC_BYTES_ACCESS_SIZE	80	6b51dc4d83cd6e906ca6b46a6e236f826e5ce2152af3365366d4f0699529fabd	Owner contract; internal fields remain internal; no universal ABI promise
compiler/lowering/textual/bytes_access_lowering.inc::NEBOC_BYTES_ACCESS_QWORDS	x86_64-systemv-elf-linux	compiler/lowering/textual/bytes_access_lowering.inc	NEBOC_BYTES_ACCESS_QWORDS	10	63e2bd15c3eb54de20ac12a013c07871c6ab3f14603651bc9cc688e60ea46212	Owner contract; internal fields remain internal; no universal ABI promise
compiler/lowering/textual/bytes_access_lowering.inc::NEBOC_BYTES_ACCESS_AT	x86_64-systemv-elf-linux	compiler/lowering/textual/bytes_access_lowering.inc	NEBOC_BYTES_ACCESS_AT	1	994fbcb48b304e714ea869f667f462091869a8ec51f0564a75a9b16d1c29da36	Owner contract; internal fields remain internal; no universal ABI promise
compiler/lowering/textual/bytes_access_lowering.inc::NEBOC_BYTES_ACCESS_GET	x86_64-systemv-elf-linux	compiler/lowering/textual/bytes_access_lowering.inc	NEBOC_BYTES_ACCESS_GET	2	87b16f2ce436bacb0409637b9e92a0fb5679e7e61c7133a6b60d17651fea8b1f	Owner contract; internal fields remain internal; no universal ABI promise
compiler/lowering/textual/bytes_access_lowering.inc::NEBOC_BYTES_ACCESS_SLICE	x86_64-systemv-elf-linux	compiler/lowering/textual/bytes_access_lowering.inc	NEBOC_BYTES_ACCESS_SLICE	3	2daa12d9aef5678f81b44d04ed65d1b00f587a3fee77ee93741d5d2354a58ce0	Owner contract; internal fields remain internal; no universal ABI promise
compiler/lowering/textual/bytes_access_lowering.inc::NEBOC_BYTES_ACCESS_ERROR_NONE	x86_64-systemv-elf-linux	compiler/lowering/textual/bytes_access_lowering.inc	NEBOC_BYTES_ACCESS_ERROR_NONE	0	c6caf28dc872514cc8af8d73e3a3f960386083e930f77a04ef6fd371019efc35	Owner contract; internal fields remain internal; no universal ABI promise
compiler/lowering/textual/bytes_access_lowering.inc::NEBOC_BYTES_ACCESS_ERROR_OPERATION	x86_64-systemv-elf-linux	compiler/lowering/textual/bytes_access_lowering.inc	NEBOC_BYTES_ACCESS_ERROR_OPERATION	1	231898f03d5daa7390f3f693e1ac057dfc77effa62c10074991010cb911edaa4	Owner contract; internal fields remain internal; no universal ABI promise
compiler/lowering/textual/bytes_access_lowering.inc::NEBOC_BYTES_ACCESS_ERROR_BOUNDS	x86_64-systemv-elf-linux	compiler/lowering/textual/bytes_access_lowering.inc	NEBOC_BYTES_ACCESS_ERROR_BOUNDS	2	c2267d60acd69f8add5b7cfef764f5214270fcb86384240081ea07f0ec6cbdf8	Owner contract; internal fields remain internal; no universal ABI promise
compiler/lowering/textual/bytes_access_lowering.inc::NEBOC_BYTES_ACCESS_ERROR_RANGE	x86_64-systemv-elf-linux	compiler/lowering/textual/bytes_access_lowering.inc	NEBOC_BYTES_ACCESS_ERROR_RANGE	3	69b6b71b38996952cc80e9304ed8b1fdad1830a8d021a961e6121bc9189f2fd3	Owner contract; internal fields remain internal; no universal ABI promise
compiler/lowering/textual/bytes_constructor_lowering.inc::NEBOC_BYTES_LOWER_KIND_OFFSET	x86_64-systemv-elf-linux	compiler/lowering/textual/bytes_constructor_lowering.inc	NEBOC_BYTES_LOWER_KIND_OFFSET	0	b4ef45e3659318f3e08464ef7fd43d1608e14829229a49b58dc963d445612ae5	Owner contract; internal fields remain internal; no universal ABI promise
compiler/lowering/textual/bytes_constructor_lowering.inc::NEBOC_BYTES_LOWER_COUNT_OFFSET	x86_64-systemv-elf-linux	compiler/lowering/textual/bytes_constructor_lowering.inc	NEBOC_BYTES_LOWER_COUNT_OFFSET	8	035725cb382abeea74a94e5e318a5614731bd9be1fe48ffe2094aff75606887d	Owner contract; internal fields remain internal; no universal ABI promise
compiler/lowering/textual/bytes_constructor_lowering.inc::NEBOC_BYTES_LOWER_VALUE0_OFFSET	x86_64-systemv-elf-linux	compiler/lowering/textual/bytes_constructor_lowering.inc	NEBOC_BYTES_LOWER_VALUE0_OFFSET	16	10ae7386c01c13f15a715226c06418b8ecdd07caae6eb6b4c8f5f726f5b768ce	Owner contract; internal fields remain internal; no universal ABI promise
compiler/lowering/textual/bytes_constructor_lowering.inc::NEBOC_BYTES_LOWER_VALUE1_OFFSET	x86_64-systemv-elf-linux	compiler/lowering/textual/bytes_constructor_lowering.inc	NEBOC_BYTES_LOWER_VALUE1_OFFSET	24	4691081ca2dd90e8251d34d375183fc745ae316ad781ff3b866b0dcdb6e47d43	Owner contract; internal fields remain internal; no universal ABI promise
compiler/lowering/textual/bytes_constructor_lowering.inc::NEBOC_BYTES_LOWER_VALUE2_OFFSET	x86_64-systemv-elf-linux	compiler/lowering/textual/bytes_constructor_lowering.inc	NEBOC_BYTES_LOWER_VALUE2_OFFSET	32	fa01aedd509563c3af1a50fa2beee6a2028d78696fd78dd3bd971194ce5e5c73	Owner contract; internal fields remain internal; no universal ABI promise
compiler/lowering/textual/bytes_constructor_lowering.inc::NEBOC_BYTES_LOWER_VALUE3_OFFSET	x86_64-systemv-elf-linux	compiler/lowering/textual/bytes_constructor_lowering.inc	NEBOC_BYTES_LOWER_VALUE3_OFFSET	40	0a8ae234f9e4f8c485e9c045fcccbfb2c72df135f907422c3c4afa15275a2bb1	Owner contract; internal fields remain internal; no universal ABI promise
compiler/lowering/textual/bytes_constructor_lowering.inc::NEBOC_BYTES_LOWER_LENGTH_OFFSET	x86_64-systemv-elf-linux	compiler/lowering/textual/bytes_constructor_lowering.inc	NEBOC_BYTES_LOWER_LENGTH_OFFSET	48	4ee37a1db1fc1fee8b20452d5fa147d822c3aea42c82c26c79308ffb127d2fb2	Owner contract; internal fields remain internal; no universal ABI promise
compiler/lowering/textual/bytes_constructor_lowering.inc::NEBOC_BYTES_LOWER_PACKED_OFFSET	x86_64-systemv-elf-linux	compiler/lowering/textual/bytes_constructor_lowering.inc	NEBOC_BYTES_LOWER_PACKED_OFFSET	56	122ed3d7f8d83935597426571ca978adf782065ac8c316de1a038b5013d9a1f5	Owner contract; internal fields remain internal; no universal ABI promise
compiler/lowering/textual/bytes_constructor_lowering.inc::NEBOC_BYTES_LOWER_FLAGS_OFFSET	x86_64-systemv-elf-linux	compiler/lowering/textual/bytes_constructor_lowering.inc	NEBOC_BYTES_LOWER_FLAGS_OFFSET	64	390af15098c27a3e33f567e7add8f69a65f3dfd980882161437f59b5d748fbae	Owner contract; internal fields remain internal; no universal ABI promise
compiler/lowering/textual/bytes_constructor_lowering.inc::NEBOC_BYTES_LOWER_ERROR_OFFSET	x86_64-systemv-elf-linux	compiler/lowering/textual/bytes_constructor_lowering.inc	NEBOC_BYTES_LOWER_ERROR_OFFSET	72	b17a044639dda0b6dcff3f64708f0004d0948885a96bce6510004a690ce7142a	Owner contract; internal fields remain internal; no universal ABI promise
compiler/lowering/textual/bytes_constructor_lowering.inc::NEBOC_BYTES_LOWER_SIZE	x86_64-systemv-elf-linux	compiler/lowering/textual/bytes_constructor_lowering.inc	NEBOC_BYTES_LOWER_SIZE	80	c74bba293ebf771a1bf4584d51d723925978b6f30d69fdda943c7736f445e758	Owner contract; internal fields remain internal; no universal ABI promise
compiler/lowering/textual/bytes_constructor_lowering.inc::NEBOC_BYTES_LOWER_QWORDS	x86_64-systemv-elf-linux	compiler/lowering/textual/bytes_constructor_lowering.inc	NEBOC_BYTES_LOWER_QWORDS	10	8c3f233fc2ccc31152cd4137c3926f17c5ac7a3c113cd7d9afb03de2bc314cef	Owner contract; internal fields remain internal; no universal ABI promise
compiler/lowering/textual/bytes_constructor_lowering.inc::NEBOC_BYTES_LOWER_FROM_BYTE	x86_64-systemv-elf-linux	compiler/lowering/textual/bytes_constructor_lowering.inc	NEBOC_BYTES_LOWER_FROM_BYTE	1	8133cd3aa82ad1adeaac33377512ef73c4d2f3b86daf59509f27e82894f21f29	Owner contract; internal fields remain internal; no universal ABI promise
compiler/lowering/textual/bytes_constructor_lowering.inc::NEBOC_BYTES_LOWER_FROM_VALUES	x86_64-systemv-elf-linux	compiler/lowering/textual/bytes_constructor_lowering.inc	NEBOC_BYTES_LOWER_FROM_VALUES	2	ae13ba16407e8b77d361378ba9f06e0f7a6deb653b9c3f4d91f9423c135a466d	Owner contract; internal fields remain internal; no universal ABI promise
compiler/lowering/textual/bytes_constructor_lowering.inc::NEBOC_BYTES_LOWER_FLAGS_STATIC_IMMUTABLE	x86_64-systemv-elf-linux	compiler/lowering/textual/bytes_constructor_lowering.inc	NEBOC_BYTES_LOWER_FLAGS_STATIC_IMMUTABLE	3	9064b052906f56675b94d66463f8661c2bc284b17e3343acea377bc0c82e6339	Owner contract; internal fields remain internal; no universal ABI promise
compiler/lowering/textual/bytes_constructor_lowering.inc::NEBOC_BYTES_LOWER_ERROR_NONE	x86_64-systemv-elf-linux	compiler/lowering/textual/bytes_constructor_lowering.inc	NEBOC_BYTES_LOWER_ERROR_NONE	0	17add8d30205553b0f2939a9dc0c96d0965aca12a1c3cdc4a3e75c8f9075f921	Owner contract; internal fields remain internal; no universal ABI promise
compiler/lowering/textual/bytes_constructor_lowering.inc::NEBOC_BYTES_LOWER_ERROR_KIND	x86_64-systemv-elf-linux	compiler/lowering/textual/bytes_constructor_lowering.inc	NEBOC_BYTES_LOWER_ERROR_KIND	1	dd118e76c60669168c44590fc879965cd04d4f062c029311da147482231a5ed5	Owner contract; internal fields remain internal; no universal ABI promise
compiler/lowering/textual/bytes_constructor_lowering.inc::NEBOC_BYTES_LOWER_ERROR_ARITY	x86_64-systemv-elf-linux	compiler/lowering/textual/bytes_constructor_lowering.inc	NEBOC_BYTES_LOWER_ERROR_ARITY	2	eec8c8d3f3211c0a89c78198a5e14b6bc39a66fe552d1cfddbbd1ec7023d2dcc	Owner contract; internal fields remain internal; no universal ABI promise
compiler/lowering/textual/bytes_constructor_lowering.inc::NEBOC_BYTES_LOWER_ERROR_RANGE	x86_64-systemv-elf-linux	compiler/lowering/textual/bytes_constructor_lowering.inc	NEBOC_BYTES_LOWER_ERROR_RANGE	3	d1f1e3162a795e1742436db126129cefe289bfb7eb4454e777b1d9f4e3756803	Owner contract; internal fields remain internal; no universal ABI promise
compiler/lowering/textual/int_bits_lowering.inc::NEBOC_INT_BITS_OPERATION_OFFSET	x86_64-systemv-elf-linux	compiler/lowering/textual/int_bits_lowering.inc	NEBOC_INT_BITS_OPERATION_OFFSET	0	7ad4811528880ba9417ebad3dfd6ab74112263457160fef351264e44ea82b05d	Owner contract; internal fields remain internal; no universal ABI promise
compiler/lowering/textual/int_bits_lowering.inc::NEBOC_INT_BITS_RECEIVER_OFFSET	x86_64-systemv-elf-linux	compiler/lowering/textual/int_bits_lowering.inc	NEBOC_INT_BITS_RECEIVER_OFFSET	8	6310980c2a71eafb4431872ff195c3c26ff09277cc1557c47b7844014f98fed8	Owner contract; internal fields remain internal; no universal ABI promise
compiler/lowering/textual/int_bits_lowering.inc::NEBOC_INT_BITS_ARGUMENT_OFFSET	x86_64-systemv-elf-linux	compiler/lowering/textual/int_bits_lowering.inc	NEBOC_INT_BITS_ARGUMENT_OFFSET	16	262319b7c7f00e09019c58f09958f013a4d25436af65fbef81156b3e844aea38	Owner contract; internal fields remain internal; no universal ABI promise
compiler/lowering/textual/int_bits_lowering.inc::NEBOC_INT_BITS_RESULT_OFFSET	x86_64-systemv-elf-linux	compiler/lowering/textual/int_bits_lowering.inc	NEBOC_INT_BITS_RESULT_OFFSET	24	483250f7f656b5a68e1105377d7f0b1f77a8b75e71c099e93c951dc87fcd8ea3	Owner contract; internal fields remain internal; no universal ABI promise
compiler/lowering/textual/int_bits_lowering.inc::NEBOC_INT_BITS_ERROR_OFFSET	x86_64-systemv-elf-linux	compiler/lowering/textual/int_bits_lowering.inc	NEBOC_INT_BITS_ERROR_OFFSET	32	42d6be2062c974cecddc7bff9016924c4b56bc92b80a97df2d9d9eb869fd0fff	Owner contract; internal fields remain internal; no universal ABI promise
compiler/lowering/textual/int_bits_lowering.inc::NEBOC_INT_BITS_ENABLED_OFFSET	x86_64-systemv-elf-linux	compiler/lowering/textual/int_bits_lowering.inc	NEBOC_INT_BITS_ENABLED_OFFSET	40	7190cd2e78842b1fe7dfc5ec82710883e27a1d41b54ab7bffd790df55d755da2	Owner contract; internal fields remain internal; no universal ABI promise
compiler/lowering/textual/int_bits_lowering.inc::NEBOC_INT_BITS_SIZE	x86_64-systemv-elf-linux	compiler/lowering/textual/int_bits_lowering.inc	NEBOC_INT_BITS_SIZE	48	6589839cdf30e3ae6327a7df1352310aa613e20011ee50f090bbcb1b11842350	Owner contract; internal fields remain internal; no universal ABI promise
compiler/lowering/textual/int_bits_lowering.inc::NEBOC_INT_BITS_QWORDS	x86_64-systemv-elf-linux	compiler/lowering/textual/int_bits_lowering.inc	NEBOC_INT_BITS_QWORDS	6	afdd8f54e7dfc8820e61f41379e93d02cd6c4965a72c96d39ac59618ebc778d7	Owner contract; internal fields remain internal; no universal ABI promise
compiler/lowering/textual/int_bits_lowering.inc::NEBOC_INT_BITS_AND	x86_64-systemv-elf-linux	compiler/lowering/textual/int_bits_lowering.inc	NEBOC_INT_BITS_AND	1	a97440996905175d46c46c4d4291f788f564c573ec222df672e767625fde3fce	Owner contract; internal fields remain internal; no universal ABI promise
compiler/lowering/textual/int_bits_lowering.inc::NEBOC_INT_BITS_OR	x86_64-systemv-elf-linux	compiler/lowering/textual/int_bits_lowering.inc	NEBOC_INT_BITS_OR	2	37ae5dd5a10b1e4088ee91ec660c18ab4827a5a294efc8de266fe3a38fd880bf	Owner contract; internal fields remain internal; no universal ABI promise
compiler/lowering/textual/int_bits_lowering.inc::NEBOC_INT_BITS_XOR	x86_64-systemv-elf-linux	compiler/lowering/textual/int_bits_lowering.inc	NEBOC_INT_BITS_XOR	3	8fc6cad53c6579ddf8af9d08ec20bb46d14d72f78cd66d753972b8191f23c168	Owner contract; internal fields remain internal; no universal ABI promise
compiler/lowering/textual/int_bits_lowering.inc::NEBOC_INT_BITS_NOT	x86_64-systemv-elf-linux	compiler/lowering/textual/int_bits_lowering.inc	NEBOC_INT_BITS_NOT	4	e78114c8a6cf00625e0ced42f092d554b596b423e99e326da2642949cb6be364	Owner contract; internal fields remain internal; no universal ABI promise
compiler/lowering/textual/int_bits_lowering.inc::NEBOC_INT_BITS_SHIFT_LEFT	x86_64-systemv-elf-linux	compiler/lowering/textual/int_bits_lowering.inc	NEBOC_INT_BITS_SHIFT_LEFT	5	2f771bcd2536c8ea8fc1a2b9ce008403c8bc61faf4142d03065603d499801f32	Owner contract; internal fields remain internal; no universal ABI promise
compiler/lowering/textual/int_bits_lowering.inc::NEBOC_INT_BITS_SHIFT_RIGHT	x86_64-systemv-elf-linux	compiler/lowering/textual/int_bits_lowering.inc	NEBOC_INT_BITS_SHIFT_RIGHT	6	0b763ebca35b7b0de15141f8c69621799020694417336e49e6d33f6af7d8fb04	Owner contract; internal fields remain internal; no universal ABI promise
compiler/lowering/textual/int_bits_lowering.inc::NEBOC_INT_BITS_TEST_BIT	x86_64-systemv-elf-linux	compiler/lowering/textual/int_bits_lowering.inc	NEBOC_INT_BITS_TEST_BIT	7	ab446d0039eb30b53b3398a3ba5998b52b8e1aaa3b57c54bf6438c30916cbaf8	Owner contract; internal fields remain internal; no universal ABI promise
compiler/lowering/textual/int_bits_lowering.inc::NEBOC_INT_BITS_WITH_BIT	x86_64-systemv-elf-linux	compiler/lowering/textual/int_bits_lowering.inc	NEBOC_INT_BITS_WITH_BIT	8	4b7a625c147326a86317a8c560eec4e2ba495016dadb57120b899162979fd18c	Owner contract; internal fields remain internal; no universal ABI promise
compiler/lowering/textual/int_bits_lowering.inc::NEBOC_INT_BITS_ERROR_NONE	x86_64-systemv-elf-linux	compiler/lowering/textual/int_bits_lowering.inc	NEBOC_INT_BITS_ERROR_NONE	0	4f035def09056c449fc216366287d20612668840a54339aba5dfc2647e45c80d	Owner contract; internal fields remain internal; no universal ABI promise
compiler/lowering/textual/int_bits_lowering.inc::NEBOC_INT_BITS_ERROR_OPERATION	x86_64-systemv-elf-linux	compiler/lowering/textual/int_bits_lowering.inc	NEBOC_INT_BITS_ERROR_OPERATION	1	8496ba6c9f8183c41e9d2f65faf8ce2e447b7b019e2f059fc0fd8e2899fa7eb1	Owner contract; internal fields remain internal; no universal ABI promise
compiler/lowering/textual/int_bits_lowering.inc::NEBOC_INT_BITS_ERROR_RANGE	x86_64-systemv-elf-linux	compiler/lowering/textual/int_bits_lowering.inc	NEBOC_INT_BITS_ERROR_RANGE	2	cc62b17bd58c9e4909ccb44205ab14b4467a7394a50a0980dcaece2e6661badc	Owner contract; internal fields remain internal; no universal ABI promise
compiler/lowering/textual/int_bits_lowering.inc::NEBOC_INT_BITS_ERROR_ENABLED	x86_64-systemv-elf-linux	compiler/lowering/textual/int_bits_lowering.inc	NEBOC_INT_BITS_ERROR_ENABLED	3	962da1f31d01293d391456042ea3c386c866bfdc537e6f36dc047c11a0ee869a	Owner contract; internal fields remain internal; no universal ABI promise
compiler/lowering/textual/text_char_bytes_ir_contract.inc::neboc_text_char_unicode_e_bytes_IR_SEMANTIC_REQUEST_OFFSET	x86_64-systemv-elf-linux	compiler/lowering/textual/text_char_bytes_ir_contract.inc	neboc_text_char_unicode_e_bytes_IR_SEMANTIC_REQUEST_OFFSET	0	f7602d6b30d255a174382137070e650fe709c8dd45c50fd64f45168d86c96082	Owner contract; internal fields remain internal; no universal ABI promise
compiler/lowering/textual/text_char_bytes_ir_contract.inc::neboc_text_char_unicode_e_bytes_IR_OPERATION_OFFSET	x86_64-systemv-elf-linux	compiler/lowering/textual/text_char_bytes_ir_contract.inc	neboc_text_char_unicode_e_bytes_IR_OPERATION_OFFSET	8	f80aef9ae47b21db2a824632d07b176aa493eb76853874dd0c9dd0a2a01e273e	Owner contract; internal fields remain internal; no universal ABI promise
compiler/lowering/textual/text_char_bytes_ir_contract.inc::neboc_text_char_unicode_e_bytes_IR_HIR_KIND_OFFSET	x86_64-systemv-elf-linux	compiler/lowering/textual/text_char_bytes_ir_contract.inc	neboc_text_char_unicode_e_bytes_IR_HIR_KIND_OFFSET	16	7ffcb913e54dc2663d853bee4f5b04624f2bddd4b12b194819f931901880aa9a	Owner contract; internal fields remain internal; no universal ABI promise
compiler/lowering/textual/text_char_bytes_ir_contract.inc::NEBOC_IR_OPERAND_TYPE_OFFSET	x86_64-systemv-elf-linux	compiler/lowering/textual/text_char_bytes_ir_contract.inc	NEBOC_IR_OPERAND_TYPE_OFFSET	24	9125ab15f33fd7e56e6df89a1b0f1686612c43fb66d7315e2a42aac715b65d79	Owner contract; internal fields remain internal; no universal ABI promise
compiler/lowering/textual/text_char_bytes_ir_contract.inc::neboc_text_char_unicode_e_bytes_IR_RESULT_TYPE_OFFSET	x86_64-systemv-elf-linux	compiler/lowering/textual/text_char_bytes_ir_contract.inc	neboc_text_char_unicode_e_bytes_IR_RESULT_TYPE_OFFSET	32	87906c5400663faa139b878dbe5cb0aa791df5661a91bc27c9fbf8561d13090c	Owner contract; internal fields remain internal; no universal ABI promise
compiler/lowering/textual/text_char_bytes_ir_contract.inc::neboc_text_char_unicode_e_bytes_IR_LIR_KIND_OFFSET	x86_64-systemv-elf-linux	compiler/lowering/textual/text_char_bytes_ir_contract.inc	neboc_text_char_unicode_e_bytes_IR_LIR_KIND_OFFSET	40	b1ec685cf05b3f0d7d63730b9b025ad5265b97725769e4b7b3e86620e590ef08	Owner contract; internal fields remain internal; no universal ABI promise
compiler/lowering/textual/text_char_bytes_ir_contract.inc::NEBOC_IR_OPERAND_REPR_OFFSET	x86_64-systemv-elf-linux	compiler/lowering/textual/text_char_bytes_ir_contract.inc	NEBOC_IR_OPERAND_REPR_OFFSET	48	cbdc0861cf9a248757108dbc33a37dd2e297a30e0dde6d40b859c44712e1a6ca	Owner contract; internal fields remain internal; no universal ABI promise
compiler/lowering/textual/text_char_bytes_ir_contract.inc::NEBOC_IR_RESULT_REPR_OFFSET	x86_64-systemv-elf-linux	compiler/lowering/textual/text_char_bytes_ir_contract.inc	NEBOC_IR_RESULT_REPR_OFFSET	56	acdc22d8d62951f51006c41fb4a72dd7d3c6b2dc2b2f08908ed70592b03db6d7	Owner contract; internal fields remain internal; no universal ABI promise
compiler/lowering/textual/text_char_bytes_ir_contract.inc::neboc_text_char_unicode_e_bytes_IR_POLICY_OFFSET	x86_64-systemv-elf-linux	compiler/lowering/textual/text_char_bytes_ir_contract.inc	neboc_text_char_unicode_e_bytes_IR_POLICY_OFFSET	64	845e95eba98ff2ab374185f6e72157372d8fb4187bbc16d08b5c6ad3879eb852	Owner contract; internal fields remain internal; no universal ABI promise
compiler/lowering/textual/text_char_bytes_ir_contract.inc::neboc_text_char_unicode_e_bytes_IR_EFFECT_FLAGS_OFFSET	x86_64-systemv-elf-linux	compiler/lowering/textual/text_char_bytes_ir_contract.inc	neboc_text_char_unicode_e_bytes_IR_EFFECT_FLAGS_OFFSET	72	c07b36280285413322f2d4c6a09345816d4a408165767934d2762eb536c4f048	Owner contract; internal fields remain internal; no universal ABI promise
compiler/lowering/textual/text_char_bytes_ir_contract.inc::NEBOC_IR_SCALAR_VALUE_OFFSET	x86_64-systemv-elf-linux	compiler/lowering/textual/text_char_bytes_ir_contract.inc	NEBOC_IR_SCALAR_VALUE_OFFSET	80	d4b99555b8fc9a0a69fe62f7bba46dea56388437d6cb7addc47f0d2f07999c12	Owner contract; internal fields remain internal; no universal ABI promise
compiler/lowering/textual/text_char_bytes_ir_contract.inc::NEBOC_IR_BYTE_LENGTH_OFFSET	x86_64-systemv-elf-linux	compiler/lowering/textual/text_char_bytes_ir_contract.inc	NEBOC_IR_BYTE_LENGTH_OFFSET	88	565d68ef4017c1a28a9558d4a695aabd57fd0a8108fc12afbb666641f6ee9f10	Owner contract; internal fields remain internal; no universal ABI promise
compiler/lowering/textual/text_char_bytes_ir_contract.inc::NEBOC_IR_CODEPOINT_COUNT_OFFSET	x86_64-systemv-elf-linux	compiler/lowering/textual/text_char_bytes_ir_contract.inc	NEBOC_IR_CODEPOINT_COUNT_OFFSET	96	7b57b941a51b64a721aff9d4a16f33202c8b6211fd09dacb367a6e9df87ebb6f	Owner contract; internal fields remain internal; no universal ABI promise
compiler/lowering/textual/text_char_bytes_ir_contract.inc::neboc_text_char_unicode_e_bytes_IR_RUNTIME_METADATA_OFFSET	x86_64-systemv-elf-linux	compiler/lowering/textual/text_char_bytes_ir_contract.inc	neboc_text_char_unicode_e_bytes_IR_RUNTIME_METADATA_OFFSET	104	766dd977033009764d9c07192ea4aa2294182710310390cd9b44209e279e4e3b	Owner contract; internal fields remain internal; no universal ABI promise
compiler/lowering/textual/text_char_bytes_ir_contract.inc::neboc_text_char_unicode_e_bytes_IR_SOURCE_ID_OFFSET	x86_64-systemv-elf-linux	compiler/lowering/textual/text_char_bytes_ir_contract.inc	neboc_text_char_unicode_e_bytes_IR_SOURCE_ID_OFFSET	112	744309577474870793a52316c366046b86eadda83e32dead8d5a66844ecfff7b	Owner contract; internal fields remain internal; no universal ABI promise
compiler/lowering/textual/text_char_bytes_ir_contract.inc::neboc_text_char_unicode_e_bytes_IR_NODE_START_OFFSET	x86_64-systemv-elf-linux	compiler/lowering/textual/text_char_bytes_ir_contract.inc	neboc_text_char_unicode_e_bytes_IR_NODE_START_OFFSET	120	2285eeb33109e5f47bdd8255d27344910453e07553cbc23a2870840ce68ef473	Owner contract; internal fields remain internal; no universal ABI promise
compiler/lowering/textual/text_char_bytes_ir_contract.inc::neboc_text_char_unicode_e_bytes_IR_NODE_END_OFFSET	x86_64-systemv-elf-linux	compiler/lowering/textual/text_char_bytes_ir_contract.inc	neboc_text_char_unicode_e_bytes_IR_NODE_END_OFFSET	128	c212580101a9bffa4fa58b1f596de2d53338bde8a39c2f42ee5e79f28751c9b9	Owner contract; internal fields remain internal; no universal ABI promise
compiler/lowering/textual/text_char_bytes_ir_contract.inc::neboc_text_char_unicode_e_bytes_IR_SEMANTIC_HASH_OFFSET	x86_64-systemv-elf-linux	compiler/lowering/textual/text_char_bytes_ir_contract.inc	neboc_text_char_unicode_e_bytes_IR_SEMANTIC_HASH_OFFSET	136	bcdd7d542e060aecd7b894a57bb5dd163210f52ceb0f67d7bbcbf89e6ebe3406	Owner contract; internal fields remain internal; no universal ABI promise
compiler/lowering/textual/text_char_bytes_ir_contract.inc::neboc_text_char_unicode_e_bytes_IR_HASH_OFFSET	x86_64-systemv-elf-linux	compiler/lowering/textual/text_char_bytes_ir_contract.inc	neboc_text_char_unicode_e_bytes_IR_HASH_OFFSET	144	28478148763d82175219fe026dda52a632959ce663b4d80c33c850fb6ae22b8d	Owner contract; internal fields remain internal; no universal ABI promise
compiler/lowering/textual/text_char_bytes_ir_contract.inc::neboc_text_char_unicode_e_bytes_IR_ERROR_CODE_OFFSET	x86_64-systemv-elf-linux	compiler/lowering/textual/text_char_bytes_ir_contract.inc	neboc_text_char_unicode_e_bytes_IR_ERROR_CODE_OFFSET	152	b6d911fa83facbd93cf6a21ec523a4bdf4de3de055bbcfb15ca12f1349352d99	Owner contract; internal fields remain internal; no universal ABI promise
compiler/lowering/textual/text_char_bytes_ir_contract.inc::neboc_text_char_unicode_e_bytes_IR_REQUEST_SIZE	x86_64-systemv-elf-linux	compiler/lowering/textual/text_char_bytes_ir_contract.inc	neboc_text_char_unicode_e_bytes_IR_REQUEST_SIZE	160	deb2fda00249a6c43c98b3be47abe1290c86ded159b550f51c5983445e587b67	Owner contract; internal fields remain internal; no universal ABI promise
compiler/lowering/textual/text_char_bytes_ir_contract.inc::neboc_text_char_unicode_e_bytes_IR_ERROR_NONE	x86_64-systemv-elf-linux	compiler/lowering/textual/text_char_bytes_ir_contract.inc	neboc_text_char_unicode_e_bytes_IR_ERROR_NONE	0	87fb258cffff26cc763b0984a2d7b4d55caa872a86b0fb3eee2df83d0cf72889	Owner contract; internal fields remain internal; no universal ABI promise
compiler/lowering/textual/text_char_bytes_ir_contract.inc::neboc_text_char_unicode_e_bytes_IR_ERROR_SEMANTIC_INVALID	x86_64-systemv-elf-linux	compiler/lowering/textual/text_char_bytes_ir_contract.inc	neboc_text_char_unicode_e_bytes_IR_ERROR_SEMANTIC_INVALID	1	e137d13ba77bd8cbc7ba65a373f2a49dc2ad86f6a4eec22de0524bae609aba6b	Owner contract; internal fields remain internal; no universal ABI promise
compiler/lowering/textual/text_char_bytes_ir_contract.inc::neboc_text_char_unicode_e_bytes_IR_ERROR_SEMANTIC_INVARIANT	x86_64-systemv-elf-linux	compiler/lowering/textual/text_char_bytes_ir_contract.inc	neboc_text_char_unicode_e_bytes_IR_ERROR_SEMANTIC_INVARIANT	2	5514d274ea7b6533467ee5ce1899a8a436f4c22eb470813ec207c305cb4f8870	Owner contract; internal fields remain internal; no universal ABI promise
compiler/lowering/textual/text_char_bytes_native_lowering.inc::neboc_text_char_unicode_e_bytes_NATIVE_SEMANTIC_REQUEST_OFFSET	x86_64-systemv-elf-linux	compiler/lowering/textual/text_char_bytes_native_lowering.inc	neboc_text_char_unicode_e_bytes_NATIVE_SEMANTIC_REQUEST_OFFSET	0	0a396a85aae62266282fbb014a5cf56a962603ae8a69976e029a81712939530b	Owner contract; internal fields remain internal; no universal ABI promise
compiler/lowering/textual/text_char_bytes_native_lowering.inc::neboc_text_char_unicode_e_bytes_NATIVE_IR_REQUEST_OFFSET	x86_64-systemv-elf-linux	compiler/lowering/textual/text_char_bytes_native_lowering.inc	neboc_text_char_unicode_e_bytes_NATIVE_IR_REQUEST_OFFSET	8	893d891edb66c757810ef9a1da9735faf571c6cb020f860558e0ea58a3010ad1	Owner contract; internal fields remain internal; no universal ABI promise
compiler/lowering/textual/text_char_bytes_native_lowering.inc::neboc_text_char_unicode_e_bytes_NATIVE_TARGET_ID_OFFSET	x86_64-systemv-elf-linux	compiler/lowering/textual/text_char_bytes_native_lowering.inc	neboc_text_char_unicode_e_bytes_NATIVE_TARGET_ID_OFFSET	16	1862d229f69644c17d210bb696007a38ed1d46530b223517140e374f74845c83	Owner contract; internal fields remain internal; no universal ABI promise
compiler/lowering/textual/text_char_bytes_native_lowering.inc::neboc_text_char_unicode_e_bytes_NATIVE_OPERATION_OFFSET	x86_64-systemv-elf-linux	compiler/lowering/textual/text_char_bytes_native_lowering.inc	neboc_text_char_unicode_e_bytes_NATIVE_OPERATION_OFFSET	24	3f8a5bd8ac34aee38dc6b7507c793f9700289127aa8864c796f75b5e0f1f36a0	Owner contract; internal fields remain internal; no universal ABI promise
compiler/lowering/textual/text_char_bytes_native_lowering.inc::neboc_text_char_unicode_e_bytes_NATIVE_OPERAND_TYPE_OFFSET	x86_64-systemv-elf-linux	compiler/lowering/textual/text_char_bytes_native_lowering.inc	neboc_text_char_unicode_e_bytes_NATIVE_OPERAND_TYPE_OFFSET	32	8039e69c8b423b1311b5152e8bf3de778d925582b9d67c648153869bd78bec87	Owner contract; internal fields remain internal; no universal ABI promise
compiler/lowering/textual/text_char_bytes_native_lowering.inc::neboc_text_char_unicode_e_bytes_NATIVE_RESULT_TYPE_OFFSET	x86_64-systemv-elf-linux	compiler/lowering/textual/text_char_bytes_native_lowering.inc	neboc_text_char_unicode_e_bytes_NATIVE_RESULT_TYPE_OFFSET	40	2d32ff58be35e92c7068528c61d5d9764a9fc6ad0744b97224007f88cd8cd653	Owner contract; internal fields remain internal; no universal ABI promise
compiler/lowering/textual/text_char_bytes_native_lowering.inc::neboc_text_char_unicode_e_bytes_NATIVE_OPERAND_REPR_OFFSET	x86_64-systemv-elf-linux	compiler/lowering/textual/text_char_bytes_native_lowering.inc	neboc_text_char_unicode_e_bytes_NATIVE_OPERAND_REPR_OFFSET	48	6097f16ee33fdfa2215d324ac444a35232ae2492e83c75b8dcdf50778a67e707	Owner contract; internal fields remain internal; no universal ABI promise
compiler/lowering/textual/text_char_bytes_native_lowering.inc::neboc_text_char_unicode_e_bytes_NATIVE_RESULT_REPR_OFFSET	x86_64-systemv-elf-linux	compiler/lowering/textual/text_char_bytes_native_lowering.inc	neboc_text_char_unicode_e_bytes_NATIVE_RESULT_REPR_OFFSET	56	e9b0844dfbb23239ab5b0277d6a05bb95f2c38b634ab5a39a28c9996388c0e6a	Owner contract; internal fields remain internal; no universal ABI promise
compiler/lowering/textual/text_char_bytes_native_lowering.inc::neboc_text_char_unicode_e_bytes_NATIVE_OPERAND_ABI_CLASS_OFFSET	x86_64-systemv-elf-linux	compiler/lowering/textual/text_char_bytes_native_lowering.inc	neboc_text_char_unicode_e_bytes_NATIVE_OPERAND_ABI_CLASS_OFFSET	64	23fff292d5e4191edd322592d911c1ee2bab6712cc5c8d865f55f212ca5d3555	Owner contract; internal fields remain internal; no universal ABI promise
compiler/lowering/textual/text_char_bytes_native_lowering.inc::neboc_text_char_unicode_e_bytes_NATIVE_RESULT_ABI_CLASS_OFFSET	x86_64-systemv-elf-linux	compiler/lowering/textual/text_char_bytes_native_lowering.inc	neboc_text_char_unicode_e_bytes_NATIVE_RESULT_ABI_CLASS_OFFSET	72	0904ac0625cd12ce66c5935f519085d264263b3dd78395e2a14b264d809ad6fc	Owner contract; internal fields remain internal; no universal ABI promise
compiler/lowering/textual/text_char_bytes_native_lowering.inc::neboc_text_char_unicode_e_bytes_NATIVE_PARAMETER_REGISTER_OFFSET	x86_64-systemv-elf-linux	compiler/lowering/textual/text_char_bytes_native_lowering.inc	neboc_text_char_unicode_e_bytes_NATIVE_PARAMETER_REGISTER_OFFSET	80	f8defb499ce538b5729b0dca00fd4080ffcdb430cec4476435d743939c11332e	Owner contract; internal fields remain internal; no universal ABI promise
compiler/lowering/textual/text_char_bytes_native_lowering.inc::neboc_text_char_unicode_e_bytes_NATIVE_RETURN_REGISTER_OFFSET	x86_64-systemv-elf-linux	compiler/lowering/textual/text_char_bytes_native_lowering.inc	neboc_text_char_unicode_e_bytes_NATIVE_RETURN_REGISTER_OFFSET	88	8a5f99a8a67b6d3b1fa321e2b92f42be119ef34f778195889ea29315aa95a241	Owner contract; internal fields remain internal; no universal ABI promise
compiler/lowering/textual/text_char_bytes_native_lowering.inc::neboc_text_char_unicode_e_bytes_NATIVE_INSTRUCTION_OFFSET	x86_64-systemv-elf-linux	compiler/lowering/textual/text_char_bytes_native_lowering.inc	neboc_text_char_unicode_e_bytes_NATIVE_INSTRUCTION_OFFSET	96	b3e13cd10def8c25ee445fa69108848514d82124b4fba0a242b8b830bc736164	Owner contract; internal fields remain internal; no universal ABI promise
compiler/lowering/textual/text_char_bytes_native_lowering.inc::neboc_text_char_unicode_e_bytes_NATIVE_RUNTIME_HELPER_OFFSET	x86_64-systemv-elf-linux	compiler/lowering/textual/text_char_bytes_native_lowering.inc	neboc_text_char_unicode_e_bytes_NATIVE_RUNTIME_HELPER_OFFSET	104	cdff5f2f1242c1bce0061de2885dc3aa216fa1b6ddea6ffd7d0e29b37825600e	Owner contract; internal fields remain internal; no universal ABI promise
compiler/lowering/textual/text_char_bytes_native_lowering.inc::NEBOC_NATIVE_OPERAND_SIZE_OFFSET	x86_64-systemv-elf-linux	compiler/lowering/textual/text_char_bytes_native_lowering.inc	NEBOC_NATIVE_OPERAND_SIZE_OFFSET	112	96ca2513d56a34fac99a96b402fc289dc843cac269f84a71c3f593bb9ce6691a	Owner contract; internal fields remain internal; no universal ABI promise
compiler/lowering/textual/text_char_bytes_native_lowering.inc::NEBOC_NATIVE_OPERAND_ALIGNMENT_OFFSET	x86_64-systemv-elf-linux	compiler/lowering/textual/text_char_bytes_native_lowering.inc	NEBOC_NATIVE_OPERAND_ALIGNMENT_OFFSET	120	9cc28655a59d3ae10b23b8d7b28aaa841166a75288c0f93ff04007cfbd013202	Owner contract; internal fields remain internal; no universal ABI promise
compiler/lowering/textual/text_char_bytes_native_lowering.inc::neboc_text_char_unicode_e_bytes_NATIVE_RESULT_SIZE_OFFSET	x86_64-systemv-elf-linux	compiler/lowering/textual/text_char_bytes_native_lowering.inc	neboc_text_char_unicode_e_bytes_NATIVE_RESULT_SIZE_OFFSET	128	a3ce9a2ac9f5e6ad249b998d44e0a2868eb36d1511d9db5bd1482cdd3fc6834c	Owner contract; internal fields remain internal; no universal ABI promise
compiler/lowering/textual/text_char_bytes_native_lowering.inc::neboc_text_char_unicode_e_bytes_NATIVE_RESULT_ALIGNMENT_OFFSET	x86_64-systemv-elf-linux	compiler/lowering/textual/text_char_bytes_native_lowering.inc	neboc_text_char_unicode_e_bytes_NATIVE_RESULT_ALIGNMENT_OFFSET	136	1f1d7cc6376cb94b6f32c2e8bc3aec3036fd8923984c5d17aaab0001dd4c9264	Owner contract; internal fields remain internal; no universal ABI promise
compiler/lowering/textual/text_char_bytes_native_lowering.inc::NEBOC_NATIVE_DESCRIPTOR_FLAGS_OFFSET	x86_64-systemv-elf-linux	compiler/lowering/textual/text_char_bytes_native_lowering.inc	NEBOC_NATIVE_DESCRIPTOR_FLAGS_OFFSET	144	d9cd9f6eca35b5b018630a7a1098daf750c1b63932147b3f13bacd9d1a341a12	Owner contract; internal fields remain internal; no universal ABI promise
compiler/lowering/textual/text_char_bytes_native_lowering.inc::neboc_text_char_unicode_e_bytes_NATIVE_SCRATCH_SIZE_OFFSET	x86_64-systemv-elf-linux	compiler/lowering/textual/text_char_bytes_native_lowering.inc	neboc_text_char_unicode_e_bytes_NATIVE_SCRATCH_SIZE_OFFSET	152	0630431fdafe02ec5bdf9eab22c9d12a454449807ca08275ec51776488d6537b	Owner contract; internal fields remain internal; no universal ABI promise
compiler/lowering/textual/text_char_bytes_native_lowering.inc::neboc_text_char_unicode_e_bytes_NATIVE_RUNTIME_METADATA_OFFSET	x86_64-systemv-elf-linux	compiler/lowering/textual/text_char_bytes_native_lowering.inc	neboc_text_char_unicode_e_bytes_NATIVE_RUNTIME_METADATA_OFFSET	160	15539a23ac41caa23cdcf2865e551d6c05a12e20d7841248531fb4ac528731c7	Owner contract; internal fields remain internal; no universal ABI promise
compiler/lowering/textual/text_char_bytes_native_lowering.inc::neboc_text_char_unicode_e_bytes_NATIVE_SEMANTIC_HASH_OFFSET	x86_64-systemv-elf-linux	compiler/lowering/textual/text_char_bytes_native_lowering.inc	neboc_text_char_unicode_e_bytes_NATIVE_SEMANTIC_HASH_OFFSET	168	e9796dacb25fcb6d3349f3fdb85f0a646086714fb23555e8edef8d2fc71d489e	Owner contract; internal fields remain internal; no universal ABI promise
compiler/lowering/textual/text_char_bytes_native_lowering.inc::neboc_text_char_unicode_e_bytes_NATIVE_IR_HASH_OFFSET	x86_64-systemv-elf-linux	compiler/lowering/textual/text_char_bytes_native_lowering.inc	neboc_text_char_unicode_e_bytes_NATIVE_IR_HASH_OFFSET	176	4f040510a707b20341e25db64134ba6a451da35ea09022c7571757da84167ecb	Owner contract; internal fields remain internal; no universal ABI promise
compiler/lowering/textual/text_char_bytes_native_lowering.inc::neboc_text_char_unicode_e_bytes_NATIVE_HASH_OFFSET	x86_64-systemv-elf-linux	compiler/lowering/textual/text_char_bytes_native_lowering.inc	neboc_text_char_unicode_e_bytes_NATIVE_HASH_OFFSET	184	8e62e8a993227ad0bc5f969cdadad4a40079a2373e7b57cdc22afe965b11d3d0	Owner contract; internal fields remain internal; no universal ABI promise
compiler/lowering/textual/text_char_bytes_native_lowering.inc::neboc_text_char_unicode_e_bytes_NATIVE_ERROR_CODE_OFFSET	x86_64-systemv-elf-linux	compiler/lowering/textual/text_char_bytes_native_lowering.inc	neboc_text_char_unicode_e_bytes_NATIVE_ERROR_CODE_OFFSET	192	80f7465a72c9106dfb6ac6ab6f31bc2f364aab98c3951cef79625bd09ec8ff9c	Owner contract; internal fields remain internal; no universal ABI promise
compiler/lowering/textual/text_char_bytes_native_lowering.inc::neboc_text_char_unicode_e_bytes_NATIVE_REQUEST_SIZE	x86_64-systemv-elf-linux	compiler/lowering/textual/text_char_bytes_native_lowering.inc	neboc_text_char_unicode_e_bytes_NATIVE_REQUEST_SIZE	200	9a1fa1b390becabc45391862d1bdd8320fa70dc73102dea3f8908427d6ca030f	Owner contract; internal fields remain internal; no universal ABI promise
compiler/lowering/textual/text_char_bytes_native_lowering.inc::neboc_text_char_unicode_e_bytes_NATIVE_TARGET_X86_64_SYSTEMV_ELF_LINUX	x86_64-systemv-elf-linux	compiler/lowering/textual/text_char_bytes_native_lowering.inc	neboc_text_char_unicode_e_bytes_NATIVE_TARGET_X86_64_SYSTEMV_ELF_LINUX	1	13fe93e1ddc691fd2aeefa1af5fed8cd9ca938a30c8e5274e0a3883d2a3fc7f9	Owner contract; internal fields remain internal; no universal ABI promise
compiler/lowering/textual/text_char_bytes_native_lowering.inc::neboc_text_char_unicode_e_bytes_NATIVE_ABI_NONE	x86_64-systemv-elf-linux	compiler/lowering/textual/text_char_bytes_native_lowering.inc	neboc_text_char_unicode_e_bytes_NATIVE_ABI_NONE	0	2981dca3bc5aedab637ec6292af681fd7706217431f7c9794a075262230d25c0	Owner contract; internal fields remain internal; no universal ABI promise
compiler/lowering/textual/text_char_bytes_native_lowering.inc::neboc_text_char_unicode_e_bytes_NATIVE_ABI_INTEGER	x86_64-systemv-elf-linux	compiler/lowering/textual/text_char_bytes_native_lowering.inc	neboc_text_char_unicode_e_bytes_NATIVE_ABI_INTEGER	1	b666783630d2d5bcd21fcf4d6c8c00fa9809afee670e71b8c330c3ad30699582	Owner contract; internal fields remain internal; no universal ABI promise
compiler/lowering/textual/text_char_bytes_native_lowering.inc::neboc_text_char_unicode_e_bytes_NATIVE_REGISTER_NONE	x86_64-systemv-elf-linux	compiler/lowering/textual/text_char_bytes_native_lowering.inc	neboc_text_char_unicode_e_bytes_NATIVE_REGISTER_NONE	0	c2efc9149b0f78deb704fcd23871780b2c0312f6db940a148734b464100d6c85	Owner contract; internal fields remain internal; no universal ABI promise
compiler/lowering/textual/text_char_bytes_native_lowering.inc::neboc_text_char_unicode_e_bytes_NATIVE_REGISTER_RDI	x86_64-systemv-elf-linux	compiler/lowering/textual/text_char_bytes_native_lowering.inc	neboc_text_char_unicode_e_bytes_NATIVE_REGISTER_RDI	1	43133dc38dacc70092688fe101db798b3afaac254bc4e9151c2b5440a3a71f50	Owner contract; internal fields remain internal; no universal ABI promise
compiler/lowering/textual/text_char_bytes_native_lowering.inc::neboc_text_char_unicode_e_bytes_NATIVE_REGISTER_RAX	x86_64-systemv-elf-linux	compiler/lowering/textual/text_char_bytes_native_lowering.inc	neboc_text_char_unicode_e_bytes_NATIVE_REGISTER_RAX	2	97ec8b397f2756a6690dae2f0abf62d04dcdcfbae48bdafee8bc284fbed62d4b	Owner contract; internal fields remain internal; no universal ABI promise
compiler/lowering/textual/text_char_bytes_native_lowering.inc::NEBOC_NATIVE_INSTRUCTION_IMMEDIATE_U32	x86_64-systemv-elf-linux	compiler/lowering/textual/text_char_bytes_native_lowering.inc	NEBOC_NATIVE_INSTRUCTION_IMMEDIATE_U32	1	6a1001a75bf0c8961821292111d603445268854c628d854f175a13a8729b17dc	Owner contract; internal fields remain internal; no universal ABI promise
compiler/lowering/textual/text_char_bytes_native_lowering.inc::NEBOC_NATIVE_INSTRUCTION_LOAD_DESCRIPTOR_LENGTH	x86_64-systemv-elf-linux	compiler/lowering/textual/text_char_bytes_native_lowering.inc	NEBOC_NATIVE_INSTRUCTION_LOAD_DESCRIPTOR_LENGTH	2	fd3737347b80bfcf8ee17a9ae74cf8fd1977a6142a96977c8eeb375d59fe8458	Owner contract; internal fields remain internal; no universal ABI promise
compiler/lowering/textual/text_char_bytes_native_lowering.inc::NEBOC_NATIVE_INSTRUCTION_UTF8_COUNT_LOOP	x86_64-systemv-elf-linux	compiler/lowering/textual/text_char_bytes_native_lowering.inc	NEBOC_NATIVE_INSTRUCTION_UTF8_COUNT_LOOP	3	7921f98fc904cc88d468fdf5c3e987470cbfd44a8cd39b75f2f292e7a7e56fa5	Owner contract; internal fields remain internal; no universal ABI promise
compiler/lowering/textual/text_char_bytes_native_lowering.inc::NEBOC_NATIVE_INSTRUCTION_ZERO_EXTEND_U32_TO_I64	x86_64-systemv-elf-linux	compiler/lowering/textual/text_char_bytes_native_lowering.inc	NEBOC_NATIVE_INSTRUCTION_ZERO_EXTEND_U32_TO_I64	4	091397cd453b4767588fc7a4fd42e95bbe3be49e433aea8d2e33394c3955eee8	Owner contract; internal fields remain internal; no universal ABI promise
compiler/lowering/textual/text_char_bytes_native_lowering.inc::NEBOC_NATIVE_INSTRUCTION_LEA_STATIC_DESCRIPTOR	x86_64-systemv-elf-linux	compiler/lowering/textual/text_char_bytes_native_lowering.inc	NEBOC_NATIVE_INSTRUCTION_LEA_STATIC_DESCRIPTOR	5	29eb2e852a8e9fc20dae43e9ddfd844c93e84f78867b572c0c6ea3407ff05da9	Owner contract; internal fields remain internal; no universal ABI promise
compiler/lowering/textual/text_char_bytes_native_lowering.inc::NEBOC_NATIVE_HELPER_NONE	x86_64-systemv-elf-linux	compiler/lowering/textual/text_char_bytes_native_lowering.inc	NEBOC_NATIVE_HELPER_NONE	0	b171fdbd708afa4ac8010edcd221435e1810afd4987c172296b6f97a75cd49fb	Owner contract; internal fields remain internal; no universal ABI promise
compiler/lowering/textual/text_char_bytes_native_lowering.inc::NEBOC_NATIVE_HELPER_TEXT_BYTE_LENGTH	x86_64-systemv-elf-linux	compiler/lowering/textual/text_char_bytes_native_lowering.inc	NEBOC_NATIVE_HELPER_TEXT_BYTE_LENGTH	1	f9bf7543d0b0a8c01be845f6aaebfc9da241895ab634d851164d92a042aafdc0	Owner contract; internal fields remain internal; no universal ABI promise
compiler/lowering/textual/text_char_bytes_native_lowering.inc::NEBOC_NATIVE_HELPER_TEXT_CODEPOINT_COUNT	x86_64-systemv-elf-linux	compiler/lowering/textual/text_char_bytes_native_lowering.inc	NEBOC_NATIVE_HELPER_TEXT_CODEPOINT_COUNT	2	e771a8cede34e04bac1a25bf5ba18c491a0adf5826987b3e49587f2e21371fb5	Owner contract; internal fields remain internal; no universal ABI promise
compiler/lowering/textual/text_char_bytes_native_lowering.inc::NEBOC_NATIVE_HELPER_CHAR_CODEPOINT	x86_64-systemv-elf-linux	compiler/lowering/textual/text_char_bytes_native_lowering.inc	NEBOC_NATIVE_HELPER_CHAR_CODEPOINT	3	dbf814c893c65d62cf1128a53d0dd08435e03c11ef97bef2b0470cfa7c53b60a	Owner contract; internal fields remain internal; no universal ABI promise
compiler/lowering/textual/text_char_bytes_native_lowering.inc::NEBOC_NATIVE_HELPER_BYTES_EMPTY	x86_64-systemv-elf-linux	compiler/lowering/textual/text_char_bytes_native_lowering.inc	NEBOC_NATIVE_HELPER_BYTES_EMPTY	4	925a1e220b01c6dd9fa13cff26307a912b474c778991edcfc9c6455f6323327a	Owner contract; internal fields remain internal; no universal ABI promise
compiler/lowering/textual/text_char_bytes_native_lowering.inc::NEBOC_NATIVE_HELPER_BYTES_BYTE_LENGTH	x86_64-systemv-elf-linux	compiler/lowering/textual/text_char_bytes_native_lowering.inc	NEBOC_NATIVE_HELPER_BYTES_BYTE_LENGTH	5	3304ef807ffc2de8bfd26dbb3fc7389fd0c168977609809164d492d9f3698180	Owner contract; internal fields remain internal; no universal ABI promise
compiler/lowering/textual/text_char_bytes_native_lowering.inc::neboc_text_char_unicode_e_bytes_NATIVE_REPR_NONE	x86_64-systemv-elf-linux	compiler/lowering/textual/text_char_bytes_native_lowering.inc	neboc_text_char_unicode_e_bytes_NATIVE_REPR_NONE	0	faf4d0e15e5b25ac04a5aa5587f2d7174fb02544e7e9dbe7153a94bbf087c572	Owner contract; internal fields remain internal; no universal ABI promise
compiler/lowering/textual/text_char_bytes_native_lowering.inc::NEBOC_NATIVE_REPR_U32	x86_64-systemv-elf-linux	compiler/lowering/textual/text_char_bytes_native_lowering.inc	NEBOC_NATIVE_REPR_U32	1	ef05b76098a2bd60af3593aa60b356f5e0d318b3d676592ef5f1018e3adcee3f	Owner contract; internal fields remain internal; no universal ABI promise
compiler/lowering/textual/text_char_bytes_native_lowering.inc::NEBOC_NATIVE_REPR_TEXT_DESCRIPTOR_PTR	x86_64-systemv-elf-linux	compiler/lowering/textual/text_char_bytes_native_lowering.inc	NEBOC_NATIVE_REPR_TEXT_DESCRIPTOR_PTR	2	6a41ac884f06edbebef2043c7dd36bb17e799d7f2fd8e06d1d180df8c0edca46	Owner contract; internal fields remain internal; no universal ABI promise
compiler/lowering/textual/text_char_bytes_native_lowering.inc::NEBOC_NATIVE_REPR_BYTES_DESCRIPTOR_PTR	x86_64-systemv-elf-linux	compiler/lowering/textual/text_char_bytes_native_lowering.inc	NEBOC_NATIVE_REPR_BYTES_DESCRIPTOR_PTR	3	f1c706ff665d9a389a72b1c7c108abc8cbcca3c3e9ac01b5767be223d8185a09	Owner contract; internal fields remain internal; no universal ABI promise
compiler/lowering/textual/text_char_bytes_native_lowering.inc::NEBOC_NATIVE_REPR_NONNEGATIVE_I64	x86_64-systemv-elf-linux	compiler/lowering/textual/text_char_bytes_native_lowering.inc	NEBOC_NATIVE_REPR_NONNEGATIVE_I64	4	f1126e58e964bfec07236842a37de104a13685c68f12403283dd500569d1dce5	Owner contract; internal fields remain internal; no universal ABI promise
compiler/lowering/textual/text_char_bytes_native_lowering.inc::NEBOC_NATIVE_BYTES_FLAGS_STATIC_IMMUTABLE_EMPTY	x86_64-systemv-elf-linux	compiler/lowering/textual/text_char_bytes_native_lowering.inc	NEBOC_NATIVE_BYTES_FLAGS_STATIC_IMMUTABLE_EMPTY	7	44acef2ae8271b7b99d4467a1af3be144c4c72972c3710e098385612eca38e95	Owner contract; internal fields remain internal; no universal ABI promise
compiler/lowering/textual/text_char_bytes_native_lowering.inc::neboc_text_char_unicode_e_bytes_NATIVE_RUNTIME_METADATA_NONE	x86_64-systemv-elf-linux	compiler/lowering/textual/text_char_bytes_native_lowering.inc	neboc_text_char_unicode_e_bytes_NATIVE_RUNTIME_METADATA_NONE	0	ab5267dff794a20c76fa342f50b62599d3bf2f8d01360a9538979b53bdfd05bc	Owner contract; internal fields remain internal; no universal ABI promise
compiler/lowering/textual/text_char_bytes_native_lowering.inc::neboc_text_char_unicode_e_bytes_NATIVE_ERROR_NONE	x86_64-systemv-elf-linux	compiler/lowering/textual/text_char_bytes_native_lowering.inc	neboc_text_char_unicode_e_bytes_NATIVE_ERROR_NONE	0	a85e3445605662bd2473cd1a2babcbce21387cd0fd51daa90f8352428f618afa	Owner contract; internal fields remain internal; no universal ABI promise
compiler/lowering/textual/text_char_bytes_native_lowering.inc::NEBOC_NATIVE_ERROR_ARGUMENT	x86_64-systemv-elf-linux	compiler/lowering/textual/text_char_bytes_native_lowering.inc	NEBOC_NATIVE_ERROR_ARGUMENT	1	939ec96f59b7f218a1150b5708f725206de1e00f2a6318cafdfc49904527acbd	Owner contract; internal fields remain internal; no universal ABI promise
compiler/lowering/textual/text_char_bytes_native_lowering.inc::neboc_text_char_unicode_e_bytes_NATIVE_ERROR_TARGET	x86_64-systemv-elf-linux	compiler/lowering/textual/text_char_bytes_native_lowering.inc	neboc_text_char_unicode_e_bytes_NATIVE_ERROR_TARGET	2	317d33f9351a7c9187dc8890c2091092f7039bca283e0ae5bf1ec7554311145a	Owner contract; internal fields remain internal; no universal ABI promise
compiler/lowering/textual/text_char_bytes_native_lowering.inc::neboc_text_char_unicode_e_bytes_NATIVE_ERROR_SEMANTIC	x86_64-systemv-elf-linux	compiler/lowering/textual/text_char_bytes_native_lowering.inc	neboc_text_char_unicode_e_bytes_NATIVE_ERROR_SEMANTIC	3	8753dac315981b4b84ffde7125b46b871579c16f462aee2f697e4f336cf603a1	Owner contract; internal fields remain internal; no universal ABI promise
compiler/lowering/textual/text_char_bytes_native_lowering.inc::neboc_text_char_unicode_e_bytes_NATIVE_ERROR_IR	x86_64-systemv-elf-linux	compiler/lowering/textual/text_char_bytes_native_lowering.inc	neboc_text_char_unicode_e_bytes_NATIVE_ERROR_IR	4	297489bbdfff6c87bda94259acdaa9485022252c05c04cadc59a457efc2355ca	Owner contract; internal fields remain internal; no universal ABI promise
compiler/lowering/textual/text_char_bytes_native_lowering.inc::neboc_text_char_unicode_e_bytes_NATIVE_ERROR_CONTRACT	x86_64-systemv-elf-linux	compiler/lowering/textual/text_char_bytes_native_lowering.inc	neboc_text_char_unicode_e_bytes_NATIVE_ERROR_CONTRACT	5	a985e82bbe1d4100638d14b3f4dfcdcfabc7d7047b9eb809cfc93e023480444b	Owner contract; internal fields remain internal; no universal ABI promise
compiler/lowering/textual/text_char_bytes_native_lowering.inc::NEBOC_NATIVE_ERROR_OPERATION	x86_64-systemv-elf-linux	compiler/lowering/textual/text_char_bytes_native_lowering.inc	NEBOC_NATIVE_ERROR_OPERATION	6	7b54ed1f9cbb74c0b41604dd5e3f25a26151c5ec7c6f61b18979e274db42fe14	Owner contract; internal fields remain internal; no universal ABI promise
compiler/lowering/textual/text_char_bytes_native_lowering.inc::neboc_text_char_unicode_e_bytes_NATIVE_ERROR_METADATA	x86_64-systemv-elf-linux	compiler/lowering/textual/text_char_bytes_native_lowering.inc	neboc_text_char_unicode_e_bytes_NATIVE_ERROR_METADATA	7	7facef5d99ea1c64f7f3735c17a65248c5a19f3984944f5b3cb3fd2610cd1d88	Owner contract; internal fields remain internal; no universal ABI promise
compiler/lowering/textual/text_ir.inc::NEBO_LIR_TEXT_DESCRIPTOR	x86_64-systemv-elf-linux	compiler/lowering/textual/text_ir.inc	NEBO_LIR_TEXT_DESCRIPTOR	0x845320	0687c0b195a472bfe44bba745a8474c3bdf7b66893be4eac767f3abe6cf710bd	Owner contract; internal fields remain internal; no universal ABI promise
compiler/lowering/textual/text_ir.inc::NEBO_LIR_ERROR	x86_64-systemv-elf-linux	compiler/lowering/textual/text_ir.inc	NEBO_LIR_ERROR	0x845321	3fd344c7cded15e9d02696307824ba74928dadeab7f8cede5c4307303c3c39bc	Owner contract; internal fields remain internal; no universal ABI promise
compiler/lowering/textual/text_ir.inc::NEBO_HIR_TEXT_PLAN	x86_64-systemv-elf-linux	compiler/lowering/textual/text_ir.inc	NEBO_HIR_TEXT_PLAN	0x845322	4c3b1a0e3d9d119599e04575d606b04b251db7dc59bb5ceafe500a8cb406b7a2	Owner contract; internal fields remain internal; no universal ABI promise
compiler/lowering/textual/text_ir.inc::NEBO_TEXT_PLAN_KIND_OFFSET	x86_64-systemv-elf-linux	compiler/lowering/textual/text_ir.inc	NEBO_TEXT_PLAN_KIND_OFFSET	0	1d0c973376cdcf2b7e0021fc87d4b4971b1094a7685bf8a1328dd2d714b98388	Owner contract; internal fields remain internal; no universal ABI promise
compiler/lowering/textual/text_ir.inc::NEBO_TEXT_PLAN_REPRESENTATION_OFFSET	x86_64-systemv-elf-linux	compiler/lowering/textual/text_ir.inc	NEBO_TEXT_PLAN_REPRESENTATION_OFFSET	8	d0d13fbe4a062f2f1a345d4956503755c2a9d814725167eba3918374a412f773	Owner contract; internal fields remain internal; no universal ABI promise
compiler/lowering/textual/text_ir.inc::NEBO_TEXT_PLAN_BYTE_LENGTH_OFFSET	x86_64-systemv-elf-linux	compiler/lowering/textual/text_ir.inc	NEBO_TEXT_PLAN_BYTE_LENGTH_OFFSET	16	c541849467380e35d6a4276da41f101031a1756f68602dc15b374f2e282db948	Owner contract; internal fields remain internal; no universal ABI promise
compiler/lowering/textual/text_ir.inc::NEBO_TEXT_PLAN_ENCODING_OFFSET	x86_64-systemv-elf-linux	compiler/lowering/textual/text_ir.inc	NEBO_TEXT_PLAN_ENCODING_OFFSET	24	98a6372fcd59781daf1c47a7814ab1b7adf1f2eb7c53503584385673e80d832a	Owner contract; internal fields remain internal; no universal ABI promise
compiler/lowering/textual/text_ir.inc::NEBO_TEXT_PLAN_EFFECTS_OFFSET	x86_64-systemv-elf-linux	compiler/lowering/textual/text_ir.inc	NEBO_TEXT_PLAN_EFFECTS_OFFSET	32	30b912bcaf8eb6089d2f004e5a5645307453724cac8aeb4d363324c0acbae006	Owner contract; internal fields remain internal; no universal ABI promise
compiler/lowering/textual/text_ir.inc::NEBO_TEXT_PLAN_RUNTIME_CONTRACT_OFFSET	x86_64-systemv-elf-linux	compiler/lowering/textual/text_ir.inc	NEBO_TEXT_PLAN_RUNTIME_CONTRACT_OFFSET	40	0d7d6ece4a545702aa7ff1ccebcd9cfa5272c7846059e33825673fdb3292613e	Owner contract; internal fields remain internal; no universal ABI promise
compiler/lowering/textual/text_ir.inc::NEBO_TEXT_PLAN_SIZE	x86_64-systemv-elf-linux	compiler/lowering/textual/text_ir.inc	NEBO_TEXT_PLAN_SIZE	48	bbfbedb4b606d8a9ed1d7d105932d655d53ce50f05c30400078dffe19b735908	Owner contract; internal fields remain internal; no universal ABI promise
compiler/lowering/textual/text_ir.inc::NEBO_TEXT_PLAN_EFFECT_NONE	x86_64-systemv-elf-linux	compiler/lowering/textual/text_ir.inc	NEBO_TEXT_PLAN_EFFECT_NONE	0	b3533781a2c4896e6350475d0bc613ba71aa5d4c39f347b95ffbeab59cf3b769	Owner contract; internal fields remain internal; no universal ABI promise
compiler/semantic/types/option_layout_semantic.inc::NEBOC_OPTION_LAYOUT_REQUEST_PAYLOAD_SIZE_OFFSET	x86_64-systemv-elf-linux	compiler/semantic/types/option_layout_semantic.inc	NEBOC_OPTION_LAYOUT_REQUEST_PAYLOAD_SIZE_OFFSET	0	f436e871ceb26b14cb5aef4b6437a764f62aa0681c8c985f8eb8646b403c1a20	Owner contract; internal fields remain internal; no universal ABI promise
compiler/semantic/types/option_layout_semantic.inc::NEBOC_OPTION_LAYOUT_REQUEST_PAYLOAD_ALIGN_OFFSET	x86_64-systemv-elf-linux	compiler/semantic/types/option_layout_semantic.inc	NEBOC_OPTION_LAYOUT_REQUEST_PAYLOAD_ALIGN_OFFSET	8	b1bb85e0784f4d8ca6ef213b555b45b4de71e250adb4a25c67815ab88eac4b6b	Owner contract; internal fields remain internal; no universal ABI promise
compiler/semantic/types/option_layout_semantic.inc::NEBOC_OPTION_LAYOUT_REQUEST_RESULT_SIZE_OFFSET	x86_64-systemv-elf-linux	compiler/semantic/types/option_layout_semantic.inc	NEBOC_OPTION_LAYOUT_REQUEST_RESULT_SIZE_OFFSET	16	8bc8e7cf47988708d607025c89dc705a11b2fa994475689a750665e36357180a	Owner contract; internal fields remain internal; no universal ABI promise
compiler/semantic/types/option_layout_semantic.inc::NEBOC_OPTION_LAYOUT_REQUEST_RESULT_ALIGN_OFFSET	x86_64-systemv-elf-linux	compiler/semantic/types/option_layout_semantic.inc	NEBOC_OPTION_LAYOUT_REQUEST_RESULT_ALIGN_OFFSET	24	edd4f14f77283c73bfc5da4aea31b2708073701ca4b5501e6f27e680170e45f6	Owner contract; internal fields remain internal; no universal ABI promise
compiler/semantic/types/option_layout_semantic.inc::NEBOC_OPTION_LAYOUT_REQUEST_DIAGNOSTIC_OFFSET	x86_64-systemv-elf-linux	compiler/semantic/types/option_layout_semantic.inc	NEBOC_OPTION_LAYOUT_REQUEST_DIAGNOSTIC_OFFSET	32	b1c839b5955ad373c827ed5039531bd5acea9767bd4be373ca09acc09bb2dccb	Owner contract; internal fields remain internal; no universal ABI promise
compiler/semantic/types/option_layout_semantic.inc::NEBOC_OPTION_LAYOUT_REQUEST_HASH_OFFSET	x86_64-systemv-elf-linux	compiler/semantic/types/option_layout_semantic.inc	NEBOC_OPTION_LAYOUT_REQUEST_HASH_OFFSET	40	388876c4bc44fc29043348d0dd3aa8ddf6d06ce3d354af941c9257647e84172f	Owner contract; internal fields remain internal; no universal ABI promise
compiler/semantic/types/option_layout_semantic.inc::NEBOC_OPTION_LAYOUT_REQUEST_SIZE	x86_64-systemv-elf-linux	compiler/semantic/types/option_layout_semantic.inc	NEBOC_OPTION_LAYOUT_REQUEST_SIZE	48	307e95f3d86498039ce8ad2610efc704368dfe73ccfedc89857f1d68b4f23002	Owner contract; internal fields remain internal; no universal ABI promise
compiler/semantic/types/option_layout_semantic.inc::NEBOC_OPTION_LAYOUT_REQUEST_QWORDS	x86_64-systemv-elf-linux	compiler/semantic/types/option_layout_semantic.inc	NEBOC_OPTION_LAYOUT_REQUEST_QWORDS	6	b2f59f5b36e3f666afac7087cd419d5ce783efae78ff73c2bbda2ae92fff0606	Owner contract; internal fields remain internal; no universal ABI promise
compiler/semantic/types/option_layout_semantic.inc::NEBOC_OPTION_MAX_PAYLOAD_SIZE	x86_64-systemv-elf-linux	compiler/semantic/types/option_layout_semantic.inc	NEBOC_OPTION_MAX_PAYLOAD_SIZE	1048576	c616a12c090924585304fec16b1ed393ff8b561d76a82660d52c5eda73cfc0da	Owner contract; internal fields remain internal; no universal ABI promise
compiler/semantic/types/option_layout_semantic.inc::NEBOC_RESULT_LAYOUT_OK_SIZE_OFFSET	x86_64-systemv-elf-linux	compiler/semantic/types/option_layout_semantic.inc	NEBOC_RESULT_LAYOUT_OK_SIZE_OFFSET	0	e549e788e4d9cebcf81aa9272b53be4653de7f8f7f1463ac7ebd275b64565db7	Owner contract; internal fields remain internal; no universal ABI promise
compiler/semantic/types/option_layout_semantic.inc::NEBOC_RESULT_LAYOUT_OK_ALIGN_OFFSET	x86_64-systemv-elf-linux	compiler/semantic/types/option_layout_semantic.inc	NEBOC_RESULT_LAYOUT_OK_ALIGN_OFFSET	8	163b0642bdc32297d063b23a745cfc9e5eeee22bfe4fdc24ac57f996c3684c8a	Owner contract; internal fields remain internal; no universal ABI promise
compiler/semantic/types/option_layout_semantic.inc::NEBOC_RESULT_LAYOUT_ERR_SIZE_OFFSET	x86_64-systemv-elf-linux	compiler/semantic/types/option_layout_semantic.inc	NEBOC_RESULT_LAYOUT_ERR_SIZE_OFFSET	16	41f3a4a0e01877dcea2d35f4d43f5de44126074725a88f8b0f5b2f3dad1095b8	Owner contract; internal fields remain internal; no universal ABI promise
compiler/semantic/types/option_layout_semantic.inc::NEBOC_RESULT_LAYOUT_ERR_ALIGN_OFFSET	x86_64-systemv-elf-linux	compiler/semantic/types/option_layout_semantic.inc	NEBOC_RESULT_LAYOUT_ERR_ALIGN_OFFSET	24	d06091d1adec8c1555551deee0537a9e906384603b4899f5e2101ed415266f9a	Owner contract; internal fields remain internal; no universal ABI promise
compiler/semantic/types/option_layout_semantic.inc::NEBOC_RESULT_LAYOUT_RESULT_SIZE_OFFSET	x86_64-systemv-elf-linux	compiler/semantic/types/option_layout_semantic.inc	NEBOC_RESULT_LAYOUT_RESULT_SIZE_OFFSET	32	0cf3d06e0e2a3ac48d39e3cf873e6dd90d75b1c144bede8066289c1c28ae3607	Owner contract; internal fields remain internal; no universal ABI promise
compiler/semantic/types/option_layout_semantic.inc::NEBOC_RESULT_LAYOUT_RESULT_ALIGN_OFFSET	x86_64-systemv-elf-linux	compiler/semantic/types/option_layout_semantic.inc	NEBOC_RESULT_LAYOUT_RESULT_ALIGN_OFFSET	40	a8a0434be9b1f1042715cc1372d119b4cf8279f3f1e79d8b66615b1c9b7d57ed	Owner contract; internal fields remain internal; no universal ABI promise
compiler/semantic/types/option_layout_semantic.inc::NEBOC_RESULT_LAYOUT_DIAGNOSTIC_OFFSET	x86_64-systemv-elf-linux	compiler/semantic/types/option_layout_semantic.inc	NEBOC_RESULT_LAYOUT_DIAGNOSTIC_OFFSET	48	a01707a791339cecd3254c56bd5b7afb9bcabc9133559d9da9cfbecbce8a0775	Owner contract; internal fields remain internal; no universal ABI promise
compiler/semantic/types/option_layout_semantic.inc::NEBOC_RESULT_LAYOUT_HASH_OFFSET	x86_64-systemv-elf-linux	compiler/semantic/types/option_layout_semantic.inc	NEBOC_RESULT_LAYOUT_HASH_OFFSET	56	a43b9024afbd2dc12202cf629126e5418f5905f24a18e3dc6be552f80ed9129a	Owner contract; internal fields remain internal; no universal ABI promise
compiler/semantic/types/option_layout_semantic.inc::NEBOC_RESULT_LAYOUT_REQUEST_SIZE	x86_64-systemv-elf-linux	compiler/semantic/types/option_layout_semantic.inc	NEBOC_RESULT_LAYOUT_REQUEST_SIZE	64	2ac7b7b74f9582d6a7076796836ff688be4b989aa1f7da129ac9ff0bdf0fe42b	Owner contract; internal fields remain internal; no universal ABI promise
compiler/semantic/types/option_layout_semantic.inc::NEBOC_RESULT_LAYOUT_REQUEST_QWORDS	x86_64-systemv-elf-linux	compiler/semantic/types/option_layout_semantic.inc	NEBOC_RESULT_LAYOUT_REQUEST_QWORDS	8	c57e43030f30bad5597c9fa14997eb838dd3963bb08a7a9f88fd45ab1b6bf93c	Owner contract; internal fields remain internal; no universal ABI promise
compiler/semantic/types/option_layout_semantic.inc::NEBOC_RESULT_MAX_PAYLOAD_SIZE	x86_64-systemv-elf-linux	compiler/semantic/types/option_layout_semantic.inc	NEBOC_RESULT_MAX_PAYLOAD_SIZE	1048576	484d81ef31dfba2f0a208bef660d65d4d9ae2b045acba0375755077b19af112a	Owner contract; internal fields remain internal; no universal ABI promise
compiler/semantic/types/type_table.inc::NEBOC_TYPE_ID_INVALID	x86_64-systemv-elf-linux	compiler/semantic/types/type_table.inc	NEBOC_TYPE_ID_INVALID	0	44fc045f977d14e8e3812f7469f44650c5deb451c2ffe780314779382a756954	Owner contract; internal fields remain internal; no universal ABI promise
compiler/semantic/types/type_table.inc::NEBOC_TYPE_ID_VOID	x86_64-systemv-elf-linux	compiler/semantic/types/type_table.inc	NEBOC_TYPE_ID_VOID	1	da4a7ea717f7c237d8c4e9f9943e605cba21cc12d40f2cccbcaf7066103ea007	Owner contract; internal fields remain internal; no universal ABI promise
compiler/semantic/types/type_table.inc::NEBOC_TYPE_ID_BOOL	x86_64-systemv-elf-linux	compiler/semantic/types/type_table.inc	NEBOC_TYPE_ID_BOOL	2	bae7e3104938def69ee041ef51179f0eaf57e6b40a2685103e365327eb14a6a1	Owner contract; internal fields remain internal; no universal ABI promise
compiler/semantic/types/type_table.inc::NEBOC_TYPE_ID_INT	x86_64-systemv-elf-linux	compiler/semantic/types/type_table.inc	NEBOC_TYPE_ID_INT	3	40c9790fa19452b6ec5573e923f6c62c219a0790a49dcc081461c9b454026ba5	Owner contract; internal fields remain internal; no universal ABI promise
compiler/semantic/types/type_table.inc::NEBOC_TYPE_ID_TEXT	x86_64-systemv-elf-linux	compiler/semantic/types/type_table.inc	NEBOC_TYPE_ID_TEXT	4	818aea21eb707d230860e0c31907785ff9f231ed5c3c6bbd8e19885c03b1e57f	Owner contract; internal fields remain internal; no universal ABI promise
compiler/semantic/types/type_table.inc::NEBOC_TYPE_ID_CONSOLE	x86_64-systemv-elf-linux	compiler/semantic/types/type_table.inc	NEBOC_TYPE_ID_CONSOLE	5	534948249268ab55647f94875c1f7831c27de01c75f107a9d6fb59ac42e5736b	Owner contract; internal fields remain internal; no universal ABI promise
compiler/semantic/types/type_table.inc::NEBOC_TYPE_ID_PENDING_TEXT	x86_64-systemv-elf-linux	compiler/semantic/types/type_table.inc	NEBOC_TYPE_ID_PENDING_TEXT	6	326b483dbb24237c3d5dae3a1bc7c28d647f3c000c9c2b8d1b1f7106dc7630bc	Owner contract; internal fields remain internal; no universal ABI promise
compiler/semantic/types/type_table.inc::NEBOC_TYPE_BUILTIN_COUNT	x86_64-systemv-elf-linux	compiler/semantic/types/type_table.inc	NEBOC_TYPE_BUILTIN_COUNT	6	c9b33d1c55e45c6852513a321af1b383a21b39f2b6e0c453097e5f82a3ea069e	Owner contract; internal fields remain internal; no universal ABI promise
compiler/semantic/types/type_table.inc::NEBOC_TYPE_ID_COLOR	x86_64-systemv-elf-linux	compiler/semantic/types/type_table.inc	NEBOC_TYPE_ID_COLOR	7	37ffffda44151298242b2fdf53c75f5a41d613bb9110a0e53b1fdb08eedb02eb	Owner contract; internal fields remain internal; no universal ABI promise
compiler/semantic/types/type_table.inc::NEBOC_TYPE_ID_BEHAVIOR_FOREGROUND_COLOR	x86_64-systemv-elf-linux	compiler/semantic/types/type_table.inc	NEBOC_TYPE_ID_BEHAVIOR_FOREGROUND_COLOR	8	313032f3d14979bacc09180cccf5f61c15eaa3e716c090b3410dd7d2de7c8fcf	Owner contract; internal fields remain internal; no universal ABI promise
compiler/semantic/types/type_table.inc::NEBOC_TYPE_INTRINSIC_COUNT	x86_64-systemv-elf-linux	compiler/semantic/types/type_table.inc	NEBOC_TYPE_INTRINSIC_COUNT	2	8fbb73cbdf7eb3345039aa33f9d637b5d135bbea3bed8d9b2a958ba6c2894e63	Owner contract; internal fields remain internal; no universal ABI promise
compiler/semantic/types/type_table.inc::NEBOC_TYPE_MAX_COUNT	x86_64-systemv-elf-linux	compiler/semantic/types/type_table.inc	NEBOC_TYPE_MAX_COUNT	8	705606158c356f6a0dbaf0bf7fc804a0481bc446a3f6207928c948b913f2315a	Owner contract; internal fields remain internal; no universal ABI promise
compiler/semantic/types/type_table.inc::NEBOC_TYPE_ID_FLOAT	x86_64-systemv-elf-linux	compiler/semantic/types/type_table.inc	NEBOC_TYPE_ID_FLOAT	9	03f05fc8a197a312ac623ef8eac18e20a5284054e3874f60c9af105ea911ac01	Owner contract; internal fields remain internal; no universal ABI promise
compiler/semantic/types/type_table.inc::NEBOC_TYPE_V02_MAX_COUNT	x86_64-systemv-elf-linux	compiler/semantic/types/type_table.inc	NEBOC_TYPE_V02_MAX_COUNT	9	a99284d33881dee1637d96290f5c5293bf52d123e1552bfd8f0632608330b02a	Owner contract; internal fields remain internal; no universal ABI promise
compiler/semantic/types/type_table.inc::NEBOC_TYPE_ID_CHAR	x86_64-systemv-elf-linux	compiler/semantic/types/type_table.inc	NEBOC_TYPE_ID_CHAR	10	ae863e44a36d46d28e1fbad63657f77d27792c08bbf46e4b3914b6114ef24c25	Owner contract; internal fields remain internal; no universal ABI promise
compiler/semantic/types/type_table.inc::NEBOC_TYPE_ID_BYTES	x86_64-systemv-elf-linux	compiler/semantic/types/type_table.inc	NEBOC_TYPE_ID_BYTES	11	ee12bdb52b49e45a58c7fca75e9fffbad27c329dc0f67d238e661305492edf97	Owner contract; internal fields remain internal; no universal ABI promise
compiler/semantic/types/type_table.inc::NEBOC_TYPE_V02_TEXTUAL_MAX_COUNT	x86_64-systemv-elf-linux	compiler/semantic/types/type_table.inc	NEBOC_TYPE_V02_TEXTUAL_MAX_COUNT	11	092157ae0099f9d3c3694c1c3ce6ea7120814fa949b257586ff9340060af5383	Owner contract; internal fields remain internal; no universal ABI promise
compiler/semantic/types/type_table.inc::NEBOC_TYPE_ID_BUFFER	x86_64-systemv-elf-linux	compiler/semantic/types/type_table.inc	NEBOC_TYPE_ID_BUFFER	12	7e29bb938dc921910e90a1192ce0ef35604287825faaf94be26843b74a557238	Owner contract; internal fields remain internal; no universal ABI promise
compiler/semantic/types/type_table.inc::NEBOC_TYPE_BUFFER_MAX_COUNT	x86_64-systemv-elf-linux	compiler/semantic/types/type_table.inc	NEBOC_TYPE_BUFFER_MAX_COUNT	12	a2de8e6847a25821eaadf61eaf6f1271ba1160dd19c045021c5135ad86b70ff4	Owner contract; internal fields remain internal; no universal ABI promise
compiler/semantic/types/type_table.inc::NEBOC_TYPE_ID_SLICE	x86_64-systemv-elf-linux	compiler/semantic/types/type_table.inc	NEBOC_TYPE_ID_SLICE	13	ace0f2889a085e6cc16f4f486917e7f8c38dfafb215c7776aa842dab9befc5f6	Owner contract; internal fields remain internal; no universal ABI promise
compiler/semantic/types/type_table.inc::NEBOC_TYPE_SLICE_MAX_COUNT	x86_64-systemv-elf-linux	compiler/semantic/types/type_table.inc	NEBOC_TYPE_SLICE_MAX_COUNT	13	41c966f4f47411a9770d63c79049196fc6130f9749d95633a885fe35ec84d0b5	Owner contract; internal fields remain internal; no universal ABI promise
compiler/semantic/types/type_table.inc::NEBOC_TYPE_ID_ORDERING	x86_64-systemv-elf-linux	compiler/semantic/types/type_table.inc	NEBOC_TYPE_ID_ORDERING	14	1303d3722e5c5dd47091bf19b6a309a8e0caf578274b227b4321f60b72fd30ca	Owner contract; internal fields remain internal; no universal ABI promise
compiler/semantic/types/type_table.inc::NEBOC_TYPE_P02_MAX_COUNT	x86_64-systemv-elf-linux	compiler/semantic/types/type_table.inc	NEBOC_TYPE_P02_MAX_COUNT	14	07aebb92b48fb3aba06feb9b982d61fe97bd290275bb560f155b6af95c58ca61	Owner contract; internal fields remain internal; no universal ABI promise
compiler/semantic/types/type_table.inc::NEBOC_TYPE_ID_PERCENT	x86_64-systemv-elf-linux	compiler/semantic/types/type_table.inc	NEBOC_TYPE_ID_PERCENT	15	5f92239dbe3860768c407105f0603e2f8bbf8d80fce13d48736449d5dc47a872	Owner contract; internal fields remain internal; no universal ABI promise
compiler/semantic/types/type_table.inc::NEBOC_TYPE_ID_PER_MILLE	x86_64-systemv-elf-linux	compiler/semantic/types/type_table.inc	NEBOC_TYPE_ID_PER_MILLE	16	e3d5b04224fe94b18dcf3bb18e3eaa5c8e56e8f742a49d7329fc6a424f391f61	Owner contract; internal fields remain internal; no universal ABI promise
compiler/semantic/types/type_table.inc::NEBOC_TYPE_ID_BASIS_POINTS	x86_64-systemv-elf-linux	compiler/semantic/types/type_table.inc	NEBOC_TYPE_ID_BASIS_POINTS	17	8ff4e96187ae02dd60160162bbb1c85fbfc113eb52de1f3aa8b1ef02f1695085	Owner contract; internal fields remain internal; no universal ABI promise
compiler/semantic/types/type_table.inc::NEBOC_TYPE_ID_ANGLE	x86_64-systemv-elf-linux	compiler/semantic/types/type_table.inc	NEBOC_TYPE_ID_ANGLE	18	314690a16ed3fd1028129d5fd571ba66c35ad2674d9c46147cec4bd16e350cac	Owner contract; internal fields remain internal; no universal ABI promise
compiler/semantic/types/type_table.inc::NEBOC_TYPE_ID_TEMPERATURE	x86_64-systemv-elf-linux	compiler/semantic/types/type_table.inc	NEBOC_TYPE_ID_TEMPERATURE	19	7bf52aad9118ca92b33be24db6ddc8545dc551b8a4e537dfbea21f9f11567d5e	Owner contract; internal fields remain internal; no universal ABI promise
compiler/semantic/types/type_table.inc::NEBOC_TYPE_QUANTITY_MAX_COUNT	x86_64-systemv-elf-linux	compiler/semantic/types/type_table.inc	NEBOC_TYPE_QUANTITY_MAX_COUNT	19	187f5d1e1656a58790347b6618e38566208b644eeb5369b6861bcc70393546ef	Owner contract; internal fields remain internal; no universal ABI promise
compiler/semantic/types/type_table.inc::NEBOC_TYPE_ID_UNCERTAIN_INT	x86_64-systemv-elf-linux	compiler/semantic/types/type_table.inc	NEBOC_TYPE_ID_UNCERTAIN_INT	20	38dccff3de6f78ab11ebe1cf8d930bd5727a19a65ecfcfecece04e5089aa6e4d	Owner contract; internal fields remain internal; no universal ABI promise
compiler/semantic/types/type_table.inc::NEBOC_TYPE_MEASUREMENT_MAX_COUNT	x86_64-systemv-elf-linux	compiler/semantic/types/type_table.inc	NEBOC_TYPE_MEASUREMENT_MAX_COUNT	20	9a949f43c7a37fb160f433088e2c693cc188b1198766fa46862c52ad67402066	Owner contract; internal fields remain internal; no universal ABI promise
compiler/semantic/types/type_table.inc::NEBOC_TYPE_KIND_VOID	x86_64-systemv-elf-linux	compiler/semantic/types/type_table.inc	NEBOC_TYPE_KIND_VOID	1	7b1ec2ce5b04ac067de1268c25a439ace58137507c0259e218e7760a14fba911	Owner contract; internal fields remain internal; no universal ABI promise
compiler/semantic/types/type_table.inc::NEBOC_TYPE_KIND_BOOL	x86_64-systemv-elf-linux	compiler/semantic/types/type_table.inc	NEBOC_TYPE_KIND_BOOL	2	0ac94daa44153fa259985925c93af5e0863931cab8956a901bc9bacfc512ced6	Owner contract; internal fields remain internal; no universal ABI promise
compiler/semantic/types/type_table.inc::NEBOC_TYPE_KIND_INT	x86_64-systemv-elf-linux	compiler/semantic/types/type_table.inc	NEBOC_TYPE_KIND_INT	3	3c5dc06f017c8d6e2e1540f11e418da548ce9dd261ab07d206fd6d9e776a7fce	Owner contract; internal fields remain internal; no universal ABI promise
compiler/semantic/types/type_table.inc::NEBOC_TYPE_KIND_TEXT	x86_64-systemv-elf-linux	compiler/semantic/types/type_table.inc	NEBOC_TYPE_KIND_TEXT	4	74f8760b0c45efc9a88a097ee03f82f7070c9d7c10fb0a5afaf061a6954b07d1	Owner contract; internal fields remain internal; no universal ABI promise
compiler/semantic/types/type_table.inc::NEBOC_TYPE_KIND_CONSOLE	x86_64-systemv-elf-linux	compiler/semantic/types/type_table.inc	NEBOC_TYPE_KIND_CONSOLE	5	2bcd404fe2feb9519d859519051f39cb6b3e3dad067fab4b0390ef953b9a52f5	Owner contract; internal fields remain internal; no universal ABI promise
compiler/semantic/types/type_table.inc::NEBOC_TYPE_KIND_PENDING	x86_64-systemv-elf-linux	compiler/semantic/types/type_table.inc	NEBOC_TYPE_KIND_PENDING	6	abb83167c4faec70ec66abdb55a9d65a4f58388dd11ed46528148ab924007937	Owner contract; internal fields remain internal; no universal ABI promise
compiler/semantic/types/type_table.inc::NEBOC_TYPE_KIND_COLOR	x86_64-systemv-elf-linux	compiler/semantic/types/type_table.inc	NEBOC_TYPE_KIND_COLOR	7	a354895ba9ed0a6bbb6f93a7b8e91053a4a892b87a0b3f255dd29f0b52c98f23	Owner contract; internal fields remain internal; no universal ABI promise
compiler/semantic/types/type_table.inc::NEBOC_TYPE_KIND_BEHAVIOR	x86_64-systemv-elf-linux	compiler/semantic/types/type_table.inc	NEBOC_TYPE_KIND_BEHAVIOR	8	9c622f7927949e7e9934969e6279dc11d811650c72439d59cc54e95b922bb174	Owner contract; internal fields remain internal; no universal ABI promise
compiler/semantic/types/type_table.inc::NEBOC_TYPE_KIND_FLOAT	x86_64-systemv-elf-linux	compiler/semantic/types/type_table.inc	NEBOC_TYPE_KIND_FLOAT	9	fa68ae9847d3a981c435a380287a3bcb76af6ec97f82b136c263a22a299aa0b1	Owner contract; internal fields remain internal; no universal ABI promise
compiler/semantic/types/type_table.inc::NEBOC_TYPE_KIND_CHAR	x86_64-systemv-elf-linux	compiler/semantic/types/type_table.inc	NEBOC_TYPE_KIND_CHAR	10	336b2baceabd027a1c0040af45a17313a3b10475b82eff30d37cc3f6864769d5	Owner contract; internal fields remain internal; no universal ABI promise
compiler/semantic/types/type_table.inc::NEBOC_TYPE_KIND_BYTES	x86_64-systemv-elf-linux	compiler/semantic/types/type_table.inc	NEBOC_TYPE_KIND_BYTES	11	d99798a138b5d41526bbf056e56a3208808ecc2c3a1e45375ac0602b8ef7d6b6	Owner contract; internal fields remain internal; no universal ABI promise
compiler/semantic/types/type_table.inc::NEBOC_TYPE_KIND_BUFFER	x86_64-systemv-elf-linux	compiler/semantic/types/type_table.inc	NEBOC_TYPE_KIND_BUFFER	12	96cca4086b3cd11810fb72c54348e67d140b17961b844618f4820744aa4c97a7	Owner contract; internal fields remain internal; no universal ABI promise
compiler/semantic/types/type_table.inc::NEBOC_TYPE_KIND_SLICE	x86_64-systemv-elf-linux	compiler/semantic/types/type_table.inc	NEBOC_TYPE_KIND_SLICE	13	3424263e4e3a931d950eaeb7a8333d9cf96008d8a1873335f8d979494d28d2fa	Owner contract; internal fields remain internal; no universal ABI promise
compiler/semantic/types/type_table.inc::NEBOC_TYPE_KIND_ORDERING	x86_64-systemv-elf-linux	compiler/semantic/types/type_table.inc	NEBOC_TYPE_KIND_ORDERING	14	63e1f183675bb39e282ba461d0a4dbc6218459d5cee8294c1fd4919d94169bf9	Owner contract; internal fields remain internal; no universal ABI promise
compiler/semantic/types/type_table.inc::NEBOC_TYPE_KIND_PERCENT	x86_64-systemv-elf-linux	compiler/semantic/types/type_table.inc	NEBOC_TYPE_KIND_PERCENT	15	473596076cc210f39e758bcda937ea0ec92029eb7a3384da048db1327dc017bd	Owner contract; internal fields remain internal; no universal ABI promise
compiler/semantic/types/type_table.inc::NEBOC_TYPE_KIND_PER_MILLE	x86_64-systemv-elf-linux	compiler/semantic/types/type_table.inc	NEBOC_TYPE_KIND_PER_MILLE	16	92848447eb319174283b1b657d0a138fce449fa83e085ebe3c8a1299817fe3a9	Owner contract; internal fields remain internal; no universal ABI promise
compiler/semantic/types/type_table.inc::NEBOC_TYPE_KIND_BASIS_POINTS	x86_64-systemv-elf-linux	compiler/semantic/types/type_table.inc	NEBOC_TYPE_KIND_BASIS_POINTS	17	f21f64dcdd6b9ba30888ff83adbe868046be40a683d3912eccb049caf546414e	Owner contract; internal fields remain internal; no universal ABI promise
compiler/semantic/types/type_table.inc::NEBOC_TYPE_KIND_ANGLE	x86_64-systemv-elf-linux	compiler/semantic/types/type_table.inc	NEBOC_TYPE_KIND_ANGLE	18	9280844e9c2c6e1fad96b4fd2936e75960e818da9aac8b27b26363038390c507	Owner contract; internal fields remain internal; no universal ABI promise
compiler/semantic/types/type_table.inc::NEBOC_TYPE_KIND_TEMPERATURE	x86_64-systemv-elf-linux	compiler/semantic/types/type_table.inc	NEBOC_TYPE_KIND_TEMPERATURE	19	6b81290472e47afb0f0e9a22bb4f5a1e05c99fbc61e42681ce4bccd220d9831d	Owner contract; internal fields remain internal; no universal ABI promise
compiler/semantic/types/type_table.inc::NEBOC_TYPE_KIND_UNCERTAIN_INT	x86_64-systemv-elf-linux	compiler/semantic/types/type_table.inc	NEBOC_TYPE_KIND_UNCERTAIN_INT	20	7976a90082aca996c23166dcc13b5b9b972f70a8718f2293930e0ca296fe2e99	Owner contract; internal fields remain internal; no universal ABI promise
compiler/semantic/types/type_table.inc::NEBOC_TYPE_KIND_COUNT	x86_64-systemv-elf-linux	compiler/semantic/types/type_table.inc	NEBOC_TYPE_KIND_COUNT	20	bfe774858826a545caea053fe1e8be876b6c2587009b4a0d9d66207ff3595e93	Owner contract; internal fields remain internal; no universal ABI promise
compiler/semantic/types/type_table.inc::NEBOC_TYPE_FLAG_NONE	x86_64-systemv-elf-linux	compiler/semantic/types/type_table.inc	NEBOC_TYPE_FLAG_NONE	0	89da5aaaa02306f79102d8e42925e3328c37c2ca31519bd6c006964a34856a30	Owner contract; internal fields remain internal; no universal ABI promise
compiler/semantic/types/type_table.inc::NEBOC_TYPE_FLAG_FUNDAMENTAL	x86_64-systemv-elf-linux	compiler/semantic/types/type_table.inc	NEBOC_TYPE_FLAG_FUNDAMENTAL	1	44ce823d26a66f93d149fdd0a46c7431d47970dec6b4b185ccc88628377428c7	Owner contract; internal fields remain internal; no universal ABI promise
compiler/semantic/types/type_table.inc::NEBOC_TYPE_FLAG_SEMANTIC	x86_64-systemv-elf-linux	compiler/semantic/types/type_table.inc	NEBOC_TYPE_FLAG_SEMANTIC	2	e99ae5988de686d1154ef01bcf75a06c0eb38eb2f37e7b79486a2270c1f38f8a	Owner contract; internal fields remain internal; no universal ABI promise
compiler/semantic/types/type_table.inc::NEBOC_TYPE_FLAG_PENDING	x86_64-systemv-elf-linux	compiler/semantic/types/type_table.inc	NEBOC_TYPE_FLAG_PENDING	4	b0782e0314241cc5a918010cb7bc4cf9063021808cce1b23c1aa498d051bffa3	Owner contract; internal fields remain internal; no universal ABI promise
compiler/semantic/types/type_table.inc::NEBOC_TYPE_FLAG_BEHAVIOR	x86_64-systemv-elf-linux	compiler/semantic/types/type_table.inc	NEBOC_TYPE_FLAG_BEHAVIOR	8	af9c7b5b6683103c342e7e753bd68e8f06a3900d65f2c67b2fa7dea36702e809	Owner contract; internal fields remain internal; no universal ABI promise
compiler/semantic/types/type_table.inc::NEBOC_TYPE_FLAG_INTRINSIC	x86_64-systemv-elf-linux	compiler/semantic/types/type_table.inc	NEBOC_TYPE_FLAG_INTRINSIC	16	cf2b503407708d30e2272635172ba60af320a9a40965e8f9563ed20fc34ae5ac	Owner contract; internal fields remain internal; no universal ABI promise
compiler/semantic/types/type_table.inc::NEBOC_TYPE_ENTRY_KIND_OFFSET	x86_64-systemv-elf-linux	compiler/semantic/types/type_table.inc	NEBOC_TYPE_ENTRY_KIND_OFFSET	0	50079d85c77aab0d534a8de6a5b0384235a50c447a32123cd824c96532dcad71	Owner contract; internal fields remain internal; no universal ABI promise
compiler/semantic/types/type_table.inc::NEBOC_TYPE_ENTRY_BASE_TYPE_ID_OFFSET	x86_64-systemv-elf-linux	compiler/semantic/types/type_table.inc	NEBOC_TYPE_ENTRY_BASE_TYPE_ID_OFFSET	8	b7cdc4dd5fb498d0c170a5792be25e0702204a764d49a7a39ee6bd1888da7cba	Owner contract; internal fields remain internal; no universal ABI promise
compiler/semantic/types/type_table.inc::NEBOC_TYPE_ENTRY_FLAGS_OFFSET	x86_64-systemv-elf-linux	compiler/semantic/types/type_table.inc	NEBOC_TYPE_ENTRY_FLAGS_OFFSET	16	a3e4efd05eeffee6bba4e4a1fdd9d05044e98328864a93a31dc8a603bce1e59c	Owner contract; internal fields remain internal; no universal ABI promise
compiler/semantic/types/type_table.inc::NEBOC_TYPE_ENTRY_ID_OFFSET	x86_64-systemv-elf-linux	compiler/semantic/types/type_table.inc	NEBOC_TYPE_ENTRY_ID_OFFSET	24	e7e701e1e5fd2b481d1c928b89cf791b20b0a3e025264b0c517910d4ba38e7fb	Owner contract; internal fields remain internal; no universal ABI promise
compiler/semantic/types/type_table.inc::NEBOC_TYPE_ENTRY_SIZE	x86_64-systemv-elf-linux	compiler/semantic/types/type_table.inc	NEBOC_TYPE_ENTRY_SIZE	32	84b22ebab26452d0c97ebc631c0d2bd33676f10751eec1db0644d7d29226a63f	Owner contract; internal fields remain internal; no universal ABI promise
compiler/semantic/types/type_table.inc::NEBOC_TYPE_ENTRY_QWORDS	x86_64-systemv-elf-linux	compiler/semantic/types/type_table.inc	NEBOC_TYPE_ENTRY_QWORDS	4	0a233467906271ca1cb0c09bfd72aa8c9ca54b53340cf66567f05cd54bce0d98	Owner contract; internal fields remain internal; no universal ABI promise
compiler/semantic/types/type_table.inc::NEBOC_TYPE_TABLE_DATA_OFFSET	x86_64-systemv-elf-linux	compiler/semantic/types/type_table.inc	NEBOC_TYPE_TABLE_DATA_OFFSET	0	267c5377f10f55b7559579fbb8024f5befbff486be284b3d1ff379505ff24aa0	Owner contract; internal fields remain internal; no universal ABI promise
compiler/semantic/types/type_table.inc::NEBOC_TYPE_TABLE_COUNT_OFFSET	x86_64-systemv-elf-linux	compiler/semantic/types/type_table.inc	NEBOC_TYPE_TABLE_COUNT_OFFSET	8	82af8ea6e814e6f2fbe4316da71cf7bef7ab59de7f6d049d76e0fc15d586423a	Owner contract; internal fields remain internal; no universal ABI promise
compiler/semantic/types/type_table.inc::NEBOC_TYPE_TABLE_CAPACITY_OFFSET	x86_64-systemv-elf-linux	compiler/semantic/types/type_table.inc	NEBOC_TYPE_TABLE_CAPACITY_OFFSET	16	96ecba5bf3bf4377309b776daf12ea2f2a0fcb376db5598554519903b24cfaa4	Owner contract; internal fields remain internal; no universal ABI promise
compiler/semantic/types/type_table.inc::NEBOC_TYPE_TABLE_STATE_OFFSET	x86_64-systemv-elf-linux	compiler/semantic/types/type_table.inc	NEBOC_TYPE_TABLE_STATE_OFFSET	24	bd1f77fbcc56a844c539d4ef3112e4667e5ce5310039c159f73ca3a5eaa96d96	Owner contract; internal fields remain internal; no universal ABI promise
compiler/semantic/types/type_table.inc::NEBOC_TYPE_TABLE_HASH_OFFSET	x86_64-systemv-elf-linux	compiler/semantic/types/type_table.inc	NEBOC_TYPE_TABLE_HASH_OFFSET	32	b7cc9b4654b36d895396a2bc56d0dfba913b778bb4cc249a79b717002a45663d	Owner contract; internal fields remain internal; no universal ABI promise
compiler/semantic/types/type_table.inc::NEBOC_TYPE_TABLE_SIZE	x86_64-systemv-elf-linux	compiler/semantic/types/type_table.inc	NEBOC_TYPE_TABLE_SIZE	40	e0d731fc00d23d6d5f241cb29610861aa6de5c939981f539942ddb576726eed4	Owner contract; internal fields remain internal; no universal ABI promise
compiler/semantic/types/type_table.inc::NEBOC_TYPE_TABLE_QWORDS	x86_64-systemv-elf-linux	compiler/semantic/types/type_table.inc	NEBOC_TYPE_TABLE_QWORDS	5	449104e889701a1ac481eb6aebb8a15a729befec57baba438ec33b30bf77935a	Owner contract; internal fields remain internal; no universal ABI promise
compiler/semantic/types/type_table.inc::NEBOC_TYPE_TABLE_STATE_EMPTY	x86_64-systemv-elf-linux	compiler/semantic/types/type_table.inc	NEBOC_TYPE_TABLE_STATE_EMPTY	0	fd7ad721660b8085e143dc188f5a926563169a16a9be98b65e9096d5cc2722ca	Owner contract; internal fields remain internal; no universal ABI promise
compiler/semantic/types/type_table.inc::NEBOC_TYPE_TABLE_STATE_MUTABLE	x86_64-systemv-elf-linux	compiler/semantic/types/type_table.inc	NEBOC_TYPE_TABLE_STATE_MUTABLE	1	060897f5fa8f3959bda0a14794c1a4eeed26769bebd55975e1fa8abb946dea5e	Owner contract; internal fields remain internal; no universal ABI promise
compiler/semantic/types/type_table.inc::NEBOC_TYPE_TABLE_STATE_FROZEN	x86_64-systemv-elf-linux	compiler/semantic/types/type_table.inc	NEBOC_TYPE_TABLE_STATE_FROZEN	2	0400095f3cbd3bf216d08a275ba529ed90ed87c2510ce751e0d0867d0855593a	Owner contract; internal fields remain internal; no universal ABI promise
compiler/semantic/types/type_table.inc::NEBOC_TYPE_HASH_FNV1A32_OFFSET_BASIS	x86_64-systemv-elf-linux	compiler/semantic/types/type_table.inc	NEBOC_TYPE_HASH_FNV1A32_OFFSET_BASIS	2166136261	d3e7af6a479e47e15842f6a128c0da4e2ca7f679a8c8e2c600aa09f175d235a5	Owner contract; internal fields remain internal; no universal ABI promise
compiler/semantic/types/type_table.inc::NEBOC_TYPE_HASH_FNV1A32_PRIME	x86_64-systemv-elf-linux	compiler/semantic/types/type_table.inc	NEBOC_TYPE_HASH_FNV1A32_PRIME	16777619	10a98ea651edb417ff7de2decdae960e460aec2f71d73cf06736f56ae4084a25	Owner contract; internal fields remain internal; no universal ABI promise
runtime/core/runtime_core.inc::NEBO_RUNTIME_ABI_VERSION_V0	x86_64-systemv-elf-linux	runtime/core/runtime_core.inc	NEBO_RUNTIME_ABI_VERSION_V0	0	05851e1b61c5710cccf0f23121f0dbc4ee94e3cd51bbb36945b00e8cf5c59498	Owner contract; internal fields remain internal; no universal ABI promise
runtime/core/runtime_core.inc::NEBO_RUNTIME_TEXT_DESCRIPTOR_SIZE	x86_64-systemv-elf-linux	runtime/core/runtime_core.inc	NEBO_RUNTIME_TEXT_DESCRIPTOR_SIZE	24	0c59f2d7021d5e7843b8344223dd5f4f11a006cd8385c918b152d9fef6ce2c47	Owner contract; internal fields remain internal; no universal ABI promise
runtime/core/runtime_core.inc::NEBO_RUNTIME_TEXT_DATA_OFFSET	x86_64-systemv-elf-linux	runtime/core/runtime_core.inc	NEBO_RUNTIME_TEXT_DATA_OFFSET	0	b38d2485b5cebce3506af7df7c733165a0819b016b3b14637f82a35037609abe	Owner contract; internal fields remain internal; no universal ABI promise
runtime/core/runtime_core.inc::NEBO_RUNTIME_TEXT_LENGTH_OFFSET	x86_64-systemv-elf-linux	runtime/core/runtime_core.inc	NEBO_RUNTIME_TEXT_LENGTH_OFFSET	8	0da44277c588b70f9979c27b7cadb82875a9e372bb3982b45750f63391fa8695	Owner contract; internal fields remain internal; no universal ABI promise
runtime/core/runtime_core.inc::NEBO_RUNTIME_TEXT_FLAGS_OFFSET	x86_64-systemv-elf-linux	runtime/core/runtime_core.inc	NEBO_RUNTIME_TEXT_FLAGS_OFFSET	16	598d37ea3d949242104b5ce81b70063e4e9d816f42ed6f01900e3e84475bc980	Owner contract; internal fields remain internal; no universal ABI promise
runtime/core/runtime_core.inc::NEBO_RUNTIME_TEXT_ENCODING_OFFSET	x86_64-systemv-elf-linux	runtime/core/runtime_core.inc	NEBO_RUNTIME_TEXT_ENCODING_OFFSET	20	b9e6d2f586b8c84fc43a4cfe353770ffa4be6ba0ca890bc10f6c2d7dcd3ba2d4	Owner contract; internal fields remain internal; no universal ABI promise
runtime/core/runtime_core.inc::NEBO_RUNTIME_TEXT_LIFETIME_OFFSET	x86_64-systemv-elf-linux	runtime/core/runtime_core.inc	NEBO_RUNTIME_TEXT_LIFETIME_OFFSET	22	631736acf4e3b74313be10b1175bdb336abed70e2ba73eddae1644fac62f2542	Owner contract; internal fields remain internal; no universal ABI promise
runtime/core/runtime_core.inc::NEBO_RUNTIME_TEXT_ENCODING_UTF8	x86_64-systemv-elf-linux	runtime/core/runtime_core.inc	NEBO_RUNTIME_TEXT_ENCODING_UTF8	1	eda08a5a614f41c2783462eb463f96db5d6b2cb8f1fe550ee9bd61843d1d501f	Owner contract; internal fields remain internal; no universal ABI promise
runtime/core/runtime_core.inc::NEBO_RUNTIME_TEXT_LIFETIME_STATIC	x86_64-systemv-elf-linux	runtime/core/runtime_core.inc	NEBO_RUNTIME_TEXT_LIFETIME_STATIC	1	9be3c5697ac0b15e9b154cdac5299156c3d3f7a3b0d4bf7458a8fab7f08b30ad	Owner contract; internal fields remain internal; no universal ABI promise
runtime/core/runtime_core.inc::NEBO_RUNTIME_TRAP_UNIMPLEMENTED_CONSOLE	x86_64-systemv-elf-linux	runtime/core/runtime_core.inc	NEBO_RUNTIME_TRAP_UNIMPLEMENTED_CONSOLE	41	3472b42904aec66bdffa71b38ac4f6671e191ad9669d160140b8fc85bebd8803	Owner contract; internal fields remain internal; no universal ABI promise
runtime/core/runtime_core.inc::NEBO_RUNTIME_TRAP_INVALID_DESCRIPTOR	x86_64-systemv-elf-linux	runtime/core/runtime_core.inc	NEBO_RUNTIME_TRAP_INVALID_DESCRIPTOR	42	70b5d59c0c7b7b9e095e2567c8daadaaae9d59b9a8d0e9f865128d369b972323	Owner contract; internal fields remain internal; no universal ABI promise
runtime/core/runtime_core.inc::NEBO_RUNTIME_TRAP_INVALID_ENTRY	x86_64-systemv-elf-linux	runtime/core/runtime_core.inc	NEBO_RUNTIME_TRAP_INVALID_ENTRY	43	1eb597366c780bfce9773132e97a858d89f631ea7d727f56648967490f21c994	Owner contract; internal fields remain internal; no universal ABI promise
runtime/core/runtime_core.inc::NEBO_RUNTIME_TRAP_INT_OVERFLOW	x86_64-systemv-elf-linux	runtime/core/runtime_core.inc	NEBO_RUNTIME_TRAP_INT_OVERFLOW	44	10424e2dbd4ee259f105aac7620e08c883be1021e648714ebe55b6cf9a494a1a	Owner contract; internal fields remain internal; no universal ABI promise
runtime/core/runtime_core.inc::NEBO_RUNTIME_TRAP_DIVISION_BY_ZERO	x86_64-systemv-elf-linux	runtime/core/runtime_core.inc	NEBO_RUNTIME_TRAP_DIVISION_BY_ZERO	45	d90436062eec6102e9b3fb7bdd10f986b875374a377af86e3f70ee393d3eebf6	Owner contract; internal fields remain internal; no universal ABI promise
runtime/core/runtime_core.inc::NEBO_RUNTIME_TRAP_CONSOLE_RUNTIME	x86_64-systemv-elf-linux	runtime/core/runtime_core.inc	NEBO_RUNTIME_TRAP_CONSOLE_RUNTIME	46	9b08c995a0829b2dea2594007a0a23a5621917ecf92bcd1c90673a575f2e210b	Owner contract; internal fields remain internal; no universal ABI promise
runtime/core/runtime_core.inc::NEBO_RUNTIME_TRAP_CONTRACT_ASSERTION	x86_64-systemv-elf-linux	runtime/core/runtime_core.inc	NEBO_RUNTIME_TRAP_CONTRACT_ASSERTION	47	606ffa477ad1049f3e8ab9b35bb8cada86b0369edef894101f0ee9522e357f58	Owner contract; internal fields remain internal; no universal ABI promise
runtime/core/runtime_core.inc::NEBO_RUNTIME_TRAP_UNREACHABLE	x86_64-systemv-elf-linux	runtime/core/runtime_core.inc	NEBO_RUNTIME_TRAP_UNREACHABLE	48	03803759252c6c6bb96a6ffaa52dffb33231bdc8c5859541fe1aa8608f3ff9e8	Owner contract; internal fields remain internal; no universal ABI promise
runtime/core/runtime_core.inc::NEBO_RUNTIME_TRAP_ARITHMETIC_DOMAIN	x86_64-systemv-elf-linux	runtime/core/runtime_core.inc	NEBO_RUNTIME_TRAP_ARITHMETIC_DOMAIN	49	bf0fec22959c2f542b3f8a2d5cd860e121611d50f54a70dc83e0bd31562d21c4	Owner contract; internal fields remain internal; no universal ABI promise
runtime/core/runtime_core.inc::NEBO_RUNTIME_TRAP_STACK_BUDGET	x86_64-systemv-elf-linux	runtime/core/runtime_core.inc	NEBO_RUNTIME_TRAP_STACK_BUDGET	50	7b2cec2c9bc792f0dc09877492637e0c2d616bfd6310fa21102a34db1e700992	Owner contract; internal fields remain internal; no universal ABI promise
runtime/core/runtime_core.inc::NEBO_RUNTIME_OWNED_STACK_CAP	x86_64-systemv-elf-linux	runtime/core/runtime_core.inc	NEBO_RUNTIME_OWNED_STACK_CAP	4194304	d17d82876f851d0cbfb9a5c7935a9709923e073a95e95a60db6979cfe75ffc16	Owner contract; internal fields remain internal; no universal ABI promise
runtime/core/runtime_core.inc::NEBO_RUNTIME_NATIVE_STACK_RESERVE	x86_64-systemv-elf-linux	runtime/core/runtime_core.inc	NEBO_RUNTIME_NATIVE_STACK_RESERVE	131072	10602ef6aaf42462768147a6a26d7ec5afc4ef34b26a229bd8ec64bf0e7f5dde	Owner contract; internal fields remain internal; no universal ABI promise
runtime/core/runtime_core.inc::NEBO_RUNTIME_MEASUREMENT_VALUE_MIN	x86_64-systemv-elf-linux	runtime/core/runtime_core.inc	NEBO_RUNTIME_MEASUREMENT_VALUE_MIN	-134217728	9648e2190c3f225aeaa72adfcab3092bcf3672a4d5b9cdfecf80453944d2d6c1	Owner contract; internal fields remain internal; no universal ABI promise
runtime/core/runtime_core.inc::NEBO_RUNTIME_MEASUREMENT_VALUE_MAX	x86_64-systemv-elf-linux	runtime/core/runtime_core.inc	NEBO_RUNTIME_MEASUREMENT_VALUE_MAX	134217727	bc77a988a547f0c0a266036a459e18c15641678cbfe6d4c7ffb04f0822c57b13	Owner contract; internal fields remain internal; no universal ABI promise
runtime/core/runtime_core.inc::NEBO_RUNTIME_MEASUREMENT_UNCERTAINTY_MAX	x86_64-systemv-elf-linux	runtime/core/runtime_core.inc	NEBO_RUNTIME_MEASUREMENT_UNCERTAINTY_MAX	65535	bb076554f66b8bccd74bcfc5adc8c07b8283f01edbbbd849f1741e9870b6bb50	Owner contract; internal fields remain internal; no universal ABI promise
runtime/core/runtime_core.inc::NEBO_RUNTIME_MEASUREMENT_UNIT_MAX	x86_64-systemv-elf-linux	runtime/core/runtime_core.inc	NEBO_RUNTIME_MEASUREMENT_UNIT_MAX	63	133a75420aac9511c3948473c8c3214627d5d7b2664221e2971c331598f8916b	Owner contract; internal fields remain internal; no universal ABI promise
runtime/core/runtime_core.inc::NEBO_RUNTIME_MEASUREMENT_PERCENT_MAX	x86_64-systemv-elf-linux	runtime/core/runtime_core.inc	NEBO_RUNTIME_MEASUREMENT_PERCENT_MAX	100	21e55bdd6ebb45743b28ace34de01c57c99bfac3fb49dc458ae62101b950830f	Owner contract; internal fields remain internal; no universal ABI promise
runtime/core/runtime_core.inc::NEBO_RUNTIME_MEASUREMENT_VALUE_SHIFT	x86_64-systemv-elf-linux	runtime/core/runtime_core.inc	NEBO_RUNTIME_MEASUREMENT_VALUE_SHIFT	36	7ab9d42a85d7e9087375c0e7407ead4862cd6351b06b5d5ab05d4478695c7e43	Owner contract; internal fields remain internal; no universal ABI promise
runtime/core/runtime_core.inc::NEBO_RUNTIME_MEASUREMENT_UNCERTAINTY_SHIFT	x86_64-systemv-elf-linux	runtime/core/runtime_core.inc	NEBO_RUNTIME_MEASUREMENT_UNCERTAINTY_SHIFT	20	4d86ae0adb7915a5eaf6bf310d96beda400b4ff2135ca913fd1fdc5bb2d7a0cc	Owner contract; internal fields remain internal; no universal ABI promise
runtime/core/runtime_core.inc::NEBO_RUNTIME_MEASUREMENT_UNIT_SHIFT	x86_64-systemv-elf-linux	runtime/core/runtime_core.inc	NEBO_RUNTIME_MEASUREMENT_UNIT_SHIFT	14	dd08e532de5924cd3e4f881c535641cfaea06f7ee220555746b8905f2acd5e44	Owner contract; internal fields remain internal; no universal ABI promise
runtime/core/runtime_core.inc::NEBO_RUNTIME_MEASUREMENT_QUALITY_SHIFT	x86_64-systemv-elf-linux	runtime/core/runtime_core.inc	NEBO_RUNTIME_MEASUREMENT_QUALITY_SHIFT	7	8701090a99b3130e14ccca2fbadc866eac4a0f2dad78d4030303e6da5b14842c	Owner contract; internal fields remain internal; no universal ABI promise
runtime/core/runtime_core.inc::NEBO_RUNTIME_SCAN_RESULT_CAPACITY	x86_64-systemv-elf-linux	runtime/core/runtime_core.inc	NEBO_RUNTIME_SCAN_RESULT_CAPACITY	64	000d0d42496c2f70a9bdc166c1d1203a4ef191f34b3ed14639900a5e816b3c8a	Owner contract; internal fields remain internal; no universal ABI promise
runtime/memory/ownership_runtime.inc::NEBOC_RUNTIME_STATE_OFFSET	x86_64-systemv-elf-linux	runtime/memory/ownership_runtime.inc	NEBOC_RUNTIME_STATE_OFFSET	664	01904eed23396d60f55c0f777d83f1fa83352ec49ee9dc93ff6aa244787b4fcb	Owner contract; internal fields remain internal; no universal ABI promise
runtime/memory/ownership_runtime.inc::NEBOC_RUNTIME_EXECUTED_OFFSET	x86_64-systemv-elf-linux	runtime/memory/ownership_runtime.inc	NEBOC_RUNTIME_EXECUTED_OFFSET	792	5f1be9de7072142291bd28926c4f14e085e7b43d9bb62ed72c8d287dc45cd07c	Owner contract; internal fields remain internal; no universal ABI promise
runtime/memory/ownership_runtime.inc::NEBOC_RUNTIME_STATUS_OFFSET	x86_64-systemv-elf-linux	runtime/memory/ownership_runtime.inc	NEBOC_RUNTIME_STATUS_OFFSET	800	1a6fed5a14efade7584158897e6b3acfb1112aa82d8950425538d2ed1017128b	Owner contract; internal fields remain internal; no universal ABI promise
runtime/memory/ownership_runtime.inc::NEBOC_RUNTIME_OBSERVED_STATE_OFFSET	x86_64-systemv-elf-linux	runtime/memory/ownership_runtime.inc	NEBOC_RUNTIME_OBSERVED_STATE_OFFSET	808	9fecd2aa3c422f974ab595bcfeaba04088159343ea390ff3bbcf43db1b5b9c71	Owner contract; internal fields remain internal; no universal ABI promise
runtime/memory/ownership_runtime.inc::NEBOC_RUNTIME_CLEANUP_DELTA_OFFSET	x86_64-systemv-elf-linux	runtime/memory/ownership_runtime.inc	NEBOC_RUNTIME_CLEANUP_DELTA_OFFSET	816	cf5f95365d383a2e62f8c0899f21493ca6ac1f69521176d3223dc3115d2ae597	Owner contract; internal fields remain internal; no universal ABI promise
runtime/memory/ownership_runtime.inc::NEBOC_RUNTIME_GENERATION_DELTA_OFFSET	x86_64-systemv-elf-linux	runtime/memory/ownership_runtime.inc	NEBOC_RUNTIME_GENERATION_DELTA_OFFSET	824	40546dfce4d69f8508aabd2ce7079a8490bd3e04694f8742c9a83df792235b10	Owner contract; internal fields remain internal; no universal ABI promise
runtime/memory/ownership_runtime.inc::NEBOC_RUNTIME_FINAL_STATE_HASH_OFFSET	x86_64-systemv-elf-linux	runtime/memory/ownership_runtime.inc	NEBOC_RUNTIME_FINAL_STATE_HASH_OFFSET	832	5c71af6f648353b0a640f52b07acf94f5359dcf483fa0dfd4bd32c8ee499982d	Owner contract; internal fields remain internal; no universal ABI promise
runtime/memory/ownership_runtime.inc::neboc_memoria_ownership_lifetimes_e_recursos_RUNTIME_DIAGNOSTIC_OFFSET	x86_64-systemv-elf-linux	runtime/memory/ownership_runtime.inc	neboc_memoria_ownership_lifetimes_e_recursos_RUNTIME_DIAGNOSTIC_OFFSET	840	30f4c66f9c57f150138b433fcc28e3ed3d05efac6aad37d0936c626970b1e4ff	Owner contract; internal fields remain internal; no universal ABI promise
runtime/memory/ownership_runtime.inc::neboc_memoria_ownership_lifetimes_e_recursos_RUNTIME_DECISION_OFFSET	x86_64-systemv-elf-linux	runtime/memory/ownership_runtime.inc	neboc_memoria_ownership_lifetimes_e_recursos_RUNTIME_DECISION_OFFSET	848	63de05cffb9ef98a7c76276b71d5eba63e180dc8a7adc2acad91a65802945ea2	Owner contract; internal fields remain internal; no universal ABI promise
runtime/memory/ownership_runtime.inc::neboc_memoria_ownership_lifetimes_e_recursos_RUNTIME_EVENT_HASH_OFFSET	x86_64-systemv-elf-linux	runtime/memory/ownership_runtime.inc	neboc_memoria_ownership_lifetimes_e_recursos_RUNTIME_EVENT_HASH_OFFSET	856	79e886b6e349af3154d2df7f4a7681362557332fa1cc31fca6ac576777a67f56	Owner contract; internal fields remain internal; no universal ABI promise
runtime/memory/ownership_runtime.inc::neboc_memoria_ownership_lifetimes_e_recursos_RUNTIME_HASHED_BYTES	x86_64-systemv-elf-linux	runtime/memory/ownership_runtime.inc	neboc_memoria_ownership_lifetimes_e_recursos_RUNTIME_HASHED_BYTES	856	0e7a4ffb75f017266ffc829c51eb6e03f2565d9bcd13870281c6093df38da830	Owner contract; internal fields remain internal; no universal ABI promise
runtime/memory/ownership_runtime.inc::neboc_memoria_ownership_lifetimes_e_recursos_RUNTIME_OUTPUT_QWORDS	x86_64-systemv-elf-linux	runtime/memory/ownership_runtime.inc	neboc_memoria_ownership_lifetimes_e_recursos_RUNTIME_OUTPUT_QWORDS	25	07a9116e52fc53fefe1117076a7df1e6dba130272d9925e16994c0149e180d83	Owner contract; internal fields remain internal; no universal ABI promise
runtime/memory/ownership_runtime.inc::neboc_memoria_ownership_lifetimes_e_recursos_RUNTIME_REQUEST_QWORDS	x86_64-systemv-elf-linux	runtime/memory/ownership_runtime.inc	neboc_memoria_ownership_lifetimes_e_recursos_RUNTIME_REQUEST_QWORDS	108	5248a1855afc520aa9db7965b6a4a83180e71f04cc1e84f0409ad8e7a7d95b0c	Owner contract; internal fields remain internal; no universal ABI promise
runtime/memory/ownership_runtime.inc::neboc_memoria_ownership_lifetimes_e_recursos_RUNTIME_REQUEST_SIZE	x86_64-systemv-elf-linux	runtime/memory/ownership_runtime.inc	neboc_memoria_ownership_lifetimes_e_recursos_RUNTIME_REQUEST_SIZE	864	745a0d39df6596e1fe2bd92d62ef7bf487b8cf91ddeeaed9c8a3d865bafae07b	Owner contract; internal fields remain internal; no universal ABI promise
runtime/memory/ownership_runtime.inc::neboc_memoria_ownership_lifetimes_e_recursos_RUNTIME_ALIGNMENT	x86_64-systemv-elf-linux	runtime/memory/ownership_runtime.inc	neboc_memoria_ownership_lifetimes_e_recursos_RUNTIME_ALIGNMENT	8	dc47f2c2d67a5779d4087c69d74e323121ee6951e6b2c120dbcbfe2b52aebb43	Owner contract; internal fields remain internal; no universal ABI promise
