item_id	subject	defined_value	failure_policy	scope	authority	state
ID-TARGET	Executable target	x86_64-systemv-elf-linux; LP64 little endian; Int64; binary64; SysV ELF	Reject incompatible target/interface; no inferred alternate-target conformance	IMPLEMENTATION_PROFILE	docs/reference/interfaces/NI-SCHEMA-AND-FINGERPRINT-FREEZE.md	DECLARED
ID-STATUS	Linux process status	Observable low byte 0..255 of explicit integer return; Python negative return code denotes signal	Signal termination is not an ordinary status	PLATFORM_PROFILE	docs/reference/language/NEBO-1.0-SEMANTIC-SPEC.md	DECLARED
ID-NI	Binary interface	NEBO.NI version 1 Edition 1; 16 MiB; 64 sections; 1024 records; material Int constant profile	Authenticate lengths/digests/types before publishing; metadata-only input cannot supply values	TOOLCHAIN_INTERFACE	docs/reference/interfaces/NI-SCHEMA-AND-FINGERPRINT-FREEZE.md	DECLARED
ID-ABI	Internal layout and calls	Exact native ABI reference; descriptor offsets are not language types; ABI/runtime fields unchanged	Reject target/layout incompatibility; no version bump	TOOLCHAIN_INTERFACE	docs/reference/interfaces/PUBLIC-ABI-FREEZE.tsv	DECLARED
ID-CONCURRENCY	Execution and memory model	Bounded cooperative callbacks and ownership/guard rules; no general preemptive cross-thread source memory model	Unsupported callback/capture forms reject; cancellation blocks admission	BOUNDED_MATERIAL_PROFILE	docs/reference/language/NEBO-1.0-SEMANTIC-SPEC.md	DECLARED
ID-DOC-LABEL	Executable documentation label	[public-|private-|secret-][law-]exit-N where N is 0..255	NEBO-RF166-G158-001 before verified documentation publication	TOOLING_PROFILE	tools/rf204-g158.py	DECLARED
ID-FOR	Iterable admission	Previously bound supported iterable; optional index and finite integer comparison filter	Invalid header or unsupported iteration rejects before publication	BOUNDED_SOURCE_PROFILE	compiler/parser/statements/statements.asm	DECLARED
ID-NAMED	Named/default arguments	Current pure scalar argument profile	No implicit effectful argument support	BOUNDED_SOURCE_PROFILE	docs/reference/language/NEBO-1.0-SEMANTIC-SPEC.md	DECLARED
ID-LIVE	Display, Scan and services	Retained headless/software Console; synthetic mock/stdin Scan in this conformance run	No hardware, real secret, desktop or service guarantee	ENVIRONMENT_PROFILE	sdk/contracts/stdlib/STDLIB-PROFILE-BOUNDARIES.tsv	DECLARED
ID-SEMANTIC-allocation-budget	allocation-budget	System blocks <=65536 bytes, arena capacity <=1048576; OOM releases earlier successful allocations without publishing a later sink.	G170:ownership_test:allocate-65536-return-23,G170:ownership_test:arena-1048576-17,G171:pairwise:allocation-oom-cleanup	BOUNDED_SEMANTIC_LIMIT	docs/reference/language/NEBO-1.0-SEMANTIC-SPEC.md#G175-S07-F001	DECLARED
ID-SEMANTIC-arithmetic-failures	arithmetic-failures	Checked integer overflow/division traps do not wrap silently; explicit status preserves canonical return semantics.	G170:binding_test:Int-add-overflow,G170:binding_test:Int-divide-zero,G170:math_return_test:*	BOUNDED_SEMANTIC_LIMIT	docs/reference/language/NEBO-1.0-SEMANTIC-SPEC.md#G175-S07-F002	DECLARED
ID-SEMANTIC-output-capacity	output-capacity	Tagged publication budget 32 and error text pool 4096 are checked before artifacts/output; plus-one rejects.	G170:option_result_test:option-effect-capacity,G170:option_result_test:option-effect-capacity-plus-one,G170:option_result_test:error-message-pool-boundary,G170:option_result_test:error-message-pool-plus-one	BOUNDED_SEMANTIC_LIMIT	docs/reference/language/NEBO-1.0-SEMANTIC-SPEC.md#G175-S07-F003	DECLARED
ID-SEMANTIC-recursion-budget	recursion-budget	At most 64 active supported call frames; depth-boundary programs terminate with a defined trap, never hang.	G170:control_test:recursion-63,G170:control_test:recursion-64	BOUNDED_SEMANTIC_LIMIT	docs/reference/language/NEBO-1.0-SEMANTIC-SPEC.md#G175-S07-F004	DECLARED
ID-SEMANTIC-publication-atomicity	publication-atomicity	Failure before an atomic sink preserves existing files; rename/capacity/parser failures leave no partial output.	G171:pairwise:filesystem-rename-failure,G171:pairwise:dict-capacity-failure-no-publish,G171:pairwise:scan-abort-no-file	BOUNDED_SEMANTIC_LIMIT	docs/reference/language/NEBO-1.0-SEMANTIC-SPEC.md#G175-S07-F005	DECLARED
ID-LIMIT-1	native recovery diagnostic default	8	No partial diagnostic/AST commit	TOOLING_LIMIT	docs/reference/language/LIMIT-BUDGET-MATRIX.tsv	DECLARED
ID-LIMIT-2	native recovery token default	1048576	LIMIT_EXCEEDED	TOOLING_LIMIT	docs/reference/language/LIMIT-BUDGET-MATRIX.tsv	DECLARED
ID-LIMIT-3	native recovery AST default	1048576	LIMIT_EXCEEDED	TOOLING_LIMIT	docs/reference/language/LIMIT-BUDGET-MATRIX.tsv	DECLARED
ID-LIMIT-4	native parser nesting	512 limit; 511 accepted	NEBO_PARSE_NESTING_LIMIT at 512	SOURCE_LIMIT	docs/reference/language/LIMIT-BUDGET-MATRIX.tsv	DECLARED
ID-LIMIT-5	public max-errors	1..64	Bounded diagnostics; no source artifact	SOURCE_LIMIT	docs/reference/language/LIMIT-BUDGET-MATRIX.tsv	DECLARED
ID-LIMIT-6	block comment depth	64	Typed rejection at 65	SOURCE_LIMIT	docs/reference/language/LIMIT-BUDGET-MATRIX.tsv	DECLARED
ID-LIMIT-7	formatter source bytes	1048576	Reject before write	TOOLING_LIMIT	docs/reference/language/LIMIT-BUDGET-MATRIX.tsv	DECLARED
ID-LIMIT-8	formatter native tokens	32768	Reject malformed/overflow transport	TOOLING_LIMIT	docs/reference/language/LIMIT-BUDGET-MATRIX.tsv	DECLARED
ID-LIMIT-9	formatter compiler child seconds	15	No write on timeout	TOOLING_LIMIT	docs/reference/language/LIMIT-BUDGET-MATRIX.tsv	DECLARED
ID-LIMIT-10	symbol formatter child seconds	15	No write on failure	TOOLING_LIMIT	docs/reference/language/LIMIT-BUDGET-MATRIX.tsv	DECLARED
ID-LIMIT-11	RF172 replay seconds	180	Timeout is failure	TEST_BUDGET_NOT_LANGUAGE_RULE	docs/reference/language/LIMIT-BUDGET-MATRIX.tsv	DECLARED
ID-LIMIT-12	G174 full validator seconds	900	Timeout is failure	TEST_BUDGET_NOT_LANGUAGE_RULE	docs/reference/language/LIMIT-BUDGET-MATRIX.tsv	DECLARED
ID-PUBLIC-233cae135785161a6c458f60	NSR-CORE-001	Exact Registry token and real Program statements; independent value/document/exit oracles, changed operands, associated negatives; Int64/Bool/binary64 or the referenced public typed profile; native checked arithmetic and complete source statement ownership. Int64/Bool/binary64/Unicode scalar values; checked arithmetic; lexical evaluation once	operator:discard-mutable	STABLE_PUBLIC_PROFILE	sdk/contracts/stdlib/STDLIB-STABLE-CATALOG.tsv#NSR-CORE-001	DECLARED
ID-PUBLIC-c52a671723afc6a2bbc69340	NSR-CORE-002	Exact Registry token and real Program statements; independent value/document/exit oracles, changed operands, associated negatives; Int64/Bool/binary64 or the referenced public typed profile; native checked arithmetic and complete source statement ownership. Int64/Bool/binary64/Unicode scalar values; checked arithmetic; lexical evaluation once	operator:discard-mutable	STABLE_PUBLIC_PROFILE	sdk/contracts/stdlib/STDLIB-STABLE-CATALOG.tsv#NSR-CORE-002	DECLARED
ID-PUBLIC-5c7f6c563260bd96de04dbad	NSR-CORE-003	Exact Registry token and real Program statements; independent value/document/exit oracles, changed operands, associated negatives; Int64/Bool/binary64 or the referenced public typed profile; native checked arithmetic and complete source statement ownership. Int64/Bool/binary64/Unicode scalar values; checked arithmetic; lexical evaluation once	operator:discard-mutable	STABLE_PUBLIC_PROFILE	sdk/contracts/stdlib/STDLIB-STABLE-CATALOG.tsv#NSR-CORE-003	DECLARED
ID-PUBLIC-a1bcc34c0f607c3bd21d27d5	NSR-CORE-004	Exact Registry token and real Program statements; independent value/document/exit oracles, changed operands, associated negatives; Int64/Bool/binary64 or the referenced public typed profile; native checked arithmetic and complete source statement ownership. Int64/Bool/binary64/Unicode scalar values; checked arithmetic; lexical evaluation once	operator:wrong-domain-e28891,operator:reduce-overflow-e2888f	STABLE_PUBLIC_PROFILE	sdk/contracts/stdlib/STDLIB-STABLE-CATALOG.tsv#NSR-CORE-004	DECLARED
ID-PUBLIC-76d9529bd10c7510188043fd	NSR-CORE-005	Exact Registry token and real Program statements; independent value/document/exit oracles, changed operands, associated negatives; Int64/Bool/binary64 or the referenced public typed profile; native checked arithmetic and complete source statement ownership. Int64/Bool/binary64/Unicode scalar values; checked arithmetic; lexical evaluation once	operator:wrong-domain-e28891,operator:reduce-overflow-e2888f	STABLE_PUBLIC_PROFILE	sdk/contracts/stdlib/STDLIB-STABLE-CATALOG.tsv#NSR-CORE-005	DECLARED
ID-PUBLIC-9342bca221dbd9d560c3f521	NSR-CORE-006	Exact Registry token and real Program statements; independent value/document/exit oracles, changed operands, associated negatives; Int64/Bool/binary64 or the referenced public typed profile; native checked arithmetic and complete source statement ownership. Int64/Bool/binary64/Unicode scalar values; checked arithmetic; lexical evaluation once	operator:bytes-four-arity	STABLE_PUBLIC_PROFILE	sdk/contracts/stdlib/STDLIB-STABLE-CATALOG.tsv#NSR-CORE-006	DECLARED
ID-PUBLIC-babe1641ef0a800ea0a5956a	NSR-CORE-007	Exact Registry token and real Program statements; independent value/document/exit oracles, changed operands, associated negatives; Int64/Bool/binary64 or the referenced public typed profile; native checked arithmetic and complete source statement ownership. Int64/Bool/binary64/Unicode scalar values; checked arithmetic; lexical evaluation once	operator:discard-mutable	STABLE_PUBLIC_PROFILE	sdk/contracts/stdlib/STDLIB-STABLE-CATALOG.tsv#NSR-CORE-007	DECLARED
ID-PUBLIC-f6c6b384190055f2e6d140c3	NSR-CORE-008	Exact Registry token and real Program statements; independent value/document/exit oracles, changed operands, associated negatives; Int64/Bool/binary64 or the referenced public typed profile; native checked arithmetic and complete source statement ownership. Checked format/interpolation profile; 64 segments; finite text/output budgets; pure interpolation	format:named-duplicate,format:named-absent,format:named-type	STABLE_PUBLIC_PROFILE	sdk/contracts/stdlib/STDLIB-STABLE-CATALOG.tsv#NSR-CORE-008	DECLARED
ID-PUBLIC-174e4e70dd30e5bb580de0d6	NSR-CORE-009	Exact Registry token and real Program statements; independent value/document/exit oracles, changed operands, associated negatives; Int64/Bool/binary64 or the referenced public typed profile; native checked arithmetic and complete source statement ownership. Int64/Bool/binary64/Unicode scalar values; checked arithmetic; lexical evaluation once	operator:discard-mutable	STABLE_PUBLIC_PROFILE	sdk/contracts/stdlib/STDLIB-STABLE-CATALOG.tsv#NSR-CORE-009	DECLARED
ID-PUBLIC-ffa8df221f56f1026f18cefd	NSR-CORE-010	Exact Registry token and real Program statements; independent value/document/exit oracles, changed operands, associated negatives; Int64/Bool/binary64 or the referenced public typed profile; native checked arithmetic and complete source statement ownership. Int64/Bool/binary64/Unicode scalar values; checked arithmetic; lexical evaluation once	operator:discard-read,operator:discard-mutable	STABLE_PUBLIC_PROFILE	sdk/contracts/stdlib/STDLIB-STABLE-CATALOG.tsv#NSR-CORE-010	DECLARED
ID-PUBLIC-1dc475a172d2a889f3a676d6	NSR-CORE-011	Exact Registry token and real Program statements; independent value/document/exit oracles, changed operands, associated negatives; Int64/Bool/binary64 or the referenced public typed profile; native checked arithmetic and complete source statement ownership. Int64/Bool/binary64/Unicode scalar values; checked arithmetic; lexical evaluation once	operator:comment-does-not-bind	STABLE_PUBLIC_PROFILE	sdk/contracts/stdlib/STDLIB-STABLE-CATALOG.tsv#NSR-CORE-011	DECLARED
ID-PUBLIC-d5542f0adab915dc31d5fd71	NSR-CORE-012	Exact Registry token and real Program statements; independent value/document/exit oracles, changed operands, associated negatives; Int64/Bool/binary64 or the referenced public typed profile; native checked arithmetic and complete source statement ownership. Int64/Bool/binary64/Unicode scalar values; checked arithmetic; lexical evaluation once	operator:wrong-2b	STABLE_PUBLIC_PROFILE	sdk/contracts/stdlib/STDLIB-STABLE-CATALOG.tsv#NSR-CORE-012	DECLARED
ID-PUBLIC-77d61b140de7af4cea4c66e7	NSR-CORE-013	Exact Registry token and real Program statements; independent value/document/exit oracles, changed operands, associated negatives; Int64/Bool/binary64 or the referenced public typed profile; native checked arithmetic and complete source statement ownership. Int64/Bool/binary64/Unicode scalar values; checked arithmetic; lexical evaluation once	operator:wrong-2d	STABLE_PUBLIC_PROFILE	sdk/contracts/stdlib/STDLIB-STABLE-CATALOG.tsv#NSR-CORE-013	DECLARED
ID-PUBLIC-a1320d1d8768477e1d9f616e	NSR-CORE-014	Exact Registry token and real Program statements; independent value/document/exit oracles, changed operands, associated negatives; Int64/Bool/binary64 or the referenced public typed profile; native checked arithmetic and complete source statement ownership. Int64/Bool/binary64/Unicode scalar values; checked arithmetic; lexical evaluation once	operator:wrong-2a	STABLE_PUBLIC_PROFILE	sdk/contracts/stdlib/STDLIB-STABLE-CATALOG.tsv#NSR-CORE-014	DECLARED
ID-PUBLIC-c28d867d69411a276c472112	NSR-CORE-015	Exact Registry token and real Program statements; independent value/document/exit oracles, changed operands, associated negatives; Int64/Bool/binary64 or the referenced public typed profile; native checked arithmetic and complete source statement ownership. Int64/Bool/binary64/Unicode scalar values; checked arithmetic; lexical evaluation once	operator:wrong-2f	STABLE_PUBLIC_PROFILE	sdk/contracts/stdlib/STDLIB-STABLE-CATALOG.tsv#NSR-CORE-015	DECLARED
ID-PUBLIC-d836ced6bcbc26eeb63ac6d1	NSR-CORE-016	Exact Registry token and real Program statements; independent value/document/exit oracles, changed operands, associated negatives; Int64/Bool/binary64 or the referenced public typed profile; native checked arithmetic and complete source statement ownership. Int64/Bool/binary64/Unicode scalar values; checked arithmetic; lexical evaluation once	operator:wrong-25	STABLE_PUBLIC_PROFILE	sdk/contracts/stdlib/STDLIB-STABLE-CATALOG.tsv#NSR-CORE-016	DECLARED
ID-PUBLIC-f76dde8b86993e2eb975705f	NSR-CORE-017	Exact Registry token and real Program statements; independent value/document/exit oracles, changed operands, associated negatives; Int64/Bool/binary64 or the referenced public typed profile; native checked arithmetic and complete source statement ownership. Int64/Bool/binary64/Unicode scalar values; checked arithmetic; lexical evaluation once	operator:wrong-5e	STABLE_PUBLIC_PROFILE	sdk/contracts/stdlib/STDLIB-STABLE-CATALOG.tsv#NSR-CORE-017	DECLARED
ID-PUBLIC-947dbacc5b8b1d8f4b7adc50	NSR-CORE-018	Exact Registry token and real Program statements; independent value/document/exit oracles, changed operands, associated negatives; Int64/Bool/binary64 or the referenced public typed profile; native checked arithmetic and complete source statement ownership. Int64/Bool/binary64/Unicode scalar values; checked arithmetic; lexical evaluation once	operator:wrong-unary-2b	STABLE_PUBLIC_PROFILE	sdk/contracts/stdlib/STDLIB-STABLE-CATALOG.tsv#NSR-CORE-018	DECLARED
ID-PUBLIC-2ffa8e06869b38e8aa044187	NSR-CORE-019	Exact Registry token and real Program statements; independent value/document/exit oracles, changed operands, associated negatives; Int64/Bool/binary64 or the referenced public typed profile; native checked arithmetic and complete source statement ownership. Int64/Bool/binary64/Unicode scalar values; checked arithmetic; lexical evaluation once	operator:wrong-unary-2d	STABLE_PUBLIC_PROFILE	sdk/contracts/stdlib/STDLIB-STABLE-CATALOG.tsv#NSR-CORE-019	DECLARED
ID-PUBLIC-8aa3114f59b96a60cde50914	NSR-CORE-020	Exact Registry token and real Program statements; independent value/document/exit oracles, changed operands, associated negatives; Int64/Bool/binary64 or the referenced public typed profile; native checked arithmetic and complete source statement ownership. Int64/Bool/binary64/Unicode scalar values; checked arithmetic; lexical evaluation once	operator:wrong-unary-21	STABLE_PUBLIC_PROFILE	sdk/contracts/stdlib/STDLIB-STABLE-CATALOG.tsv#NSR-CORE-020	DECLARED
ID-PUBLIC-f27b68fb29fb12013c4242b0	NSR-CORE-021	Exact Registry token and real Program statements; independent value/document/exit oracles, changed operands, associated negatives; Int64/Bool/binary64 or the referenced public typed profile; native checked arithmetic and complete source statement ownership. Int64/Bool/binary64/Unicode scalar values; checked arithmetic; lexical evaluation once	operator:wrong-logic-int	STABLE_PUBLIC_PROFILE	sdk/contracts/stdlib/STDLIB-STABLE-CATALOG.tsv#NSR-CORE-021	DECLARED
ID-PUBLIC-c7b9321bdc78e40ba24167b6	NSR-CORE-022	Exact Registry token and real Program statements; independent value/document/exit oracles, changed operands, associated negatives; Int64/Bool/binary64 or the referenced public typed profile; native checked arithmetic and complete source statement ownership. Int64/Bool/binary64/Unicode scalar values; checked arithmetic; lexical evaluation once	operator:wrong-logic-int	STABLE_PUBLIC_PROFILE	sdk/contracts/stdlib/STDLIB-STABLE-CATALOG.tsv#NSR-CORE-022	DECLARED
ID-PUBLIC-f6af19ba8aada1245ebb5c14	NSR-CORE-023	Exact Registry token and real Program statements; independent value/document/exit oracles, changed operands, associated negatives; Equal Int/Bool/Bytes operands; immutable Bytes XOR requires equal lengths at most 4096; fromByte takes one Int and fromValues four Ints in 0..255; private initialized storage; ordered effects and two live outputs. Int64/Bool/binary64/Unicode scalar values; checked arithmetic; lexical evaluation once	operator:wrong-786f72,operator:bytes-xor-mixed,operator:bytes-bool,operator:bytes-arity	STABLE_PUBLIC_PROFILE	sdk/contracts/stdlib/STDLIB-STABLE-CATALOG.tsv#NSR-CORE-023	DECLARED
ID-PUBLIC-ffafddcec61723507869c0c6	NSR-CORE-024	Exact Registry token and real Program statements; independent value/document/exit oracles, changed operands, associated negatives; Int64/Bool/binary64 or the referenced public typed profile; native checked arithmetic and complete source statement ownership. Int64/Bool/binary64/Unicode scalar values; checked arithmetic; lexical evaluation once	operator:wrong-3c	STABLE_PUBLIC_PROFILE	sdk/contracts/stdlib/STDLIB-STABLE-CATALOG.tsv#NSR-CORE-024	DECLARED
ID-PUBLIC-e847ffc4d646d1bd749bfec8	NSR-CORE-025	Exact Registry token and real Program statements; independent value/document/exit oracles, changed operands, associated negatives; Int64/Bool/binary64 or the referenced public typed profile; native checked arithmetic and complete source statement ownership. Int64/Bool/binary64/Unicode scalar values; checked arithmetic; lexical evaluation once	operator:wrong-3c3d	STABLE_PUBLIC_PROFILE	sdk/contracts/stdlib/STDLIB-STABLE-CATALOG.tsv#NSR-CORE-025	DECLARED
ID-PUBLIC-87e29b308c4c72b0e7d3af64	NSR-CORE-026	Exact Registry token and real Program statements; independent value/document/exit oracles, changed operands, associated negatives; Int64/Bool/binary64 or the referenced public typed profile; native checked arithmetic and complete source statement ownership. Int64/Bool/binary64/Unicode scalar values; checked arithmetic; lexical evaluation once	operator:wrong-3e	STABLE_PUBLIC_PROFILE	sdk/contracts/stdlib/STDLIB-STABLE-CATALOG.tsv#NSR-CORE-026	DECLARED
ID-PUBLIC-39608bfd345b671ca27cea42	NSR-CORE-027	Exact Registry token and real Program statements; independent value/document/exit oracles, changed operands, associated negatives; Int64/Bool/binary64 or the referenced public typed profile; native checked arithmetic and complete source statement ownership. Int64/Bool/binary64/Unicode scalar values; checked arithmetic; lexical evaluation once	operator:wrong-3e3d	STABLE_PUBLIC_PROFILE	sdk/contracts/stdlib/STDLIB-STABLE-CATALOG.tsv#NSR-CORE-027	DECLARED
ID-PUBLIC-15d680f301d90590b417bab6	NSR-CORE-028	Exact Registry token and real Program statements; independent value/document/exit oracles, changed operands, associated negatives; Int64/Bool/binary64 or the referenced public typed profile; native checked arithmetic and complete source statement ownership. Int64/Bool/binary64/Unicode scalar values; checked arithmetic; lexical evaluation once	operator:wrong-3d3d	STABLE_PUBLIC_PROFILE	sdk/contracts/stdlib/STDLIB-STABLE-CATALOG.tsv#NSR-CORE-028	DECLARED
ID-PUBLIC-4b7f82eb079c0e1ec516e2a3	NSR-CORE-029	Exact Registry token and real Program statements; independent value/document/exit oracles, changed operands, associated negatives; Int64/Bool/binary64 or the referenced public typed profile; native checked arithmetic and complete source statement ownership. Int64/Bool/binary64/Unicode scalar values; checked arithmetic; lexical evaluation once	operator:wrong-213d	STABLE_PUBLIC_PROFILE	sdk/contracts/stdlib/STDLIB-STABLE-CATALOG.tsv#NSR-CORE-029	DECLARED
ID-PUBLIC-918d3d0d9c4049cea4face3f	NSR-CORE-030	Exact Registry token and real Program statements; independent value/document/exit oracles, changed operands, associated negatives; Int64/Bool/binary64 or the referenced public typed profile; native checked arithmetic and complete source statement ownership. Int64/Bool/binary64/Unicode scalar values; checked arithmetic; lexical evaluation once	operator:ordering-type	STABLE_PUBLIC_PROFILE	sdk/contracts/stdlib/STDLIB-STABLE-CATALOG.tsv#NSR-CORE-030	DECLARED
ID-PUBLIC-46b5aa678a419a2007c44aad	NSR-CORE-031	Exact Registry token and real Program statements; independent value/document/exit oracles, changed operands, associated negatives; Int64/Bool/binary64 or the referenced public typed profile; native checked arithmetic and complete source statement ownership. Int64/Bool/binary64/Unicode scalar values; checked arithmetic; lexical evaluation once	binding:constant-bool-write,binding:constant-text-write	STABLE_PUBLIC_PROFILE	sdk/contracts/stdlib/STDLIB-STABLE-CATALOG.tsv#NSR-CORE-031	DECLARED
ID-PUBLIC-5c8b2b62e02477c2f647e671	NSR-CORE-032	Exact Registry token and real Program statements; independent value/document/exit oracles, changed operands, associated negatives; Int64/Bool/binary64 or the referenced public typed profile; native checked arithmetic and complete source statement ownership. Int64/Bool/binary64/Unicode scalar values; checked arithmetic; lexical evaluation once	binding:constant-bool-write	STABLE_PUBLIC_PROFILE	sdk/contracts/stdlib/STDLIB-STABLE-CATALOG.tsv#NSR-CORE-032	DECLARED
ID-PUBLIC-5ee0126d2c1a3273d47b11ed	NSR-CORE-033	Exact Registry token and real Program statements; independent value/document/exit oracles, changed operands, associated negatives; Int64/Bool/binary64 or the referenced public typed profile; native checked arithmetic and complete source statement ownership. Int64/Bool/binary64/Unicode scalar values; checked arithmetic; lexical evaluation once	binding:constant-bool-write	STABLE_PUBLIC_PROFILE	sdk/contracts/stdlib/STDLIB-STABLE-CATALOG.tsv#NSR-CORE-033	DECLARED
ID-PUBLIC-7e5ae120970cbfc5d6a62ab1	NSR-CORE-034	Exact Registry token and real Program statements; independent value/document/exit oracles, changed operands, associated negatives; Int64/Bool/binary64 or the referenced public typed profile; native checked arithmetic and complete source statement ownership. Int64/Bool/binary64/Unicode scalar values; checked arithmetic; lexical evaluation once	binding:constant-bool-write	STABLE_PUBLIC_PROFILE	sdk/contracts/stdlib/STDLIB-STABLE-CATALOG.tsv#NSR-CORE-034	DECLARED
ID-PUBLIC-8f2de96b3d11aa00d980fc55	NSR-CORE-035	Exact Registry token and real Program statements; independent value/document/exit oracles, changed operands, associated negatives; Int64/Bool/binary64 or the referenced public typed profile; native checked arithmetic and complete source statement ownership. Int64/Bool/binary64/Unicode scalar values; checked arithmetic; lexical evaluation once	binding:constant-bool-write	STABLE_PUBLIC_PROFILE	sdk/contracts/stdlib/STDLIB-STABLE-CATALOG.tsv#NSR-CORE-035	DECLARED
ID-PUBLIC-d1507ef7a50385ff2523509a	NSR-CORE-036	Exact Registry token and real Program statements; independent value/document/exit oracles, changed operands, associated negatives; Int64/Bool/binary64 or the referenced public typed profile; native checked arithmetic and complete source statement ownership. Int64/Bool/binary64/Unicode scalar values; checked arithmetic; lexical evaluation once	binding:constant-bool-write	STABLE_PUBLIC_PROFILE	sdk/contracts/stdlib/STDLIB-STABLE-CATALOG.tsv#NSR-CORE-036	DECLARED
ID-PUBLIC-6556b3167c669135545295d9	NSR-CORE-037	Exact Registry token and real Program statements; independent value/document/exit oracles, changed operands, associated negatives; Int64/Bool/binary64 or the referenced public typed profile; native checked arithmetic and complete source statement ownership. Int64/Bool/binary64/Unicode scalar values; checked arithmetic; lexical evaluation once	binding:constant-bool-write	STABLE_PUBLIC_PROFILE	sdk/contracts/stdlib/STDLIB-STABLE-CATALOG.tsv#NSR-CORE-037	DECLARED
ID-PUBLIC-33326957e909dff1b3f74fa2	NSR-CORE-038	Exact Registry token and real Program statements; independent value/document/exit oracles, changed operands, associated negatives; Int64/Bool/binary64 or the referenced public typed profile; native checked arithmetic and complete source statement ownership. Int64/Bool/binary64/Unicode scalar values; checked arithmetic; lexical evaluation once	operator:result-outside-context	STABLE_PUBLIC_PROFILE	sdk/contracts/stdlib/STDLIB-STABLE-CATALOG.tsv#NSR-CORE-038	DECLARED
ID-PUBLIC-48a90c8e53504d330248a0bd	NSR-CORE-039	Exact Registry token and real Program statements; independent value/document/exit oracles, changed operands, associated negatives; Int64/Bool/binary64 or the referenced public typed profile; native checked arithmetic and complete source statement ownership. Int64/Bool/binary64/Unicode scalar values; checked arithmetic; lexical evaluation once	operator:coalesce-type-mismatch	STABLE_PUBLIC_PROFILE	sdk/contracts/stdlib/STDLIB-STABLE-CATALOG.tsv#NSR-CORE-039	DECLARED
ID-PUBLIC-7bfc47d8000ece9903153e8c	NSR-CORE-040	Exact Registry token and real Program statements; independent value/document/exit oracles, changed operands, associated negatives; Int64/Bool/binary64 or the referenced public typed profile; native checked arithmetic and complete source statement ownership. Int64/Bool/binary64/Unicode scalar values; checked arithmetic; lexical evaluation once	operator:optional-chain-invalid-member	STABLE_PUBLIC_PROFILE	sdk/contracts/stdlib/STDLIB-STABLE-CATALOG.tsv#NSR-CORE-040	DECLARED
ID-PUBLIC-ab8abbb9e22114738cd8c4d1	NSR-CORE-041	Exact Registry token and real Program statements; independent value/document/exit oracles, changed operands, associated negatives; Int64/Bool/binary64 or the referenced public typed profile; native checked arithmetic and complete source statement ownership. Int64/Bool/binary64/Unicode scalar values; checked arithmetic; lexical evaluation once	operator:option-assign-immutable	STABLE_PUBLIC_PROFILE	sdk/contracts/stdlib/STDLIB-STABLE-CATALOG.tsv#NSR-CORE-041	DECLARED
ID-PUBLIC-942b0f0769353f3a8adab4e0	NSR-CORE-042	Exact Registry token and real Program statements; independent value/document/exit oracles, changed operands, associated negatives; Int64/Bool/binary64 or the referenced public typed profile; native checked arithmetic and complete source statement ownership. Int64/Bool/binary64/Unicode scalar values; checked arithmetic; lexical evaluation once	operator:wrong-domain-25	STABLE_PUBLIC_PROFILE	sdk/contracts/stdlib/STDLIB-STABLE-CATALOG.tsv#NSR-CORE-042	DECLARED
ID-PUBLIC-de46c2fe44efbd7da87be345	NSR-CORE-043	Exact Registry token and real Program statements; independent value/document/exit oracles, changed operands, associated negatives; Int64/Bool/binary64 or the referenced public typed profile; native checked arithmetic and complete source statement ownership. Int64/Bool/binary64/Unicode scalar values; checked arithmetic; lexical evaluation once	operator:chained-range,operator:ascii-three-dot-range	STABLE_PUBLIC_PROFILE	sdk/contracts/stdlib/STDLIB-STABLE-CATALOG.tsv#NSR-CORE-043	DECLARED
ID-PUBLIC-4abc55d56d9c2692a68ceeec	NSR-CORE-044	Exact Registry token and real Program statements; independent value/document/exit oracles, changed operands, associated negatives; Int64/Bool/binary64 or the referenced public typed profile; native checked arithmetic and complete source statement ownership. Int64/Bool/binary64/Unicode scalar values; checked arithmetic; lexical evaluation once	operator:chained-range,operator:ascii-three-dot-range	STABLE_PUBLIC_PROFILE	sdk/contracts/stdlib/STDLIB-STABLE-CATALOG.tsv#NSR-CORE-044	DECLARED
ID-PUBLIC-e77f5709cdc7b8ac6d3817f9	NSR-CORE-045	Exact Registry token and real Program statements; independent value/document/exit oracles, changed operands, associated negatives; Int64/Bool/binary64 or the referenced public typed profile; native checked arithmetic and complete source statement ownership. Int64/Bool/binary64/Unicode scalar values; checked arithmetic; lexical evaluation once	operator:chained-range,operator:ascii-three-dot-range	STABLE_PUBLIC_PROFILE	sdk/contracts/stdlib/STDLIB-STABLE-CATALOG.tsv#NSR-CORE-045	DECLARED
ID-PUBLIC-8e65be4e9ece7a6d415e4e9f	NSR-CORE-046	Exact Registry token and real Program statements; independent value/document/exit oracles, changed operands, associated negatives; Int64/Bool/binary64 or the referenced public typed profile; native checked arithmetic and complete source statement ownership. Int64/Bool/binary64/Unicode scalar values; checked arithmetic; lexical evaluation once	operator:chained-range,operator:ascii-three-dot-range	STABLE_PUBLIC_PROFILE	sdk/contracts/stdlib/STDLIB-STABLE-CATALOG.tsv#NSR-CORE-046	DECLARED
ID-PUBLIC-26eb1cc3efaf586156013b71	NSR-CORE-047	Exact Registry token and real Program statements; independent value/document/exit oracles, changed operands, associated negatives; The linked receiver frame survives native Console and owned Text allocations; body effects occur once before the preserved return. Int64/Bool/binary64/Unicode scalar values; checked arithmetic; lexical evaluation once	operator:lateral-mutation	STABLE_PUBLIC_PROFILE	sdk/contracts/stdlib/STDLIB-STABLE-CATALOG.tsv#NSR-CORE-047	DECLARED
ID-PUBLIC-08c8301bf69c6f35087e43d6	NSR-DOM-001	Exact Registry token and real Program statements; independent value/document/exit oracles, changed operands, associated negatives; Native checked exact signed Int roots; nonintegral/invalid real roots trap through the arithmetic domain owner. Native checked scalar/vector mathematics; independent numeric oracle; explicit process return separate from intermediate value	operator:wrong-unary-e2889a	STABLE_PUBLIC_PROFILE	sdk/contracts/stdlib/STDLIB-STABLE-CATALOG.tsv#NSR-DOM-001	DECLARED
ID-PUBLIC-fdc13381d00d100fe02deb4d	NSR-DOM-002	Exact Registry token and real Program statements; independent value/document/exit oracles, changed operands, associated negatives; Native checked exact signed Int roots; nonintegral/invalid real roots trap through the arithmetic domain owner. Native checked scalar/vector mathematics; independent numeric oracle; explicit process return separate from intermediate value	operator:wrong-unary-e2889b	STABLE_PUBLIC_PROFILE	sdk/contracts/stdlib/STDLIB-STABLE-CATALOG.tsv#NSR-DOM-002	DECLARED
ID-PUBLIC-0aaf1c4f534d4c65ba8fd527	NSR-DOM-003	Exact Registry token and real Program statements; independent value/document/exit oracles, changed operands, associated negatives; Native checked exact signed Int roots; nonintegral/invalid real roots trap through the arithmetic domain owner. Native checked scalar/vector mathematics; independent numeric oracle; explicit process return separate from intermediate value	operator:wrong-unary-e2889c	STABLE_PUBLIC_PROFILE	sdk/contracts/stdlib/STDLIB-STABLE-CATALOG.tsv#NSR-DOM-003	DECLARED
ID-PUBLIC-3f14ea90d8a94f4ae3b8f5b3	NSR-DOM-004	Exact Registry token and real Program statements; independent value/document/exit oracles, changed operands, associated negatives; Int64/Bool/binary64 or the referenced public typed profile; native checked arithmetic and complete source statement ownership. Native checked scalar/vector mathematics; independent numeric oracle; explicit process return separate from intermediate value	operator:wrong-unary-666163746f7269616c	STABLE_PUBLIC_PROFILE	sdk/contracts/stdlib/STDLIB-STABLE-CATALOG.tsv#NSR-DOM-004	DECLARED
ID-PUBLIC-f7c05bead291b5e6544a6231	NSR-DOM-005	Exact Registry token and real Program statements; independent value/document/exit oracles, changed operands, associated negatives; Int64/Bool/binary64 or the referenced public typed profile; native checked arithmetic and complete source statement ownership. Native checked scalar/vector mathematics; independent numeric oracle; explicit process return separate from intermediate value	operator:wrong-domain-e2889e	STABLE_PUBLIC_PROFILE	sdk/contracts/stdlib/STDLIB-STABLE-CATALOG.tsv#NSR-DOM-005	DECLARED
ID-PUBLIC-cccf8646004e3b1d67c9ca83	NSR-DOM-006	Exact Registry token and real Program statements; independent value/document/exit oracles, changed operands, associated negatives; Int64/Bool/binary64 or the referenced public typed profile; native checked arithmetic and complete source statement ownership. Native checked scalar/vector mathematics; independent numeric oracle; explicit process return separate from intermediate value	operator:wrong-domain-cf80	STABLE_PUBLIC_PROFILE	sdk/contracts/stdlib/STDLIB-STABLE-CATALOG.tsv#NSR-DOM-006	DECLARED
ID-PUBLIC-1c2ff3dda1c7b3d128eac9a5	NSR-DOM-007	Exact Registry token and real Program statements; independent value/document/exit oracles, changed operands, associated negatives; Int64/Bool/binary64 or the referenced public typed profile; native checked arithmetic and complete source statement ownership. Native checked scalar/vector mathematics; independent numeric oracle; explicit process return separate from intermediate value	operator:wrong-domain-cf84	STABLE_PUBLIC_PROFILE	sdk/contracts/stdlib/STDLIB-STABLE-CATALOG.tsv#NSR-DOM-007	DECLARED
ID-PUBLIC-7ccaad58bee301ddcc7eba3e	NSR-DOM-008	Exact Registry token and real Program statements; independent value/document/exit oracles, changed operands, associated negatives; Finite immutable Array<Int,N> domain; canonical checked constant fold in source order; empty identities 0/1; constant overflow is rejected with NEBO_TYPE_CONSTANT_OVERFLOW; later publication and explicit return remain in the shared Program. Native checked scalar/vector mathematics; independent numeric oracle; explicit process return separate from intermediate value	operator:wrong-domain-e28891,operator:reduce-overflow-e28891	STABLE_PUBLIC_PROFILE	sdk/contracts/stdlib/STDLIB-STABLE-CATALOG.tsv#NSR-DOM-008	DECLARED
ID-PUBLIC-247308f8eebbe84e08df67be	NSR-DOM-009	Exact Registry token and real Program statements; independent value/document/exit oracles, changed operands, associated negatives; Finite immutable Array<Int,N> domain; canonical checked constant fold in source order; empty identities 0/1; constant overflow is rejected with NEBO_TYPE_CONSTANT_OVERFLOW; later publication and explicit return remain in the shared Program. Native checked scalar/vector mathematics; independent numeric oracle; explicit process return separate from intermediate value	operator:wrong-domain-e2888f,operator:reduce-overflow-e2888f	STABLE_PUBLIC_PROFILE	sdk/contracts/stdlib/STDLIB-STABLE-CATALOG.tsv#NSR-DOM-009	DECLARED
ID-PUBLIC-b4a1cc1ca9553d16841c50a3	NSR-DOM-010	Exact Registry token and real Program statements; independent value/document/exit oracles, changed operands, associated negatives; Int64/Bool/binary64 or the referenced public typed profile; native checked arithmetic and complete source statement ownership. Int64/Bool/binary64/Unicode scalar values; checked arithmetic; lexical evaluation once	operator:wrong-domain-c2b1	STABLE_PUBLIC_PROFILE	sdk/contracts/stdlib/STDLIB-STABLE-CATALOG.tsv#NSR-DOM-010	DECLARED
ID-PUBLIC-aa38abbdf5bce095ce6e4f09	NSR-DOM-011	Exact Registry token and real Program statements; independent value/document/exit oracles, changed operands, associated negatives; Int64/Bool/binary64 or the referenced public typed profile; native checked arithmetic and complete source statement ownership. Native checked scalar/vector mathematics; independent numeric oracle; explicit process return separate from intermediate value	operator:wrong-domain-e28988	STABLE_PUBLIC_PROFILE	sdk/contracts/stdlib/STDLIB-STABLE-CATALOG.tsv#NSR-DOM-011	DECLARED
ID-PUBLIC-77ed037837f30181289aebfb	NSR-DOM-012	Exact Registry token and real Program statements; independent value/document/exit oracles, changed operands, associated negatives; Int64/Bool/binary64 or the referenced public typed profile; native checked arithmetic and complete source statement ownership. Native checked scalar/vector mathematics; independent numeric oracle; explicit process return separate from intermediate value	operator:wrong-domain-e28989	STABLE_PUBLIC_PROFILE	sdk/contracts/stdlib/STDLIB-STABLE-CATALOG.tsv#NSR-DOM-012	DECLARED
ID-PUBLIC-a781a4c2f24d9a2b67a9e288	NSR-DOM-013	Exact Registry token and real Program statements; independent value/document/exit oracles, changed operands, associated negatives; Int64/Bool/binary64 or the referenced public typed profile; native checked arithmetic and complete source statement ownership. Int64/Bool/binary64/Unicode scalar values; checked arithmetic; lexical evaluation once	operator:wrong-domain-e289a1	STABLE_PUBLIC_PROFILE	sdk/contracts/stdlib/STDLIB-STABLE-CATALOG.tsv#NSR-DOM-013	DECLARED
ID-PUBLIC-5e4e98f9125aa0de261d06e2	NSR-DOM-014	Exact Registry token and real Program statements; independent value/document/exit oracles, changed operands, associated negatives; Int64/Bool/binary64 or the referenced public typed profile; native checked arithmetic and complete source statement ownership. Native checked scalar/vector mathematics; independent numeric oracle; explicit process return separate from intermediate value	operator:wrong-domain-e288a3	STABLE_PUBLIC_PROFILE	sdk/contracts/stdlib/STDLIB-STABLE-CATALOG.tsv#NSR-DOM-014	DECLARED
ID-PUBLIC-28a4ddd304f7a7b9e2843017	NSR-DOM-015	Exact Registry token and real Program statements; independent value/document/exit oracles, changed operands, associated negatives; Int64/Bool/binary64 or the referenced public typed profile; native checked arithmetic and complete source statement ownership. Native checked scalar/vector mathematics; independent numeric oracle; explicit process return separate from intermediate value	operator:wrong-domain-e288a4	STABLE_PUBLIC_PROFILE	sdk/contracts/stdlib/STDLIB-STABLE-CATALOG.tsv#NSR-DOM-015	DECLARED
ID-PUBLIC-b2b6d1ed02b0d6cc041b6bad	NSR-DOM-016	Exact Registry token and real Program statements; independent value/document/exit oracles, changed operands, associated negatives; Int64/Bool/binary64 or the referenced public typed profile; native checked arithmetic and complete source statement ownership. Native checked scalar/vector mathematics; independent numeric oracle; explicit process return separate from intermediate value	operator:wrong-unary-666c6f6f72	STABLE_PUBLIC_PROFILE	sdk/contracts/stdlib/STDLIB-STABLE-CATALOG.tsv#NSR-DOM-016	DECLARED
ID-PUBLIC-9727d4706ea39de68220ef36	NSR-DOM-017	Exact Registry token and real Program statements; independent value/document/exit oracles, changed operands, associated negatives; Int64/Bool/binary64 or the referenced public typed profile; native checked arithmetic and complete source statement ownership. Native checked scalar/vector mathematics; independent numeric oracle; explicit process return separate from intermediate value	operator:wrong-unary-6365696c	STABLE_PUBLIC_PROFILE	sdk/contracts/stdlib/STDLIB-STABLE-CATALOG.tsv#NSR-DOM-017	DECLARED
ID-PUBLIC-e6e87512bb9f6bd0c170d39d	NSR-DOM-018	Exact Registry token and real Program statements; independent value/document/exit oracles, changed operands, associated negatives; Int64/Bool/binary64 or the referenced public typed profile; native checked arithmetic and complete source statement ownership. Int64/Bool/binary64/Unicode scalar values; checked arithmetic; lexical evaluation once	operator:wrong-domain-e2889d	STABLE_PUBLIC_PROFILE	sdk/contracts/stdlib/STDLIB-STABLE-CATALOG.tsv#NSR-DOM-018	DECLARED
ID-PUBLIC-4b74f4c2b9898a033d4f707f	NSR-DOM-019	Exact Registry token and real Program statements; independent value/document/exit oracles, changed operands, associated negatives; Int64/Bool/binary64 or the referenced public typed profile; native checked arithmetic and complete source statement ownership. Int64/Bool/binary64/Unicode scalar values; checked arithmetic; lexical evaluation once	operator:wrong-domain-c2b0	STABLE_PUBLIC_PROFILE	sdk/contracts/stdlib/STDLIB-STABLE-CATALOG.tsv#NSR-DOM-019	DECLARED
ID-PUBLIC-68868e7209c90ef2b637226e	NSR-DOM-020	Exact Registry token and real Program statements; independent value/document/exit oracles, changed operands, associated negatives; Int64/Bool/binary64 or the referenced public typed profile; native checked arithmetic and complete source statement ownership. Int64/Bool/binary64/Unicode scalar values; checked arithmetic; lexical evaluation once	operator:wrong-domain-e280b0	STABLE_PUBLIC_PROFILE	sdk/contracts/stdlib/STDLIB-STABLE-CATALOG.tsv#NSR-DOM-020	DECLARED
ID-PUBLIC-cfcb433a8926ee9ffe210ebb	NSR-DOM-021	Exact Registry token and real Program statements; independent value/document/exit oracles, changed operands, associated negatives; Int64/Bool/binary64 or the referenced public typed profile; native checked arithmetic and complete source statement ownership. Int64/Bool/binary64/Unicode scalar values; checked arithmetic; lexical evaluation once	operator:wrong-domain-e280b1	STABLE_PUBLIC_PROFILE	sdk/contracts/stdlib/STDLIB-STABLE-CATALOG.tsv#NSR-DOM-021	DECLARED
ID-PUBLIC-1317c51b6bd0f0c367906b89	NSR-DOM-022	Exact Registry token and real Program statements; independent value/document/exit oracles, changed operands, associated negatives; Int64/Bool/binary64 or the referenced public typed profile; native checked arithmetic and complete source statement ownership. Int64/Bool/binary64/Unicode scalar values; checked arithmetic; lexical evaluation once	operator:wrong-domain-c2b043	STABLE_PUBLIC_PROFILE	sdk/contracts/stdlib/STDLIB-STABLE-CATALOG.tsv#NSR-DOM-022	DECLARED
ID-PUBLIC-89514a0fb4a26a3af3f7e557	NSR-DOM-023	Exact Registry token and real Program statements; independent value/document/exit oracles, changed operands, associated negatives; Int64/Bool/binary64 or the referenced public typed profile; native checked arithmetic and complete source statement ownership. Int64/Bool/binary64/Unicode scalar values; checked arithmetic; lexical evaluation once	operator:wrong-domain-c2b046	STABLE_PUBLIC_PROFILE	sdk/contracts/stdlib/STDLIB-STABLE-CATALOG.tsv#NSR-DOM-023	DECLARED
ID-PUBLIC-6d6b6ab9478a23e5e503c042	NSR-DOM-024	Exact Registry token and real Program statements; independent value/document/exit oracles, changed operands, associated negatives; Current G133 finite immutable Array<Int,N> set profile with distinct values in 0..62; canonical mask/cardinality owner; independent Python set operations. This does not substitute for the separately proved native Dict/Set APIs. Int64/Bool/binary64/Unicode scalar values; checked arithmetic; lexical evaluation once	operator:wrong-set-e28888	STABLE_PUBLIC_PROFILE	sdk/contracts/stdlib/STDLIB-STABLE-CATALOG.tsv#NSR-DOM-024	DECLARED
ID-PUBLIC-b42706e891f5607a73cb573a	NSR-DOM-025	Exact Registry token and real Program statements; independent value/document/exit oracles, changed operands, associated negatives; Current G133 finite immutable Array<Int,N> set profile with distinct values in 0..62; canonical mask/cardinality owner; independent Python set operations. This does not substitute for the separately proved native Dict/Set APIs. Int64/Bool/binary64/Unicode scalar values; checked arithmetic; lexical evaluation once	operator:wrong-set-e28889	STABLE_PUBLIC_PROFILE	sdk/contracts/stdlib/STDLIB-STABLE-CATALOG.tsv#NSR-DOM-025	DECLARED
ID-PUBLIC-441cd9343bb9792f2a30dd2b	NSR-DOM-026	Exact Registry token and real Program statements; independent value/document/exit oracles, changed operands, associated negatives; Current G133 finite immutable Array<Int,N> set profile with distinct values in 0..62; canonical mask/cardinality owner; independent Python set operations. This does not substitute for the separately proved native Dict/Set APIs. Int64/Bool/binary64/Unicode scalar values; checked arithmetic; lexical evaluation once	operator:wrong-set-e288aa	STABLE_PUBLIC_PROFILE	sdk/contracts/stdlib/STDLIB-STABLE-CATALOG.tsv#NSR-DOM-026	DECLARED
ID-PUBLIC-1d25c638f7eae27b1acc7904	NSR-DOM-027	Exact Registry token and real Program statements; independent value/document/exit oracles, changed operands, associated negatives; Current G133 finite immutable Array<Int,N> set profile with distinct values in 0..62; canonical mask/cardinality owner; independent Python set operations. This does not substitute for the separately proved native Dict/Set APIs. Int64/Bool/binary64/Unicode scalar values; checked arithmetic; lexical evaluation once	operator:wrong-set-e288a9	STABLE_PUBLIC_PROFILE	sdk/contracts/stdlib/STDLIB-STABLE-CATALOG.tsv#NSR-DOM-027	DECLARED
ID-PUBLIC-e6aac400d0188a0f5f6fd90d	NSR-DOM-028	Exact Registry token and real Program statements; independent value/document/exit oracles, changed operands, associated negatives; Current G133 finite immutable Array<Int,N> set profile with distinct values in 0..62; canonical mask/cardinality owner; independent Python set operations. This does not substitute for the separately proved native Dict/Set APIs. Int64/Bool/binary64/Unicode scalar values; checked arithmetic; lexical evaluation once	operator:wrong-set-e28896	STABLE_PUBLIC_PROFILE	sdk/contracts/stdlib/STDLIB-STABLE-CATALOG.tsv#NSR-DOM-028	DECLARED
ID-PUBLIC-2dfeb1de31c2d139532b37c1	NSR-DOM-029	Exact Registry token and real Program statements; independent value/document/exit oracles, changed operands, associated negatives; Current G133 finite immutable Array<Int,N> set profile with distinct values in 0..62; canonical mask/cardinality owner; independent Python set operations. This does not substitute for the separately proved native Dict/Set APIs. Int64/Bool/binary64/Unicode scalar values; checked arithmetic; lexical evaluation once	operator:wrong-set-e296b3	STABLE_PUBLIC_PROFILE	sdk/contracts/stdlib/STDLIB-STABLE-CATALOG.tsv#NSR-DOM-029	DECLARED
ID-PUBLIC-ade8cd491b826f12ea982227	NSR-DOM-030	Exact Registry token and real Program statements; independent value/document/exit oracles, changed operands, associated negatives; Current G133 finite immutable Array<Int,N> set profile with distinct values in 0..62; canonical mask/cardinality owner; independent Python set operations. This does not substitute for the separately proved native Dict/Set APIs. Int64/Bool/binary64/Unicode scalar values; checked arithmetic; lexical evaluation once	operator:wrong-set-e28a86	STABLE_PUBLIC_PROFILE	sdk/contracts/stdlib/STDLIB-STABLE-CATALOG.tsv#NSR-DOM-030	DECLARED
ID-PUBLIC-34a695d76228ebdf57e87da4	NSR-DOM-031	Exact Registry token and real Program statements; independent value/document/exit oracles, changed operands, associated negatives; Current G133 finite immutable Array<Int,N> set profile with distinct values in 0..62; canonical mask/cardinality owner; independent Python set operations. This does not substitute for the separately proved native Dict/Set APIs. Int64/Bool/binary64/Unicode scalar values; checked arithmetic; lexical evaluation once	operator:wrong-set-e28a82	STABLE_PUBLIC_PROFILE	sdk/contracts/stdlib/STDLIB-STABLE-CATALOG.tsv#NSR-DOM-031	DECLARED
ID-PUBLIC-69d18df74b95da3e608d10b6	NSR-DOM-032	Exact Registry token and real Program statements; independent value/document/exit oracles, changed operands, associated negatives; Current G133 finite immutable Array<Int,N> set profile with distinct values in 0..62; canonical mask/cardinality owner; independent Python set operations. This does not substitute for the separately proved native Dict/Set APIs. Int64/Bool/binary64/Unicode scalar values; checked arithmetic; lexical evaluation once	operator:wrong-set-e28a87	STABLE_PUBLIC_PROFILE	sdk/contracts/stdlib/STDLIB-STABLE-CATALOG.tsv#NSR-DOM-032	DECLARED
ID-PUBLIC-dc47f7040220d4421244293f	NSR-DOM-033	Exact Registry token and real Program statements; independent value/document/exit oracles, changed operands, associated negatives; Current G133 finite immutable Array<Int,N> set profile with distinct values in 0..62; canonical mask/cardinality owner; independent Python set operations. This does not substitute for the separately proved native Dict/Set APIs. Int64/Bool/binary64/Unicode scalar values; checked arithmetic; lexical evaluation once	operator:wrong-set-e28a83	STABLE_PUBLIC_PROFILE	sdk/contracts/stdlib/STDLIB-STABLE-CATALOG.tsv#NSR-DOM-033	DECLARED
ID-PUBLIC-2e3812c0b15903b90b76e4a1	NSR-DOM-034	Exact Registry token and real Program statements; independent value/document/exit oracles, changed operands, associated negatives; Current G133 finite immutable Array<Int,N> set profile with distinct values in 0..62; canonical mask/cardinality owner; independent Python set operations. This does not substitute for the separately proved native Dict/Set APIs. Int64/Bool/binary64/Unicode scalar values; checked arithmetic; lexical evaluation once	operator:wrong-set-c397	STABLE_PUBLIC_PROFILE	sdk/contracts/stdlib/STDLIB-STABLE-CATALOG.tsv#NSR-DOM-034	DECLARED
ID-PUBLIC-65bdc89d6580e8b747fefeb2	NSR-DOM-035	Exact Registry token and real Program statements; independent value/document/exit oracles, changed operands, associated negatives; Int64/Bool/binary64 or the referenced public typed profile; native checked arithmetic and complete source statement ownership. Int64/Bool/binary64/Unicode scalar values; checked arithmetic; lexical evaluation once	operator:wrong-set-e288aa	STABLE_PUBLIC_PROFILE	sdk/contracts/stdlib/STDLIB-STABLE-CATALOG.tsv#NSR-DOM-035	DECLARED
ID-PUBLIC-8af8ee591216032cd57525c3	NSR-DOM-036	Exact Registry token and real Program statements; independent value/document/exit oracles, changed operands, associated negatives; Exact immutable Int Vector aggregate grammar, extent 1..4; matrix Int/Complex profile at most four logical cells; vector observers sum, checked rational inverse numerator/denominator, exact integer norm; symbolic/named parity; all source tokens consumed by the canonical current profile, without adjacent statements. Typed infix statement profile additionally supports Int extents 1..64 (cross/parallel exactly 3), tensor result at most 64 lanes; native checked kernels, distinct owned results, ordered operands and explicit program return. Native checked scalar/vector mathematics; independent numeric oracle; explicit process return separate from intermediate value	linear:dot-right-scalar,linear:dot-right-float,linear:dot-right-bool,linear:dot-shape	STABLE_PUBLIC_PROFILE	sdk/contracts/stdlib/STDLIB-STABLE-CATALOG.tsv#NSR-DOM-036	DECLARED
ID-PUBLIC-254252d7d68d8b29ec9b8bb3	NSR-DOM-037	Exact Registry token and real Program statements; independent value/document/exit oracles, changed operands, associated negatives; Exact immutable Int Vector aggregate grammar, extent 1..4; matrix Int/Complex profile at most four logical cells; vector observers sum, checked rational inverse numerator/denominator, exact integer norm; symbolic/named parity; all source tokens consumed by the canonical current profile, without adjacent statements. Typed infix statement profile additionally supports Int extents 1..64 (cross/parallel exactly 3), tensor result at most 64 lanes; native checked kernels, distinct owned results, ordered operands and explicit program return. Native checked scalar/vector mathematics; independent numeric oracle; explicit process return separate from intermediate value	linear:cross-right-scalar,linear:cross-right-float,linear:cross-right-bool,linear:cross-shape,linear:cross-not-three	STABLE_PUBLIC_PROFILE	sdk/contracts/stdlib/STDLIB-STABLE-CATALOG.tsv#NSR-DOM-037	DECLARED
ID-PUBLIC-b261da33fecc7502297dafe9	NSR-DOM-038	Exact Registry token and real Program statements; independent value/document/exit oracles, changed operands, associated negatives; Exact immutable Int Vector aggregate grammar, extent 1..4; matrix Int/Complex profile at most four logical cells; vector observers sum, checked rational inverse numerator/denominator, exact integer norm; symbolic/named parity; all source tokens consumed by the canonical current profile, without adjacent statements. Typed infix statement profile additionally supports Int extents 1..64 (cross/parallel exactly 3), tensor result at most 64 lanes; native checked kernels, distinct owned results, ordered operands and explicit program return. Native checked scalar/vector mathematics; independent numeric oracle; explicit process return separate from intermediate value	linear:hadamard-right-scalar,linear:hadamard-right-float,linear:hadamard-right-bool,linear:hadamard-shape	STABLE_PUBLIC_PROFILE	sdk/contracts/stdlib/STDLIB-STABLE-CATALOG.tsv#NSR-DOM-038	DECLARED
ID-PUBLIC-201fd4d7f46be7faae6a4b25	NSR-DOM-039	Exact Registry token and real Program statements; independent value/document/exit oracles, changed operands, associated negatives; Exact immutable Int Vector aggregate grammar, extent 1..4; matrix Int/Complex profile at most four logical cells; vector observers sum, checked rational inverse numerator/denominator, exact integer norm; symbolic/named parity; all source tokens consumed by the canonical current profile, without adjacent statements. Typed infix statement profile additionally supports Int extents 1..64 (cross/parallel exactly 3), tensor result at most 64 lanes; native checked kernels, distinct owned results, ordered operands and explicit program return. Native checked scalar/vector mathematics; independent numeric oracle; explicit process return separate from intermediate value	linear:tensor-right-scalar,linear:tensor-right-float,linear:tensor-right-bool,linear:tensor-capacity	STABLE_PUBLIC_PROFILE	sdk/contracts/stdlib/STDLIB-STABLE-CATALOG.tsv#NSR-DOM-039	DECLARED
ID-PUBLIC-c7671f7444b6de888fef16e5	NSR-DOM-040	Exact Registry token and real Program statements; independent value/document/exit oracles, changed operands, associated negatives; Exact immutable Int Vector aggregate grammar, extent 1..4; matrix Int/Complex profile at most four logical cells; vector observers sum, checked rational inverse numerator/denominator, exact integer norm; symbolic/named parity; all source tokens consumed by the canonical current profile, without adjacent statements. Native checked scalar/vector mathematics; independent numeric oracle; explicit process return separate from intermediate value	boundedoperator:dom-040-negative	STABLE_PUBLIC_PROFILE	sdk/contracts/stdlib/STDLIB-STABLE-CATALOG.tsv#NSR-DOM-040	DECLARED
ID-PUBLIC-e5b3f118142127f104034823	NSR-DOM-041	Exact Registry token and real Program statements; independent value/document/exit oracles, changed operands, associated negatives; Exact immutable Int Vector aggregate grammar, extent 1..4; matrix Int/Complex profile at most four logical cells; vector observers sum, checked rational inverse numerator/denominator, exact integer norm; symbolic/named parity; all source tokens consumed by the canonical current profile, without adjacent statements. Native checked scalar/vector mathematics; independent numeric oracle; explicit process return separate from intermediate value	boundedoperator:dom-041-negative	STABLE_PUBLIC_PROFILE	sdk/contracts/stdlib/STDLIB-STABLE-CATALOG.tsv#NSR-DOM-041	DECLARED
ID-PUBLIC-1828590c4b38953450fce602	NSR-DOM-042	Exact Registry token and real Program statements; independent value/document/exit oracles, changed operands, associated negatives; Exact immutable Int Vector aggregate grammar, extent 1..4; matrix Int/Complex profile at most four logical cells; vector observers sum, checked rational inverse numerator/denominator, exact integer norm; symbolic/named parity; all source tokens consumed by the canonical current profile, without adjacent statements. Native checked scalar/vector mathematics; independent numeric oracle; explicit process return separate from intermediate value	boundedoperator:dom-042-negative	STABLE_PUBLIC_PROFILE	sdk/contracts/stdlib/STDLIB-STABLE-CATALOG.tsv#NSR-DOM-042	DECLARED
ID-PUBLIC-80b6f7336fbd2ab320bab736	NSR-DOM-043	Exact Registry token and real Program statements; independent value/document/exit oracles, changed operands, associated negatives; Exact immutable Int Vector aggregate grammar, extent 1..4; matrix Int/Complex profile at most four logical cells; vector observers sum, checked rational inverse numerator/denominator, exact integer norm; symbolic/named parity; all source tokens consumed by the canonical current profile, without adjacent statements. Native checked scalar/vector mathematics; independent numeric oracle; explicit process return separate from intermediate value	boundedoperator:dom-043-negative	STABLE_PUBLIC_PROFILE	sdk/contracts/stdlib/STDLIB-STABLE-CATALOG.tsv#NSR-DOM-043	DECLARED
ID-PUBLIC-bbc1f54c2ecda50b633e9475	NSR-DOM-044	Exact Registry token and real Program statements; independent value/document/exit oracles, changed operands, associated negatives; Exact immutable Int Vector aggregate grammar, extent 1..4; matrix Int/Complex profile at most four logical cells; vector observers sum, checked rational inverse numerator/denominator, exact integer norm; symbolic/named parity; all source tokens consumed by the canonical current profile, without adjacent statements. Native checked scalar/vector mathematics; independent numeric oracle; explicit process return separate from intermediate value	boundedoperator:dom-044-negative	STABLE_PUBLIC_PROFILE	sdk/contracts/stdlib/STDLIB-STABLE-CATALOG.tsv#NSR-DOM-044	DECLARED
ID-PUBLIC-2117900605500db30c488e04	NSR-DOM-045	Exact Registry token and real Program statements; independent value/document/exit oracles, changed operands, associated negatives; Exact immutable Int Vector aggregate grammar, extent 1..4; matrix Int/Complex profile at most four logical cells; vector observers sum, checked rational inverse numerator/denominator, exact integer norm; symbolic/named parity; all source tokens consumed by the canonical current profile, without adjacent statements. Native checked scalar/vector mathematics; independent numeric oracle; explicit process return separate from intermediate value	boundedoperator:dom-045-negative	STABLE_PUBLIC_PROFILE	sdk/contracts/stdlib/STDLIB-STABLE-CATALOG.tsv#NSR-DOM-045	DECLARED
ID-PUBLIC-6496e233343964b700bbe8a5	NSR-DOM-046	Exact Registry token and real Program statements; independent value/document/exit oracles, changed operands, associated negatives; Exact immutable Int Vector aggregate grammar, extent 1..4; matrix Int/Complex profile at most four logical cells; vector observers sum, checked rational inverse numerator/denominator, exact integer norm; symbolic/named parity; all source tokens consumed by the canonical current profile, without adjacent statements. Native checked scalar/vector mathematics; independent numeric oracle; explicit process return separate from intermediate value	boundedoperator:dom-046-negative	STABLE_PUBLIC_PROFILE	sdk/contracts/stdlib/STDLIB-STABLE-CATALOG.tsv#NSR-DOM-046	DECLARED
ID-PUBLIC-0f708c05a592cea86c9798a2	NSR-DOM-047	Exact Registry token and real Program statements; independent value/document/exit oracles, changed operands, associated negatives; Exact immutable Int Vector aggregate grammar, extent 1..4; matrix Int/Complex profile at most four logical cells; vector observers sum, checked rational inverse numerator/denominator, exact integer norm; symbolic/named parity; all source tokens consumed by the canonical current profile, without adjacent statements. Typed infix statement profile additionally supports Int extents 1..64 (cross/parallel exactly 3), tensor result at most 64 lanes; native checked kernels, distinct owned results, ordered operands and explicit program return. Native checked scalar/vector mathematics; independent numeric oracle; explicit process return separate from intermediate value	linear:orthogonal-right-scalar,linear:orthogonal-right-float,linear:orthogonal-right-bool,linear:orthogonal-shape	STABLE_PUBLIC_PROFILE	sdk/contracts/stdlib/STDLIB-STABLE-CATALOG.tsv#NSR-DOM-047	DECLARED
ID-PUBLIC-5831dd94bae09d6cb655a901	NSR-DOM-048	Exact Registry token and real Program statements; independent value/document/exit oracles, changed operands, associated negatives; Exact immutable Int Vector aggregate grammar, extent 1..4; matrix Int/Complex profile at most four logical cells; vector observers sum, checked rational inverse numerator/denominator, exact integer norm; symbolic/named parity; all source tokens consumed by the canonical current profile, without adjacent statements. Typed infix statement profile additionally supports Int extents 1..64 (cross/parallel exactly 3), tensor result at most 64 lanes; native checked kernels, distinct owned results, ordered operands and explicit program return. Native checked scalar/vector mathematics; independent numeric oracle; explicit process return separate from intermediate value	linear:parallel-right-scalar,linear:parallel-right-float,linear:parallel-right-bool,linear:parallel-shape,linear:parallel-not-three	STABLE_PUBLIC_PROFILE	sdk/contracts/stdlib/STDLIB-STABLE-CATALOG.tsv#NSR-DOM-048	DECLARED
ID-PUBLIC-a0f0c8e43beb532c974c8bbb	NSR-DOM-049	Exact Registry token and real Program statements; independent value/document/exit oracles, changed operands, associated negatives; Explicit finite samples, dimensions, method, tolerance/step and budget in the current checked calculus grammar; exact rational/integer observations; no implicit integration domain, numeric truncation, live solver or hidden callback. Native checked scalar/vector mathematics; independent numeric oracle; explicit process return separate from intermediate value	boundedoperator:dom-049-negative	STABLE_PUBLIC_PROFILE	sdk/contracts/stdlib/STDLIB-STABLE-CATALOG.tsv#NSR-DOM-049	DECLARED
ID-PUBLIC-57d9b36a2f42c74436b04265	NSR-DOM-050	Exact Registry token and real Program statements; independent value/document/exit oracles, changed operands, associated negatives; Explicit finite samples, dimensions, method, tolerance/step and budget in the current checked calculus grammar; exact rational/integer observations; no implicit integration domain, numeric truncation, live solver or hidden callback. Native checked scalar/vector mathematics; independent numeric oracle; explicit process return separate from intermediate value	boundedoperator:dom-050-negative	STABLE_PUBLIC_PROFILE	sdk/contracts/stdlib/STDLIB-STABLE-CATALOG.tsv#NSR-DOM-050	DECLARED
ID-PUBLIC-500eaa399db7165cb2120fdf	NSR-DOM-051	Exact Registry token and real Program statements; independent value/document/exit oracles, changed operands, associated negatives; Explicit finite samples, dimensions, method, tolerance/step and budget in the current checked calculus grammar; exact rational/integer observations; no implicit integration domain, numeric truncation, live solver or hidden callback. Native checked scalar/vector mathematics; independent numeric oracle; explicit process return separate from intermediate value	boundedoperator:dom-051-negative	STABLE_PUBLIC_PROFILE	sdk/contracts/stdlib/STDLIB-STABLE-CATALOG.tsv#NSR-DOM-051	DECLARED
ID-PUBLIC-7acf68cdae99cd50c126f130	NSR-DOM-052	Exact Registry token and real Program statements; independent value/document/exit oracles, changed operands, associated negatives; Explicit finite samples, dimensions, method, tolerance/step and budget in the current checked calculus grammar; exact rational/integer observations; no implicit integration domain, numeric truncation, live solver or hidden callback. Native checked scalar/vector mathematics; independent numeric oracle; explicit process return separate from intermediate value	boundedoperator:dom-052-negative	STABLE_PUBLIC_PROFILE	sdk/contracts/stdlib/STDLIB-STABLE-CATALOG.tsv#NSR-DOM-052	DECLARED
ID-PUBLIC-c7b9b9dd2560b3603daa32c0	NSR-DOM-053	Exact Registry token and real Program statements; independent value/document/exit oracles, changed operands, associated negatives; Explicit finite samples, dimensions, method, tolerance/step and budget in the current checked calculus grammar; exact rational/integer observations; no implicit integration domain, numeric truncation, live solver or hidden callback. Native checked scalar/vector mathematics; independent numeric oracle; explicit process return separate from intermediate value	boundedoperator:dom-053-negative	STABLE_PUBLIC_PROFILE	sdk/contracts/stdlib/STDLIB-STABLE-CATALOG.tsv#NSR-DOM-053	DECLARED
ID-PUBLIC-eeca64d3406b6fae70ff9824	NSR-DOM-054	Exact Registry token and real Program statements; independent value/document/exit oracles, changed operands, associated negatives; Explicit finite samples, dimensions, method, tolerance/step and budget in the current checked calculus grammar; exact rational/integer observations; no implicit integration domain, numeric truncation, live solver or hidden callback. Native checked scalar/vector mathematics; independent numeric oracle; explicit process return separate from intermediate value	boundedoperator:dom-054-negative	STABLE_PUBLIC_PROFILE	sdk/contracts/stdlib/STDLIB-STABLE-CATALOG.tsv#NSR-DOM-054	DECLARED
ID-PUBLIC-5d55df0a3fb03d6f2746948a	NSR-DOM-055	Exact Registry token and real Program statements; independent value/document/exit oracles, changed operands, associated negatives; Explicit finite samples, dimensions, method, tolerance/step and budget in the current checked calculus grammar; exact rational/integer observations; no implicit integration domain, numeric truncation, live solver or hidden callback. Native checked scalar/vector mathematics; independent numeric oracle; explicit process return separate from intermediate value	boundedoperator:dom-055-negative	STABLE_PUBLIC_PROFILE	sdk/contracts/stdlib/STDLIB-STABLE-CATALOG.tsv#NSR-DOM-055	DECLARED
ID-PUBLIC-97f080720c6783e1b4891216	NSR-DOM-056	Exact Registry token and real Program statements; independent value/document/exit oracles, changed operands, associated negatives; Explicit finite samples, dimensions, method, tolerance/step and budget in the current checked calculus grammar; exact rational/integer observations; no implicit integration domain, numeric truncation, live solver or hidden callback. Native checked scalar/vector mathematics; independent numeric oracle; explicit process return separate from intermediate value	boundedoperator:dom-056-negative	STABLE_PUBLIC_PROFILE	sdk/contracts/stdlib/STDLIB-STABLE-CATALOG.tsv#NSR-DOM-056	DECLARED
ID-PUBLIC-d21fbdab3cf3f5809df60a50	NSR-DOM-057	Exact Registry token and real Program statements; independent value/document/exit oracles, changed operands, associated negatives; Explicit finite samples, dimensions, method, tolerance/step and budget in the current checked calculus grammar; exact rational/integer observations; no implicit integration domain, numeric truncation, live solver or hidden callback. Native checked scalar/vector mathematics; independent numeric oracle; explicit process return separate from intermediate value	boundedoperator:dom-057-negative,boundedoperator:dom-057-nonexact-ce94,boundedoperator:dom-057-nonexact-6c61706c616369616e	STABLE_PUBLIC_PROFILE	sdk/contracts/stdlib/STDLIB-STABLE-CATALOG.tsv#NSR-DOM-057	DECLARED
ID-PUBLIC-d74f74d56519b79b0de509a1	NSR-DOM-058	Exact Registry token and real Program statements; independent value/document/exit oracles, changed operands, associated negatives; Explicit bounded model/distribution metadata and finite rational conditional probabilities; independence is an explicit model assumption, not an inferred statistical proof. Native checked scalar/vector mathematics; independent numeric oracle; explicit process return separate from intermediate value	boundedoperator:dom-058-negative	STABLE_PUBLIC_PROFILE	sdk/contracts/stdlib/STDLIB-STABLE-CATALOG.tsv#NSR-DOM-058	DECLARED
ID-PUBLIC-eca42fdaaf7918e2f3b3063d	NSR-DOM-059	Exact Registry token and real Program statements; independent value/document/exit oracles, changed operands, associated negatives; Explicit bounded model/distribution metadata and finite rational conditional probabilities; independence is an explicit model assumption, not an inferred statistical proof. Native checked scalar/vector mathematics; independent numeric oracle; explicit process return separate from intermediate value	boundedoperator:dom-059-negative	STABLE_PUBLIC_PROFILE	sdk/contracts/stdlib/STDLIB-STABLE-CATALOG.tsv#NSR-DOM-059	DECLARED
ID-PUBLIC-40d84bd329e607b9f5dee6fc	NSR-DOM-060	Exact Registry token and real Program statements; independent value/document/exit oracles, changed operands, associated negatives; Explicit bounded model/distribution metadata and finite rational conditional probabilities; independence is an explicit model assumption, not an inferred statistical proof. Native checked scalar/vector mathematics; independent numeric oracle; explicit process return separate from intermediate value	boundedoperator:dom-060-negative	STABLE_PUBLIC_PROFILE	sdk/contracts/stdlib/STDLIB-STABLE-CATALOG.tsv#NSR-DOM-060	DECLARED
ID-PUBLIC-1a958319ce7aace9f7b87188	NSR-DOM-061	Exact Registry token and real Program statements; independent value/document/exit oracles, changed operands, associated negatives; Finite domain partition/result grammar, explicit proof/model status and budget; exhaustive Boolean truth tables; unknown and timeout remain distinct outcomes; this does not claim an automatic theorem prover. Native checked scalar/vector mathematics; independent numeric oracle; explicit process return separate from intermediate value	boundedoperator:dom-061-negative	STABLE_PUBLIC_PROFILE	sdk/contracts/stdlib/STDLIB-STABLE-CATALOG.tsv#NSR-DOM-061	DECLARED
ID-PUBLIC-744f23fdd2b2a03592ea03e4	NSR-DOM-062	Exact Registry token and real Program statements; independent value/document/exit oracles, changed operands, associated negatives; Finite domain partition/result grammar, explicit proof/model status and budget; exhaustive Boolean truth tables; unknown and timeout remain distinct outcomes; this does not claim an automatic theorem prover. Native checked scalar/vector mathematics; independent numeric oracle; explicit process return separate from intermediate value	boundedoperator:dom-062-negative	STABLE_PUBLIC_PROFILE	sdk/contracts/stdlib/STDLIB-STABLE-CATALOG.tsv#NSR-DOM-062	DECLARED
ID-PUBLIC-e4cdd98bb926f37449f20739	NSR-DOM-063	Exact Registry token and real Program statements; independent value/document/exit oracles, changed operands, associated negatives; Finite domain partition/result grammar, explicit proof/model status and budget; exhaustive Boolean truth tables; unknown and timeout remain distinct outcomes; this does not claim an automatic theorem prover. Native checked scalar/vector mathematics; independent numeric oracle; explicit process return separate from intermediate value	boundedoperator:dom-063-negative	STABLE_PUBLIC_PROFILE	sdk/contracts/stdlib/STDLIB-STABLE-CATALOG.tsv#NSR-DOM-063	DECLARED
ID-PUBLIC-513ac8c2e5fcf19b40ef5fc0	NSR-DOM-064	Exact Registry token and real Program statements; independent value/document/exit oracles, changed operands, associated negatives; Finite domain partition/result grammar, explicit proof/model status and budget; exhaustive Boolean truth tables; unknown and timeout remain distinct outcomes; this does not claim an automatic theorem prover. Native checked scalar/vector mathematics; independent numeric oracle; explicit process return separate from intermediate value	boundedoperator:dom-064-negative	STABLE_PUBLIC_PROFILE	sdk/contracts/stdlib/STDLIB-STABLE-CATALOG.tsv#NSR-DOM-064	DECLARED
ID-PUBLIC-398fc8ee48fa57cc62d2d5a4	NSR-DOM-065	Exact Registry token and real Program statements; independent value/document/exit oracles, changed operands, associated negatives; Finite domain partition/result grammar, explicit proof/model status and budget; exhaustive Boolean truth tables; unknown and timeout remain distinct outcomes; this does not claim an automatic theorem prover. Native checked scalar/vector mathematics; independent numeric oracle; explicit process return separate from intermediate value	boundedoperator:dom-065-negative	STABLE_PUBLIC_PROFILE	sdk/contracts/stdlib/STDLIB-STABLE-CATALOG.tsv#NSR-DOM-065	DECLARED
ID-PUBLIC-74baca4be1fe91110384bf89	NSR-DOM-066	Exact Registry token and real Program statements; independent value/document/exit oracles, changed operands, associated negatives; Finite domain partition/result grammar, explicit proof/model status and budget; exhaustive Boolean truth tables; unknown and timeout remain distinct outcomes; this does not claim an automatic theorem prover. Native checked scalar/vector mathematics; independent numeric oracle; explicit process return separate from intermediate value	boundedoperator:dom-066-negative	STABLE_PUBLIC_PROFILE	sdk/contracts/stdlib/STDLIB-STABLE-CATALOG.tsv#NSR-DOM-066	DECLARED
ID-PUBLIC-21f1ee496b3477dacd9105da	NSR-DOM-067	Exact Registry token and real Program statements; independent value/document/exit oracles, changed operands, associated negatives; Finite domain partition/result grammar, explicit proof/model status and budget; exhaustive Boolean truth tables; unknown and timeout remain distinct outcomes; this does not claim an automatic theorem prover. Native checked scalar/vector mathematics; independent numeric oracle; explicit process return separate from intermediate value	boundedoperator:dom-067-negative	STABLE_PUBLIC_PROFILE	sdk/contracts/stdlib/STDLIB-STABLE-CATALOG.tsv#NSR-DOM-067	DECLARED
ID-PUBLIC-26a32734429a1c429090b803	NSR-DOM-068	Exact Registry token and real Program statements; independent value/document/exit oracles, changed operands, associated negatives; Finite domain partition/result grammar, explicit proof/model status and budget; exhaustive Boolean truth tables; unknown and timeout remain distinct outcomes; this does not claim an automatic theorem prover. Native checked scalar/vector mathematics; independent numeric oracle; explicit process return separate from intermediate value	boundedoperator:dom-068-negative	STABLE_PUBLIC_PROFILE	sdk/contracts/stdlib/STDLIB-STABLE-CATALOG.tsv#NSR-DOM-068	DECLARED
ID-PUBLIC-76910ae88dfb8eaa99d0b9c7	NSR-DOM-069	Exact Registry token and real Program statements; independent value/document/exit oracles, changed operands, associated negatives; Finite domain partition/result grammar, explicit proof/model status and budget; exhaustive Boolean truth tables; unknown and timeout remain distinct outcomes; this does not claim an automatic theorem prover. Native checked scalar/vector mathematics; independent numeric oracle; explicit process return separate from intermediate value	boundedoperator:dom-069-negative	STABLE_PUBLIC_PROFILE	sdk/contracts/stdlib/STDLIB-STABLE-CATALOG.tsv#NSR-DOM-069	DECLARED
ID-PUBLIC-2eacff2619db46e7c6930ef3	NSR-DOM-070	Exact Registry token and real Program statements; independent value/document/exit oracles, changed operands, associated negatives; Bounded typed edge/transition descriptor and deterministic replay projection; explicit endpoints, schema, guard, effect and capability; no asynchronous external execution. Native checked scalar/vector mathematics; independent numeric oracle; explicit process return separate from intermediate value	boundedoperator:dom-070-negative	STABLE_PUBLIC_PROFILE	sdk/contracts/stdlib/STDLIB-STABLE-CATALOG.tsv#NSR-DOM-070	DECLARED
ID-PUBLIC-b039a78654435a15221af218	NSR-DOM-071	Exact Registry token and real Program statements; independent value/document/exit oracles, changed operands, associated negatives; Bounded typed edge/transition descriptor and deterministic replay projection; explicit endpoints, schema, guard, effect and capability; no asynchronous external execution. Native checked scalar/vector mathematics; independent numeric oracle; explicit process return separate from intermediate value	boundedoperator:dom-071-negative	STABLE_PUBLIC_PROFILE	sdk/contracts/stdlib/STDLIB-STABLE-CATALOG.tsv#NSR-DOM-071	DECLARED
ID-PUBLIC-90620273a192a184a35b1231	NSR-DOM-072	Exact Registry token and real Program statements; independent value/document/exit oracles, changed operands, associated negatives; Bounded typed edge/transition descriptor and deterministic replay projection; explicit endpoints, schema, guard, effect and capability; no asynchronous external execution. Native checked scalar/vector mathematics; independent numeric oracle; explicit process return separate from intermediate value	boundedoperator:dom-072-negative	STABLE_PUBLIC_PROFILE	sdk/contracts/stdlib/STDLIB-STABLE-CATALOG.tsv#NSR-DOM-072	DECLARED
ID-PUBLIC-04f5a273d5a3f91ce0debbb0	NSR-DOM-073	Exact Registry token and real Program statements; independent value/document/exit oracles, changed operands, associated negatives; Bounded typed edge/transition descriptor and deterministic replay projection; explicit endpoints, schema, guard, effect and capability; no asynchronous external execution. Native checked scalar/vector mathematics; independent numeric oracle; explicit process return separate from intermediate value	boundedoperator:dom-073-negative	STABLE_PUBLIC_PROFILE	sdk/contracts/stdlib/STDLIB-STABLE-CATALOG.tsv#NSR-DOM-073	DECLARED
ID-PUBLIC-536a10e214f5f9b85ef37889	NSR-DOM-074	Exact Registry token and real Program statements; independent value/document/exit oracles, changed operands, associated negatives; Current Text/Pattern finite profile: UTF-8 concat and literal/dot Pattern matching with explicit mode/work budget; matched/negated values change with content, without a fixed operator report. Native checked scalar/vector mathematics; independent numeric oracle; explicit process return separate from intermediate value	boundedoperator:dom-074-negative	STABLE_PUBLIC_PROFILE	sdk/contracts/stdlib/STDLIB-STABLE-CATALOG.tsv#NSR-DOM-074	DECLARED
ID-PUBLIC-7862e0aa9608310130b53570	NSR-DOM-075	Exact Registry token and real Program statements; independent value/document/exit oracles, changed operands, associated negatives; Current Text/Pattern finite profile: UTF-8 concat and literal/dot Pattern matching with explicit mode/work budget; matched/negated values change with content, without a fixed operator report. Native checked scalar/vector mathematics; independent numeric oracle; explicit process return separate from intermediate value	boundedoperator:dom-075-negative	STABLE_PUBLIC_PROFILE	sdk/contracts/stdlib/STDLIB-STABLE-CATALOG.tsv#NSR-DOM-075	DECLARED
ID-PUBLIC-a638cf9be5bf0b2f301f6c0b	NSR-DOM-076	Exact Registry token and real Program statements; independent value/document/exit oracles, changed operands, associated negatives; Current Text/Pattern finite profile: UTF-8 concat and literal/dot Pattern matching with explicit mode/work budget; matched/negated values change with content, without a fixed operator report. Native checked scalar/vector mathematics; independent numeric oracle; explicit process return separate from intermediate value	boundedoperator:dom-076-negative	STABLE_PUBLIC_PROFILE	sdk/contracts/stdlib/STDLIB-STABLE-CATALOG.tsv#NSR-DOM-076	DECLARED
ID-PUBLIC-c973eecc55bc2512680f3162	NSR-DOM-077	Exact Registry token and real Program statements; independent value/document/exit oracles, changed operands, associated negatives; Int64/Bool/binary64 or the referenced public typed profile; native checked arithmetic and complete source statement ownership. Checked format/interpolation profile; 64 segments; finite text/output budgets; pure interpolation	interpolation:tooling-format-invalid,composite:typed-struct-interpolation-effects	STABLE_PUBLIC_PROFILE	sdk/contracts/stdlib/STDLIB-STABLE-CATALOG.tsv#NSR-DOM-077	DECLARED
ID-PUBLIC-6ac2d489f76ce86c2f2ee354	NSR-DOM-078	Exact Registry token and real Program statements; independent value/document/exit oracles, changed operands, associated negatives; Int64/Bool/binary64 or the referenced public typed profile; native checked arithmetic and complete source statement ownership. Checked format/interpolation profile; 64 segments; finite text/output budgets; pure interpolation	format:wrong-type,format:unknown	STABLE_PUBLIC_PROFILE	sdk/contracts/stdlib/STDLIB-STABLE-CATALOG.tsv#NSR-DOM-078	DECLARED
ID-PUBLIC-bd5accdc2e3b1927beedc8a0	NSR-DOM-079	Exact Registry token and real Program statements; independent value/document/exit oracles, changed operands, associated negatives; Actual typed RenderPlan(Text).render(contextual target) consumes all source statements. The existing native Slash parser and two-pass renderer own 64 finite directives, 4096 input bytes, 256 aggregate tokens, depth 16 and 32 argument bytes. Target output is an owned Text projection; its separate Console publication is observed. Unknown directives and overflowing plans fail closed. Independent G064 grammar/render oracle, actual contents, two live plans and explicit returns replace the old template metadata/seed profile. Checked format/interpolation profile; 64 segments; finite text/output budgets; pure interpolation	slash:constructor-type,slash:target-unknown,slash:status-type,slash:domain-unknown,slash:domain-depth,slash:domain-tokens	STABLE_PUBLIC_PROFILE	sdk/contracts/stdlib/STDLIB-STABLE-CATALOG.tsv#NSR-DOM-079	DECLARED
ID-PUBLIC-d18248265a853fd2be4df7d2	NSR-DOM-080	Exact Registry token and real Program statements; independent value/document/exit oracles, changed operands, associated negatives; Current annotation registry with typed version/level/enabled arguments, targets and bounded seed/privacy; actual argument values and masks are observed; no claim of arbitrary annotation evaluation. Native checked scalar/vector mathematics; independent numeric oracle; explicit process return separate from intermediate value	boundedoperator:dom-080-negative	STABLE_PUBLIC_PROFILE	sdk/contracts/stdlib/STDLIB-STABLE-CATALOG.tsv#NSR-DOM-080	DECLARED
ID-PUBLIC-e80b9356f92e4378c18ecd2b	NSR-UA-001	Exact Registry token and real Program statements; independent value/document/exit oracles, changed operands, associated negatives; Int64/Bool/binary64 or the referenced public typed profile; native checked arithmetic and complete source statement ownership. Int64/Bool/binary64/Unicode scalar values; checked arithmetic; lexical evaluation once	operator:wrong-e28892	STABLE_PUBLIC_PROFILE	sdk/contracts/stdlib/STDLIB-STABLE-CATALOG.tsv#NSR-UA-001	DECLARED
ID-PUBLIC-5089e2a54adf09edce38f95a	NSR-UA-002	Exact Registry token and real Program statements; independent value/document/exit oracles, changed operands, associated negatives; Int64/Bool/binary64 or the referenced public typed profile; native checked arithmetic and complete source statement ownership. Int64/Bool/binary64/Unicode scalar values; checked arithmetic; lexical evaluation once	operator:wrong-c3b7	STABLE_PUBLIC_PROFILE	sdk/contracts/stdlib/STDLIB-STABLE-CATALOG.tsv#NSR-UA-002	DECLARED
ID-PUBLIC-f9a0813cc78a9c23a2eea370	NSR-UA-003	Exact Registry token and real Program statements; independent value/document/exit oracles, changed operands, associated negatives; Int64/Bool/binary64 or the referenced public typed profile; native checked arithmetic and complete source statement ownership. Int64/Bool/binary64/Unicode scalar values; checked arithmetic; lexical evaluation once	operator:wrong-e289a4	STABLE_PUBLIC_PROFILE	sdk/contracts/stdlib/STDLIB-STABLE-CATALOG.tsv#NSR-UA-003	DECLARED
ID-PUBLIC-84bb1a16d53b495e3c9ebb2e	NSR-UA-004	Exact Registry token and real Program statements; independent value/document/exit oracles, changed operands, associated negatives; Int64/Bool/binary64 or the referenced public typed profile; native checked arithmetic and complete source statement ownership. Int64/Bool/binary64/Unicode scalar values; checked arithmetic; lexical evaluation once	operator:wrong-e289a5	STABLE_PUBLIC_PROFILE	sdk/contracts/stdlib/STDLIB-STABLE-CATALOG.tsv#NSR-UA-004	DECLARED
ID-PUBLIC-5c1c2e9b0038cf22b6c426b7	NSR-UA-005	Exact Registry token and real Program statements; independent value/document/exit oracles, changed operands, associated negatives; Int64/Bool/binary64 or the referenced public typed profile; native checked arithmetic and complete source statement ownership. Int64/Bool/binary64/Unicode scalar values; checked arithmetic; lexical evaluation once	operator:wrong-e289a0	STABLE_PUBLIC_PROFILE	sdk/contracts/stdlib/STDLIB-STABLE-CATALOG.tsv#NSR-UA-005	DECLARED
ID-PUBLIC-d121ee02286a0c279b1e379e	NSR-UA-006	Exact Registry token and real Program statements; independent value/document/exit oracles, changed operands, associated negatives; Int64/Bool/binary64 or the referenced public typed profile; native checked arithmetic and complete source statement ownership. Int64/Bool/binary64/Unicode scalar values; checked arithmetic; lexical evaluation once	operator:wrong-logic-int	STABLE_PUBLIC_PROFILE	sdk/contracts/stdlib/STDLIB-STABLE-CATALOG.tsv#NSR-UA-006	DECLARED
ID-PUBLIC-9e35367d55773c1c7e0069f6	NSR-UA-007	Exact Registry token and real Program statements; independent value/document/exit oracles, changed operands, associated negatives; Int64/Bool/binary64 or the referenced public typed profile; native checked arithmetic and complete source statement ownership. Int64/Bool/binary64/Unicode scalar values; checked arithmetic; lexical evaluation once	operator:wrong-logic-int	STABLE_PUBLIC_PROFILE	sdk/contracts/stdlib/STDLIB-STABLE-CATALOG.tsv#NSR-UA-007	DECLARED
ID-PUBLIC-a551aa33d87dbdba3b113a1b	NSR-UA-008	Exact Registry token and real Program statements; independent value/document/exit oracles, changed operands, associated negatives; Int64/Bool/binary64 or the referenced public typed profile; native checked arithmetic and complete source statement ownership. Int64/Bool/binary64/Unicode scalar values; checked arithmetic; lexical evaluation once	operator:wrong-unary-c2ac	STABLE_PUBLIC_PROFILE	sdk/contracts/stdlib/STDLIB-STABLE-CATALOG.tsv#NSR-UA-008	DECLARED
ID-PUBLIC-7919ec492298850d846289fa	NSR-UA-009	Exact Registry token and real Program statements; independent value/document/exit oracles, changed operands, associated negatives; Int64/Bool/binary64 or the referenced public typed profile; native checked arithmetic and complete source statement ownership. Int64/Bool/binary64/Unicode scalar values; checked arithmetic; lexical evaluation once	operator:wrong-e28abb,operator:bytes-xor-mixed	STABLE_PUBLIC_PROFILE	sdk/contracts/stdlib/STDLIB-STABLE-CATALOG.tsv#NSR-UA-009	DECLARED
ID-PUBLIC-9093ff76f8e4ab8fbe5697cb	claim:013c10a6e1b8f372919c46ce	Spelling alias for g010-public:Dataset.repartition,g010-public:Dataset.cache,g010-public:Dataset.fromTables,g010-public:Dataset.schema,g010-public:Dataset.partitionCount,g010-public:Dataset.scan,g010-public:Dataset.scan.sink,g010-public:Dataset.collect,g010-public:Dataset.collect.at,g010-public:Dataset.collect.next; no additional API counted; preserve qualified profile limits; native intrinsic identity is receiver-qualified; no serialized SymbolId or DocRecord is declared by this owner; interface metadata is verified by the separate metadata suite Typed nullable integer rows/columns/tables/datasets/streams; finite schema, rows and stages; lazy callbacks once	data:cache-arity,data:cache-blocks-repartition,data:cache-invalid-2,data:cache-policy-type,data:collect-arity,data:collect-at-type,data:collect-bound,data:collect-copy,data:collect-count-257,data:collect-negative-index,data:collect-next-arity,data:collect-option-copy,data:collect-option-twice,data:collect-row-not-int,data:dataset-copy,data:dataset-empty-parts,data:dataset-over-parts,data:dataset-part-type,data:dataset-partition-count-arity,data:dataset-scan-callback-trap,data:dataset-scan-copy,data:dataset-scan-option-copy,data:dataset-scan-option-twice,data:dataset-schema-arity,data:dataset-schema-mismatch,data:dataset-schema-order-mismatch,data:dataset-sink-extra-argument,data:dataset-sink-receiver-type,data:dataset-sink-return-type,data:repartition-65-7,data:repartition-arity,data:repartition-invalid-0,data:repartition-invalid-33,data:repartition-size-type	STABLE_PUBLIC_PROFILE	sdk/contracts/stdlib/STDLIB-STABLE-CATALOG.tsv#claim:013c10a6e1b8f372919c46ce	DECLARED
ID-PUBLIC-c45aa1c38cd649a1f87b2882	claim:017a7d6c072f8f24e093bae7	Spelling alias for g010-public:Column.isMissing; no additional API counted; preserve qualified profile limits; native intrinsic identity is receiver-qualified; no serialized SymbolId or DocRecord is declared by this owner; interface metadata is verified by the separate metadata suite Typed nullable integer rows/columns/tables/datasets/streams; finite schema, rows and stages; lazy callbacks once	data:column-isMissing-type	STABLE_PUBLIC_PROFILE	sdk/contracts/stdlib/STDLIB-STABLE-CATALOG.tsv#claim:017a7d6c072f8f24e093bae7	DECLARED
ID-PUBLIC-7dec088466e9899389462b76	claim:018cb7c46b265bfb7263038d	Spelling alias for g009-public:Tree.lowestCommonAncestor; no additional API counted; preserve qualified profile limits; native intrinsic identity is receiver-qualified; no serialized SymbolId or DocRecord is declared by this owner; interface metadata is verified by the separate metadata suite Int64 payloads; 32 nodes/256 edges; authenticated handle/owner pair; no stale or foreign handle	relation:tree-lca-node-type	STABLE_PUBLIC_PROFILE	sdk/contracts/stdlib/STDLIB-STABLE-CATALOG.tsv#claim:018cb7c46b265bfb7263038d	DECLARED
ID-PUBLIC-d3e480310f6af2bde5cd29ab	claim:022f5382cff4eecac77e454b	Spelling alias for g010-public:Event<Int>.value,g010-public:Flow<Int>.value; no additional API counted; preserve qualified profile limits; native intrinsic identity is receiver-qualified; no serialized SymbolId or DocRecord is declared by this owner; interface metadata is verified by the separate metadata suite Typed nullable integer rows/columns/tables/datasets/streams; finite schema, rows and stages; lazy callbacks once	data:event-type,data:flow-type	STABLE_PUBLIC_PROFILE	sdk/contracts/stdlib/STDLIB-STABLE-CATALOG.tsv#claim:022f5382cff4eecac77e454b	DECLARED
ID-PUBLIC-91802dd1931a682698d968f8	claim:031af9436a9f7d0dffe33482	Actual Int64/binary64 lanes, extent 1..64; checked Int sum, native compensated Float sum, explicit population/sample and linearType7 policies; 1536-byte caller workspace isolates conversion/quantile scratch; source values unchanged; native domain/overflow traps and NaN propagation are observed; no source report or synthetic aggregate Native checked scalar/vector mathematics; independent numeric oracle; explicit process return separate from intermediate value	statistics:policy-variance-17,statistics:shadow-variance,statistics:sample-too-small-variance	STABLE_PUBLIC_PROFILE	sdk/contracts/stdlib/STDLIB-STABLE-CATALOG.tsv#claim:031af9436a9f7d0dffe33482	DECLARED
ID-PUBLIC-e71c6cf00425f9570c038bdb	claim:04d69c4db900cf6feb9e0b5d	parseFloat(); dot decimal f64; Result by value; actual Result value/tag/fallback; native checked output is committed only on Ok; live keyword table; native intrinsic identity is receiver-qualified; no serialized SymbolId or DocRecord is declared by this owner; interface metadata is verified by the separate metadata suite Explicit parse result; preserve checked numeric domain and Unicode policy	textparse:arity-parseFloat,textparse:fallback-type-Float	STABLE_PUBLIC_PROFILE	sdk/contracts/stdlib/STDLIB-STABLE-CATALOG.tsv#claim:04d69c4db900cf6feb9e0b5d	DECLARED
ID-PUBLIC-bbc3cfe8aa8c7ad445cd5efb	claim:090e1636b97a7c2ba7e9dcf7	Literal Int64/binary64 operands; at most 128 complete statements; independent arithmetic trace and return matrix Native checked scalar/vector mathematics; independent numeric oracle; explicit process return separate from intermediate value	math:math-text-return,math:record-capacity-plus-one	STABLE_PUBLIC_PROFILE	sdk/contracts/stdlib/STDLIB-STABLE-CATALOG.tsv#claim:090e1636b97a7c2ba7e9dcf7	DECLARED
ID-PUBLIC-3f5bfa772da4c213736beb75	claim:0a3ee9f14f4e4ad3d004070d	Spelling alias for g009-public:Graph<Int,Int>.directed; no additional API counted; preserve qualified profile limits; native intrinsic identity is receiver-qualified; no serialized SymbolId or DocRecord is declared by this owner; interface metadata is verified by the separate metadata suite Int64 payloads; 32 nodes/256 edges; authenticated handle/owner pair; no stale or foreign handle	relation:graph-edge-type,relation:graph-missing-edge-type	STABLE_PUBLIC_PROFILE	sdk/contracts/stdlib/STDLIB-STABLE-CATALOG.tsv#claim:0a3ee9f14f4e4ad3d004070d	DECLARED
ID-PUBLIC-b51b314758ce64d348eabde3	claim:0a82eaa27482b82b3576e3a9	Actual edition-owned prelude SymbolId and unique stdlib owner; CLI metadata checked against the local .ni interface and independent FNV identity. Runtime profile is the cited source case family. Iterator/IntoIterator dispatch is bounded Range iteration, not a standalone cursor constructor or arbitrary iterator implementation. Ord reuses the existing comparable capability, with explicit Bool rejection. Native intrinsic profiles are not promoted to arbitrary generic APIs. Int64/Bool/binary64/Unicode scalar values; checked arithmetic; lexical evaluation once	composite:range-zero-step	STABLE_PUBLIC_PROFILE	sdk/contracts/stdlib/STDLIB-STABLE-CATALOG.tsv#claim:0a82eaa27482b82b3576e3a9	DECLARED
ID-PUBLIC-80d71d1f7e15dc296e909116	claim:0d203488bdb684e6de9be6f5	Contextual alias for g170-scan:noHistory; public typed source proof replaces the historical seed/probe evidence. Preserve the qualified row bounds; no separate global option or live capability is claimed. Synthetic mock/stdin replay; typed bounded ScanPlan; redaction; no real secret or live device	scan:secret-arity,scan:option-arity-noHistory	STABLE_PUBLIC_PROFILE	sdk/contracts/stdlib/STDLIB-STABLE-CATALOG.tsv#claim:0d203488bdb684e6de9be6f5	DECLARED
ID-PUBLIC-692ce5ea4a141755ba9984e2	claim:0dc6e916abc643aea6522c6a	Actual edition-owned prelude SymbolId and unique stdlib owner; CLI metadata checked against the local .ni interface and independent FNV identity. Runtime profile is the cited source case family. Iterator/IntoIterator dispatch is bounded Range iteration, not a standalone cursor constructor or arbitrary iterator implementation. Ord reuses the existing comparable capability, with explicit Bool rejection. Native intrinsic profiles are not promoted to arbitrary generic APIs. Int64/Bool/binary64/Unicode scalar values; checked arithmetic; lexical evaluation once	operator:ordering-type	STABLE_PUBLIC_PROFILE	sdk/contracts/stdlib/STDLIB-STABLE-CATALOG.tsv#claim:0dc6e916abc643aea6522c6a	DECLARED
ID-PUBLIC-7de22db8c093d64d52f18b80	claim:0ef92073ff665261e0cc7410	Spelling alias for g010-public:Table.fromColumns; no additional API counted; preserve qualified profile limits; native intrinsic identity is receiver-qualified; no serialized SymbolId or DocRecord is declared by this owner; interface metadata is verified by the separate metadata suite Typed nullable integer rows/columns/tables/datasets/streams; finite schema, rows and stages; lazy callbacks once	data:table-copy,data:table-duplicate-name,data:table-empty-columns,data:table-unequal-lengths,data:table-wrong-column,data:table-wrong-name	STABLE_PUBLIC_PROFILE	sdk/contracts/stdlib/STDLIB-STABLE-CATALOG.tsv#claim:0ef92073ff665261e0cc7410	DECLARED
ID-PUBLIC-b2e983448303729487eceb83	claim:0f2d69ab0b4bafa8eab96ede	join(Text); 4096 output bytes; ; owned caller workspace; public UTF-8 descriptor bridge and distinct bounded function storage; native intrinsic identity is receiver-qualified; no serialized SymbolId or DocRecord is declared by this owner; interface metadata is verified by the separate metadata suite UTF-8 byte/codepoint/grapheme units are distinct; per-member finite profile	text:type-join	STABLE_PUBLIC_PROFILE	sdk/contracts/stdlib/STDLIB-STABLE-CATALOG.tsv#claim:0f2d69ab0b4bafa8eab96ede	DECLARED
ID-PUBLIC-ef1a69964d1453a3bd29b70d	claim:0ff59811257d56187017f0c2	Spelling alias for g010-public:Column<Int>.from,g010-public:Column.sum,g010-public:Column.min,g010-public:Column.max,g010-public:Column.countMissing,g010-public:Column.get,g010-public:Column.cast<U>,g010-public:Column.isMissing,g010-public:Column.fillMissing,g010-public:Column.dropMissing,g010-public:Column.coalesce; no additional API counted; preserve qualified profile limits; native intrinsic identity is receiver-qualified; no serialized SymbolId or DocRecord is declared by this owner; interface metadata is verified by the separate metadata suite Typed nullable integer rows/columns/tables/datasets/streams; finite schema, rows and stages; lazy callbacks once	data:column-cast-type,data:column-coalesce-type,data:column-copy,data:column-countMissing-arity,data:column-dropMissing-arity,data:column-dtype-coalesce,data:column-element-type,data:column-fillMissing-type,data:column-from-type,data:column-get-type,data:column-isMissing-type,data:column-max-arity,data:column-min-arity,data:column-mixed-type,data:column-sum-arity,data:column-uint-process-status,data:column-value-type	STABLE_PUBLIC_PROFILE	sdk/contracts/stdlib/STDLIB-STABLE-CATALOG.tsv#claim:0ff59811257d56187017f0c2	DECLARED
ID-PUBLIC-db7a2eafd66aa29f3b94c384	claim:10324390ff13489f56c7db8c	Spelling alias for g010-public:Table.validate; no additional API counted; preserve qualified profile limits; native intrinsic identity is receiver-qualified; no serialized SymbolId or DocRecord is declared by this owner; interface metadata is verified by the separate metadata suite Typed nullable integer rows/columns/tables/datasets/streams; finite schema, rows and stages; lazy callbacks once	data:quality-constraints-arity,data:quality-constraints-type,data:quality-schema-count,data:quality-schema-name	STABLE_PUBLIC_PROFILE	sdk/contracts/stdlib/STDLIB-STABLE-CATALOG.tsv#claim:10324390ff13489f56c7db8c	DECLARED
ID-PUBLIC-7d79513dade113fc721fcb96	claim:1069f6270bef9e4c51e0eb71	Spelling alias for g009-public:Graph.hasCycle; no additional API counted; preserve qualified profile limits; native intrinsic identity is receiver-qualified; no serialized SymbolId or DocRecord is declared by this owner; interface metadata is verified by the separate metadata suite Int64 payloads; 32 nodes/256 edges; authenticated handle/owner pair; no stale or foreign handle	relation:graph-hasCycle-arity	STABLE_PUBLIC_PROFILE	sdk/contracts/stdlib/STDLIB-STABLE-CATALOG.tsv#claim:1069f6270bef9e4c51e0eb71	DECLARED
ID-PUBLIC-adfccb317eb3b888ea1543ed	claim:109821e33f71ae544ad7784f	Spelling alias for g010-public:Column.cast<U>; no additional API counted; preserve qualified profile limits; native intrinsic identity is receiver-qualified; no serialized SymbolId or DocRecord is declared by this owner; interface metadata is verified by the separate metadata suite Typed nullable integer rows/columns/tables/datasets/streams; finite schema, rows and stages; lazy callbacks once	data:column-cast-type,data:column-dtype-coalesce,data:column-uint-process-status	STABLE_PUBLIC_PROFILE	sdk/contracts/stdlib/STDLIB-STABLE-CATALOG.tsv#claim:109821e33f71ae544ad7784f	DECLARED
ID-PUBLIC-bff899fca19e91371b6f6295	claim:1137ab113bef489de4220313	isUtf8(); strict UTF-8; O(n); ; borrowed immutable receiver; public UTF-8 descriptor bridge and distinct bounded function storage; native intrinsic identity is receiver-qualified; no serialized SymbolId or DocRecord is declared by this owner; interface metadata is verified by the separate metadata suite UTF-8 byte/codepoint/grapheme units are distinct; per-member finite profile	text:arity-isUtf8	STABLE_PUBLIC_PROFILE	sdk/contracts/stdlib/STDLIB-STABLE-CATALOG.tsv#claim:1137ab113bef489de4220313	DECLARED
ID-PUBLIC-54f1caf39c04981bc9fcc86f	claim:122fb8070a74dd176a93a70a	Spelling alias for g010-public:Column.max; no additional API counted; preserve qualified profile limits; native intrinsic identity is receiver-qualified; no serialized SymbolId or DocRecord is declared by this owner; interface metadata is verified by the separate metadata suite Typed nullable integer rows/columns/tables/datasets/streams; finite schema, rows and stages; lazy callbacks once	data:column-max-arity	STABLE_PUBLIC_PROFILE	sdk/contracts/stdlib/STDLIB-STABLE-CATALOG.tsv#claim:122fb8070a74dd176a93a70a	DECLARED
ID-PUBLIC-398ae5dd2dee03906de89216	claim:123382b0fb71fb06b13e686a	Spelling alias for g008-public:Set<Int>.new,g008-public:Set.insert,g008-public:Set.contains,g008-public:Set.remove,g008-public:Set.union,g008-public:Set.intersection,g008-public:Set.difference,g008-public:Set.isSubsetOf; no additional API counted; preserve qualified profile limits; native intrinsic identity is receiver-qualified; no serialized SymbolId or DocRecord is declared by this owner; interface metadata is verified by the separate metadata suite Typed key/value and hash/equality policy; two independent live stores; declared capacity and failure atomicity	dict:set-contains-type,dict:set-difference-type,dict:set-insert-type,dict:set-intersection-type,dict:set-isSubsetOf-type,dict:set-new-arity,dict:set-remove-type,dict:set-union-type	STABLE_PUBLIC_PROFILE	sdk/contracts/stdlib/STDLIB-STABLE-CATALOG.tsv#claim:123382b0fb71fb06b13e686a	DECLARED
ID-PUBLIC-e2670380ae1972ac71197a3c	claim:1454f6e17030ecf4e207a80a	trim(); input bytes; ; borrowed view; public UTF-8 descriptor bridge and distinct bounded function storage; native intrinsic identity is receiver-qualified; no serialized SymbolId or DocRecord is declared by this owner; interface metadata is verified by the separate metadata suite UTF-8 byte/codepoint/grapheme units are distinct; per-member finite profile	text:arity-trim	STABLE_PUBLIC_PROFILE	sdk/contracts/stdlib/STDLIB-STABLE-CATALOG.tsv#claim:1454f6e17030ecf4e207a80a	DECLARED
ID-PUBLIC-414d0e9c20a5dff758a9270a	claim:150a35dd2d599313968e7fce	Text.(Int, Int) -> Text; 1048576 input bytes; 15.1 Latin Extend/CRLF/ZWJ; immutable borrowed view; public UTF-8 descriptor bridge and distinct bounded function storage; native intrinsic identity is receiver-qualified; no serialized SymbolId or DocRecord is declared by this owner; interface metadata is verified by the separate metadata suite UTF-8 byte/codepoint/grapheme units are distinct; per-member finite profile	text:slice-count-type	STABLE_PUBLIC_PROFILE	sdk/contracts/stdlib/STDLIB-STABLE-CATALOG.tsv#claim:150a35dd2d599313968e7fce	DECLARED
ID-PUBLIC-73c44cdda8ea3d1509708eb6	claim:15e63ce2f0951bd57d62916a	Spelling alias for g010-public:Table.filter,g010-public:Stream.filter; no additional API counted; preserve qualified profile limits; native intrinsic identity is receiver-qualified; no serialized SymbolId or DocRecord is declared by this owner; interface metadata is verified by the separate metadata suite Typed nullable integer rows/columns/tables/datasets/streams; finite schema, rows and stages; lazy callbacks once	data:stream-filter-return-type,data:table-filter-arity,data:table-filter-receiver-type,data:table-filter-result-type,data:table-filter-trap	STABLE_PUBLIC_PROFILE	sdk/contracts/stdlib/STDLIB-STABLE-CATALOG.tsv#claim:15e63ce2f0951bd57d62916a	DECLARED
ID-PUBLIC-e52d30ba892be2606ecabe7c	claim:168c50f5ccc961a52c2ffdbe	Spelling alias for g009-public:Node.value; no additional API counted; preserve qualified profile limits; native intrinsic identity is receiver-qualified; no serialized SymbolId or DocRecord is declared by this owner; interface metadata is verified by the separate metadata suite Int64 payloads; 32 nodes/256 edges; authenticated handle/owner pair; no stale or foreign handle	relation:node-value-arity	STABLE_PUBLIC_PROFILE	sdk/contracts/stdlib/STDLIB-STABLE-CATALOG.tsv#claim:168c50f5ccc961a52c2ffdbe	DECLARED
ID-PUBLIC-a6f49bea034b1067b6d983ff	claim:17b82eb83aa749dea6ea6d54	Actual edition-owned prelude SymbolId and unique stdlib owner; CLI metadata checked against the local .ni interface and independent FNV identity. Runtime profile is the cited source case family. Iterator/IntoIterator dispatch is bounded Range iteration, not a standalone cursor constructor or arbitrary iterator implementation. Ord reuses the existing comparable capability, with explicit Bool rejection. Native intrinsic profiles are not promoted to arbitrary generic APIs. Int64/Bool/binary64/Unicode scalar values; checked arithmetic; lexical evaluation once	composite:range-zero-step	STABLE_PUBLIC_PROFILE	sdk/contracts/stdlib/STDLIB-STABLE-CATALOG.tsv#claim:17b82eb83aa749dea6ea6d54	DECLARED
ID-PUBLIC-5058ff1218b3d4ffdddbf29a	claim:185374eead963ba352652e1c	Spelling alias only; inspect every qualified declaration: g018-declaration:console.close(); g018-declaration:window.close() Retained document/headless software profile; exact nodes and bytes; no live desktop claim	console:close-arity,console:close-publish,console:close-twice	STABLE_PUBLIC_PROFILE	sdk/contracts/stdlib/STDLIB-STABLE-CATALOG.tsv#claim:185374eead963ba352652e1c	DECLARED
ID-PUBLIC-30b75e131f9195a344ca772a	claim:188aa5c147fc23ce87bf8589	Spelling alias for g010-public:Dataset.collect,g010-public:Dataset.collect.at,g010-public:Dataset.collect.next; no additional API counted; preserve qualified profile limits; native intrinsic identity is receiver-qualified; no serialized SymbolId or DocRecord is declared by this owner; interface metadata is verified by the separate metadata suite Typed nullable integer rows/columns/tables/datasets/streams; finite schema, rows and stages; lazy callbacks once	data:collect-arity,data:collect-at-type,data:collect-bound,data:collect-copy,data:collect-count-257,data:collect-negative-index,data:collect-next-arity,data:collect-option-copy,data:collect-option-twice,data:collect-row-not-int	STABLE_PUBLIC_PROFILE	sdk/contracts/stdlib/STDLIB-STABLE-CATALOG.tsv#claim:188aa5c147fc23ce87bf8589	DECLARED
ID-PUBLIC-794942df0a6f89565f084a3e	claim:18ffc2806b33703f78e1d402	parseBool(); exact true or false; Result by value; actual Result value/tag/fallback; native checked output is committed only on Ok; live keyword table; native intrinsic identity is receiver-qualified; no serialized SymbolId or DocRecord is declared by this owner; interface metadata is verified by the separate metadata suite Explicit parse result; preserve checked numeric domain and Unicode policy	textparse:arity-parseBool,textparse:fallback-type-Bool	STABLE_PUBLIC_PROFILE	sdk/contracts/stdlib/STDLIB-STABLE-CATALOG.tsv#claim:18ffc2806b33703f78e1d402	DECLARED
ID-PUBLIC-0eef9a853406035b9fe6cf90	claim:1a9373a3a7fa502dc2f48298	Spelling alias only; inspect every qualified declaration: g018-declaration:Text.scan(); g018-declaration:Console.scan() Synthetic mock/stdin replay; typed bounded ScanPlan; redaction; no real secret or live device	scan:invalid-process-type,scan:unknown	STABLE_PUBLIC_PROFILE	sdk/contracts/stdlib/STDLIB-STABLE-CATALOG.tsv#claim:1a9373a3a7fa502dc2f48298	DECLARED
ID-PUBLIC-e147d48ca5649e0abca10108	claim:1b37363fcba1b2168aabd798	Spelling alias for g009-public:Graph.topologicalSort; no additional API counted; preserve qualified profile limits; native intrinsic identity is receiver-qualified; no serialized SymbolId or DocRecord is declared by this owner; interface metadata is verified by the separate metadata suite Int64 payloads; 32 nodes/256 edges; authenticated handle/owner pair; no stale or foreign handle	relation:graph-topologicalSort-arity	STABLE_PUBLIC_PROFILE	sdk/contracts/stdlib/STDLIB-STABLE-CATALOG.tsv#claim:1b37363fcba1b2168aabd798	DECLARED
ID-PUBLIC-7a4ae8a100b1917bcb436394	claim:1b39fcd025c453fa8357a32a	Contextual alias for g170-scan:noEcho; public typed source proof replaces the historical seed/probe evidence. Preserve the qualified row bounds; no separate global option or live capability is claimed. Synthetic mock/stdin replay; typed bounded ScanPlan; redaction; no real secret or live device	scan:secret-arity,scan:option-arity-noEcho	STABLE_PUBLIC_PROFILE	sdk/contracts/stdlib/STDLIB-STABLE-CATALOG.tsv#claim:1b39fcd025c453fa8357a32a	DECLARED
ID-PUBLIC-1ab0c6490e7b6e2ba4c8284a	claim:1bc7ef48f216aacfd9f9d058	Literal Int64/binary64 operands; at most 128 complete statements; independent arithmetic trace and return matrix Native checked scalar/vector mathematics; independent numeric oracle; explicit process return separate from intermediate value	math:math-text-return,math:record-capacity-plus-one	STABLE_PUBLIC_PROFILE	sdk/contracts/stdlib/STDLIB-STABLE-CATALOG.tsv#claim:1bc7ef48f216aacfd9f9d058	DECLARED
ID-PUBLIC-6133167d6d487215e809f5ba	claim:1dee75379199bd3b461864b6	Text.() -> Int; 1048576 input bytes; UTF-8 scalar boundaries; borrow receiver; public UTF-8 descriptor bridge and distinct bounded function storage; native intrinsic identity is receiver-qualified; no serialized SymbolId or DocRecord is declared by this owner; interface metadata is verified by the separate metadata suite UTF-8 byte/codepoint/grapheme units are distinct; per-member finite profile	text:arity-codepointCount	STABLE_PUBLIC_PROFILE	sdk/contracts/stdlib/STDLIB-STABLE-CATALOG.tsv#claim:1dee75379199bd3b461864b6	DECLARED
ID-PUBLIC-682041d3d28e41042a927465	claim:1edb2d6fba6d2069d8ecb1b2	Actual Int64/binary64 vector lanes; extent 1..64; typed filled/literal constructors; native vector algorithms and separate owned frames; exact shape/type checks; constant index bounds and dynamic native checks; linked scalar spills preserve RHS allocations; no whole-source report; native registry identity and runtime profile are explicit; serialized interface metadata is verified by the separate metadata suite Native checked scalar/vector mathematics; independent numeric oracle; explicit process return separate from intermediate value	vector:method-norm-empty,vector:float-method-norm	STABLE_PUBLIC_PROFILE	sdk/contracts/stdlib/STDLIB-STABLE-CATALOG.tsv#claim:1edb2d6fba6d2069d8ecb1b2	DECLARED
ID-PUBLIC-4f0bdc8bdcf65398b4370674	claim:1f646618c206bc4091b49782	Actual Int64/binary64 vector lanes; extent 1..64; typed filled/literal constructors; native vector algorithms and separate owned frames; exact shape/type checks; constant index bounds and dynamic native checks; linked scalar spills preserve RHS allocations; no whole-source report; native registry identity and runtime profile are explicit; serialized interface metadata is verified by the separate metadata suite Native checked scalar/vector mathematics; independent numeric oracle; explicit process return separate from intermediate value	vector:shape-dot-Int-3,vector:shape-dot-Float-4,vector:method-dot-17	STABLE_PUBLIC_PROFILE	sdk/contracts/stdlib/STDLIB-STABLE-CATALOG.tsv#claim:1f646618c206bc4091b49782	DECLARED
ID-PUBLIC-56ef4153c055364c344aa480	claim:20202d70d4eddbe581997909	byteSlice(Int,Int); 0 <= start <= end <= byte length; ; borrowed view; public UTF-8 descriptor bridge and distinct bounded function storage; native intrinsic identity is receiver-qualified; no serialized SymbolId or DocRecord is declared by this owner; interface metadata is verified by the separate metadata suite UTF-8 byte/codepoint/grapheme units are distinct; per-member finite profile	text:type-byteSlice	STABLE_PUBLIC_PROFILE	sdk/contracts/stdlib/STDLIB-STABLE-CATALOG.tsv#claim:20202d70d4eddbe581997909	DECLARED
ID-PUBLIC-cd9b0571a813bf85e34e53e4	claim:2164926bff38e7744328017c	Spelling alias for g008-public:Dict.maxProbeLength; no additional API counted; preserve qualified profile limits; native intrinsic identity is receiver-qualified; no serialized SymbolId or DocRecord is declared by this owner; interface metadata is verified by the separate metadata suite Typed key/value and hash/equality policy; two independent live stores; declared capacity and failure atomicity	dict:use-after-drop	STABLE_PUBLIC_PROFILE	sdk/contracts/stdlib/STDLIB-STABLE-CATALOG.tsv#claim:2164926bff38e7744328017c	DECLARED
ID-PUBLIC-8ceb91caeb4ad17ecf86edf6	claim:21825c3b97051c5e515a0567	Actual edition-owned prelude SymbolId and unique stdlib owner; CLI metadata checked against the local .ni interface and independent FNV identity. Runtime profile is the cited source case family. Iterator/IntoIterator dispatch is bounded Range iteration, not a standalone cursor constructor or arbitrary iterator implementation. Ord reuses the existing comparable capability, with explicit Bool rejection. Native intrinsic profiles are not promoted to arbitrary generic APIs. Int64/Bool/binary64/Unicode scalar values; checked arithmetic; lexical evaluation once	composite:range-zero-step	STABLE_PUBLIC_PROFILE	sdk/contracts/stdlib/STDLIB-STABLE-CATALOG.tsv#claim:21825c3b97051c5e515a0567	DECLARED
ID-PUBLIC-90c97c5ede9de437f959305a	claim:225c70277ef249bd5b21dbbc	Spelling alias for g010-public:Schema.new,g010-public:Schema.indexOf,g010-public:Schema.field; no additional API counted; preserve qualified profile limits; native intrinsic identity is receiver-qualified; no serialized SymbolId or DocRecord is declared by this owner; interface metadata is verified by the separate metadata suite Typed nullable integer rows/columns/tables/datasets/streams; finite schema, rows and stages; lazy callbacks once	data:schema-copy,data:schema-duplicate-name,data:schema-field-missing,data:schema-field-name-type,data:schema-field-projection-bound,data:schema-field-shape,data:schema-index-name-type,data:schema-name-over-limit,data:schema-no-fields,data:schema-over-fields,data:schema-wrong-name,data:schema-wrong-nullability,data:schema-wrong-type	STABLE_PUBLIC_PROFILE	sdk/contracts/stdlib/STDLIB-STABLE-CATALOG.tsv#claim:225c70277ef249bd5b21dbbc	DECLARED
ID-PUBLIC-874a55f26a1231181e62c7a3	claim:2415624b2b6b0a01673cac30	Contextual alias for g170-scan:select; public typed source proof replaces the historical seed/probe evidence. Preserve the qualified row bounds; no separate global option or live capability is claimed. Synthetic mock/stdin replay; typed bounded ScanPlan; redaction; no real secret or live device	scan:choice-variant-select-absent,scan:choice-type-select	STABLE_PUBLIC_PROFILE	sdk/contracts/stdlib/STDLIB-STABLE-CATALOG.tsv#claim:2415624b2b6b0a01673cac30	DECLARED
ID-PUBLIC-6a015eb4cc50f9f585ea2d70	claim:245ff9bfa5103aeef018ffbf	Spelling alias for g008-public:Dict.keys; no additional API counted; preserve qualified profile limits; native intrinsic identity is receiver-qualified; no serialized SymbolId or DocRecord is declared by this owner; interface metadata is verified by the separate metadata suite Typed key/value and hash/equality policy; two independent live stores; declared capacity and failure atomicity	dict:view-copy,dict:view-mutation	STABLE_PUBLIC_PROFILE	sdk/contracts/stdlib/STDLIB-STABLE-CATALOG.tsv#claim:245ff9bfa5103aeef018ffbf	DECLARED
ID-PUBLIC-6ce9d917f53887fe3c600efc	claim:24f727cf6a4134a5df77bbde	splitChecked(Text); 254 generated item slots; borrowed split items; actual Result value/tag/fallback; native checked output is committed only on Ok; live keyword table; native intrinsic identity is receiver-qualified; no serialized SymbolId or DocRecord is declared by this owner; interface metadata is verified by the separate metadata suite Explicit parse result; preserve checked numeric domain and Unicode policy	textparse:arity-splitChecked,textparse:type-splitChecked,textparse:fallback-type-Split	STABLE_PUBLIC_PROFILE	sdk/contracts/stdlib/STDLIB-STABLE-CATALOG.tsv#claim:24f727cf6a4134a5df77bbde	DECLARED
ID-PUBLIC-462a1ba45e1da082fcfd2a13	claim:261d0a7a79e4a669138f207d	isAlnumAscii(); nonempty ASCII letters/digits; O(n); ; borrowed immutable receiver; public UTF-8 descriptor bridge and distinct bounded function storage; native intrinsic identity is receiver-qualified; no serialized SymbolId or DocRecord is declared by this owner; interface metadata is verified by the separate metadata suite UTF-8 byte/codepoint/grapheme units are distinct; per-member finite profile	text:arity-isAlnumAscii	STABLE_PUBLIC_PROFILE	sdk/contracts/stdlib/STDLIB-STABLE-CATALOG.tsv#claim:261d0a7a79e4a669138f207d	DECLARED
ID-PUBLIC-1b921d98f6145b31622a3986	claim:262485e4560591a88e23d0f6	Spelling alias for g009-public:Graph.removeEdge; no additional API counted; preserve qualified profile limits; native intrinsic identity is receiver-qualified; no serialized SymbolId or DocRecord is declared by this owner; interface metadata is verified by the separate metadata suite Int64 payloads; 32 nodes/256 edges; authenticated handle/owner pair; no stale or foreign handle	relation:graph-remove-edge-type	STABLE_PUBLIC_PROFILE	sdk/contracts/stdlib/STDLIB-STABLE-CATALOG.tsv#claim:262485e4560591a88e23d0f6	DECLARED
ID-PUBLIC-e4755d3a45e8a62e4a0eb72d	claim:26f684ed60b8d7c9c648a2d4	Spelling alias for g010-public:Schema.new; no additional API counted; preserve qualified profile limits; native intrinsic identity is receiver-qualified; no serialized SymbolId or DocRecord is declared by this owner; interface metadata is verified by the separate metadata suite Typed nullable integer rows/columns/tables/datasets/streams; finite schema, rows and stages; lazy callbacks once	data:schema-copy,data:schema-duplicate-name,data:schema-field-shape,data:schema-name-over-limit,data:schema-no-fields,data:schema-over-fields,data:schema-wrong-name,data:schema-wrong-nullability,data:schema-wrong-type	STABLE_PUBLIC_PROFILE	sdk/contracts/stdlib/STDLIB-STABLE-CATALOG.tsv#claim:26f684ed60b8d7c9c648a2d4	DECLARED
ID-PUBLIC-7f46554c731bfda3e5bc286e	claim:28520f06cc389966c57b1350	replaceOnce(Text,Text); 4096 output bytes; non-overlapping; ; owned caller workspace; public UTF-8 descriptor bridge and distinct bounded function storage; native intrinsic identity is receiver-qualified; no serialized SymbolId or DocRecord is declared by this owner; interface metadata is verified by the separate metadata suite UTF-8 byte/codepoint/grapheme units are distinct; per-member finite profile	text:type-replaceOnce	STABLE_PUBLIC_PROFILE	sdk/contracts/stdlib/STDLIB-STABLE-CATALOG.tsv#claim:28520f06cc389966c57b1350	DECLARED
ID-PUBLIC-dd5ef6267c63b3b9bf93f5f6	claim:29096ccbb1c2cfd910ea519a	Actual edition-owned prelude SymbolId and unique stdlib owner; CLI metadata checked against the local .ni interface and independent FNV identity. Runtime profile is the cited source case family. Iterator/IntoIterator dispatch is bounded Range iteration, not a standalone cursor constructor or arbitrary iterator implementation. Ord reuses the existing comparable capability, with explicit Bool rejection. Native intrinsic profiles are not promoted to arbitrary generic APIs. Int64/Bool/binary64/Unicode scalar values; checked arithmetic; lexical evaluation once	composite:range-zero-step	STABLE_PUBLIC_PROFILE	sdk/contracts/stdlib/STDLIB-STABLE-CATALOG.tsv#claim:29096ccbb1c2cfd910ea519a	DECLARED
ID-PUBLIC-2a7ee809dde83a4867201560	claim:2a0587c33f76f50b748c2541	endsWith(Text); literal bytes; O(m); ; borrowed immutable receiver and argument; public UTF-8 descriptor bridge and distinct bounded function storage; native intrinsic identity is receiver-qualified; no serialized SymbolId or DocRecord is declared by this owner; interface metadata is verified by the separate metadata suite UTF-8 byte/codepoint/grapheme units are distinct; per-member finite profile	text:type-endsWith	STABLE_PUBLIC_PROFILE	sdk/contracts/stdlib/STDLIB-STABLE-CATALOG.tsv#claim:2a0587c33f76f50b748c2541	DECLARED
ID-PUBLIC-b0a4e42ee1ed6cca605eab64	claim:2a60d49452cf9bfd1fdba334	Spelling alias for g010-public:Table.invalidRows; no additional API counted; preserve qualified profile limits; native intrinsic identity is receiver-qualified; no serialized SymbolId or DocRecord is declared by this owner; interface metadata is verified by the separate metadata suite Typed nullable integer rows/columns/tables/datasets/streams; finite schema, rows and stages; lazy callbacks once	data:quality-invalid-rows-arity	STABLE_PUBLIC_PROFILE	sdk/contracts/stdlib/STDLIB-STABLE-CATALOG.tsv#claim:2a60d49452cf9bfd1fdba334	DECLARED
ID-PUBLIC-2704849dbeadaf3f169cc0dd	claim:2a77e90f89d14ab3a1134646	Contextual alias for g170-scan:oneOf; public typed source proof replaces the historical seed/probe evidence. Preserve the qualified row bounds; no separate global option or live capability is claimed. Synthetic mock/stdin replay; typed bounded ScanPlan; redaction; no real secret or live device	scan:choice-variant-oneOf-absent,scan:choice-type-oneOf	STABLE_PUBLIC_PROFILE	sdk/contracts/stdlib/STDLIB-STABLE-CATALOG.tsv#claim:2a77e90f89d14ab3a1134646	DECLARED
ID-PUBLIC-e192846407f93f1b2af3d43e	claim:2ba6d1655b5c1271a86e346e	Spelling alias for g008-public:Dict.getMutable; no additional API counted; preserve qualified profile limits; native intrinsic identity is receiver-qualified; no serialized SymbolId or DocRecord is declared by this owner; interface metadata is verified by the separate metadata suite Typed key/value and hash/equality policy; two independent live stores; declared capacity and failure atomicity	dict:shared-unique,dict:unique-key-type,dict:unique-owner-read,dict:unique-released,dict:unique-view,dict:unique-write-type	STABLE_PUBLIC_PROFILE	sdk/contracts/stdlib/STDLIB-STABLE-CATALOG.tsv#claim:2ba6d1655b5c1271a86e346e	DECLARED
ID-PUBLIC-de3a7e8e70520dee80f5d2ad	claim:2bfd213e6c20704403b90651	Text.() -> Text; 4096 public workspace; 15.1 Latin acute canonical pair; caller-owned result; public UTF-8 descriptor bridge and distinct bounded function storage; native intrinsic identity is receiver-qualified; no serialized SymbolId or DocRecord is declared by this owner; interface metadata is verified by the separate metadata suite UTF-8 byte/codepoint/grapheme units are distinct; per-member finite profile	text:arity-normalizeNfc	STABLE_PUBLIC_PROFILE	sdk/contracts/stdlib/STDLIB-STABLE-CATALOG.tsv#claim:2bfd213e6c20704403b90651	DECLARED
ID-PUBLIC-a1d95bb5e9ff0e18e0e9b769	claim:2c46bd41771626d1704b8e86	Text.() -> Text; 4096 public workspace; root ASCII/Latin-1 simple fold; caller-owned result; public UTF-8 descriptor bridge and distinct bounded function storage; native intrinsic identity is receiver-qualified; no serialized SymbolId or DocRecord is declared by this owner; interface metadata is verified by the separate metadata suite UTF-8 byte/codepoint/grapheme units are distinct; per-member finite profile	text:arity-caseFold	STABLE_PUBLIC_PROFILE	sdk/contracts/stdlib/STDLIB-STABLE-CATALOG.tsv#claim:2c46bd41771626d1704b8e86	DECLARED
ID-PUBLIC-ab3eb31f8796d326630e5306	claim:2c81c1a8cf531346ba5699b2	Contextual alias for g170-scan:style; public typed source proof replaces the historical seed/probe evidence. Preserve the qualified row bounds; no separate global option or live capability is claimed. Synthetic mock/stdin replay; typed bounded ScanPlan; redaction; no real secret or live device	scan:option-type-style	STABLE_PUBLIC_PROFILE	sdk/contracts/stdlib/STDLIB-STABLE-CATALOG.tsv#claim:2c81c1a8cf531346ba5699b2	DECLARED
ID-PUBLIC-ef8ba62f197eee380400aa1e	claim:2d0c75419eb6a8f32bec0892	Actual edition-owned prelude SymbolId and unique stdlib owner; CLI metadata checked against the local .ni interface and independent FNV identity. Runtime profile is the cited source case family. Iterator/IntoIterator dispatch is bounded Range iteration, not a standalone cursor constructor or arbitrary iterator implementation. Ord reuses the existing comparable capability, with explicit Bool rejection. Native intrinsic profiles are not promoted to arbitrary generic APIs. Int64/Bool/binary64/Unicode scalar values; checked arithmetic; lexical evaluation once	composite:generic-ord-bool	STABLE_PUBLIC_PROFILE	sdk/contracts/stdlib/STDLIB-STABLE-CATALOG.tsv#claim:2d0c75419eb6a8f32bec0892	DECLARED
ID-PUBLIC-01cf67b9da68b3920e5578aa	claim:2d3c798ac72cb131a3a47321	Spelling alias for g008-public:Int.hashStable; no additional API counted; preserve qualified profile limits; native intrinsic identity is receiver-qualified; no serialized SymbolId or DocRecord is declared by this owner; interface metadata is verified by the separate metadata suite Typed key/value and hash/equality policy; two independent live stores; declared capacity and failure atomicity	dict:hash-stable-arity	STABLE_PUBLIC_PROFILE	sdk/contracts/stdlib/STDLIB-STABLE-CATALOG.tsv#claim:2d3c798ac72cb131a3a47321	DECLARED
ID-PUBLIC-7d3680fec3e84bb844d1dcad	claim:2e196c37538b73525f2527d2	isAlphaAscii(); nonempty ASCII letters; O(n); ; borrowed immutable receiver; public UTF-8 descriptor bridge and distinct bounded function storage; native intrinsic identity is receiver-qualified; no serialized SymbolId or DocRecord is declared by this owner; interface metadata is verified by the separate metadata suite UTF-8 byte/codepoint/grapheme units are distinct; per-member finite profile	text:arity-isAlphaAscii	STABLE_PUBLIC_PROFILE	sdk/contracts/stdlib/STDLIB-STABLE-CATALOG.tsv#claim:2e196c37538b73525f2527d2	DECLARED
ID-PUBLIC-b12800e15e613cac4c9ff3c0	claim:2e1c93122fc13d6d34df1b59	Spelling alias for g010-public:Table.groupBy,g010-public:Table.groupBy.next,g010-public:Table.groupBy.sink; no additional API counted; preserve qualified profile limits; native intrinsic identity is receiver-qualified; no serialized SymbolId or DocRecord is declared by this owner; interface metadata is verified by the separate metadata suite Typed nullable integer rows/columns/tables/datasets/streams; finite schema, rows and stages; lazy callbacks once	data:group-copy,data:group-empty-expect,data:group-key-arity,data:group-key-two,data:group-key-type,data:group-method-arity,data:group-missing-name,data:group-sink-type	STABLE_PUBLIC_PROFILE	sdk/contracts/stdlib/STDLIB-STABLE-CATALOG.tsv#claim:2e1c93122fc13d6d34df1b59	DECLARED
ID-PUBLIC-86f101d18b555d46135a7fe8	claim:2e251f062ef34fad18023122	Spelling alias for g008-public:Dict.toSortedEntries; no additional API counted; preserve qualified profile limits; native intrinsic identity is receiver-qualified; no serialized SymbolId or DocRecord is declared by this owner; interface metadata is verified by the separate metadata suite Typed key/value and hash/equality policy; two independent live stores; declared capacity and failure atomicity	dict:sorted-arity,dict:sorted-index-type	STABLE_PUBLIC_PROFILE	sdk/contracts/stdlib/STDLIB-STABLE-CATALOG.tsv#claim:2e251f062ef34fad18023122	DECLARED
ID-PUBLIC-e6a7c60dc18c50fa6f5dd7bb	claim:2e75bab938b02a3dd8167eb9	Spelling alias for g010-public:Row.get,g010-public:Column.get; no additional API counted; preserve qualified profile limits; native intrinsic identity is receiver-qualified; no serialized SymbolId or DocRecord is declared by this owner; interface metadata is verified by the separate metadata suite Typed nullable integer rows/columns/tables/datasets/streams; finite schema, rows and stages; lazy callbacks once	data:column-get-type,data:row-get-name-type,data:row-unknown-name	STABLE_PUBLIC_PROFILE	sdk/contracts/stdlib/STDLIB-STABLE-CATALOG.tsv#claim:2e75bab938b02a3dd8167eb9	DECLARED
ID-PUBLIC-1027d819a3ef06ce23aa1e43	claim:311685a7a02236989d47900a	Contextual alias for g170-scan:forgetAfterUse; public typed source proof replaces the historical seed/probe evidence. Preserve the qualified row bounds; no separate global option or live capability is claimed. Synthetic mock/stdin replay; typed bounded ScanPlan; redaction; no real secret or live device	scan:forget-needs-secret,scan:security-arity-forgetAfterUse	STABLE_PUBLIC_PROFILE	sdk/contracts/stdlib/STDLIB-STABLE-CATALOG.tsv#claim:311685a7a02236989d47900a	DECLARED
ID-PUBLIC-5ce37de3e31367e3ef74ac7b	claim:327d71b504a1fea3c8407863	Spelling alias for g008-public:Dict<Int,Int>.new,g008-public:Dict<Int,Int>.withCapacity,g008-public:Dict.length,g008-public:Dict.capacity,g008-public:Dict.reserve,g008-public:Dict.loadFactor,g008-public:Dict.insert,g008-public:Dict.get,g008-public:Dict.containsKey,g008-public:Dict.remove,g008-public:Dict.clear,g008-public:Dict.keys,g008-public:Dict.values,g008-public:Dict.entries,g008-public:Dict.reseed,g008-public:Dict.maxProbeLength,g008-public:Dict.validateInvariants,g008-public:Dict.getMutable,g008-public:Dict.entry,g008-public:Dict.iterationOrder,g008-public:Dict.toSortedEntries,g008-public:Dict.retain,g008-public:Dict.collisionCount; no additional API counted; preserve qualified profile limits; native intrinsic identity is receiver-qualified; no serialized SymbolId or DocRecord is declared by this owner; interface metadata is verified by the separate metadata suite Typed key/value and hash/equality policy; two independent live stores; declared capacity and failure atomicity	dict:borrow-mutation,dict:capacity-invalid-9,dict:capacity-type,dict:collision-arity,dict:entry-copy,dict:entry-key-type,dict:entry-read-conflict,dict:entry-write-type,dict:insert-key-type,dict:insert-value-type,dict:iteration-order-arity,dict:key-type,dict:released-reference-read,dict:reserve-type,dict:retain-borrow,dict:retain-capture,dict:retain-key-type,dict:retain-non-callable,dict:retain-return-type,dict:retain-value-type,dict:shared-unique,dict:sorted-arity,dict:sorted-index-type,dict:unique-key-type,dict:unique-owner-read,dict:unique-released,dict:unique-view,dict:unique-write-type,dict:use-after-drop,dict:use-after-move,dict:value-type,dict:view-copy,dict:view-mutation,dict:view-released,dict:view-reseed	STABLE_PUBLIC_PROFILE	sdk/contracts/stdlib/STDLIB-STABLE-CATALOG.tsv#claim:327d71b504a1fea3c8407863	DECLARED
ID-PUBLIC-5b4f409c40a8d86a5424f743	claim:33b5bff070ad391908bba2f9	isNeboIdentifier(); ASCII lexer profile plus 27 live keywords; borrowed read only; actual Result value/tag/fallback; native checked output is committed only on Ok; live keyword table; native intrinsic identity is receiver-qualified; no serialized SymbolId or DocRecord is declared by this owner; interface metadata is verified by the separate metadata suite Explicit parse result; preserve checked numeric domain and Unicode policy	textparse:arity-isNeboIdentifier	STABLE_PUBLIC_PROFILE	sdk/contracts/stdlib/STDLIB-STABLE-CATALOG.tsv#claim:33b5bff070ad391908bba2f9	DECLARED
ID-PUBLIC-64822f62cf3c66f815766072	claim:352f3cee7bab13693d1213fb	Spelling alias for g008-public:Set.difference; no additional API counted; preserve qualified profile limits; native intrinsic identity is receiver-qualified; no serialized SymbolId or DocRecord is declared by this owner; interface metadata is verified by the separate metadata suite Typed key/value and hash/equality policy; two independent live stores; declared capacity and failure atomicity	dict:set-difference-type	STABLE_PUBLIC_PROFILE	sdk/contracts/stdlib/STDLIB-STABLE-CATALOG.tsv#claim:352f3cee7bab13693d1213fb	DECLARED
ID-PUBLIC-91874561b9c40c46496c2a04	claim:35cb3abf9982aba1b63daa35	replaceAllChecked(Text,Text); 4096 generated output bytes; caller-owned Text; actual Result value/tag/fallback; native checked output is committed only on Ok; live keyword table; native intrinsic identity is receiver-qualified; no serialized SymbolId or DocRecord is declared by this owner; interface metadata is verified by the separate metadata suite Explicit parse result; preserve checked numeric domain and Unicode policy	textparse:arity-replaceAllChecked,textparse:type-replaceAllChecked,textparse:fallback-type-Text	STABLE_PUBLIC_PROFILE	sdk/contracts/stdlib/STDLIB-STABLE-CATALOG.tsv#claim:35cb3abf9982aba1b63daa35	DECLARED
ID-PUBLIC-bc8fd6c9543faf67cd135566	claim:3643ddeae3432f2b2f9139f8	Spelling alias for g009-public:Graph.addNode; no additional API counted; preserve qualified profile limits; native intrinsic identity is receiver-qualified; no serialized SymbolId or DocRecord is declared by this owner; interface metadata is verified by the separate metadata suite Int64 payloads; 32 nodes/256 edges; authenticated handle/owner pair; no stale or foreign handle	relation:graph-add-node-type	STABLE_PUBLIC_PROFILE	sdk/contracts/stdlib/STDLIB-STABLE-CATALOG.tsv#claim:3643ddeae3432f2b2f9139f8	DECLARED
ID-PUBLIC-fca07f29469cc5ec5b933eeb	claim:3a1a5191c43d6c42cae03ceb	Spelling alias for g008-public:Dict.retain; no additional API counted; preserve qualified profile limits; native intrinsic identity is receiver-qualified; no serialized SymbolId or DocRecord is declared by this owner; interface metadata is verified by the separate metadata suite Typed key/value and hash/equality policy; two independent live stores; declared capacity and failure atomicity	dict:retain-borrow,dict:retain-capture,dict:retain-key-type,dict:retain-non-callable,dict:retain-return-type,dict:retain-value-type	STABLE_PUBLIC_PROFILE	sdk/contracts/stdlib/STDLIB-STABLE-CATALOG.tsv#claim:3a1a5191c43d6c42cae03ceb	DECLARED
ID-PUBLIC-6d13a737e25fa02dd191d484	claim:3af5a07d7b408107b32b19a0	Actual Int64/binary64 lanes, extent 1..64; checked Int sum, native compensated Float sum, explicit population/sample and linearType7 policies; 1536-byte caller workspace isolates conversion/quantile scratch; source values unchanged; native domain/overflow traps and NaN propagation are observed; no source report or synthetic aggregate Native checked scalar/vector mathematics; independent numeric oracle; explicit process return separate from intermediate value	statistics:quantile-0.25,statistics:shadow-quantile	STABLE_PUBLIC_PROFILE	sdk/contracts/stdlib/STDLIB-STABLE-CATALOG.tsv#claim:3af5a07d7b408107b32b19a0	DECLARED
ID-PUBLIC-14d4696d05d68d4045c8ddcd	claim:3b661f2f1f7b1c8dde06f306	Actual edition-owned prelude SymbolId and unique stdlib owner; CLI metadata checked against the local .ni interface and independent FNV identity. Runtime profile is the cited source case family. Iterator/IntoIterator dispatch is bounded Range iteration, not a standalone cursor constructor or arbitrary iterator implementation. Ord reuses the existing comparable capability, with explicit Bool rejection. Native intrinsic profiles are not promoted to arbitrary generic APIs. Typed active variant and structured errors; bounded combinators; explicit ownership; no arbitrary callback promise	optionresult:option-zip-array	STABLE_PUBLIC_PROFILE	sdk/contracts/stdlib/STDLIB-STABLE-CATALOG.tsv#claim:3b661f2f1f7b1c8dde06f306	DECLARED
ID-PUBLIC-aa8e8a8727f77f00dd2b234e	claim:3b877d773a41ebfce31e2a56	Spelling alias for g010-public:Table.sortBy; no additional API counted; preserve qualified profile limits; native intrinsic identity is receiver-qualified; no serialized SymbolId or DocRecord is declared by this owner; interface metadata is verified by the separate metadata suite Typed nullable integer rows/columns/tables/datasets/streams; finite schema, rows and stages; lazy callbacks once	data:table-sort-name-type,data:table-sort-two-keys,data:table-sort-unknown-name	STABLE_PUBLIC_PROFILE	sdk/contracts/stdlib/STDLIB-STABLE-CATALOG.tsv#claim:3b877d773a41ebfce31e2a56	DECLARED
ID-PUBLIC-4e9bc0c50f7cfb91367658d3	claim:3be8074ed4adc596274a600f	Spelling alias only; inspect every qualified declaration: g018-declaration:console.size() Retained document/headless software profile; exact nodes and bytes; no live desktop claim	console:size-arity	STABLE_PUBLIC_PROFILE	sdk/contracts/stdlib/STDLIB-STABLE-CATALOG.tsv#claim:3be8074ed4adc596274a600f	DECLARED
ID-PUBLIC-e6a69429d0c7cd573f781087	claim:3c2eb81e414ed36cc23ec4b2	Contextual alias for g170-scan:yesNo; public typed source proof replaces the historical seed/probe evidence. Preserve the qualified row bounds; no separate global option or live capability is claimed. Synthetic mock/stdin replay; typed bounded ScanPlan; redaction; no real secret or live device	scan:choice-yesNo-invalid	STABLE_PUBLIC_PROFILE	sdk/contracts/stdlib/STDLIB-STABLE-CATALOG.tsv#claim:3c2eb81e414ed36cc23ec4b2	DECLARED
ID-PUBLIC-a1c62d228113d98361a066a7	claim:3d361b1b7b6ad0b26d30620c	Spelling alias for g010-public:Dataset.cache; no additional API counted; preserve qualified profile limits; native intrinsic identity is receiver-qualified; no serialized SymbolId or DocRecord is declared by this owner; interface metadata is verified by the separate metadata suite Typed nullable integer rows/columns/tables/datasets/streams; finite schema, rows and stages; lazy callbacks once	data:cache-arity,data:cache-blocks-repartition,data:cache-invalid-2,data:cache-policy-type	STABLE_PUBLIC_PROFILE	sdk/contracts/stdlib/STDLIB-STABLE-CATALOG.tsv#claim:3d361b1b7b6ad0b26d30620c	DECLARED
ID-PUBLIC-6f8edce072d8a856a31deee5	claim:3d68dc5fd9e828e756c26f2d	Explicit SplitMix64 v1 state, no entropy capability; native finite-domain distributions and categorical Float Vector weights; nonnegative Int uniform; shuffle of unique local mutable Int Slice at most 64 lanes; lexical creation/release provenance, separate descriptor/payload frames; sample of Int Vector/local Slice returns canonical List with 0..16 entries; independent seed/value/order oracles and rejected effectful interpolation; no whole-source report Independent deterministic seeded states; checked intervals and distribution domains; no cryptographic entropy claim	random:categorical-dtype,random:categorical-type,random:categorical-arity	STABLE_PUBLIC_PROFILE	sdk/contracts/stdlib/STDLIB-STABLE-CATALOG.tsv#claim:3d68dc5fd9e828e756c26f2d	DECLARED
ID-PUBLIC-2ae552ea6a1f19be2300e2d9	claim:3d700a5a1897ad69b07b69c2	indexOf(Text); byte index; O((n-m+1)m); ; borrowed inputs; caller-owned Option slot; public UTF-8 descriptor bridge and distinct bounded function storage; native intrinsic identity is receiver-qualified; no serialized SymbolId or DocRecord is declared by this owner; interface metadata is verified by the separate metadata suite UTF-8 byte/codepoint/grapheme units are distinct; per-member finite profile	text:type-indexOf	STABLE_PUBLIC_PROFILE	sdk/contracts/stdlib/STDLIB-STABLE-CATALOG.tsv#claim:3d700a5a1897ad69b07b69c2	DECLARED
ID-PUBLIC-81e7897fc284f0f65896c8c4	claim:3e4e1dcddb7062bd03f35941	Literal Int64/binary64 operands; at most 128 complete statements; independent arithmetic trace and return matrix Native checked scalar/vector mathematics; independent numeric oracle; explicit process return separate from intermediate value	math:math-text-return,math:record-capacity-plus-one	STABLE_PUBLIC_PROFILE	sdk/contracts/stdlib/STDLIB-STABLE-CATALOG.tsv#claim:3e4e1dcddb7062bd03f35941	DECLARED
ID-PUBLIC-20e3ab9862a286aeddbb718a	claim:3ed1febf7e80ca9a7ed359a5	Spelling alias for g009-public:Graph<Int,Int>.undirected; no additional API counted; preserve qualified profile limits; native intrinsic identity is receiver-qualified; no serialized SymbolId or DocRecord is declared by this owner; interface metadata is verified by the separate metadata suite Int64 payloads; 32 nodes/256 edges; authenticated handle/owner pair; no stale or foreign handle	relation:graph-edge-type	STABLE_PUBLIC_PROFILE	sdk/contracts/stdlib/STDLIB-STABLE-CATALOG.tsv#claim:3ed1febf7e80ca9a7ed359a5	DECLARED
ID-PUBLIC-f5450de8b36cb338a53e06b7	claim:3f36ddd9d2242fe671e83752	Contextual alias for g170-scan:maxLines; public typed source proof replaces the historical seed/probe evidence. Preserve the qualified row bounds; no separate global option or live capability is claimed. Synthetic mock/stdin replay; typed bounded ScanPlan; redaction; no real secret or live device	scan:multiline-maxlines-zero,scan:multiline-maxlines-over	STABLE_PUBLIC_PROFILE	sdk/contracts/stdlib/STDLIB-STABLE-CATALOG.tsv#claim:3f36ddd9d2242fe671e83752	DECLARED
ID-PUBLIC-d47f9fd43222c8c3964c6116	claim:3faba2f8f65262fab1216bf7	Spelling alias for g010-public:Table.columnCount; no additional API counted; preserve qualified profile limits; native intrinsic identity is receiver-qualified; no serialized SymbolId or DocRecord is declared by this owner; interface metadata is verified by the separate metadata suite Typed nullable integer rows/columns/tables/datasets/streams; finite schema, rows and stages; lazy callbacks once	data:table-column-count-arity	STABLE_PUBLIC_PROFILE	sdk/contracts/stdlib/STDLIB-STABLE-CATALOG.tsv#claim:3faba2f8f65262fab1216bf7	DECLARED
ID-PUBLIC-7553bed3482874196ccb2874	claim:40d488fe4490fa05e7e02d26	Binary64 actual receiver and once-evaluated arguments; classifiers include IEEE subnormal/NaN/infinity/signed zero; explicit rounding modes restore caller control word; finite round magnitude <2^63; approxEquals preserves two source arguments with Vector<Float> tolerance [absolute,relative], exactly two lanes (runtime shape checked); nonnegative/non-NaN tolerances, identical infinities equal and distinct infinities unequal; Uncertain methods claim only exact typed operands; native registry identity and runtime profile are explicit; serialized interface metadata is verified by the separate metadata suite Native checked scalar/vector mathematics; independent numeric oracle; explicit process return separate from intermediate value	precision:approx-other-type,precision:approx-tolerance-type,precision:approx-element-type,precision:approx-shape-three,precision:approx-arity-4,precision:approx-status-type,precision:approx-dynamic-shape-3,precision:approx-domain-33	STABLE_PUBLIC_PROFILE	sdk/contracts/stdlib/STDLIB-STABLE-CATALOG.tsv#claim:40d488fe4490fa05e7e02d26	DECLARED
ID-PUBLIC-39147880c0d05a5086d3765f	claim:415c71c28c43aff4440b2800	Spelling alias for g009-public:Tree.postorder; no additional API counted; preserve qualified profile limits; native intrinsic identity is receiver-qualified; no serialized SymbolId or DocRecord is declared by this owner; interface metadata is verified by the separate metadata suite Int64 payloads; 32 nodes/256 edges; authenticated handle/owner pair; no stale or foreign handle	relation:tree-postorder-arity	STABLE_PUBLIC_PROFILE	sdk/contracts/stdlib/STDLIB-STABLE-CATALOG.tsv#claim:415c71c28c43aff4440b2800	DECLARED
ID-PUBLIC-7fe5a647a1e542dfbcb9aabd	claim:424bb83996a3e38a68dcf3e9	Contextual alias for g170-scan:jsonBlock; public typed source proof replaces the historical seed/probe evidence. Preserve the qualified row bounds; no separate global option or live capability is claimed. Synthetic mock/stdin replay; typed bounded ScanPlan; redaction; no real secret or live device	scan:multiline-bad-json,scan:multiline-duplicate-json	STABLE_PUBLIC_PROFILE	sdk/contracts/stdlib/STDLIB-STABLE-CATALOG.tsv#claim:424bb83996a3e38a68dcf3e9	DECLARED
ID-PUBLIC-12b293a4364652b69299a5b8	claim:457f6ba87c85808174445e46	Contextual alias for g170-scan:rawBlock; public typed source proof replaces the historical seed/probe evidence. Preserve the qualified row bounds; no separate global option or live capability is claimed. Synthetic mock/stdin replay; typed bounded ScanPlan; redaction; no real secret or live device	scan:multiline-mode-conflict	STABLE_PUBLIC_PROFILE	sdk/contracts/stdlib/STDLIB-STABLE-CATALOG.tsv#claim:457f6ba87c85808174445e46	DECLARED
ID-PUBLIC-84461c36c5e22820bf46b8b8	claim:45ec8d7b2a67419031f67091	Spelling alias for g009-public:Tree.preorder; no additional API counted; preserve qualified profile limits; native intrinsic identity is receiver-qualified; no serialized SymbolId or DocRecord is declared by this owner; interface metadata is verified by the separate metadata suite Int64 payloads; 32 nodes/256 edges; authenticated handle/owner pair; no stale or foreign handle	relation:tree-preorder-arity	STABLE_PUBLIC_PROFILE	sdk/contracts/stdlib/STDLIB-STABLE-CATALOG.tsv#claim:45ec8d7b2a67419031f67091	DECLARED
ID-PUBLIC-2016ff72dacddc64a661ae74	claim:4752f69a488b14ba42ab6346	Spelling alias for g010-public:Flow<Int>.value; no additional API counted; preserve qualified profile limits; native intrinsic identity is receiver-qualified; no serialized SymbolId or DocRecord is declared by this owner; interface metadata is verified by the separate metadata suite Typed nullable integer rows/columns/tables/datasets/streams; finite schema, rows and stages; lazy callbacks once	data:flow-type	STABLE_PUBLIC_PROFILE	sdk/contracts/stdlib/STDLIB-STABLE-CATALOG.tsv#claim:4752f69a488b14ba42ab6346	DECLARED
ID-PUBLIC-d0b3b94ba0e51f990639f0bc	claim:47990c872fdd06e04b656591	isEmpty(); O(1); ; borrowed immutable receiver; public UTF-8 descriptor bridge and distinct bounded function storage; native intrinsic identity is receiver-qualified; no serialized SymbolId or DocRecord is declared by this owner; interface metadata is verified by the separate metadata suite UTF-8 byte/codepoint/grapheme units are distinct; per-member finite profile	text:arity-isEmpty	STABLE_PUBLIC_PROFILE	sdk/contracts/stdlib/STDLIB-STABLE-CATALOG.tsv#claim:47990c872fdd06e04b656591	DECLARED
ID-PUBLIC-6103709c2fe221841630947f	claim:48e811dda1824a827cb5f5eb	Spelling alias for g008-public:Set.intersection; no additional API counted; preserve qualified profile limits; native intrinsic identity is receiver-qualified; no serialized SymbolId or DocRecord is declared by this owner; interface metadata is verified by the separate metadata suite Typed key/value and hash/equality policy; two independent live stores; declared capacity and failure atomicity	dict:set-intersection-type	STABLE_PUBLIC_PROFILE	sdk/contracts/stdlib/STDLIB-STABLE-CATALOG.tsv#claim:48e811dda1824a827cb5f5eb	DECLARED
ID-PUBLIC-0ff6d650342d556ed537edfd	claim:492add4012b8533e7ead4cb6	Actual Int64/binary64 lanes, extent 1..64; checked Int sum, native compensated Float sum, explicit population/sample and linearType7 policies; 1536-byte caller workspace isolates conversion/quantile scratch; source values unchanged; native domain/overflow traps and NaN propagation are observed; no source report or synthetic aggregate Native checked scalar/vector mathematics; independent numeric oracle; explicit process return separate from intermediate value	statistics:correlation-type,statistics:correlation-shape,statistics:correlation-dtype,statistics:correlation-arity	STABLE_PUBLIC_PROFILE	sdk/contracts/stdlib/STDLIB-STABLE-CATALOG.tsv#claim:492add4012b8533e7ead4cb6	DECLARED
ID-PUBLIC-ece7bc8a1e5c9f72845a0d88	claim:49faf7047d69177900e8fe96	Explicit SplitMix64 v1 state, no entropy capability; native finite-domain distributions and categorical Float Vector weights; nonnegative Int uniform; shuffle of unique local mutable Int Slice at most 64 lanes; lexical creation/release provenance, separate descriptor/payload frames; sample of Int Vector/local Slice returns canonical List with 0..16 entries; independent seed/value/order oracles and rejected effectful interpolation; no whole-source report Independent deterministic seeded states; checked intervals and distribution domains; no cryptographic entropy claim	random:seed-type,random:seed-arity,random:state-status	STABLE_PUBLIC_PROFILE	sdk/contracts/stdlib/STDLIB-STABLE-CATALOG.tsv#claim:49faf7047d69177900e8fe96	DECLARED
ID-PUBLIC-63a49f2feccaa533a1472bf6	claim:4c4cb795ffcabd4d37c8a850	Contextual alias for g170-scan:secret; public typed source proof replaces the historical seed/probe evidence. Preserve the qualified row bounds; no separate global option or live capability is claimed. Synthetic mock/stdin replay; typed bounded ScanPlan; redaction; no real secret or live device	scan:weak-secret,scan:secret-arity,scan:option-arity-secret	STABLE_PUBLIC_PROFILE	sdk/contracts/stdlib/STDLIB-STABLE-CATALOG.tsv#claim:4c4cb795ffcabd4d37c8a850	DECLARED
ID-PUBLIC-c060cc0a686efb2f0b7c6dcb	claim:4c814abc5cf5237a2bd5d2d2	Spelling alias for g008-public:Dict.reserve; no additional API counted; preserve qualified profile limits; native intrinsic identity is receiver-qualified; no serialized SymbolId or DocRecord is declared by this owner; interface metadata is verified by the separate metadata suite Typed key/value and hash/equality policy; two independent live stores; declared capacity and failure atomicity	dict:reserve-type	STABLE_PUBLIC_PROFILE	sdk/contracts/stdlib/STDLIB-STABLE-CATALOG.tsv#claim:4c814abc5cf5237a2bd5d2d2	DECLARED
ID-PUBLIC-e33b58ea5ae86e0bd30cc862	claim:4ec899a194e61c8e4122d838	Contextual alias for g170-scan:feedback; public typed source proof replaces the historical seed/probe evidence. Preserve the qualified row bounds; no separate global option or live capability is claimed. Synthetic mock/stdin replay; typed bounded ScanPlan; redaction; no real secret or live device	scan:metadata-type,scan:option-arity-feedback	STABLE_PUBLIC_PROFILE	sdk/contracts/stdlib/STDLIB-STABLE-CATALOG.tsv#claim:4ec899a194e61c8e4122d838	DECLARED
ID-PUBLIC-d598a0c4500e4f14f2a03e9e	claim:4f51bce75a774f5cc3aeb531	Binary64 actual receiver and once-evaluated arguments; classifiers include IEEE subnormal/NaN/infinity/signed zero; explicit rounding modes restore caller control word; finite round magnitude <2^63; approxEquals preserves two source arguments with Vector<Float> tolerance [absolute,relative], exactly two lanes (runtime shape checked); nonnegative/non-NaN tolerances, identical infinities equal and distinct infinities unequal; Uncertain methods claim only exact typed operands; native registry identity and runtime profile are explicit; serialized interface metadata is verified by the separate metadata suite Native checked scalar/vector mathematics; independent numeric oracle; explicit process return separate from intermediate value	precision:classifier-extra-argument	STABLE_PUBLIC_PROFILE	sdk/contracts/stdlib/STDLIB-STABLE-CATALOG.tsv#claim:4f51bce75a774f5cc3aeb531	DECLARED
ID-PUBLIC-ac1f8d1c51ef4556e59a2228	claim:4fe4393e76342243fa2d88bf	Spelling alias for g010-public:Event<Int>.value; no additional API counted; preserve qualified profile limits; native intrinsic identity is receiver-qualified; no serialized SymbolId or DocRecord is declared by this owner; interface metadata is verified by the separate metadata suite Typed nullable integer rows/columns/tables/datasets/streams; finite schema, rows and stages; lazy callbacks once	data:event-type	STABLE_PUBLIC_PROFILE	sdk/contracts/stdlib/STDLIB-STABLE-CATALOG.tsv#claim:4fe4393e76342243fa2d88bf	DECLARED
ID-PUBLIC-f5e85dbfeb8a87ab432a1908	claim:52a41f4c247955848764e413	Spelling alias only; inspect every qualified declaration: g018-declaration:Text.console(); g018-declaration:Int.console(); g018-declaration:Bool.console(); g018-declaration:console.title(text); g018-declaration:console.clear(); g018-declaration:console.append(value, style); g018-declaration:console.style(range, style); g018-declaration:console.scrollToEnd(); g018-declaration:console.size(); g018-declaration:console.close() Retained document/headless software profile; exact nodes and bytes; no live desktop claim	console:append-float,console:append-missing,console:bare-color,console:clear-arity,console:close-arity,console:close-clear,console:close-publish,console:close-twice,console:scroll-arity,console:size-arity,console:style-bound--1-1,console:style-bound-0-3,console:style-bound-2-1,console:style-endpoint-type,console:style-role-type,console:style-selection-arity,console:style-selection-type,console:styled-append-arity,console:styled-append-type,console:title-limit,console:title-type	STABLE_PUBLIC_PROFILE	sdk/contracts/stdlib/STDLIB-STABLE-CATALOG.tsv#claim:52a41f4c247955848764e413	DECLARED
ID-PUBLIC-271b8265c2e7389dbf9fabe8	claim:5347bdcdb00f42f1c3a42a72	Spelling alias for g008-public:Dict.get; no additional API counted; preserve qualified profile limits; native intrinsic identity is receiver-qualified; no serialized SymbolId or DocRecord is declared by this owner; interface metadata is verified by the separate metadata suite Typed key/value and hash/equality policy; two independent live stores; declared capacity and failure atomicity	dict:released-reference-read	STABLE_PUBLIC_PROFILE	sdk/contracts/stdlib/STDLIB-STABLE-CATALOG.tsv#claim:5347bdcdb00f42f1c3a42a72	DECLARED
ID-PUBLIC-169b1f1c9d76fc8eced344ec	claim:53b7c6e2a6265fa7564fb599	toText(); 4096 generated output bytes; owned for Text/Int static for Bool; actual Result value/tag/fallback; native checked output is committed only on Ok; live keyword table; native intrinsic identity is receiver-qualified; no serialized SymbolId or DocRecord is declared by this owner; interface metadata is verified by the separate metadata suite Explicit parse result; preserve checked numeric domain and Unicode policy	textparse:arity-toText	STABLE_PUBLIC_PROFILE	sdk/contracts/stdlib/STDLIB-STABLE-CATALOG.tsv#claim:53b7c6e2a6265fa7564fb599	DECLARED
ID-PUBLIC-98974fddf31cc59237225fe3	claim:53cf67a22ac4477f89f4005b	Spelling alias for g010-public:Dataset.partitionCount; no additional API counted; preserve qualified profile limits; native intrinsic identity is receiver-qualified; no serialized SymbolId or DocRecord is declared by this owner; interface metadata is verified by the separate metadata suite Typed nullable integer rows/columns/tables/datasets/streams; finite schema, rows and stages; lazy callbacks once	data:dataset-partition-count-arity	STABLE_PUBLIC_PROFILE	sdk/contracts/stdlib/STDLIB-STABLE-CATALOG.tsv#claim:53cf67a22ac4477f89f4005b	DECLARED
ID-PUBLIC-b287bb3f31eac4f239678a7b	claim:547467641629e92203b10bf1	isAscii(); whole input; O(n); ; borrowed immutable receiver; public UTF-8 descriptor bridge and distinct bounded function storage; native intrinsic identity is receiver-qualified; no serialized SymbolId or DocRecord is declared by this owner; interface metadata is verified by the separate metadata suite UTF-8 byte/codepoint/grapheme units are distinct; per-member finite profile	text:arity-isAscii	STABLE_PUBLIC_PROFILE	sdk/contracts/stdlib/STDLIB-STABLE-CATALOG.tsv#claim:547467641629e92203b10bf1	DECLARED
ID-PUBLIC-023d9005404c03ac632aa198	claim:549e7059025a971fcc365dc9	Spelling alias only; inspect every qualified declaration: g018-declaration:console.scrollToEnd() Retained document/headless software profile; exact nodes and bytes; no live desktop claim	console:scroll-arity	STABLE_PUBLIC_PROFILE	sdk/contracts/stdlib/STDLIB-STABLE-CATALOG.tsv#claim:549e7059025a971fcc365dc9	DECLARED
ID-PUBLIC-1dc1670b5bea2c3c7410aaa9	claim:54ad79f5f8bd26f18fe4bb4d	Contextual alias for g170-scan:autocomplete; public typed source proof replaces the historical seed/probe evidence. Preserve the qualified row bounds; no separate global option or live capability is claimed. Synthetic mock/stdin replay; typed bounded ScanPlan; redaction; no real secret or live device	scan:autocomplete-ambiguous,scan:autocomplete-absent,scan:choice-type-autocomplete	STABLE_PUBLIC_PROFILE	sdk/contracts/stdlib/STDLIB-STABLE-CATALOG.tsv#claim:54ad79f5f8bd26f18fe4bb4d	DECLARED
ID-PUBLIC-33127c562f762ad4fa435362	claim:55290ab94bb4dfe62eb3d860	Literal Int64/binary64 operands; at most 128 complete statements; independent arithmetic trace and return matrix Native checked scalar/vector mathematics; independent numeric oracle; explicit process return separate from intermediate value	math:math-text-return,math:record-capacity-plus-one	STABLE_PUBLIC_PROFILE	sdk/contracts/stdlib/STDLIB-STABLE-CATALOG.tsv#claim:55290ab94bb4dfe62eb3d860	DECLARED
ID-PUBLIC-a30347bd0f2bd3936d2c5085	claim:55dee89308056e33be8c40fb	Spelling alias for g010-public:Table.rowCount; no additional API counted; preserve qualified profile limits; native intrinsic identity is receiver-qualified; no serialized SymbolId or DocRecord is declared by this owner; interface metadata is verified by the separate metadata suite Typed nullable integer rows/columns/tables/datasets/streams; finite schema, rows and stages; lazy callbacks once	data:table-row-count-arity	STABLE_PUBLIC_PROFILE	sdk/contracts/stdlib/STDLIB-STABLE-CATALOG.tsv#claim:55dee89308056e33be8c40fb	DECLARED
ID-PUBLIC-f3aaf3cb3fa0806bf1d62928	claim:5627492c9ec2cab409b18eaf	Spelling alias for g009-public:Tree<Int>.new,g009-public:Tree.root,g009-public:Tree.addChild,g009-public:Tree.removeSubtree,g009-public:Tree.parent,g009-public:Tree.children,g009-public:Tree.height,g009-public:Tree.preorder,g009-public:Tree.postorder,g009-public:Tree.lowestCommonAncestor; no additional API counted; preserve qualified profile limits; native intrinsic identity is receiver-qualified; no serialized SymbolId or DocRecord is declared by this owner; interface metadata is verified by the separate metadata suite Int64 payloads; 32 nodes/256 edges; authenticated handle/owner pair; no stale or foreign handle	relation:tree-children-node-type,relation:tree-copy,relation:tree-height-arity,relation:tree-lca-node-type,relation:tree-parent-node-type,relation:tree-payload-type,relation:tree-postorder-arity,relation:tree-preorder-arity,relation:tree-raw-handle,relation:tree-removeSubtree-node-type,relation:tree-root-arity,relation:tree-type,relation:tree-wrong-child-value	STABLE_PUBLIC_PROFILE	sdk/contracts/stdlib/STDLIB-STABLE-CATALOG.tsv#claim:5627492c9ec2cab409b18eaf	DECLARED
ID-PUBLIC-6d7662eca39c5ce1f30d25cc	claim:5650d741e3336cb96ad15195	Actual edition-owned prelude SymbolId and unique stdlib owner; CLI metadata checked against the local .ni interface and independent FNV identity. Runtime profile is the cited source case family. Iterator/IntoIterator dispatch is bounded Range iteration, not a standalone cursor constructor or arbitrary iterator implementation. Ord reuses the existing comparable capability, with explicit Bool rejection. Native intrinsic profiles are not promoted to arbitrary generic APIs. Typed active variant and structured errors; bounded combinators; explicit ownership; no arbitrary callback promise	optionresult:result-or-else-type	STABLE_PUBLIC_PROFILE	sdk/contracts/stdlib/STDLIB-STABLE-CATALOG.tsv#claim:5650d741e3336cb96ad15195	DECLARED
ID-PUBLIC-5c65d20213197f992d0cbd6e	claim:579eeed18af4e5b64384372f	Spelling alias for g010-public:Stream.batch,g010-public:Stream.batch.next,g010-public:Stream.batch.sink; no additional API counted; preserve qualified profile limits; native intrinsic identity is receiver-qualified; no serialized SymbolId or DocRecord is declared by this owner; interface metadata is verified by the separate metadata suite Typed nullable integer rows/columns/tables/datasets/streams; finite schema, rows and stages; lazy callbacks once	data:batch-copy,data:batch-option-copy,data:batch-sink-extra-argument,data:batch-sink-return-value,data:batch-sink-scalar-receiver,data:batch-size-arity,data:batch-size-invalid--1,data:batch-size-invalid-0,data:batch-size-invalid-65,data:batch-size-type	STABLE_PUBLIC_PROFILE	sdk/contracts/stdlib/STDLIB-STABLE-CATALOG.tsv#claim:579eeed18af4e5b64384372f	DECLARED
ID-PUBLIC-82f97a7e4d73431fdee7a4b8	claim:57b9a3fd10dc01e0aea508b1	Spelling alias for g009-public:Tree.children; no additional API counted; preserve qualified profile limits; native intrinsic identity is receiver-qualified; no serialized SymbolId or DocRecord is declared by this owner; interface metadata is verified by the separate metadata suite Int64 payloads; 32 nodes/256 edges; authenticated handle/owner pair; no stale or foreign handle	relation:tree-children-node-type	STABLE_PUBLIC_PROFILE	sdk/contracts/stdlib/STDLIB-STABLE-CATALOG.tsv#claim:57b9a3fd10dc01e0aea508b1	DECLARED
ID-PUBLIC-8ebb9d97077ef50229540b5c	claim:587e6f8343e0bd64c09b5952	lower(); 4096 output bytes; ASCII root profile; ; owned caller workspace; public UTF-8 descriptor bridge and distinct bounded function storage; native intrinsic identity is receiver-qualified; no serialized SymbolId or DocRecord is declared by this owner; interface metadata is verified by the separate metadata suite UTF-8 byte/codepoint/grapheme units are distinct; per-member finite profile	text:arity-lower	STABLE_PUBLIC_PROFILE	sdk/contracts/stdlib/STDLIB-STABLE-CATALOG.tsv#claim:587e6f8343e0bd64c09b5952	DECLARED
ID-PUBLIC-8ee94d4d42e618380ad4c450	claim:596c8f79dd98c9f8afc299ff	Actual Int64/binary64 lanes, extent 1..64; checked Int sum, native compensated Float sum, explicit population/sample and linearType7 policies; 1536-byte caller workspace isolates conversion/quantile scratch; source values unchanged; native domain/overflow traps and NaN propagation are observed; no source report or synthetic aggregate Native checked scalar/vector mathematics; independent numeric oracle; explicit process return separate from intermediate value	statistics:arity-mean,statistics:float-status	STABLE_PUBLIC_PROFILE	sdk/contracts/stdlib/STDLIB-STABLE-CATALOG.tsv#claim:596c8f79dd98c9f8afc299ff	DECLARED
ID-PUBLIC-963e013d1175f24b88584bbb	claim:5bc5f510dfda3d787fe58416	Spelling alias only; inspect every qualified declaration: g018-declaration:visual.summarize(value) Retained document/headless software profile; exact nodes and bytes; no live desktop claim	console:visual-summary-arity,console:visual-summary-range--1,console:visual-summary-range-256,console:visual-summary-shadow,console:visual-summary-type	STABLE_PUBLIC_PROFILE	sdk/contracts/stdlib/STDLIB-STABLE-CATALOG.tsv#claim:5bc5f510dfda3d787fe58416	DECLARED
ID-PUBLIC-3fa273ccb3fdeb1b9b11a23f	claim:5c4067090d3eb3b35c41ae27	Contextual alias for g170-scan:redact; public typed source proof replaces the historical seed/probe evidence. Preserve the qualified row bounds; no separate global option or live capability is claimed. Synthetic mock/stdin replay; typed bounded ScanPlan; redaction; no real secret or live device	scan:secret-arity,scan:option-arity-redact	STABLE_PUBLIC_PROFILE	sdk/contracts/stdlib/STDLIB-STABLE-CATALOG.tsv#claim:5c4067090d3eb3b35c41ae27	DECLARED
ID-PUBLIC-f1d834ae79a0a8e24706b4f5	claim:5c562dd249bf5aac06fc39e8	Spelling alias for g009-public:Node.degree; no additional API counted; preserve qualified profile limits; native intrinsic identity is receiver-qualified; no serialized SymbolId or DocRecord is declared by this owner; interface metadata is verified by the separate metadata suite Int64 payloads; 32 nodes/256 edges; authenticated handle/owner pair; no stale or foreign handle	relation:node-degree-arity	STABLE_PUBLIC_PROFILE	sdk/contracts/stdlib/STDLIB-STABLE-CATALOG.tsv#claim:5c562dd249bf5aac06fc39e8	DECLARED
ID-PUBLIC-ee34fc1c7cf0f7230c943917	claim:5d47e5dcd877ab58dedc8c74	Actual nominal immutable Path, canonical native normalize/join/isAbsolute/fileName owners; 4096-byte paths, 64 components, 255-byte components. File.readText/writeText consume typed Path and Text, explicit utf8 and truncate/append/atomic policies, at most 4096 bytes. Native File capability is restricted to the execution directory through openat2 beneath/no-symlink resolution. Every file and root descriptor closes; private filesystem byte effects and 512 repeated reads are independent observations. This is the material convenience profile, not a claim for arbitrary live handle or directory APIs. Caller-owned beneath directory; no symlinks; UTF-8; 4096-byte paths, 64 components, 255-byte component; atomic write	filesystem:read-path-type,filesystem:read-limit-type,filesystem:encoding-policy,filesystem:encoding-shadow,filesystem:write-value-type,filesystem:write-mode,filesystem:file-domain-missing,filesystem:file-domain-encoding,filesystem:file-domain-bound,filesystem:file-domain-absolute	STABLE_PUBLIC_PROFILE	sdk/contracts/stdlib/STDLIB-STABLE-CATALOG.tsv#claim:5d47e5dcd877ab58dedc8c74	DECLARED
ID-PUBLIC-a993882ea7b0ca9ed43b4710	claim:5d68b86e20730e28aa956938	Spelling alias for g008-public:Dict.validateInvariants; no additional API counted; preserve qualified profile limits; native intrinsic identity is receiver-qualified; no serialized SymbolId or DocRecord is declared by this owner; interface metadata is verified by the separate metadata suite Typed key/value and hash/equality policy; two independent live stores; declared capacity and failure atomicity	dict:use-after-drop	STABLE_PUBLIC_PROFILE	sdk/contracts/stdlib/STDLIB-STABLE-CATALOG.tsv#claim:5d68b86e20730e28aa956938	DECLARED
ID-PUBLIC-ecb07597fbd1754d0ae1815e	claim:5e73e28d4202b9aaa2f0b803	Spelling alias for g008-public:Dict.insert,g008-public:Set.insert; no additional API counted; preserve qualified profile limits; native intrinsic identity is receiver-qualified; no serialized SymbolId or DocRecord is declared by this owner; interface metadata is verified by the separate metadata suite Typed key/value and hash/equality policy; two independent live stores; declared capacity and failure atomicity	dict:insert-key-type,dict:insert-value-type,dict:set-insert-type	STABLE_PUBLIC_PROFILE	sdk/contracts/stdlib/STDLIB-STABLE-CATALOG.tsv#claim:5e73e28d4202b9aaa2f0b803	DECLARED
ID-PUBLIC-3a84598915cd5e6f4f87bdc0	claim:5eff28a6e44e3a21a5fe4063	lastIndexOf(Text); byte index; O((n-m+1)m); ; borrowed inputs; caller-owned Option slot; public UTF-8 descriptor bridge and distinct bounded function storage; native intrinsic identity is receiver-qualified; no serialized SymbolId or DocRecord is declared by this owner; interface metadata is verified by the separate metadata suite UTF-8 byte/codepoint/grapheme units are distinct; per-member finite profile	text:type-lastIndexOf	STABLE_PUBLIC_PROFILE	sdk/contracts/stdlib/STDLIB-STABLE-CATALOG.tsv#claim:5eff28a6e44e3a21a5fe4063	DECLARED
ID-PUBLIC-679e881a761824b35f3603ef	claim:605839f798b2d5e2acbe2ece	Spelling alias for g010-public:Row.from,g010-public:Stream<Int>.from,g010-public:Column<Int>.from; no additional API counted; preserve qualified profile limits; native intrinsic identity is receiver-qualified; no serialized SymbolId or DocRecord is declared by this owner; interface metadata is verified by the separate metadata suite Typed nullable integer rows/columns/tables/datasets/streams; finite schema, rows and stages; lazy callbacks once	data:column-copy,data:column-element-type,data:column-from-type,data:column-mixed-type,data:column-value-type,data:row-copy,data:row-empty-values,data:row-missing-nonnullable,data:row-schema-type,data:row-too-few,data:row-too-many,data:row-value-float,data:row-value-type,data:stream-copy,data:stream-element-type,data:stream-from-type,data:stream-value-type	STABLE_PUBLIC_PROFILE	sdk/contracts/stdlib/STDLIB-STABLE-CATALOG.tsv#claim:605839f798b2d5e2acbe2ece	DECLARED
ID-PUBLIC-3e0796a025fbd47cc6cbfc2e	claim:60d1fd8b101110462a0f41f7	parseInt(); decimal signed i64; Result by value; actual Result value/tag/fallback; native checked output is committed only on Ok; live keyword table; native intrinsic identity is receiver-qualified; no serialized SymbolId or DocRecord is declared by this owner; interface metadata is verified by the separate metadata suite Explicit parse result; preserve checked numeric domain and Unicode policy	textparse:arity-parseInt,textparse:fallback-type-Int	STABLE_PUBLIC_PROFILE	sdk/contracts/stdlib/STDLIB-STABLE-CATALOG.tsv#claim:60d1fd8b101110462a0f41f7	DECLARED
ID-PUBLIC-66b9d9ac06f0460993548a66	claim:6173cc5395595d52edab0b9e	Contextual alias for g170-scan:sensitive; public typed source proof replaces the historical seed/probe evidence. Preserve the qualified row bounds; no separate global option or live capability is claimed. Synthetic mock/stdin replay; typed bounded ScanPlan; redaction; no real secret or live device	scan:secret-arity,scan:option-arity-sensitive	STABLE_PUBLIC_PROFILE	sdk/contracts/stdlib/STDLIB-STABLE-CATALOG.tsv#claim:6173cc5395595d52edab0b9e	DECLARED
ID-PUBLIC-579962318f79a610db4a866e	claim:61aa7b5cbbbb8c070ae1ba1e	Spelling alias for g010-public:Dataset.schema; no additional API counted; preserve qualified profile limits; native intrinsic identity is receiver-qualified; no serialized SymbolId or DocRecord is declared by this owner; interface metadata is verified by the separate metadata suite Typed nullable integer rows/columns/tables/datasets/streams; finite schema, rows and stages; lazy callbacks once	data:dataset-schema-arity	STABLE_PUBLIC_PROFILE	sdk/contracts/stdlib/STDLIB-STABLE-CATALOG.tsv#claim:61aa7b5cbbbb8c070ae1ba1e	DECLARED
ID-PUBLIC-14988a44444079ac4565d2f7	claim:620b2733fc66bb9048954ffb	Contextual alias for g170-scan:paragraph; public typed source proof replaces the historical seed/probe evidence. Preserve the qualified row bounds; no separate global option or live capability is claimed. Synthetic mock/stdin replay; typed bounded ScanPlan; redaction; no real secret or live device	scan:multiline-mode-conflict	STABLE_PUBLIC_PROFILE	sdk/contracts/stdlib/STDLIB-STABLE-CATALOG.tsv#claim:620b2733fc66bb9048954ffb	DECLARED
ID-PUBLIC-e0df3a8038fb75b7e454bf03	claim:641aec17a589f5dddf4bd6d8	Spelling alias for g008-public:Set.union; no additional API counted; preserve qualified profile limits; native intrinsic identity is receiver-qualified; no serialized SymbolId or DocRecord is declared by this owner; interface metadata is verified by the separate metadata suite Typed key/value and hash/equality policy; two independent live stores; declared capacity and failure atomicity	dict:set-union-type	STABLE_PUBLIC_PROFILE	sdk/contracts/stdlib/STDLIB-STABLE-CATALOG.tsv#claim:641aec17a589f5dddf4bd6d8	DECLARED
ID-PUBLIC-2876582f7dca766c71d27669	claim:66f55df88e329e6f7b3845b5	Spelling alias for g009-public:Graph.removeNode; no additional API counted; preserve qualified profile limits; native intrinsic identity is receiver-qualified; no serialized SymbolId or DocRecord is declared by this owner; interface metadata is verified by the separate metadata suite Int64 payloads; 32 nodes/256 edges; authenticated handle/owner pair; no stale or foreign handle	relation:graph-removeNode-node-type	STABLE_PUBLIC_PROFILE	sdk/contracts/stdlib/STDLIB-STABLE-CATALOG.tsv#claim:66f55df88e329e6f7b3845b5	DECLARED
ID-PUBLIC-d5f1c90194a9dc923b306063	claim:672cbc44e1fd06f50a7411eb	Explicit SplitMix64 v1 state, no entropy capability; native finite-domain distributions and categorical Float Vector weights; nonnegative Int uniform; shuffle of unique local mutable Int Slice at most 64 lanes; lexical creation/release provenance, separate descriptor/payload frames; sample of Int Vector/local Slice returns canonical List with 0..16 entries; independent seed/value/order oracles and rejected effectful interpolation; no whole-source report Independent deterministic seeded states; checked intervals and distribution domains; no cryptographic entropy claim	random:shuffle-after-release,random:shuffle-two-aliases,random:shuffle-readonly,random:shuffle-arity	STABLE_PUBLIC_PROFILE	sdk/contracts/stdlib/STDLIB-STABLE-CATALOG.tsv#claim:672cbc44e1fd06f50a7411eb	DECLARED
ID-PUBLIC-6843eaebd37589bf5e2560ab	claim:67b6d4ca4484c9e25d4b86e1	Spelling alias for g008-public:Int.hash,g008-public:hash.randomized,g008-public:hash.deterministic; no additional API counted; preserve qualified profile limits; native intrinsic identity is receiver-qualified; no serialized SymbolId or DocRecord is declared by this owner; interface metadata is verified by the separate metadata suite Typed key/value and hash/equality policy; two independent live stores; declared capacity and failure atomicity	dict:int-hash-type,hashpolicy:randomized-arity,hashpolicy:seed-missing,hashpolicy:seed-type	STABLE_PUBLIC_PROFILE	sdk/contracts/stdlib/STDLIB-STABLE-CATALOG.tsv#claim:67b6d4ca4484c9e25d4b86e1	DECLARED
ID-PUBLIC-caf77c8e6e8117844a79d841	claim:6937d35c35869eaea1bf0bc4	Actual edition-owned prelude SymbolId and unique stdlib owner; CLI metadata checked against the local .ni interface and independent FNV identity. Runtime profile is the cited source case family. Iterator/IntoIterator dispatch is bounded Range iteration, not a standalone cursor constructor or arbitrary iterator implementation. Ord reuses the existing comparable capability, with explicit Bool rejection. Native intrinsic profiles are not promoted to arbitrary generic APIs. Synthetic mock/stdin replay; typed bounded ScanPlan; redaction; no real secret or live device	scan:mock-type	STABLE_PUBLIC_PROFILE	sdk/contracts/stdlib/STDLIB-STABLE-CATALOG.tsv#claim:6937d35c35869eaea1bf0bc4	DECLARED
ID-PUBLIC-2c42a88c8b361773a3874b38	claim:6a2d6ca2a076aba49e66d2b6	Contextual alias for g170-scan:confirm; public typed source proof replaces the historical seed/probe evidence. Preserve the qualified row bounds; no separate global option or live capability is claimed. Synthetic mock/stdin replay; typed bounded ScanPlan; redaction; no real secret or live device	scan:choice-confirm-invalid	STABLE_PUBLIC_PROFILE	sdk/contracts/stdlib/STDLIB-STABLE-CATALOG.tsv#claim:6a2d6ca2a076aba49e66d2b6	DECLARED
ID-PUBLIC-716e664c3f26d15b80031b9c	claim:6bb554d0f4e59db5aeb18326	Spelling alias for g009-public:Graph.shortestPathUnweighted; no additional API counted; preserve qualified profile limits; native intrinsic identity is receiver-qualified; no serialized SymbolId or DocRecord is declared by this owner; interface metadata is verified by the separate metadata suite Int64 payloads; 32 nodes/256 edges; authenticated handle/owner pair; no stale or foreign handle	relation:graph-shortestPathUnweighted-nodes-type	STABLE_PUBLIC_PROFILE	sdk/contracts/stdlib/STDLIB-STABLE-CATALOG.tsv#claim:6bb554d0f4e59db5aeb18326	DECLARED
ID-PUBLIC-5bd4b12beb9cc592c26eb575	claim:6c23175d9d55314ba5b93297	Contextual alias for g170-scan:menu; public typed source proof replaces the historical seed/probe evidence. Preserve the qualified row bounds; no separate global option or live capability is claimed. Synthetic mock/stdin replay; typed bounded ScanPlan; redaction; no real secret or live device	scan:choice-variant-menu-absent,scan:choice-type-menu	STABLE_PUBLIC_PROFILE	sdk/contracts/stdlib/STDLIB-STABLE-CATALOG.tsv#claim:6c23175d9d55314ba5b93297	DECLARED
ID-PUBLIC-84157922a137a64815393b36	claim:6d58fe076f0a92fb0f968d5d	Contextual alias for g170-scan:replay; public typed source proof replaces the historical seed/probe evidence. Preserve the qualified row bounds; no separate global option or live capability is claimed. Synthetic mock/stdin replay; typed bounded ScanPlan; redaction; no real secret or live device	scan:replay-missing,scan:replay-limit,scan:replay-parent,scan:replay-absolute	STABLE_PUBLIC_PROFILE	sdk/contracts/stdlib/STDLIB-STABLE-CATALOG.tsv#claim:6d58fe076f0a92fb0f968d5d	DECLARED
ID-PUBLIC-f3bcc765e83cfaa8e60ae4f9	claim:6ef45fa5e187a095aa4bb988	Spelling alias for g009-public:Node<Int>.new,g009-public:Tree<Int>.new; no additional API counted; preserve qualified profile limits; native intrinsic identity is receiver-qualified; no serialized SymbolId or DocRecord is declared by this owner; interface metadata is verified by the separate metadata suite Int64 payloads; 32 nodes/256 edges; authenticated handle/owner pair; no stale or foreign handle	relation:node-wrong-replacement,relation:tree-copy,relation:tree-payload-type,relation:tree-type	STABLE_PUBLIC_PROFILE	sdk/contracts/stdlib/STDLIB-STABLE-CATALOG.tsv#claim:6ef45fa5e187a095aa4bb988	DECLARED
ID-PUBLIC-718c26bd293965982ab6c1cb	claim:6f82e8fa7619ca993905dee9	concat(Text); 4096 output bytes; ; owned caller workspace; public UTF-8 descriptor bridge and distinct bounded function storage; native intrinsic identity is receiver-qualified; no serialized SymbolId or DocRecord is declared by this owner; interface metadata is verified by the separate metadata suite UTF-8 byte/codepoint/grapheme units are distinct; per-member finite profile	text:type-concat	STABLE_PUBLIC_PROFILE	sdk/contracts/stdlib/STDLIB-STABLE-CATALOG.tsv#claim:6f82e8fa7619ca993905dee9	DECLARED
ID-PUBLIC-bf252df6a37e3beb55785d24	claim:6fb6caef89fc6a429f8ac647	Literal Int64/binary64 operands; at most 128 complete statements; independent arithmetic trace and return matrix Native checked scalar/vector mathematics; independent numeric oracle; explicit process return separate from intermediate value	math:math-text-return,math:record-capacity-plus-one	STABLE_PUBLIC_PROFILE	sdk/contracts/stdlib/STDLIB-STABLE-CATALOG.tsv#claim:6fb6caef89fc6a429f8ac647	DECLARED
ID-PUBLIC-103212de3c1ef619531f3322	claim:70a32b2332904c991acd74a9	Text.() -> Int; 1048576 input bytes; 15.1 Latin Extend/CRLF/ZWJ; borrow receiver; public UTF-8 descriptor bridge and distinct bounded function storage; native intrinsic identity is receiver-qualified; no serialized SymbolId or DocRecord is declared by this owner; interface metadata is verified by the separate metadata suite UTF-8 byte/codepoint/grapheme units are distinct; per-member finite profile	text:grapheme-arity	STABLE_PUBLIC_PROFILE	sdk/contracts/stdlib/STDLIB-STABLE-CATALOG.tsv#claim:70a32b2332904c991acd74a9	DECLARED
ID-PUBLIC-ab531825130b3b0ff88fac45	claim:73678e7a57b1ccfbeadb9513	Spelling alias for g010-public:Column.min; no additional API counted; preserve qualified profile limits; native intrinsic identity is receiver-qualified; no serialized SymbolId or DocRecord is declared by this owner; interface metadata is verified by the separate metadata suite Typed nullable integer rows/columns/tables/datasets/streams; finite schema, rows and stages; lazy callbacks once	data:column-min-arity	STABLE_PUBLIC_PROFILE	sdk/contracts/stdlib/STDLIB-STABLE-CATALOG.tsv#claim:73678e7a57b1ccfbeadb9513	DECLARED
ID-PUBLIC-dcd5942664ca728377c426b6	claim:73d2cc57c1e6c24f7d38330d	Spelling alias for g009-public:Graph<Int,Int>.directed,g009-public:Graph<Int,Int>.undirected,g009-public:Graph.addNode,g009-public:Graph.addEdge,g009-public:Graph.removeNode,g009-public:Graph.removeEdge,g009-public:Graph.neighbors,g009-public:Graph.breadthFirst,g009-public:Graph.depthFirst,g009-public:Graph.hasCycle,g009-public:Graph.topologicalSort,g009-public:Graph.shortestPathUnweighted,g009-public:Graph.dijkstra,g009-public:Graph.connectedComponents; no additional API counted; preserve qualified profile limits; native intrinsic identity is receiver-qualified; no serialized SymbolId or DocRecord is declared by this owner; interface metadata is verified by the separate metadata suite Int64 payloads; 32 nodes/256 edges; authenticated handle/owner pair; no stale or foreign handle	relation:graph-add-node-type,relation:graph-breadthFirst-node-type,relation:graph-connectedComponents-arity,relation:graph-depthFirst-node-type,relation:graph-dijkstra-nodes-type,relation:graph-edge-arity,relation:graph-edge-type,relation:graph-hasCycle-arity,relation:graph-missing-edge-type,relation:graph-neighbors-node-type,relation:graph-raw-handle,relation:graph-remove-edge-type,relation:graph-removeNode-node-type,relation:graph-shortestPathUnweighted-nodes-type,relation:graph-topologicalSort-arity,relation:graph-wrong-weight,relation:traversal-borrow,relation:traversal-copy	STABLE_PUBLIC_PROFILE	sdk/contracts/stdlib/STDLIB-STABLE-CATALOG.tsv#claim:73d2cc57c1e6c24f7d38330d	DECLARED
ID-PUBLIC-19aed3ad00c267a613c0084d	claim:744c77a8fc81f2e310d00d07	Actual Int64/binary64 vector lanes; extent 1..64; typed filled/literal constructors; native vector algorithms and separate owned frames; exact shape/type checks; constant index bounds and dynamic native checks; linked scalar spills preserve RHS allocations; no whole-source report; native registry identity and runtime profile are explicit; serialized interface metadata is verified by the separate metadata suite Native checked scalar/vector mathematics; independent numeric oracle; explicit process return separate from intermediate value	vector:method-normalize-empty,vector:float-method-normalize	STABLE_PUBLIC_PROFILE	sdk/contracts/stdlib/STDLIB-STABLE-CATALOG.tsv#claim:744c77a8fc81f2e310d00d07	DECLARED
ID-PUBLIC-53efa9737b317a4e1a72c251	claim:7469642aa07e1e30b24b32d0	Contextual alias for g170-scan:multiSelect; public typed source proof replaces the historical seed/probe evidence. Preserve the qualified row bounds; no separate global option or live capability is claimed. Synthetic mock/stdin replay; typed bounded ScanPlan; redaction; no real secret or live device	scan:multi-select-duplicate,scan:multi-select-absent,scan:choice-type-multiSelect	STABLE_PUBLIC_PROFILE	sdk/contracts/stdlib/STDLIB-STABLE-CATALOG.tsv#claim:7469642aa07e1e30b24b32d0	DECLARED
ID-PUBLIC-8c40335b6ff57e6d8923051e	claim:75a6787eaf379c6879a069c7	Spelling alias for g008-public:Hasher.new,g008-public:Hasher.writeBytes,g008-public:Hasher.finish; no additional API counted; preserve qualified profile limits; native intrinsic identity is receiver-qualified; no serialized SymbolId or DocRecord is declared by this owner; interface metadata is verified by the separate metadata suite Typed key/value and hash/equality policy; two independent live stores; declared capacity and failure atomicity	dict:hasher-bytes-type,dict:hasher-finish-arity,dict:hasher-seed-type	STABLE_PUBLIC_PROFILE	sdk/contracts/stdlib/STDLIB-STABLE-CATALOG.tsv#claim:75a6787eaf379c6879a069c7	DECLARED
ID-PUBLIC-cd5c42d82a0490e8ad38e069	claim:766d1ec0b8bced8b0d79fbb6	Spelling alias for g008-public:Dict.containsKey; no additional API counted; preserve qualified profile limits; native intrinsic identity is receiver-qualified; no serialized SymbolId or DocRecord is declared by this owner; interface metadata is verified by the separate metadata suite Typed key/value and hash/equality policy; two independent live stores; declared capacity and failure atomicity	dict:use-after-drop	STABLE_PUBLIC_PROFILE	sdk/contracts/stdlib/STDLIB-STABLE-CATALOG.tsv#claim:766d1ec0b8bced8b0d79fbb6	DECLARED
ID-PUBLIC-06977a2ca4dbc99b60b67322	claim:76c12b03f3d49b8de281cb2c	Spelling alias for g008-public:Set.isSubsetOf; no additional API counted; preserve qualified profile limits; native intrinsic identity is receiver-qualified; no serialized SymbolId or DocRecord is declared by this owner; interface metadata is verified by the separate metadata suite Typed key/value and hash/equality policy; two independent live stores; declared capacity and failure atomicity	dict:set-isSubsetOf-type	STABLE_PUBLIC_PROFILE	sdk/contracts/stdlib/STDLIB-STABLE-CATALOG.tsv#claim:76c12b03f3d49b8de281cb2c	DECLARED
ID-PUBLIC-3323568b9e05d5562a515ee9	claim:776ba84a7a9af90a944f77da	Spelling alias only; inspect every qualified declaration: g018-declaration:visual.summarize(value) Retained document/headless software profile; exact nodes and bytes; no live desktop claim	console:visual-summary-arity,console:visual-summary-range--1,console:visual-summary-range-256,console:visual-summary-shadow,console:visual-summary-type	STABLE_PUBLIC_PROFILE	sdk/contracts/stdlib/STDLIB-STABLE-CATALOG.tsv#claim:776ba84a7a9af90a944f77da	DECLARED
ID-PUBLIC-49d62e8411e01eb78eff031d	claim:792cb04d29a9070ae6b61069	Spelling alias for g009-public:Tree.removeSubtree; no additional API counted; preserve qualified profile limits; native intrinsic identity is receiver-qualified; no serialized SymbolId or DocRecord is declared by this owner; interface metadata is verified by the separate metadata suite Int64 payloads; 32 nodes/256 edges; authenticated handle/owner pair; no stale or foreign handle	relation:tree-removeSubtree-node-type	STABLE_PUBLIC_PROFILE	sdk/contracts/stdlib/STDLIB-STABLE-CATALOG.tsv#claim:792cb04d29a9070ae6b61069	DECLARED
ID-PUBLIC-6e71d864dd306bb8d6d4c2e6	claim:79eadfe5d0e112c7b8276900	Spelling alias for g009-public:Tree.root; no additional API counted; preserve qualified profile limits; native intrinsic identity is receiver-qualified; no serialized SymbolId or DocRecord is declared by this owner; interface metadata is verified by the separate metadata suite Int64 payloads; 32 nodes/256 edges; authenticated handle/owner pair; no stale or foreign handle	relation:tree-root-arity	STABLE_PUBLIC_PROFILE	sdk/contracts/stdlib/STDLIB-STABLE-CATALOG.tsv#claim:79eadfe5d0e112c7b8276900	DECLARED
ID-PUBLIC-7b004136553b4fd15114fec3	claim:7af40ce94be0b71e6cf6264b	padEnd(Int,Text); 4096 output bytes; byte width; ; owned caller workspace; public UTF-8 descriptor bridge and distinct bounded function storage; native intrinsic identity is receiver-qualified; no serialized SymbolId or DocRecord is declared by this owner; interface metadata is verified by the separate metadata suite UTF-8 byte/codepoint/grapheme units are distinct; per-member finite profile	text:type-padEnd	STABLE_PUBLIC_PROFILE	sdk/contracts/stdlib/STDLIB-STABLE-CATALOG.tsv#claim:7af40ce94be0b71e6cf6264b	DECLARED
ID-PUBLIC-353a847643d5ae5132a27ee9	claim:7ca242ad78c0757e4c01f045	Contextual alias for g170-scan:until; public typed source proof replaces the historical seed/probe evidence. Preserve the qualified row bounds; no separate global option or live capability is claimed. Synthetic mock/stdin replay; typed bounded ScanPlan; redaction; no real secret or live device	scan:multiline-empty-delimiter,scan:multiline-type-until	STABLE_PUBLIC_PROFILE	sdk/contracts/stdlib/STDLIB-STABLE-CATALOG.tsv#claim:7ca242ad78c0757e4c01f045	DECLARED
ID-PUBLIC-c0fd8e11a851f7e48de58044	claim:7ca8c7c0b07be6c44e825420	Actual edition-owned prelude SymbolId and unique stdlib owner; CLI metadata checked against the local .ni interface and independent FNV identity. Runtime profile is the cited source case family. Iterator/IntoIterator dispatch is bounded Range iteration, not a standalone cursor constructor or arbitrary iterator implementation. Ord reuses the existing comparable capability, with explicit Bool rejection. Native intrinsic profiles are not promoted to arbitrary generic APIs. Typed active variant and structured errors; bounded combinators; explicit ownership; no arbitrary callback promise	optionresult:error-invalid-diagnostic-span	STABLE_PUBLIC_PROFILE	sdk/contracts/stdlib/STDLIB-STABLE-CATALOG.tsv#claim:7ca8c7c0b07be6c44e825420	DECLARED
ID-PUBLIC-e8d1adf3b3ca4771ac5fba71	claim:7d801be18c4ca393da223ca0	startsWith(Text); literal bytes; O(m); ; borrowed immutable receiver and argument; public UTF-8 descriptor bridge and distinct bounded function storage; native intrinsic identity is receiver-qualified; no serialized SymbolId or DocRecord is declared by this owner; interface metadata is verified by the separate metadata suite UTF-8 byte/codepoint/grapheme units are distinct; per-member finite profile	text:type-startsWith	STABLE_PUBLIC_PROFILE	sdk/contracts/stdlib/STDLIB-STABLE-CATALOG.tsv#claim:7d801be18c4ca393da223ca0	DECLARED
ID-PUBLIC-f9e6e3541ec347bc816c587a	claim:7f24f3ab7bde1402db6a4ab0	Contextual alias for g170-scan:view; public typed source proof replaces the historical seed/probe evidence. Preserve the qualified row bounds; no separate global option or live capability is claimed. Synthetic mock/stdin replay; typed bounded ScanPlan; redaction; no real secret or live device	scan:option-type-view	STABLE_PUBLIC_PROFILE	sdk/contracts/stdlib/STDLIB-STABLE-CATALOG.tsv#claim:7f24f3ab7bde1402db6a4ab0	DECLARED
ID-PUBLIC-308eba156d67e25ef6d347a7	claim:7fe154d8b77af9baa35135bb	Contextual alias for g170-scan:form; public typed source proof replaces the historical seed/probe evidence. Preserve the qualified row bounds; no separate global option or live capability is claimed. Synthetic mock/stdin replay; typed bounded ScanPlan; redaction; no real secret or live device	scan:option-type-form	STABLE_PUBLIC_PROFILE	sdk/contracts/stdlib/STDLIB-STABLE-CATALOG.tsv#claim:7fe154d8b77af9baa35135bb	DECLARED
ID-PUBLIC-bfc2602b2e5254ccf305f007	claim:7fe225c46198adab3c4282f7	Text.() -> Text; 4096 public workspace; 15.1 Latin acute canonical pair; caller-owned result; public UTF-8 descriptor bridge and distinct bounded function storage; native intrinsic identity is receiver-qualified; no serialized SymbolId or DocRecord is declared by this owner; interface metadata is verified by the separate metadata suite UTF-8 byte/codepoint/grapheme units are distinct; per-member finite profile	text:arity-normalizeNfd	STABLE_PUBLIC_PROFILE	sdk/contracts/stdlib/STDLIB-STABLE-CATALOG.tsv#claim:7fe225c46198adab3c4282f7	DECLARED
ID-PUBLIC-f4c958f0f099364764b96169	claim:8077650a5870b943da633456	Actual edition-owned prelude SymbolId and unique stdlib owner; CLI metadata checked against the local .ni interface and independent FNV identity. Runtime profile is the cited source case family. Iterator/IntoIterator dispatch is bounded Range iteration, not a standalone cursor constructor or arbitrary iterator implementation. Ord reuses the existing comparable capability, with explicit Bool rejection. Native intrinsic profiles are not promoted to arbitrary generic APIs. Int64/Bool/binary64/Unicode scalar values; checked arithmetic; lexical evaluation once	operator:ordering-type	STABLE_PUBLIC_PROFILE	sdk/contracts/stdlib/STDLIB-STABLE-CATALOG.tsv#claim:8077650a5870b943da633456	DECLARED
ID-PUBLIC-0641af1159d81e10ba789d6f	claim:814a06fd95b3f3717e0e707b	Spelling alias for g010-public:Dataset.scan,g010-public:Dataset.scan.sink; no additional API counted; preserve qualified profile limits; native intrinsic identity is receiver-qualified; no serialized SymbolId or DocRecord is declared by this owner; interface metadata is verified by the separate metadata suite Typed nullable integer rows/columns/tables/datasets/streams; finite schema, rows and stages; lazy callbacks once	data:dataset-scan-callback-trap,data:dataset-scan-copy,data:dataset-scan-option-copy,data:dataset-scan-option-twice,data:dataset-sink-extra-argument,data:dataset-sink-receiver-type,data:dataset-sink-return-type	STABLE_PUBLIC_PROFILE	sdk/contracts/stdlib/STDLIB-STABLE-CATALOG.tsv#claim:814a06fd95b3f3717e0e707b	DECLARED
ID-PUBLIC-7b6bc71b31bf58265cd3580f	claim:81f88d5ea73328af2efaa0de	Spelling alias only; inspect every qualified declaration: g018-declaration:console.append(value, style) Retained document/headless software profile; exact nodes and bytes; no live desktop claim	console:append-float,console:append-missing,console:styled-append-arity,console:styled-append-type	STABLE_PUBLIC_PROFILE	sdk/contracts/stdlib/STDLIB-STABLE-CATALOG.tsv#claim:81f88d5ea73328af2efaa0de	DECLARED
ID-PUBLIC-e5274be2905f0b648b382a6b	claim:8425036f3bb061a9469c15d6	Spelling alias for g010-public:Table.groupBy.sink,g010-public:Dataset.scan.sink,g010-public:Stream.sink,g010-public:Stream.batch.sink; no additional API counted; preserve qualified profile limits; native intrinsic identity is receiver-qualified; no serialized SymbolId or DocRecord is declared by this owner; interface metadata is verified by the separate metadata suite Typed nullable integer rows/columns/tables/datasets/streams; finite schema, rows and stages; lazy callbacks once	data:batch-sink-extra-argument,data:batch-sink-return-value,data:batch-sink-scalar-receiver,data:dataset-scan-callback-trap,data:dataset-sink-extra-argument,data:dataset-sink-receiver-type,data:dataset-sink-return-type,data:group-sink-type,data:stream-sink-batch-receiver,data:stream-sink-return-type	STABLE_PUBLIC_PROFILE	sdk/contracts/stdlib/STDLIB-STABLE-CATALOG.tsv#claim:8425036f3bb061a9469c15d6	DECLARED
ID-PUBLIC-7c238573baf91d98a6fb21b3	claim:850b86728cdc67cead69c7dd	Spelling alias for g009-public:Graph.addEdge; no additional API counted; preserve qualified profile limits; native intrinsic identity is receiver-qualified; no serialized SymbolId or DocRecord is declared by this owner; interface metadata is verified by the separate metadata suite Int64 payloads; 32 nodes/256 edges; authenticated handle/owner pair; no stale or foreign handle	relation:graph-edge-arity,relation:graph-raw-handle,relation:graph-wrong-weight	STABLE_PUBLIC_PROFILE	sdk/contracts/stdlib/STDLIB-STABLE-CATALOG.tsv#claim:850b86728cdc67cead69c7dd	DECLARED
ID-PUBLIC-a96d657e6c44d1412553774e	claim:85b7b475a9f317b026a7b687	Actual Int64/binary64 vector lanes; extent 1..64; typed filled/literal constructors; native vector algorithms and separate owned frames; exact shape/type checks; constant index bounds and dynamic native checks; linked scalar spills preserve RHS allocations; no whole-source report; native registry identity and runtime profile are explicit; serialized interface metadata is verified by the separate metadata suite Native checked scalar/vector mathematics; independent numeric oracle; explicit process return separate from intermediate value	vector:shape-add-Int-3,vector:shape-add-Float-4,vector:method-add-17	STABLE_PUBLIC_PROFILE	sdk/contracts/stdlib/STDLIB-STABLE-CATALOG.tsv#claim:85b7b475a9f317b026a7b687	DECLARED
ID-PUBLIC-600b535d381e184c5acedbff	claim:85e6a241d1d7461f4f73b5d2	Spelling alias for g009-public:Tree.height; no additional API counted; preserve qualified profile limits; native intrinsic identity is receiver-qualified; no serialized SymbolId or DocRecord is declared by this owner; interface metadata is verified by the separate metadata suite Int64 payloads; 32 nodes/256 edges; authenticated handle/owner pair; no stale or foreign handle	relation:tree-height-arity	STABLE_PUBLIC_PROFILE	sdk/contracts/stdlib/STDLIB-STABLE-CATALOG.tsv#claim:85e6a241d1d7461f4f73b5d2	DECLARED
ID-PUBLIC-a6ac15acb37a294718fb3f66	claim:86e52c9f8f121bb50e591b94	Spelling alias for g010-public:Row.from,g010-public:Row.get,g010-public:Row.project,g010-public:Row.toTuple; no additional API counted; preserve qualified profile limits; native intrinsic identity is receiver-qualified; no serialized SymbolId or DocRecord is declared by this owner; interface metadata is verified by the separate metadata suite Typed nullable integer rows/columns/tables/datasets/streams; finite schema, rows and stages; lazy callbacks once	data:row-copy,data:row-empty-values,data:row-get-name-type,data:row-missing-nonnullable,data:row-project-argument-type,data:row-project-duplicate-name,data:row-project-empty,data:row-project-name-type,data:row-project-removed-name,data:row-project-unknown-name,data:row-schema-type,data:row-to-tuple-arity,data:row-too-few,data:row-too-many,data:row-tuple-copy,data:row-tuple-index-bound,data:row-tuple-static-bound,data:row-unknown-name,data:row-value-float,data:row-value-type	STABLE_PUBLIC_PROFILE	sdk/contracts/stdlib/STDLIB-STABLE-CATALOG.tsv#claim:86e52c9f8f121bb50e591b94	DECLARED
ID-PUBLIC-3e97e225acc4e85bd7d053b6	claim:872db359c13358ce35543c68	Actual Int64/binary64 vector lanes; extent 1..64; typed filled/literal constructors; native vector algorithms and separate owned frames; exact shape/type checks; constant index bounds and dynamic native checks; linked scalar spills preserve RHS allocations; no whole-source report; native registry identity and runtime profile are explicit; serialized interface metadata is verified by the separate metadata suite Native checked scalar/vector mathematics; independent numeric oracle; explicit process return separate from intermediate value	vector:method-scale-true,vector:method-scale-empty,vector:float-method-scale	STABLE_PUBLIC_PROFILE	sdk/contracts/stdlib/STDLIB-STABLE-CATALOG.tsv#claim:872db359c13358ce35543c68	DECLARED
ID-PUBLIC-ed361329470619374eb75a58	claim:873d46ff74862ba8df902efd	Text.(Int, Int) -> Text; 1048576 input bytes; UTF-8 scalar boundaries; immutable borrowed view; public UTF-8 descriptor bridge and distinct bounded function storage; native intrinsic identity is receiver-qualified; no serialized SymbolId or DocRecord is declared by this owner; interface metadata is verified by the separate metadata suite UTF-8 byte/codepoint/grapheme units are distinct; per-member finite profile	text:slice-start-type	STABLE_PUBLIC_PROFILE	sdk/contracts/stdlib/STDLIB-STABLE-CATALOG.tsv#claim:873d46ff74862ba8df902efd	DECLARED
ID-PUBLIC-fb5b1228f0b98d91904674a4	claim:875916d78ba5e72544abf539	Contextual alias for g170-scan:block; public typed source proof replaces the historical seed/probe evidence. Preserve the qualified row bounds; no separate global option or live capability is claimed. Synthetic mock/stdin replay; typed bounded ScanPlan; redaction; no real secret or live device	scan:multiline-missing-terminator,scan:multiline-type-block	STABLE_PUBLIC_PROFILE	sdk/contracts/stdlib/STDLIB-STABLE-CATALOG.tsv#claim:875916d78ba5e72544abf539	DECLARED
ID-PUBLIC-665734f8f10c284a8420d45f	claim:88f657a205f8ac766d97907b	upper(); 4096 output bytes; ASCII root profile; ; owned caller workspace; public UTF-8 descriptor bridge and distinct bounded function storage; native intrinsic identity is receiver-qualified; no serialized SymbolId or DocRecord is declared by this owner; interface metadata is verified by the separate metadata suite UTF-8 byte/codepoint/grapheme units are distinct; per-member finite profile	text:arity-upper	STABLE_PUBLIC_PROFILE	sdk/contracts/stdlib/STDLIB-STABLE-CATALOG.tsv#claim:88f657a205f8ac766d97907b	DECLARED
ID-PUBLIC-694424c54b7fcaef6aff98ad	claim:892c2cb159efe2f607813a51	Spelling alias for g009-public:Graph.neighbors; no additional API counted; preserve qualified profile limits; native intrinsic identity is receiver-qualified; no serialized SymbolId or DocRecord is declared by this owner; interface metadata is verified by the separate metadata suite Int64 payloads; 32 nodes/256 edges; authenticated handle/owner pair; no stale or foreign handle	relation:graph-neighbors-node-type	STABLE_PUBLIC_PROFILE	sdk/contracts/stdlib/STDLIB-STABLE-CATALOG.tsv#claim:892c2cb159efe2f607813a51	DECLARED
ID-PUBLIC-d75bdbd0ebdb03120dd93ad2	claim:89dfddd5c928ea764b8de89d	Spelling alias for g009-public:traversal.stopWhen; no additional API counted; preserve qualified profile limits; native intrinsic identity is receiver-qualified; no serialized SymbolId or DocRecord is declared by this owner; interface metadata is verified by the separate metadata suite Int64 payloads; 32 nodes/256 edges; authenticated handle/owner pair; no stale or foreign handle	relation:traversal-bad-predicate	STABLE_PUBLIC_PROFILE	sdk/contracts/stdlib/STDLIB-STABLE-CATALOG.tsv#claim:89dfddd5c928ea764b8de89d	DECLARED
ID-PUBLIC-1596b49048777a5e19d70147	claim:8a391605f4e96a02e9fde741	Contextual alias for g170-scan:markdown; public typed source proof replaces the historical seed/probe evidence. Preserve the qualified row bounds; no separate global option or live capability is claimed. Synthetic mock/stdin replay; typed bounded ScanPlan; redaction; no real secret or live device	scan:multiline-type-conflict	STABLE_PUBLIC_PROFILE	sdk/contracts/stdlib/STDLIB-STABLE-CATALOG.tsv#claim:8a391605f4e96a02e9fde741	DECLARED
ID-PUBLIC-bc950ecd3384ca0c2b4f9a95	claim:8a75e51d03aef913884b07a4	Spelling alias for g010-public:Stream.window,g010-public:Stream<Int>.from,g010-public:Stream.next,g010-public:Stream.map,g010-public:Stream.filter,g010-public:Stream.sink,g010-public:Stream.batch,g010-public:Stream.batch.next,g010-public:Stream.batch.sink; no additional API counted; preserve qualified profile limits; native intrinsic identity is receiver-qualified; no serialized SymbolId or DocRecord is declared by this owner; interface metadata is verified by the separate metadata suite Typed nullable integer rows/columns/tables/datasets/streams; finite schema, rows and stages; lazy callbacks once	data:batch-copy,data:batch-option-copy,data:batch-sink-extra-argument,data:batch-sink-return-value,data:batch-sink-scalar-receiver,data:batch-size-arity,data:batch-size-invalid--1,data:batch-size-invalid-0,data:batch-size-invalid-65,data:batch-size-type,data:stream-copy,data:stream-element-type,data:stream-filter-return-type,data:stream-from-type,data:stream-map-arity,data:stream-map-return-type,data:stream-map-type,data:stream-next-arity,data:stream-sink-batch-receiver,data:stream-sink-return-type,data:stream-value-type,data:window-arity,data:window-callback-trap,data:window-copy,data:window-duration-type,data:window-invalid-duration--1,data:window-invalid-duration-0,data:window-missing-duration,data:window-option-copy,data:window-sink-type	STABLE_PUBLIC_PROFILE	sdk/contracts/stdlib/STDLIB-STABLE-CATALOG.tsv#claim:8a75e51d03aef913884b07a4	DECLARED
ID-PUBLIC-39f7570cce0e37a1fc702db1	claim:8d4785a4a08eba9369775a99	Spelling alias for g008-public:Hasher.finish; no additional API counted; preserve qualified profile limits; native intrinsic identity is receiver-qualified; no serialized SymbolId or DocRecord is declared by this owner; interface metadata is verified by the separate metadata suite Typed key/value and hash/equality policy; two independent live stores; declared capacity and failure atomicity	dict:hasher-finish-arity	STABLE_PUBLIC_PROFILE	sdk/contracts/stdlib/STDLIB-STABLE-CATALOG.tsv#claim:8d4785a4a08eba9369775a99	DECLARED
ID-PUBLIC-1b332233bc71368ba8a46c19	claim:8e15a8f4a8f5afb584c5a969	Binary64 actual receiver and once-evaluated arguments; classifiers include IEEE subnormal/NaN/infinity/signed zero; explicit rounding modes restore caller control word; finite round magnitude <2^63; approxEquals preserves two source arguments with Vector<Float> tolerance [absolute,relative], exactly two lanes (runtime shape checked); nonnegative/non-NaN tolerances, identical infinities equal and distinct infinities unequal; Uncertain methods claim only exact typed operands; native registry identity and runtime profile are explicit; serialized interface metadata is verified by the separate metadata suite Native checked scalar/vector mathematics; independent numeric oracle; explicit process return separate from intermediate value	precision:floor-extra-argument	STABLE_PUBLIC_PROFILE	sdk/contracts/stdlib/STDLIB-STABLE-CATALOG.tsv#claim:8e15a8f4a8f5afb584c5a969	DECLARED
ID-PUBLIC-3ad41c8042aa7e9afbab4fd5	claim:906cf79438abd7c0f42d0f42	Actual nominal immutable Path, canonical native normalize/join/isAbsolute/fileName owners; 4096-byte paths, 64 components, 255-byte components. File.readText/writeText consume typed Path and Text, explicit utf8 and truncate/append/atomic policies, at most 4096 bytes. Native File capability is restricted to the execution directory through openat2 beneath/no-symlink resolution. Every file and root descriptor closes; private filesystem byte effects and 512 repeated reads are independent observations. This is the material convenience profile, not a claim for arbitrary live handle or directory APIs. Caller-owned beneath directory; no symlinks; UTF-8; 4096-byte paths, 64 components, 255-byte component; atomic write	filesystem:path-type,filesystem:path-arity,filesystem:path-join-type,filesystem:path-status,filesystem:path-domain-escape,filesystem:path-domain-nul	STABLE_PUBLIC_PROFILE	sdk/contracts/stdlib/STDLIB-STABLE-CATALOG.tsv#claim:906cf79438abd7c0f42d0f42	DECLARED
ID-PUBLIC-dc15ba91b1e0a98c288b3fda	claim:90f616b7d80dfdd6aefa604c	Spelling alias for g009-public:Node.id; no additional API counted; preserve qualified profile limits; native intrinsic identity is receiver-qualified; no serialized SymbolId or DocRecord is declared by this owner; interface metadata is verified by the separate metadata suite Int64 payloads; 32 nodes/256 edges; authenticated handle/owner pair; no stale or foreign handle	relation:node-id-arity	STABLE_PUBLIC_PROFILE	sdk/contracts/stdlib/STDLIB-STABLE-CATALOG.tsv#claim:90f616b7d80dfdd6aefa604c	DECLARED
ID-PUBLIC-89a4ee94929fd2849999dc3c	claim:93d1c9445e431ff7c4c14a9f	Actual edition-owned prelude SymbolId and unique stdlib owner; CLI metadata checked against the local .ni interface and independent FNV identity. Runtime profile is the cited source case family. Iterator/IntoIterator dispatch is bounded Range iteration, not a standalone cursor constructor or arbitrary iterator implementation. Ord reuses the existing comparable capability, with explicit Bool rejection. Native intrinsic profiles are not promoted to arbitrary generic APIs. Int64/Bool/binary64/Unicode scalar values; checked arithmetic; lexical evaluation once	composite:range-zero-step	STABLE_PUBLIC_PROFILE	sdk/contracts/stdlib/STDLIB-STABLE-CATALOG.tsv#claim:93d1c9445e431ff7c4c14a9f	DECLARED
ID-PUBLIC-815ed3890b68d9af6428ef05	claim:96cf60e02658947cd1ea3349	Actual edition-owned prelude SymbolId and unique stdlib owner; CLI metadata checked against the local .ni interface and independent FNV identity. Runtime profile is the cited source case family. Iterator/IntoIterator dispatch is bounded Range iteration, not a standalone cursor constructor or arbitrary iterator implementation. Ord reuses the existing comparable capability, with explicit Bool rejection. Native intrinsic profiles are not promoted to arbitrary generic APIs. Int64/Bool/binary64/Unicode scalar values; checked arithmetic; lexical evaluation once	composite:generic-hash-eq-failure	STABLE_PUBLIC_PROFILE	sdk/contracts/stdlib/STDLIB-STABLE-CATALOG.tsv#claim:96cf60e02658947cd1ea3349	DECLARED
ID-PUBLIC-002283e611c995a9b8028525	claim:97876e7515f5a2663ca12f98	Spelling alias for g008-public:Dict.collisionCount; no additional API counted; preserve qualified profile limits; native intrinsic identity is receiver-qualified; no serialized SymbolId or DocRecord is declared by this owner; interface metadata is verified by the separate metadata suite Typed key/value and hash/equality policy; two independent live stores; declared capacity and failure atomicity	dict:collision-arity	STABLE_PUBLIC_PROFILE	sdk/contracts/stdlib/STDLIB-STABLE-CATALOG.tsv#claim:97876e7515f5a2663ca12f98	DECLARED
ID-PUBLIC-496041f69f3a7eaca92ac26e	claim:980d2266a234a171cc0c5407	Spelling alias for g008-public:Dict.clear; no additional API counted; preserve qualified profile limits; native intrinsic identity is receiver-qualified; no serialized SymbolId or DocRecord is declared by this owner; interface metadata is verified by the separate metadata suite Typed key/value and hash/equality policy; two independent live stores; declared capacity and failure atomicity	dict:borrow-mutation	STABLE_PUBLIC_PROFILE	sdk/contracts/stdlib/STDLIB-STABLE-CATALOG.tsv#claim:980d2266a234a171cc0c5407	DECLARED
ID-PUBLIC-11bcc6f4ff41840c84c0b636	claim:9817044e18a110e36db56434	Spelling alias for g010-public:Dataset.repartition; no additional API counted; preserve qualified profile limits; native intrinsic identity is receiver-qualified; no serialized SymbolId or DocRecord is declared by this owner; interface metadata is verified by the separate metadata suite Typed nullable integer rows/columns/tables/datasets/streams; finite schema, rows and stages; lazy callbacks once	data:repartition-65-7,data:repartition-arity,data:repartition-invalid-0,data:repartition-invalid-33,data:repartition-size-type	STABLE_PUBLIC_PROFILE	sdk/contracts/stdlib/STDLIB-STABLE-CATALOG.tsv#claim:9817044e18a110e36db56434	DECLARED
ID-PUBLIC-080b2a9593d9c97f2242538d	claim:98c84ae23bad8170c6869b62	dropBytes(Int); non-negative; saturates at byte length; ; borrowed view; public UTF-8 descriptor bridge and distinct bounded function storage; native intrinsic identity is receiver-qualified; no serialized SymbolId or DocRecord is declared by this owner; interface metadata is verified by the separate metadata suite UTF-8 byte/codepoint/grapheme units are distinct; per-member finite profile	text:type-dropBytes	STABLE_PUBLIC_PROFILE	sdk/contracts/stdlib/STDLIB-STABLE-CATALOG.tsv#claim:98c84ae23bad8170c6869b62	DECLARED
ID-PUBLIC-50b0d3897a4a35b3feffd4d9	claim:992d32bcce649fc5aa92fd76	Actual edition-owned prelude SymbolId and unique stdlib owner; CLI metadata checked against the local .ni interface and independent FNV identity. Runtime profile is the cited source case family. Iterator/IntoIterator dispatch is bounded Range iteration, not a standalone cursor constructor or arbitrary iterator implementation. Ord reuses the existing comparable capability, with explicit Bool rejection. Native intrinsic profiles are not promoted to arbitrary generic APIs. Retained document/headless software profile; exact nodes and bytes; no live desktop claim	console:bare-color	STABLE_PUBLIC_PROFILE	sdk/contracts/stdlib/STDLIB-STABLE-CATALOG.tsv#claim:992d32bcce649fc5aa92fd76	DECLARED
ID-PUBLIC-092e2e8a3fa7fbea5a3a4f81	claim:9c7d133565d37ffa1f0d008c	Contextual alias for g170-scan:code; public typed source proof replaces the historical seed/probe evidence. Preserve the qualified row bounds; no separate global option or live capability is claimed. Synthetic mock/stdin replay; typed bounded ScanPlan; redaction; no real secret or live device	scan:multiline-type-code	STABLE_PUBLIC_PROFILE	sdk/contracts/stdlib/STDLIB-STABLE-CATALOG.tsv#claim:9c7d133565d37ffa1f0d008c	DECLARED
ID-PUBLIC-23425fdcbd7a517d6baddaea	claim:9c9df93d2fe2ff17ca8439de	padStart(Int,Text); 4096 output bytes; byte width; ; owned caller workspace; public UTF-8 descriptor bridge and distinct bounded function storage; native intrinsic identity is receiver-qualified; no serialized SymbolId or DocRecord is declared by this owner; interface metadata is verified by the separate metadata suite UTF-8 byte/codepoint/grapheme units are distinct; per-member finite profile	text:type-padStart	STABLE_PUBLIC_PROFILE	sdk/contracts/stdlib/STDLIB-STABLE-CATALOG.tsv#claim:9c9df93d2fe2ff17ca8439de	DECLARED
ID-PUBLIC-e72d27be933ae789137ec624	claim:9eee2d656736e2dba5df8228	Contextual alias for g170-scan:multiline; public typed source proof replaces the historical seed/probe evidence. Preserve the qualified row bounds; no separate global option or live capability is claimed. Synthetic mock/stdin replay; typed bounded ScanPlan; redaction; no real secret or live device	scan:multiline-type-conflict,scan:multiline-too-many-lines	STABLE_PUBLIC_PROFILE	sdk/contracts/stdlib/STDLIB-STABLE-CATALOG.tsv#claim:9eee2d656736e2dba5df8228	DECLARED
ID-PUBLIC-d0be8b7a7db3a24dcafc0886	claim:a04f7c67ac62f3dffd7e2d2d	Explicit SplitMix64 v1 state, no entropy capability; native finite-domain distributions and categorical Float Vector weights; nonnegative Int uniform; shuffle of unique local mutable Int Slice at most 64 lanes; lexical creation/release provenance, separate descriptor/payload frames; sample of Int Vector/local Slice returns canonical List with 0..16 entries; independent seed/value/order oracles and rejected effectful interpolation; no whole-source report Independent deterministic seeded states; checked intervals and distribution domains; no cryptographic entropy claim	random:bernoulli-type,random:bernoulli-arity	STABLE_PUBLIC_PROFILE	sdk/contracts/stdlib/STDLIB-STABLE-CATALOG.tsv#claim:a04f7c67ac62f3dffd7e2d2d	DECLARED
ID-PUBLIC-b79073a00cd11e70f45a043d	claim:a123e52af2631ff4b4505176	Spelling alias for g009-public:Graph.depthFirst; no additional API counted; preserve qualified profile limits; native intrinsic identity is receiver-qualified; no serialized SymbolId or DocRecord is declared by this owner; interface metadata is verified by the separate metadata suite Int64 payloads; 32 nodes/256 edges; authenticated handle/owner pair; no stale or foreign handle	relation:graph-depthFirst-node-type,relation:traversal-copy	STABLE_PUBLIC_PROFILE	sdk/contracts/stdlib/STDLIB-STABLE-CATALOG.tsv#claim:a123e52af2631ff4b4505176	DECLARED
ID-PUBLIC-db9a1b4eda984c2e64edc909	claim:a3bc1e9e18ededf09763bc5a	isDigits(); nonempty ASCII digits; O(n); ; borrowed immutable receiver; public UTF-8 descriptor bridge and distinct bounded function storage; native intrinsic identity is receiver-qualified; no serialized SymbolId or DocRecord is declared by this owner; interface metadata is verified by the separate metadata suite UTF-8 byte/codepoint/grapheme units are distinct; per-member finite profile	text:arity-isDigits	STABLE_PUBLIC_PROFILE	sdk/contracts/stdlib/STDLIB-STABLE-CATALOG.tsv#claim:a3bc1e9e18ededf09763bc5a	DECLARED
ID-PUBLIC-33c5b74dc64180a0af674dda	claim:a4d646f6ab5654f4270c69e7	Actual edition-owned prelude SymbolId and unique stdlib owner; CLI metadata checked against the local .ni interface and independent FNV identity. Runtime profile is the cited source case family. Iterator/IntoIterator dispatch is bounded Range iteration, not a standalone cursor constructor or arbitrary iterator implementation. Ord reuses the existing comparable capability, with explicit Bool rejection. Native intrinsic profiles are not promoted to arbitrary generic APIs. Typed active variant and structured errors; bounded combinators; explicit ownership; no arbitrary callback promise	optionresult:option-zip-array	STABLE_PUBLIC_PROFILE	sdk/contracts/stdlib/STDLIB-STABLE-CATALOG.tsv#claim:a4d646f6ab5654f4270c69e7	DECLARED
ID-PUBLIC-07616ab959dc592fad9e969c	claim:a7d39a6257bb772bb07c730e	Spelling alias for g008-public:Hasher.writeBytes; no additional API counted; preserve qualified profile limits; native intrinsic identity is receiver-qualified; no serialized SymbolId or DocRecord is declared by this owner; interface metadata is verified by the separate metadata suite Typed key/value and hash/equality policy; two independent live stores; declared capacity and failure atomicity	dict:hasher-bytes-type	STABLE_PUBLIC_PROFILE	sdk/contracts/stdlib/STDLIB-STABLE-CATALOG.tsv#claim:a7d39a6257bb772bb07c730e	DECLARED
ID-PUBLIC-41860d8ea730c7d07b420b0d	claim:aa108d62ea5c02d471c7e874	Actual edition-owned prelude SymbolId and unique stdlib owner; CLI metadata checked against the local .ni interface and independent FNV identity. Runtime profile is the cited source case family. Iterator/IntoIterator dispatch is bounded Range iteration, not a standalone cursor constructor or arbitrary iterator implementation. Ord reuses the existing comparable capability, with explicit Bool rejection. Native intrinsic profiles are not promoted to arbitrary generic APIs. Typed active variant and structured errors; bounded combinators; explicit ownership; no arbitrary callback promise	optionresult:result-or-else-type	STABLE_PUBLIC_PROFILE	sdk/contracts/stdlib/STDLIB-STABLE-CATALOG.tsv#claim:aa108d62ea5c02d471c7e874	DECLARED
ID-PUBLIC-c3c8fe18ec44ae846168b12e	claim:aad326d5fef4be450a5f0239	Spelling alias for g008-public:Dict.length; no additional API counted; preserve qualified profile limits; native intrinsic identity is receiver-qualified; no serialized SymbolId or DocRecord is declared by this owner; interface metadata is verified by the separate metadata suite Typed key/value and hash/equality policy; two independent live stores; declared capacity and failure atomicity	dict:use-after-drop	STABLE_PUBLIC_PROFILE	sdk/contracts/stdlib/STDLIB-STABLE-CATALOG.tsv#claim:aad326d5fef4be450a5f0239	DECLARED
ID-PUBLIC-75947e30b6c1c895874d333f	claim:abad9ccaf4dae20d4328fccf	Binary64 actual receiver and once-evaluated arguments; classifiers include IEEE subnormal/NaN/infinity/signed zero; explicit rounding modes restore caller control word; finite round magnitude <2^63; approxEquals preserves two source arguments with Vector<Float> tolerance [absolute,relative], exactly two lanes (runtime shape checked); nonnegative/non-NaN tolerances, identical infinities equal and distinct infinities unequal; Uncertain methods claim only exact typed operands; native registry identity and runtime profile are explicit; serialized interface metadata is verified by the separate metadata suite Native checked scalar/vector mathematics; independent numeric oracle; explicit process return separate from intermediate value	precision:floor-extra-argument	STABLE_PUBLIC_PROFILE	sdk/contracts/stdlib/STDLIB-STABLE-CATALOG.tsv#claim:abad9ccaf4dae20d4328fccf	DECLARED
ID-PUBLIC-793aa11917ed9fa2e0325f44	claim:abec9cca114540021e52bc8c	Spelling alias for g008-public:Dict.reseed; no additional API counted; preserve qualified profile limits; native intrinsic identity is receiver-qualified; no serialized SymbolId or DocRecord is declared by this owner; interface metadata is verified by the separate metadata suite Typed key/value and hash/equality policy; two independent live stores; declared capacity and failure atomicity	dict:view-reseed	STABLE_PUBLIC_PROFILE	sdk/contracts/stdlib/STDLIB-STABLE-CATALOG.tsv#claim:abec9cca114540021e52bc8c	DECLARED
ID-PUBLIC-7a1363cb677fd0d000f21a95	claim:ac60dc5c0711b39f0c57310e	Spelling alias for g009-public:traversal.path; no additional API counted; preserve qualified profile limits; native intrinsic identity is receiver-qualified; no serialized SymbolId or DocRecord is declared by this owner; interface metadata is verified by the separate metadata suite Int64 payloads; 32 nodes/256 edges; authenticated handle/owner pair; no stale or foreign handle	relation:traversal-path-arity	STABLE_PUBLIC_PROFILE	sdk/contracts/stdlib/STDLIB-STABLE-CATALOG.tsv#claim:ac60dc5c0711b39f0c57310e	DECLARED
ID-PUBLIC-a87951f3e8f4409cdd5e086b	claim:ae39db657afe152aa210ab2f	Spelling alias for g008-public:Dict<Int,Int>.withCapacity; no additional API counted; preserve qualified profile limits; native intrinsic identity is receiver-qualified; no serialized SymbolId or DocRecord is declared by this owner; interface metadata is verified by the separate metadata suite Typed key/value and hash/equality policy; two independent live stores; declared capacity and failure atomicity	dict:capacity-invalid-9,dict:capacity-type	STABLE_PUBLIC_PROFILE	sdk/contracts/stdlib/STDLIB-STABLE-CATALOG.tsv#claim:ae39db657afe152aa210ab2f	DECLARED
ID-PUBLIC-f4adfeb8d75014b11a7430b7	claim:ae8d22912c1a770129779c49	Spelling alias for g008-public:Dict.entry; no additional API counted; preserve qualified profile limits; native intrinsic identity is receiver-qualified; no serialized SymbolId or DocRecord is declared by this owner; interface metadata is verified by the separate metadata suite Typed key/value and hash/equality policy; two independent live stores; declared capacity and failure atomicity	dict:entry-copy,dict:entry-key-type,dict:entry-read-conflict,dict:entry-write-type	STABLE_PUBLIC_PROFILE	sdk/contracts/stdlib/STDLIB-STABLE-CATALOG.tsv#claim:ae8d22912c1a770129779c49	DECLARED
ID-PUBLIC-2d694b1185ae07672bbedf75	claim:af1e211ae36a1ecb0c79ed3c	split(Text); 254 items; ; borrowed items in caller workspace; public UTF-8 descriptor bridge and distinct bounded function storage; native intrinsic identity is receiver-qualified; no serialized SymbolId or DocRecord is declared by this owner; interface metadata is verified by the separate metadata suite UTF-8 byte/codepoint/grapheme units are distinct; per-member finite profile	text:type-split	STABLE_PUBLIC_PROFILE	sdk/contracts/stdlib/STDLIB-STABLE-CATALOG.tsv#claim:af1e211ae36a1ecb0c79ed3c	DECLARED
ID-PUBLIC-26c8f987ba9838edde5073e6	claim:b0a714c04094f35b25d89ad4	Contextual alias for g170-scan:untrusted; public typed source proof replaces the historical seed/probe evidence. Preserve the qualified row bounds; no separate global option or live capability is claimed. Synthetic mock/stdin replay; typed bounded ScanPlan; redaction; no real secret or live device	scan:secret-arity,scan:option-arity-untrusted	STABLE_PUBLIC_PROFILE	sdk/contracts/stdlib/STDLIB-STABLE-CATALOG.tsv#claim:b0a714c04094f35b25d89ad4	DECLARED
ID-PUBLIC-a33f48945e202da73ab6b970	claim:b1968febf742b83dac424b01	Contextual alias for g170-scan:console; public typed source proof replaces the historical seed/probe evidence. Preserve the qualified row bounds; no separate global option or live capability is claimed. Synthetic mock/stdin replay; typed bounded ScanPlan; redaction; no real secret or live device	scan:field-arity,scan:option-arity-console	STABLE_PUBLIC_PROFILE	sdk/contracts/stdlib/STDLIB-STABLE-CATALOG.tsv#claim:b1968febf742b83dac424b01	DECLARED
ID-PUBLIC-231ef9d1a34523f620a36a89	claim:b46bc81bef2288d80c55f06c	Literal Int64/binary64 operands; at most 128 complete statements; independent arithmetic trace and return matrix Native checked scalar/vector mathematics; independent numeric oracle; explicit process return separate from intermediate value	math:math-text-return,math:record-capacity-plus-one	STABLE_PUBLIC_PROFILE	sdk/contracts/stdlib/STDLIB-STABLE-CATALOG.tsv#claim:b46bc81bef2288d80c55f06c	DECLARED
ID-PUBLIC-16f5a0e1860a5880c5110f54	claim:b4e6c473be922721f8308fa8	isBlank(); ASCII SP/TAB/LF/CR; O(n); ; borrowed immutable receiver; public UTF-8 descriptor bridge and distinct bounded function storage; native intrinsic identity is receiver-qualified; no serialized SymbolId or DocRecord is declared by this owner; interface metadata is verified by the separate metadata suite UTF-8 byte/codepoint/grapheme units are distinct; per-member finite profile	text:arity-isBlank	STABLE_PUBLIC_PROFILE	sdk/contracts/stdlib/STDLIB-STABLE-CATALOG.tsv#claim:b4e6c473be922721f8308fa8	DECLARED
ID-PUBLIC-9c7602f695d64398d22e8609	claim:b4ef49137abb98c4399ea805	Explicit SplitMix64 v1 state, no entropy capability; native finite-domain distributions and categorical Float Vector weights; nonnegative Int uniform; shuffle of unique local mutable Int Slice at most 64 lanes; lexical creation/release provenance, separate descriptor/payload frames; sample of Int Vector/local Slice returns canonical List with 0..16 entries; independent seed/value/order oracles and rejected effectful interpolation; no whole-source report Independent deterministic seeded states; checked intervals and distribution domains; no cryptographic entropy claim	random:sample-count-type,random:sample-after-release,random:sample-scalar,random:sample-arity	STABLE_PUBLIC_PROFILE	sdk/contracts/stdlib/STDLIB-STABLE-CATALOG.tsv#claim:b4ef49137abb98c4399ea805	DECLARED
ID-PUBLIC-43237c4c379ae34367e4d199	claim:b527988140b16cb2b195d6ab	Spelling alias for g008-public:Set.contains; no additional API counted; preserve qualified profile limits; native intrinsic identity is receiver-qualified; no serialized SymbolId or DocRecord is declared by this owner; interface metadata is verified by the separate metadata suite Typed key/value and hash/equality policy; two independent live stores; declared capacity and failure atomicity	dict:set-contains-type	STABLE_PUBLIC_PROFILE	sdk/contracts/stdlib/STDLIB-STABLE-CATALOG.tsv#claim:b527988140b16cb2b195d6ab	DECLARED
ID-PUBLIC-362457379411c48a6cc7c288	claim:b6afa9cf081896cc3c2a5f0c	Spelling alias for g010-public:Stream.map; no additional API counted; preserve qualified profile limits; native intrinsic identity is receiver-qualified; no serialized SymbolId or DocRecord is declared by this owner; interface metadata is verified by the separate metadata suite Typed nullable integer rows/columns/tables/datasets/streams; finite schema, rows and stages; lazy callbacks once	data:stream-map-arity,data:stream-map-return-type,data:stream-map-type	STABLE_PUBLIC_PROFILE	sdk/contracts/stdlib/STDLIB-STABLE-CATALOG.tsv#claim:b6afa9cf081896cc3c2a5f0c	DECLARED
ID-PUBLIC-8977ea462583633b6a05719a	claim:b7aeab092dbacdd8def161e7	Spelling alias for g008-public:Dict.remove,g008-public:Set.remove; no additional API counted; preserve qualified profile limits; native intrinsic identity is receiver-qualified; no serialized SymbolId or DocRecord is declared by this owner; interface metadata is verified by the separate metadata suite Typed key/value and hash/equality policy; two independent live stores; declared capacity and failure atomicity	dict:set-remove-type,dict:use-after-drop	STABLE_PUBLIC_PROFILE	sdk/contracts/stdlib/STDLIB-STABLE-CATALOG.tsv#claim:b7aeab092dbacdd8def161e7	DECLARED
ID-PUBLIC-78387918d9e5f523c5ebfdbf	claim:b7d025f424a1282604832494	Literal Int64/binary64 operands; at most 128 complete statements; independent arithmetic trace and return matrix Native checked scalar/vector mathematics; independent numeric oracle; explicit process return separate from intermediate value	math:math-text-return,math:record-capacity-plus-one	STABLE_PUBLIC_PROFILE	sdk/contracts/stdlib/STDLIB-STABLE-CATALOG.tsv#claim:b7d025f424a1282604832494	DECLARED
ID-PUBLIC-bf6c74bf427979b29b81eb35	claim:b7ffcdf5e25b3713c3415c6c	Contextual alias for g170-scan:panel; public typed source proof replaces the historical seed/probe evidence. Preserve the qualified row bounds; no separate global option or live capability is claimed. Synthetic mock/stdin replay; typed bounded ScanPlan; redaction; no real secret or live device	scan:option-type-panel	STABLE_PUBLIC_PROFILE	sdk/contracts/stdlib/STDLIB-STABLE-CATALOG.tsv#claim:b7ffcdf5e25b3713c3415c6c	DECLARED
ID-PUBLIC-99040e145ca43ea5adf03737	claim:bc28c557c108e7ae083d19ef	Spelling alias for g010-public:Table.select; no additional API counted; preserve qualified profile limits; native intrinsic identity is receiver-qualified; no serialized SymbolId or DocRecord is declared by this owner; interface metadata is verified by the separate metadata suite Typed nullable integer rows/columns/tables/datasets/streams; finite schema, rows and stages; lazy callbacks once	data:table-select-duplicate-name,data:table-select-empty,data:table-select-name-type,data:table-select-unknown-name	STABLE_PUBLIC_PROFILE	sdk/contracts/stdlib/STDLIB-STABLE-CATALOG.tsv#claim:bc28c557c108e7ae083d19ef	DECLARED
ID-PUBLIC-ed1840d04dc47dfc35455d53	claim:bcaffdb822955a437c82c671	Spelling alias for g009-public:Node<Int>.new,g009-public:Node.id,g009-public:Node.value,g009-public:Node.replaceValue,g009-public:Node.degree; no additional API counted; preserve qualified profile limits; native intrinsic identity is receiver-qualified; no serialized SymbolId or DocRecord is declared by this owner; interface metadata is verified by the separate metadata suite Int64 payloads; 32 nodes/256 edges; authenticated handle/owner pair; no stale or foreign handle	relation:node-degree-arity,relation:node-id-arity,relation:node-value-arity,relation:node-wrong-replacement	STABLE_PUBLIC_PROFILE	sdk/contracts/stdlib/STDLIB-STABLE-CATALOG.tsv#claim:bcaffdb822955a437c82c671	DECLARED
ID-PUBLIC-714d7fd1cc8448ac519d6f3a	claim:be1e782a2d56e77dcd88269d	Actual edition-owned prelude SymbolId and unique stdlib owner; CLI metadata checked against the local .ni interface and independent FNV identity. Runtime profile is the cited source case family. Iterator/IntoIterator dispatch is bounded Range iteration, not a standalone cursor constructor or arbitrary iterator implementation. Ord reuses the existing comparable capability, with explicit Bool rejection. Native intrinsic profiles are not promoted to arbitrary generic APIs. Synthetic mock/stdin replay; typed bounded ScanPlan; redaction; no real secret or live device	scan:mock-type	STABLE_PUBLIC_PROFILE	sdk/contracts/stdlib/STDLIB-STABLE-CATALOG.tsv#claim:be1e782a2d56e77dcd88269d	DECLARED
ID-PUBLIC-2a8db99bd27a75bedb8c2922	claim:c01376d8eaedb654340c8593	trimStart(); input bytes; ; borrowed view; public UTF-8 descriptor bridge and distinct bounded function storage; native intrinsic identity is receiver-qualified; no serialized SymbolId or DocRecord is declared by this owner; interface metadata is verified by the separate metadata suite UTF-8 byte/codepoint/grapheme units are distinct; per-member finite profile	text:arity-trimStart	STABLE_PUBLIC_PROFILE	sdk/contracts/stdlib/STDLIB-STABLE-CATALOG.tsv#claim:c01376d8eaedb654340c8593	DECLARED
ID-PUBLIC-8f49aebc4e16dd787479d81a	claim:c0739f72efe3896918ce9731	Actual Int64/binary64 lanes, extent 1..64; checked Int sum, native compensated Float sum, explicit population/sample and linearType7 policies; 1536-byte caller workspace isolates conversion/quantile scratch; source values unchanged; native domain/overflow traps and NaN propagation are observed; no source report or synthetic aggregate Native checked scalar/vector mathematics; independent numeric oracle; explicit process return separate from intermediate value	statistics:policy-standardDeviation-true,statistics:shadow-standardDeviation,statistics:sample-too-small-standardDeviation	STABLE_PUBLIC_PROFILE	sdk/contracts/stdlib/STDLIB-STABLE-CATALOG.tsv#claim:c0739f72efe3896918ce9731	DECLARED
ID-PUBLIC-65fa9e940b44ce607f6669b4	claim:c0998ab6b8fbaf1f877a4314	Explicit SplitMix64 v1 state, no entropy capability; native finite-domain distributions and categorical Float Vector weights; nonnegative Int uniform; shuffle of unique local mutable Int Slice at most 64 lanes; lexical creation/release provenance, separate descriptor/payload frames; sample of Int Vector/local Slice returns canonical List with 0..16 entries; independent seed/value/order oracles and rejected effectful interpolation; no whole-source report Independent deterministic seeded states; checked intervals and distribution domains; no cryptographic entropy claim	random:uniform-type,random:uniform-arity,random:uniform-extra	STABLE_PUBLIC_PROFILE	sdk/contracts/stdlib/STDLIB-STABLE-CATALOG.tsv#claim:c0998ab6b8fbaf1f877a4314	DECLARED
ID-PUBLIC-a5f30ff7801115c2db29360d	claim:c23da4ce0992b047ec8afe30	Spelling alias for g008-public:hash.deterministic; no additional API counted; preserve qualified profile limits; native intrinsic identity is receiver-qualified; no serialized SymbolId or DocRecord is declared by this owner; interface metadata is verified by the separate metadata suite Typed key/value and hash/equality policy; two independent live stores; declared capacity and failure atomicity	hashpolicy:seed-missing,hashpolicy:seed-type	STABLE_PUBLIC_PROFILE	sdk/contracts/stdlib/STDLIB-STABLE-CATALOG.tsv#claim:c23da4ce0992b047ec8afe30	DECLARED
ID-PUBLIC-5aa84be47c8efde969c90b33	claim:c555e83e61df06e38b15a258	Spelling alias for g010-public:Table.join; no additional API counted; preserve qualified profile limits; native intrinsic identity is receiver-qualified; no serialized SymbolId or DocRecord is declared by this owner; interface metadata is verified by the separate metadata suite Typed nullable integer rows/columns/tables/datasets/streams; finite schema, rows and stages; lazy callbacks once	data:join-arity,data:join-duplicate-nonkey,data:join-keys-type,data:join-kind-type,data:join-other-type,data:join-over-limit-1,data:join-over-limit-2	STABLE_PUBLIC_PROFILE	sdk/contracts/stdlib/STDLIB-STABLE-CATALOG.tsv#claim:c555e83e61df06e38b15a258	DECLARED
ID-PUBLIC-169cec7a3384a79124fdc778	claim:c5b1151c2ef4cdd12eca18fe	Contextual alias for g170-scan:choice; public typed source proof replaces the historical seed/probe evidence. Preserve the qualified row bounds; no separate global option or live capability is claimed. Synthetic mock/stdin replay; typed bounded ScanPlan; redaction; no real secret or live device	scan:choice-absent,scan:choice-type	STABLE_PUBLIC_PROFILE	sdk/contracts/stdlib/STDLIB-STABLE-CATALOG.tsv#claim:c5b1151c2ef4cdd12eca18fe	DECLARED
ID-PUBLIC-9b868e4cbdec09ae8c762432	claim:c5f600d8f08de68f0db6e718	Spelling alias for g008-public:Dict.loadFactor; no additional API counted; preserve qualified profile limits; native intrinsic identity is receiver-qualified; no serialized SymbolId or DocRecord is declared by this owner; interface metadata is verified by the separate metadata suite Typed key/value and hash/equality policy; two independent live stores; declared capacity and failure atomicity	dict:use-after-drop	STABLE_PUBLIC_PROFILE	sdk/contracts/stdlib/STDLIB-STABLE-CATALOG.tsv#claim:c5f600d8f08de68f0db6e718	DECLARED
ID-PUBLIC-462d6b4e054945f771182900	claim:c6fcab493c85eccb852feab7	Spelling alias for g010-public:Column.fillMissing; no additional API counted; preserve qualified profile limits; native intrinsic identity is receiver-qualified; no serialized SymbolId or DocRecord is declared by this owner; interface metadata is verified by the separate metadata suite Typed nullable integer rows/columns/tables/datasets/streams; finite schema, rows and stages; lazy callbacks once	data:column-fillMissing-type	STABLE_PUBLIC_PROFILE	sdk/contracts/stdlib/STDLIB-STABLE-CATALOG.tsv#claim:c6fcab493c85eccb852feab7	DECLARED
ID-PUBLIC-6f9e7800d1752681a405ea0d	claim:c76165af03df20e5abaf51e2	Explicit SplitMix64 v1 state, no entropy capability; native finite-domain distributions and categorical Float Vector weights; nonnegative Int uniform; shuffle of unique local mutable Int Slice at most 64 lanes; lexical creation/release provenance, separate descriptor/payload frames; sample of Int Vector/local Slice returns canonical List with 0..16 entries; independent seed/value/order oracles and rejected effectful interpolation; no whole-source report Independent deterministic seeded states; checked intervals and distribution domains; no cryptographic entropy claim	random:normal-type,random:normal-arity	STABLE_PUBLIC_PROFILE	sdk/contracts/stdlib/STDLIB-STABLE-CATALOG.tsv#claim:c76165af03df20e5abaf51e2	DECLARED
ID-PUBLIC-2979ce3ee94170040c455274	claim:c8b14da9317fa2ae62e9ca17	Actual edition-owned prelude SymbolId and unique stdlib owner; CLI metadata checked against the local .ni interface and independent FNV identity. Runtime profile is the cited source case family. Iterator/IntoIterator dispatch is bounded Range iteration, not a standalone cursor constructor or arbitrary iterator implementation. Ord reuses the existing comparable capability, with explicit Bool rejection. Native intrinsic profiles are not promoted to arbitrary generic APIs. Typed active variant and structured errors; bounded combinators; explicit ownership; no arbitrary callback promise	optionresult:error-invalid-diagnostic-span	STABLE_PUBLIC_PROFILE	sdk/contracts/stdlib/STDLIB-STABLE-CATALOG.tsv#claim:c8b14da9317fa2ae62e9ca17	DECLARED
ID-PUBLIC-f5dcaa5196ad30af4c30b6c1	claim:ca00b7de3e6e77425c82a097	Spelling alias for g008-public:hash.randomized; no additional API counted; preserve qualified profile limits; native intrinsic identity is receiver-qualified; no serialized SymbolId or DocRecord is declared by this owner; interface metadata is verified by the separate metadata suite Typed key/value and hash/equality policy; two independent live stores; declared capacity and failure atomicity	hashpolicy:randomized-arity	STABLE_PUBLIC_PROFILE	sdk/contracts/stdlib/STDLIB-STABLE-CATALOG.tsv#claim:ca00b7de3e6e77425c82a097	DECLARED
ID-PUBLIC-e7cfbd6f9e922f0365b4ede0	claim:cb16a44ffa95d8c361d0c0c8	Actual Int64/binary64 vector lanes; extent 1..64; typed filled/literal constructors; native vector algorithms and separate owned frames; exact shape/type checks; constant index bounds and dynamic native checks; linked scalar spills preserve RHS allocations; no whole-source report; native registry identity and runtime profile are explicit; serialized interface metadata is verified by the separate metadata suite Native checked scalar/vector mathematics; independent numeric oracle; explicit process return separate from intermediate value	vector:index-4,vector:index--1,vector:method-at-true,vector:method-at-empty	STABLE_PUBLIC_PROFILE	sdk/contracts/stdlib/STDLIB-STABLE-CATALOG.tsv#claim:cb16a44ffa95d8c361d0c0c8	DECLARED
ID-PUBLIC-8353a2449d1aa350d2730694	claim:cc1d47dce2d484b84f04478a	equals(Text); byte-exact; O(n); ; borrowed immutable receiver and argument; public UTF-8 descriptor bridge and distinct bounded function storage; native intrinsic identity is receiver-qualified; no serialized SymbolId or DocRecord is declared by this owner; interface metadata is verified by the separate metadata suite UTF-8 byte/codepoint/grapheme units are distinct; per-member finite profile	text:type-equals	STABLE_PUBLIC_PROFILE	sdk/contracts/stdlib/STDLIB-STABLE-CATALOG.tsv#claim:cc1d47dce2d484b84f04478a	DECLARED
ID-PUBLIC-d5bb97103e50a88690593e95	claim:cdf7651cb0c39fe2c1c7041e	Spelling alias for g010-public:Schema.field; no additional API counted; preserve qualified profile limits; native intrinsic identity is receiver-qualified; no serialized SymbolId or DocRecord is declared by this owner; interface metadata is verified by the separate metadata suite Typed nullable integer rows/columns/tables/datasets/streams; finite schema, rows and stages; lazy callbacks once	data:schema-field-missing,data:schema-field-name-type,data:schema-field-projection-bound	STABLE_PUBLIC_PROFILE	sdk/contracts/stdlib/STDLIB-STABLE-CATALOG.tsv#claim:cdf7651cb0c39fe2c1c7041e	DECLARED
ID-PUBLIC-59a6da4f63eddad53b340835	claim:ce545f606b61e12a4dfa91de	Spelling alias for g008-public:Dict.iterationOrder; no additional API counted; preserve qualified profile limits; native intrinsic identity is receiver-qualified; no serialized SymbolId or DocRecord is declared by this owner; interface metadata is verified by the separate metadata suite Typed key/value and hash/equality policy; two independent live stores; declared capacity and failure atomicity	dict:iteration-order-arity	STABLE_PUBLIC_PROFILE	sdk/contracts/stdlib/STDLIB-STABLE-CATALOG.tsv#claim:ce545f606b61e12a4dfa91de	DECLARED
ID-PUBLIC-578ca400f6ab7dd4317b3f7b	claim:ce58a02fc4cc1d6cdeeaf444	Spelling alias only; inspect every qualified declaration: g018-declaration:console.title(text); g018-declaration:chart.title(text) Retained document/headless software profile; exact nodes and bytes; no live desktop claim	console:title-limit,console:title-type	STABLE_PUBLIC_PROFILE	sdk/contracts/stdlib/STDLIB-STABLE-CATALOG.tsv#claim:ce58a02fc4cc1d6cdeeaf444	DECLARED
ID-PUBLIC-7ae7a24b25ad4bac171a9b3a	claim:cf0163f1d9536e519c18869b	Actual Int64/binary64 lanes, extent 1..64; checked Int sum, native compensated Float sum, explicit population/sample and linearType7 policies; 1536-byte caller workspace isolates conversion/quantile scratch; source values unchanged; native domain/overflow traps and NaN propagation are observed; no source report or synthetic aggregate Native checked scalar/vector mathematics; independent numeric oracle; explicit process return separate from intermediate value	statistics:arity-sum	STABLE_PUBLIC_PROFILE	sdk/contracts/stdlib/STDLIB-STABLE-CATALOG.tsv#claim:cf0163f1d9536e519c18869b	DECLARED
ID-PUBLIC-2368d39f043b7711f260ef56	claim:d007c078c2c3e323f5cf3605	Contextual alias for g170-scan:indexChoice; public typed source proof replaces the historical seed/probe evidence. Preserve the qualified row bounds; no separate global option or live capability is claimed. Synthetic mock/stdin replay; typed bounded ScanPlan; redaction; no real secret or live device	scan:choice-arity	STABLE_PUBLIC_PROFILE	sdk/contracts/stdlib/STDLIB-STABLE-CATALOG.tsv#claim:d007c078c2c3e323f5cf3605	DECLARED
ID-PUBLIC-dedfdc0c797ca0b1f64d38b8	claim:d1d386364763385ed98ce935	Spelling alias for g010-public:Dataset.fromTables; no additional API counted; preserve qualified profile limits; native intrinsic identity is receiver-qualified; no serialized SymbolId or DocRecord is declared by this owner; interface metadata is verified by the separate metadata suite Typed nullable integer rows/columns/tables/datasets/streams; finite schema, rows and stages; lazy callbacks once	data:dataset-copy,data:dataset-empty-parts,data:dataset-over-parts,data:dataset-part-type,data:dataset-schema-mismatch,data:dataset-schema-order-mismatch	STABLE_PUBLIC_PROFILE	sdk/contracts/stdlib/STDLIB-STABLE-CATALOG.tsv#claim:d1d386364763385ed98ce935	DECLARED
ID-PUBLIC-01dbaf023fbcf45cc6e77545	claim:d2f39b129b1dd314fc858bd1	Explicit SplitMix64 v1 state, no entropy capability; native finite-domain distributions and categorical Float Vector weights; nonnegative Int uniform; shuffle of unique local mutable Int Slice at most 64 lanes; lexical creation/release provenance, separate descriptor/payload frames; sample of Int Vector/local Slice returns canonical List with 0..16 entries; independent seed/value/order oracles and rejected effectful interpolation; no whole-source report Independent deterministic seeded states; checked intervals and distribution domains; no cryptographic entropy claim	random:seed-type,random:seed-extra	STABLE_PUBLIC_PROFILE	sdk/contracts/stdlib/STDLIB-STABLE-CATALOG.tsv#claim:d2f39b129b1dd314fc858bd1	DECLARED
ID-PUBLIC-adf753b3bb206b47615cab2f	claim:d31b675b1c30ee373abc69a1	Spelling alias only; inspect every qualified declaration: g018-declaration:console.style(range, style) Retained document/headless software profile; exact nodes and bytes; no live desktop claim	console:style-bound--1-1,console:style-bound-0-3,console:style-bound-2-1,console:style-endpoint-type,console:style-role-type,console:style-selection-arity,console:style-selection-type	STABLE_PUBLIC_PROFILE	sdk/contracts/stdlib/STDLIB-STABLE-CATALOG.tsv#claim:d31b675b1c30ee373abc69a1	DECLARED
ID-PUBLIC-ffc869c515073d32e7e42575	claim:d3d8d6de73194afe74a0a8de	Spelling alias for g010-public:Stream.window; no additional API counted; preserve qualified profile limits; native intrinsic identity is receiver-qualified; no serialized SymbolId or DocRecord is declared by this owner; interface metadata is verified by the separate metadata suite Typed nullable integer rows/columns/tables/datasets/streams; finite schema, rows and stages; lazy callbacks once	data:window-arity,data:window-callback-trap,data:window-copy,data:window-duration-type,data:window-invalid-duration--1,data:window-invalid-duration-0,data:window-missing-duration,data:window-option-copy,data:window-sink-type	STABLE_PUBLIC_PROFILE	sdk/contracts/stdlib/STDLIB-STABLE-CATALOG.tsv#claim:d3d8d6de73194afe74a0a8de	DECLARED
ID-PUBLIC-7d03e465f5660a0a97738b69	claim:d41dbfa820ee0843f5ee5bd4	byteLength(); O(1); MAX_TEXT_BYTES; ; borrowed immutable receiver; public UTF-8 descriptor bridge and distinct bounded function storage; native intrinsic identity is receiver-qualified; no serialized SymbolId or DocRecord is declared by this owner; interface metadata is verified by the separate metadata suite UTF-8 byte/codepoint/grapheme units are distinct; per-member finite profile	text:arity-byteLength	STABLE_PUBLIC_PROFILE	sdk/contracts/stdlib/STDLIB-STABLE-CATALOG.tsv#claim:d41dbfa820ee0843f5ee5bd4	DECLARED
ID-PUBLIC-9ac895c95f6ac097ef275144	claim:d44687ceab8f796e02bc5310	Spelling alias for g010-public:Column.coalesce; no additional API counted; preserve qualified profile limits; native intrinsic identity is receiver-qualified; no serialized SymbolId or DocRecord is declared by this owner; interface metadata is verified by the separate metadata suite Typed nullable integer rows/columns/tables/datasets/streams; finite schema, rows and stages; lazy callbacks once	data:column-coalesce-type,data:column-dtype-coalesce	STABLE_PUBLIC_PROFILE	sdk/contracts/stdlib/STDLIB-STABLE-CATALOG.tsv#claim:d44687ceab8f796e02bc5310	DECLARED
ID-PUBLIC-78f145ab1b2f9e0bd35ab69e	claim:d57dab5c6bd296989b402a05	Contextual alias for g170-scan:minStrength; public typed source proof replaces the historical seed/probe evidence. Preserve the qualified row bounds; no separate global option or live capability is claimed. Synthetic mock/stdin replay; typed bounded ScanPlan; redaction; no real secret or live device	scan:option-type-minStrength	STABLE_PUBLIC_PROFILE	sdk/contracts/stdlib/STDLIB-STABLE-CATALOG.tsv#claim:d57dab5c6bd296989b402a05	DECLARED
ID-PUBLIC-6e3c5b75f2db947efa904d58	claim:d5944006021423146a51ff73	Actual Int64/binary64 vector lanes; extent 1..64; typed filled/literal constructors; native vector algorithms and separate owned frames; exact shape/type checks; constant index bounds and dynamic native checks; linked scalar spills preserve RHS allocations; no whole-source report; native registry identity and runtime profile are explicit; serialized interface metadata is verified by the separate metadata suite Native checked scalar/vector mathematics; independent numeric oracle; explicit process return separate from intermediate value	vector:element-Text,vector:element-Bool,vector:extent-0,vector:extent-65,vector:literal-wrong-type,vector:literal-extent-mismatch	STABLE_PUBLIC_PROFILE	sdk/contracts/stdlib/STDLIB-STABLE-CATALOG.tsv#claim:d5944006021423146a51ff73	DECLARED
ID-PUBLIC-2c73ebde79aec3e38d822b5c	claim:d625462cb98de7afd1913ea7	Spelling alias for g010-public:Schema.indexOf; no additional API counted; preserve qualified profile limits; native intrinsic identity is receiver-qualified; no serialized SymbolId or DocRecord is declared by this owner; interface metadata is verified by the separate metadata suite Typed nullable integer rows/columns/tables/datasets/streams; finite schema, rows and stages; lazy callbacks once	data:schema-index-name-type	STABLE_PUBLIC_PROFILE	sdk/contracts/stdlib/STDLIB-STABLE-CATALOG.tsv#claim:d625462cb98de7afd1913ea7	DECLARED
ID-PUBLIC-4d4eab46ee0b948a613e430d	claim:d785dbc264a12187d3df24c4	Literal Int64/binary64 operands; at most 128 complete statements; independent arithmetic trace and return matrix Native checked scalar/vector mathematics; independent numeric oracle; explicit process return separate from intermediate value	math:math-text-return,math:record-capacity-plus-one	STABLE_PUBLIC_PROFILE	sdk/contracts/stdlib/STDLIB-STABLE-CATALOG.tsv#claim:d785dbc264a12187d3df24c4	DECLARED
ID-PUBLIC-53984f432ac8dfe617d349c3	claim:d7e3b4d2a0621f233366f3a4	Literal Int64/binary64 operands; at most 128 complete statements; independent arithmetic trace and return matrix Native checked scalar/vector mathematics; independent numeric oracle; explicit process return separate from intermediate value	math:math-text-return,math:record-capacity-plus-one	STABLE_PUBLIC_PROFILE	sdk/contracts/stdlib/STDLIB-STABLE-CATALOG.tsv#claim:d7e3b4d2a0621f233366f3a4	DECLARED
ID-PUBLIC-58522659b358f29d4f405df6	claim:d868cfc43c050cbac67070fb	equalsAsciiIgnoreCase(Text); ASCII only; O(n); ; borrowed immutable receiver and argument; public UTF-8 descriptor bridge and distinct bounded function storage; native intrinsic identity is receiver-qualified; no serialized SymbolId or DocRecord is declared by this owner; interface metadata is verified by the separate metadata suite UTF-8 byte/codepoint/grapheme units are distinct; per-member finite profile	text:type-equalsAsciiIgnoreCase	STABLE_PUBLIC_PROFILE	sdk/contracts/stdlib/STDLIB-STABLE-CATALOG.tsv#claim:d868cfc43c050cbac67070fb	DECLARED
ID-PUBLIC-78440ca81515bc72149ab339	claim:d87e5aa71b4e98274d214d47	Actual Int64/binary64 lanes, extent 1..64; checked Int sum, native compensated Float sum, explicit population/sample and linearType7 policies; 1536-byte caller workspace isolates conversion/quantile scratch; source values unchanged; native domain/overflow traps and NaN propagation are observed; no source report or synthetic aggregate Native checked scalar/vector mathematics; independent numeric oracle; explicit process return separate from intermediate value	statistics:arity-median	STABLE_PUBLIC_PROFILE	sdk/contracts/stdlib/STDLIB-STABLE-CATALOG.tsv#claim:d87e5aa71b4e98274d214d47	DECLARED
ID-PUBLIC-1a11e4e0ce7103e12a5017ad	claim:d9af5dbe5cd58b17c26c06a6	Spelling alias for g008-public:Dict.capacity; no additional API counted; preserve qualified profile limits; native intrinsic identity is receiver-qualified; no serialized SymbolId or DocRecord is declared by this owner; interface metadata is verified by the separate metadata suite Typed key/value and hash/equality policy; two independent live stores; declared capacity and failure atomicity	dict:use-after-move	STABLE_PUBLIC_PROFILE	sdk/contracts/stdlib/STDLIB-STABLE-CATALOG.tsv#claim:d9af5dbe5cd58b17c26c06a6	DECLARED
ID-PUBLIC-f5ba79b0421e9cbf01dbff2a	claim:da20bfa83f48811c625e1146	Spelling alias only; inspect every qualified declaration: g018-declaration:console.clear(); g018-declaration:canvas.clear(color) Retained document/headless software profile; exact nodes and bytes; no live desktop claim	console:clear-arity,console:close-clear	STABLE_PUBLIC_PROFILE	sdk/contracts/stdlib/STDLIB-STABLE-CATALOG.tsv#claim:da20bfa83f48811c625e1146	DECLARED
ID-PUBLIC-c68afd5b8129ed1d60d05c86	claim:dab9d08c0346a6a395720dae	Contextual alias for g170-scan:mock; public typed source proof replaces the historical seed/probe evidence. Preserve the qualified row bounds; no separate global option or live capability is claimed. Synthetic mock/stdin replay; typed bounded ScanPlan; redaction; no real secret or live device	scan:duplicate-mock,scan:mock-type	STABLE_PUBLIC_PROFILE	sdk/contracts/stdlib/STDLIB-STABLE-CATALOG.tsv#claim:dab9d08c0346a6a395720dae	DECLARED
ID-PUBLIC-459647e7a64c9eb25c96f6e5	claim:dca093f988973a0a07cdd72b	Spelling alias for g009-public:Graph.dijkstra; no additional API counted; preserve qualified profile limits; native intrinsic identity is receiver-qualified; no serialized SymbolId or DocRecord is declared by this owner; interface metadata is verified by the separate metadata suite Int64 payloads; 32 nodes/256 edges; authenticated handle/owner pair; no stale or foreign handle	relation:graph-dijkstra-nodes-type	STABLE_PUBLIC_PROFILE	sdk/contracts/stdlib/STDLIB-STABLE-CATALOG.tsv#claim:dca093f988973a0a07cdd72b	DECLARED
ID-PUBLIC-030d65af32c91587755ef389	claim:ddd75188695701aa50db12fa	Literal Int64/binary64 operands; at most 128 complete statements; independent arithmetic trace and return matrix Native checked scalar/vector mathematics; independent numeric oracle; explicit process return separate from intermediate value	math:math-text-return,math:record-capacity-plus-one	STABLE_PUBLIC_PROFILE	sdk/contracts/stdlib/STDLIB-STABLE-CATALOG.tsv#claim:ddd75188695701aa50db12fa	DECLARED
ID-PUBLIC-08bb98b2e6a42bc992dd4ef3	claim:de9488198c88a7f95371751a	replaceAll(Text,Text); 4096 output bytes; non-overlapping; ; owned caller workspace; public UTF-8 descriptor bridge and distinct bounded function storage; native intrinsic identity is receiver-qualified; no serialized SymbolId or DocRecord is declared by this owner; interface metadata is verified by the separate metadata suite UTF-8 byte/codepoint/grapheme units are distinct; per-member finite profile	text:type-replaceAll	STABLE_PUBLIC_PROFILE	sdk/contracts/stdlib/STDLIB-STABLE-CATALOG.tsv#claim:de9488198c88a7f95371751a	DECLARED
ID-PUBLIC-473713f3e73483e249a1049a	claim:df4f0148b2440ecd656bf01f	Spelling alias for g009-public:Graph.connectedComponents; no additional API counted; preserve qualified profile limits; native intrinsic identity is receiver-qualified; no serialized SymbolId or DocRecord is declared by this owner; interface metadata is verified by the separate metadata suite Int64 payloads; 32 nodes/256 edges; authenticated handle/owner pair; no stale or foreign handle	relation:graph-connectedComponents-arity	STABLE_PUBLIC_PROFILE	sdk/contracts/stdlib/STDLIB-STABLE-CATALOG.tsv#claim:df4f0148b2440ecd656bf01f	DECLARED
ID-PUBLIC-1316009d4034edcfd974d140	claim:e1043152c29f090c6eeb1943	Spelling alias for g008-public:Int.equals; no additional API counted; preserve qualified profile limits; native intrinsic identity is receiver-qualified; no serialized SymbolId or DocRecord is declared by this owner; interface metadata is verified by the separate metadata suite Typed key/value and hash/equality policy; two independent live stores; declared capacity and failure atomicity	dict:equals-type	STABLE_PUBLIC_PROFILE	sdk/contracts/stdlib/STDLIB-STABLE-CATALOG.tsv#claim:e1043152c29f090c6eeb1943	DECLARED
ID-PUBLIC-968454974d28c8031c5e693f	claim:e1282f512e9258c2f1e099b7	Spelling alias for g009-public:Tree.addChild; no additional API counted; preserve qualified profile limits; native intrinsic identity is receiver-qualified; no serialized SymbolId or DocRecord is declared by this owner; interface metadata is verified by the separate metadata suite Int64 payloads; 32 nodes/256 edges; authenticated handle/owner pair; no stale or foreign handle	relation:tree-raw-handle,relation:tree-wrong-child-value	STABLE_PUBLIC_PROFILE	sdk/contracts/stdlib/STDLIB-STABLE-CATALOG.tsv#claim:e1282f512e9258c2f1e099b7	DECLARED
ID-PUBLIC-1d86b587e2f8948f466bd888	claim:e15da49ba928c94d5643b708	Literal Int64/binary64 operands; at most 128 complete statements; independent arithmetic trace and return matrix Native checked scalar/vector mathematics; independent numeric oracle; explicit process return separate from intermediate value	math:math-text-return,math:record-capacity-plus-one	STABLE_PUBLIC_PROFILE	sdk/contracts/stdlib/STDLIB-STABLE-CATALOG.tsv#claim:e15da49ba928c94d5643b708	DECLARED
ID-PUBLIC-c2c276f46656f941ebb10145	claim:e1694ab28375fdf523789369	Spelling alias for g010-public:Table.join,g010-public:Table.validate,g010-public:Table.invalidRows,g010-public:Table.groupBy,g010-public:Table.groupBy.next,g010-public:Table.groupBy.sink,g010-public:Table.fromColumns,g010-public:Table.rowCount,g010-public:Table.columnCount,g010-public:Table.select,g010-public:Table.filter,g010-public:Table.sortBy; no additional API counted; preserve qualified profile limits; native intrinsic identity is receiver-qualified; no serialized SymbolId or DocRecord is declared by this owner; interface metadata is verified by the separate metadata suite Typed nullable integer rows/columns/tables/datasets/streams; finite schema, rows and stages; lazy callbacks once	data:group-copy,data:group-empty-expect,data:group-key-arity,data:group-key-two,data:group-key-type,data:group-method-arity,data:group-missing-name,data:group-sink-type,data:join-arity,data:join-duplicate-nonkey,data:join-keys-type,data:join-kind-type,data:join-other-type,data:join-over-limit-1,data:join-over-limit-2,data:quality-constraints-arity,data:quality-constraints-type,data:quality-invalid-rows-arity,data:quality-schema-count,data:quality-schema-name,data:table-column-count-arity,data:table-copy,data:table-duplicate-name,data:table-empty-columns,data:table-filter-arity,data:table-filter-receiver-type,data:table-filter-result-type,data:table-filter-trap,data:table-row-count-arity,data:table-select-duplicate-name,data:table-select-empty,data:table-select-name-type,data:table-select-unknown-name,data:table-sort-name-type,data:table-sort-two-keys,data:table-sort-unknown-name,data:table-unequal-lengths,data:table-wrong-column,data:table-wrong-name	STABLE_PUBLIC_PROFILE	sdk/contracts/stdlib/STDLIB-STABLE-CATALOG.tsv#claim:e1694ab28375fdf523789369	DECLARED
ID-PUBLIC-5f9b505e82a4a22e2ff794c9	claim:e1e12033665161272e214426	Spelling alias for g010-public:Row.toTuple; no additional API counted; preserve qualified profile limits; native intrinsic identity is receiver-qualified; no serialized SymbolId or DocRecord is declared by this owner; interface metadata is verified by the separate metadata suite Typed nullable integer rows/columns/tables/datasets/streams; finite schema, rows and stages; lazy callbacks once	data:row-to-tuple-arity,data:row-tuple-copy,data:row-tuple-index-bound,data:row-tuple-static-bound	STABLE_PUBLIC_PROFILE	sdk/contracts/stdlib/STDLIB-STABLE-CATALOG.tsv#claim:e1e12033665161272e214426	DECLARED
ID-PUBLIC-d5e2955054baf67c3f99c080	claim:e21a03c4a4d252ce269a85bb	normalizeWhitespace(); 4096 output bytes; ASCII whitespace; ; owned caller workspace; public UTF-8 descriptor bridge and distinct bounded function storage; native intrinsic identity is receiver-qualified; no serialized SymbolId or DocRecord is declared by this owner; interface metadata is verified by the separate metadata suite UTF-8 byte/codepoint/grapheme units are distinct; per-member finite profile	text:arity-normalizeWhitespace	STABLE_PUBLIC_PROFILE	sdk/contracts/stdlib/STDLIB-STABLE-CATALOG.tsv#claim:e21a03c4a4d252ce269a85bb	DECLARED
ID-PUBLIC-0648b347872db6e4cc9b3897	claim:e28c6ed1f7608e0e538cd4e2	normalizeNewlines(); 4096 output bytes; CRLF/CR to LF; ; owned caller workspace; public UTF-8 descriptor bridge and distinct bounded function storage; native intrinsic identity is receiver-qualified; no serialized SymbolId or DocRecord is declared by this owner; interface metadata is verified by the separate metadata suite UTF-8 byte/codepoint/grapheme units are distinct; per-member finite profile	text:arity-normalizeNewlines	STABLE_PUBLIC_PROFILE	sdk/contracts/stdlib/STDLIB-STABLE-CATALOG.tsv#claim:e28c6ed1f7608e0e538cd4e2	DECLARED
ID-PUBLIC-8ac1423d16bf585ff10a9e40	claim:e2f8aa80437d021072f2d498	Spelling alias for g008-public:Dict.entries; no additional API counted; preserve qualified profile limits; native intrinsic identity is receiver-qualified; no serialized SymbolId or DocRecord is declared by this owner; interface metadata is verified by the separate metadata suite Typed key/value and hash/equality policy; two independent live stores; declared capacity and failure atomicity	dict:view-released	STABLE_PUBLIC_PROFILE	sdk/contracts/stdlib/STDLIB-STABLE-CATALOG.tsv#claim:e2f8aa80437d021072f2d498	DECLARED
ID-PUBLIC-f13140bbd87f00f9721ee8db	claim:e373f34ea6d115dc9edf77b3	Contextual alias for g170-scan:confirmSecret; public typed source proof replaces the historical seed/probe evidence. Preserve the qualified row bounds; no separate global option or live capability is claimed. Synthetic mock/stdin replay; typed bounded ScanPlan; redaction; no real secret or live device	scan:confirm-eof-result,scan:confirm-binding-failure,scan:confirm-needs-secret,scan:security-arity-confirmSecret	STABLE_PUBLIC_PROFILE	sdk/contracts/stdlib/STDLIB-STABLE-CATALOG.tsv#claim:e373f34ea6d115dc9edf77b3	DECLARED
ID-PUBLIC-ebbb5cbaa9128cf282edd620	claim:e51b046dbfa30b7291fbad28	Binary64 actual receiver and once-evaluated arguments; classifiers include IEEE subnormal/NaN/infinity/signed zero; explicit rounding modes restore caller control word; finite round magnitude <2^63; approxEquals preserves two source arguments with Vector<Float> tolerance [absolute,relative], exactly two lanes (runtime shape checked); nonnegative/non-NaN tolerances, identical infinities equal and distinct infinities unequal; Uncertain methods claim only exact typed operands; native registry identity and runtime profile are explicit; serialized interface metadata is verified by the separate metadata suite Native checked scalar/vector mathematics; independent numeric oracle; explicit process return separate from intermediate value	precision:classifier-extra-argument	STABLE_PUBLIC_PROFILE	sdk/contracts/stdlib/STDLIB-STABLE-CATALOG.tsv#claim:e51b046dbfa30b7291fbad28	DECLARED
ID-PUBLIC-18f0ec86930d0a201dc36535	claim:e664b92dda5c99ae936f11a7	Binary64 actual receiver and once-evaluated arguments; classifiers include IEEE subnormal/NaN/infinity/signed zero; explicit rounding modes restore caller control word; finite round magnitude <2^63; approxEquals preserves two source arguments with Vector<Float> tolerance [absolute,relative], exactly two lanes (runtime shape checked); nonnegative/non-NaN tolerances, identical infinities equal and distinct infinities unequal; Uncertain methods claim only exact typed operands; native registry identity and runtime profile are explicit; serialized interface metadata is verified by the separate metadata suite Native checked scalar/vector mathematics; independent numeric oracle; explicit process return separate from intermediate value	precision:round-mode-type,precision:round-missing-mode,precision:round-extra-mode,precision:round-process-return,precision:round-domain-0-positive-bound	STABLE_PUBLIC_PROFILE	sdk/contracts/stdlib/STDLIB-STABLE-CATALOG.tsv#claim:e664b92dda5c99ae936f11a7	DECLARED
ID-PUBLIC-1b3348c920fb0f7fb2c1569e	claim:e7f93db4bceb04c0ad2147b4	Spelling alias for g009-public:Graph.breadthFirst; no additional API counted; preserve qualified profile limits; native intrinsic identity is receiver-qualified; no serialized SymbolId or DocRecord is declared by this owner; interface metadata is verified by the separate metadata suite Int64 payloads; 32 nodes/256 edges; authenticated handle/owner pair; no stale or foreign handle	relation:graph-breadthFirst-node-type,relation:traversal-borrow	STABLE_PUBLIC_PROFILE	sdk/contracts/stdlib/STDLIB-STABLE-CATALOG.tsv#claim:e7f93db4bceb04c0ad2147b4	DECLARED
ID-PUBLIC-b6f9e3ee885433daa0757966	claim:e8149ff28098a7f2e0908db7	Contextual alias for g170-scan:mask; public typed source proof replaces the historical seed/probe evidence. Preserve the qualified row bounds; no separate global option or live capability is claimed. Synthetic mock/stdin replay; typed bounded ScanPlan; redaction; no real secret or live device	scan:option-type-mask	STABLE_PUBLIC_PROFILE	sdk/contracts/stdlib/STDLIB-STABLE-CATALOG.tsv#claim:e8149ff28098a7f2e0908db7	DECLARED
ID-PUBLIC-e6cffe71f40e9581e11cc286	claim:ea1c3af532dae0be53acddcd	Literal Int64/binary64 operands; at most 128 complete statements; independent arithmetic trace and return matrix Native checked scalar/vector mathematics; independent numeric oracle; explicit process return separate from intermediate value	math:math-text-return,math:record-capacity-plus-one	STABLE_PUBLIC_PROFILE	sdk/contracts/stdlib/STDLIB-STABLE-CATALOG.tsv#claim:ea1c3af532dae0be53acddcd	DECLARED
ID-PUBLIC-4839382e0102155bb8c0ab91	claim:eac52e4a95d35b1330df17ef	Spelling alias for g008-public:Dict<Int,Int>.new,g008-public:Set<Int>.new,g008-public:Hasher.new; no additional API counted; preserve qualified profile limits; native intrinsic identity is receiver-qualified; no serialized SymbolId or DocRecord is declared by this owner; interface metadata is verified by the separate metadata suite Typed key/value and hash/equality policy; two independent live stores; declared capacity and failure atomicity	dict:hasher-seed-type,dict:key-type,dict:set-new-arity,dict:value-type	STABLE_PUBLIC_PROFILE	sdk/contracts/stdlib/STDLIB-STABLE-CATALOG.tsv#claim:eac52e4a95d35b1330df17ef	DECLARED
ID-PUBLIC-1377584979be2e237ceced3d	claim:ebc047cacea7df56097706f2	Actual owned typed Regex.compile(pattern) with the current default options, Regex.escape(Text), and isMatch(Text), reusing native pattern_find rather than a Python runtime or fixed report. Initial public native profile is Unicode literal patterns and escaped punctuation only: 256 pattern bytes, 4096 text bytes, 65536 search steps. Regex metacharacter operators/captures and custom options are explicitly rejected in this source profile; the wider SDK model is not counted as native source coverage. Independent Python re search/escape oracles, two live values and explicit return variations are executed. Literal matching and escaped punctuation; 256 pattern bytes; 4096 input bytes; bounded steps; no full regex claim	regex:compile-type,regex:match-type,regex:status-type,regex:pattern-domain-0,regex:text-domain,regex:steps-domain	STABLE_PUBLIC_PROFILE	sdk/contracts/stdlib/STDLIB-STABLE-CATALOG.tsv#claim:ebc047cacea7df56097706f2	DECLARED
ID-PUBLIC-62077b509cce17098e5acb63	claim:ebc56343af6bbadff156dda5	Spelling alias for g010-public:Row.project; no additional API counted; preserve qualified profile limits; native intrinsic identity is receiver-qualified; no serialized SymbolId or DocRecord is declared by this owner; interface metadata is verified by the separate metadata suite Typed nullable integer rows/columns/tables/datasets/streams; finite schema, rows and stages; lazy callbacks once	data:row-project-argument-type,data:row-project-duplicate-name,data:row-project-empty,data:row-project-name-type,data:row-project-removed-name,data:row-project-unknown-name	STABLE_PUBLIC_PROFILE	sdk/contracts/stdlib/STDLIB-STABLE-CATALOG.tsv#claim:ebc56343af6bbadff156dda5	DECLARED
ID-PUBLIC-6c82b3440ffac59c78afff4d	claim:ec6979e772820bedad52b29f	trimEnd(); input bytes; ; borrowed view; public UTF-8 descriptor bridge and distinct bounded function storage; native intrinsic identity is receiver-qualified; no serialized SymbolId or DocRecord is declared by this owner; interface metadata is verified by the separate metadata suite UTF-8 byte/codepoint/grapheme units are distinct; per-member finite profile	text:arity-trimEnd	STABLE_PUBLIC_PROFILE	sdk/contracts/stdlib/STDLIB-STABLE-CATALOG.tsv#claim:ec6979e772820bedad52b29f	DECLARED
ID-PUBLIC-bb4ac35bd94c4e151f4e7f32	claim:ed6761c74b27ad1b60f145eb	Contextual alias for g170-scan:password; public typed source proof replaces the historical seed/probe evidence. Preserve the qualified row bounds; no separate global option or live capability is claimed. Synthetic mock/stdin replay; typed bounded ScanPlan; redaction; no real secret or live device	scan:weak-secret,scan:option-arity-password	STABLE_PUBLIC_PROFILE	sdk/contracts/stdlib/STDLIB-STABLE-CATALOG.tsv#claim:ed6761c74b27ad1b60f145eb	DECLARED
ID-PUBLIC-6fb9d867fc6efd5c752f9c3b	claim:edba8deaca5346c91645f9ed	Actual edition-owned prelude SymbolId and unique stdlib owner; CLI metadata checked against the local .ni interface and independent FNV identity. Runtime profile is the cited source case family. Iterator/IntoIterator dispatch is bounded Range iteration, not a standalone cursor constructor or arbitrary iterator implementation. Ord reuses the existing comparable capability, with explicit Bool rejection. Native intrinsic profiles are not promoted to arbitrary generic APIs. Int64/Bool/binary64/Unicode scalar values; checked arithmetic; lexical evaluation once	composite:range-zero-step	STABLE_PUBLIC_PROFILE	sdk/contracts/stdlib/STDLIB-STABLE-CATALOG.tsv#claim:edba8deaca5346c91645f9ed	DECLARED
ID-PUBLIC-882f4f2141230553560dd599	claim:ee65c8536fe60039f4a5f212	Literal Int64/binary64 operands; at most 128 complete statements; independent arithmetic trace and return matrix Native checked scalar/vector mathematics; independent numeric oracle; explicit process return separate from intermediate value	math:math-text-return,math:record-capacity-plus-one	STABLE_PUBLIC_PROFILE	sdk/contracts/stdlib/STDLIB-STABLE-CATALOG.tsv#claim:ee65c8536fe60039f4a5f212	DECLARED
ID-PUBLIC-428618ddadb1f897873f83fa	claim:ef117fcc0e9f03791231e0cf	Spelling alias for g010-public:Column.sum; no additional API counted; preserve qualified profile limits; native intrinsic identity is receiver-qualified; no serialized SymbolId or DocRecord is declared by this owner; interface metadata is verified by the separate metadata suite Typed nullable integer rows/columns/tables/datasets/streams; finite schema, rows and stages; lazy callbacks once	data:column-sum-arity	STABLE_PUBLIC_PROFILE	sdk/contracts/stdlib/STDLIB-STABLE-CATALOG.tsv#claim:ef117fcc0e9f03791231e0cf	DECLARED
ID-PUBLIC-65250a15ef24fdc8dd0ec4b9	claim:efa3beb45cb68277b395a2a8	Literal Int64/binary64 operands; at most 128 complete statements; independent arithmetic trace and return matrix Native checked scalar/vector mathematics; independent numeric oracle; explicit process return separate from intermediate value	math:math-text-return,math:record-capacity-plus-one	STABLE_PUBLIC_PROFILE	sdk/contracts/stdlib/STDLIB-STABLE-CATALOG.tsv#claim:efa3beb45cb68277b395a2a8	DECLARED
ID-PUBLIC-c3a57b408dda9dfac6dfa730	claim:f0579b177e3fb61a2d0cdd03	Spelling alias for g009-public:Node.replaceValue; no additional API counted; preserve qualified profile limits; native intrinsic identity is receiver-qualified; no serialized SymbolId or DocRecord is declared by this owner; interface metadata is verified by the separate metadata suite Int64 payloads; 32 nodes/256 edges; authenticated handle/owner pair; no stale or foreign handle	relation:node-wrong-replacement	STABLE_PUBLIC_PROFILE	sdk/contracts/stdlib/STDLIB-STABLE-CATALOG.tsv#claim:f0579b177e3fb61a2d0cdd03	DECLARED
ID-PUBLIC-51d61e84ef84d142e5ed2f71	claim:f1f3aa4cde215a622900f030	Actual Int64/binary64 vector lanes; extent 1..64; typed filled/literal constructors; native vector algorithms and separate owned frames; exact shape/type checks; constant index bounds and dynamic native checks; linked scalar spills preserve RHS allocations; no whole-source report; native registry identity and runtime profile are explicit; serialized interface metadata is verified by the separate metadata suite Native checked scalar/vector mathematics; independent numeric oracle; explicit process return separate from intermediate value	vector:filled-type-Int-true,vector:filled-type-Float-17,vector:empty-arguments,vector:extra-arguments	STABLE_PUBLIC_PROFILE	sdk/contracts/stdlib/STDLIB-STABLE-CATALOG.tsv#claim:f1f3aa4cde215a622900f030	DECLARED
ID-PUBLIC-85019085043659ddc57a58fd	claim:f21e8f40ed63519f770b9251	Contextual alias for g170-scan:field; public typed source proof replaces the historical seed/probe evidence. Preserve the qualified row bounds; no separate global option or live capability is claimed. Synthetic mock/stdin replay; typed bounded ScanPlan; redaction; no real secret or live device	scan:field-key-type,scan:field-value-type,scan:field-arity	STABLE_PUBLIC_PROFILE	sdk/contracts/stdlib/STDLIB-STABLE-CATALOG.tsv#claim:f21e8f40ed63519f770b9251	DECLARED
ID-PUBLIC-452a283c0611d3a49de68df5	claim:f5e7ec639e82011bf56bb6ab	Binary64 actual receiver and once-evaluated arguments; classifiers include IEEE subnormal/NaN/infinity/signed zero; explicit rounding modes restore caller control word; finite round magnitude <2^63; approxEquals preserves two source arguments with Vector<Float> tolerance [absolute,relative], exactly two lanes (runtime shape checked); nonnegative/non-NaN tolerances, identical infinities equal and distinct infinities unequal; Uncertain methods claim only exact typed operands; native registry identity and runtime profile are explicit; serialized interface metadata is verified by the separate metadata suite Native checked scalar/vector mathematics; independent numeric oracle; explicit process return separate from intermediate value	precision:classifier-extra-argument	STABLE_PUBLIC_PROFILE	sdk/contracts/stdlib/STDLIB-STABLE-CATALOG.tsv#claim:f5e7ec639e82011bf56bb6ab	DECLARED
ID-PUBLIC-48f497839164f3ad1ccb7250	claim:f63e75ad5095ebabf67198ad	Actual edition-owned prelude SymbolId and unique stdlib owner; CLI metadata checked against the local .ni interface and independent FNV identity. Runtime profile is the cited source case family. Iterator/IntoIterator dispatch is bounded Range iteration, not a standalone cursor constructor or arbitrary iterator implementation. Ord reuses the existing comparable capability, with explicit Bool rejection. Native intrinsic profiles are not promoted to arbitrary generic APIs. Int64/Bool/binary64/Unicode scalar values; checked arithmetic; lexical evaluation once	composite:generic-hash-eq-failure	STABLE_PUBLIC_PROFILE	sdk/contracts/stdlib/STDLIB-STABLE-CATALOG.tsv#claim:f63e75ad5095ebabf67198ad	DECLARED
ID-PUBLIC-468139543624eabcffa6fdee	claim:f6db667ad6eb8d84d0a4c098	Actual edition-owned prelude SymbolId and unique stdlib owner; CLI metadata checked against the local .ni interface and independent FNV identity. Runtime profile is the cited source case family. Iterator/IntoIterator dispatch is bounded Range iteration, not a standalone cursor constructor or arbitrary iterator implementation. Ord reuses the existing comparable capability, with explicit Bool rejection. Native intrinsic profiles are not promoted to arbitrary generic APIs. Int64/Bool/binary64/Unicode scalar values; checked arithmetic; lexical evaluation once	composite:generic-ord-bool	STABLE_PUBLIC_PROFILE	sdk/contracts/stdlib/STDLIB-STABLE-CATALOG.tsv#claim:f6db667ad6eb8d84d0a4c098	DECLARED
ID-PUBLIC-63534d12481bd6ede534c8e0	claim:f6f3bdc4481d28e97276b5ee	Spelling alias for g009-public:Tree.parent; no additional API counted; preserve qualified profile limits; native intrinsic identity is receiver-qualified; no serialized SymbolId or DocRecord is declared by this owner; interface metadata is verified by the separate metadata suite Int64 payloads; 32 nodes/256 edges; authenticated handle/owner pair; no stale or foreign handle	relation:tree-parent-node-type	STABLE_PUBLIC_PROFILE	sdk/contracts/stdlib/STDLIB-STABLE-CATALOG.tsv#claim:f6f3bdc4481d28e97276b5ee	DECLARED
ID-PUBLIC-1f1ac8e1c63e04699fb8a8b1	claim:f7adc0185da65a7014d9fd8e	Contextual alias for g170-scan:scan; public typed source proof replaces the historical seed/probe evidence. Preserve the qualified row bounds; no separate global option or live capability is claimed. Synthetic mock/stdin replay; typed bounded ScanPlan; redaction; no real secret or live device	scan:invalid-process-type,scan:unknown	STABLE_PUBLIC_PROFILE	sdk/contracts/stdlib/STDLIB-STABLE-CATALOG.tsv#claim:f7adc0185da65a7014d9fd8e	DECLARED
ID-PUBLIC-d228915ff623266cf4ff328d	claim:f964af5f37200ef063a4f559	Spelling alias for g010-public:Column.dropMissing; no additional API counted; preserve qualified profile limits; native intrinsic identity is receiver-qualified; no serialized SymbolId or DocRecord is declared by this owner; interface metadata is verified by the separate metadata suite Typed nullable integer rows/columns/tables/datasets/streams; finite schema, rows and stages; lazy callbacks once	data:column-dropMissing-arity	STABLE_PUBLIC_PROFILE	sdk/contracts/stdlib/STDLIB-STABLE-CATALOG.tsv#claim:f964af5f37200ef063a4f559	DECLARED
ID-PUBLIC-d62468f7262f939db2caa8b3	claim:f9aa11780a5d6e2053cc2d1f	Contextual alias for g170-scan:enum; public typed source proof replaces the historical seed/probe evidence. Preserve the qualified row bounds; no separate global option or live capability is claimed. Synthetic mock/stdin replay; typed bounded ScanPlan; redaction; no real secret or live device	scan:choice-variant-enum-absent,scan:choice-type-enum	STABLE_PUBLIC_PROFILE	sdk/contracts/stdlib/STDLIB-STABLE-CATALOG.tsv#claim:f9aa11780a5d6e2053cc2d1f	DECLARED
ID-PUBLIC-666132fa5bcc33bf183722ed	claim:f9d361b4f62271e8a2dd6e6d	Spelling alias for g010-public:Column.countMissing; no additional API counted; preserve qualified profile limits; native intrinsic identity is receiver-qualified; no serialized SymbolId or DocRecord is declared by this owner; interface metadata is verified by the separate metadata suite Typed nullable integer rows/columns/tables/datasets/streams; finite schema, rows and stages; lazy callbacks once	data:column-countMissing-arity	STABLE_PUBLIC_PROFILE	sdk/contracts/stdlib/STDLIB-STABLE-CATALOG.tsv#claim:f9d361b4f62271e8a2dd6e6d	DECLARED
ID-PUBLIC-6f6fe376d363a8d469dc7541	claim:fb586a453cf389e6ca5ed7ed	Actual edition-owned prelude SymbolId and unique stdlib owner; CLI metadata checked against the local .ni interface and independent FNV identity. Runtime profile is the cited source case family. Iterator/IntoIterator dispatch is bounded Range iteration, not a standalone cursor constructor or arbitrary iterator implementation. Ord reuses the existing comparable capability, with explicit Bool rejection. Native intrinsic profiles are not promoted to arbitrary generic APIs. Retained document/headless software profile; exact nodes and bytes; no live desktop claim	console:bare-color	STABLE_PUBLIC_PROFILE	sdk/contracts/stdlib/STDLIB-STABLE-CATALOG.tsv#claim:fb586a453cf389e6ca5ed7ed	DECLARED
ID-PUBLIC-eed3021c201d93e268042832	claim:fdc16e93d3b89cd08b34b44b	Spelling alias for g008-public:Dict.values; no additional API counted; preserve qualified profile limits; native intrinsic identity is receiver-qualified; no serialized SymbolId or DocRecord is declared by this owner; interface metadata is verified by the separate metadata suite Typed key/value and hash/equality policy; two independent live stores; declared capacity and failure atomicity	dict:view-reseed	STABLE_PUBLIC_PROFILE	sdk/contracts/stdlib/STDLIB-STABLE-CATALOG.tsv#claim:fdc16e93d3b89cd08b34b44b	DECLARED
ID-PUBLIC-9483bfcc14982b8f9a280c9c	claim:fe608d3195a9d10f99232fc9	takeBytes(Int); non-negative; saturates at byte length; ; borrowed view; public UTF-8 descriptor bridge and distinct bounded function storage; native intrinsic identity is receiver-qualified; no serialized SymbolId or DocRecord is declared by this owner; interface metadata is verified by the separate metadata suite UTF-8 byte/codepoint/grapheme units are distinct; per-member finite profile	text:type-takeBytes	STABLE_PUBLIC_PROFILE	sdk/contracts/stdlib/STDLIB-STABLE-CATALOG.tsv#claim:fe608d3195a9d10f99232fc9	DECLARED
ID-PUBLIC-cae12dd8a398fd9388f6c492	claim:feb47573c015bf6f3f8c20fb	contains(Text); literal bytes; O((n-m+1)m); ; borrowed immutable receiver and argument; public UTF-8 descriptor bridge and distinct bounded function storage; native intrinsic identity is receiver-qualified; no serialized SymbolId or DocRecord is declared by this owner; interface metadata is verified by the separate metadata suite UTF-8 byte/codepoint/grapheme units are distinct; per-member finite profile	text:type-contains	STABLE_PUBLIC_PROFILE	sdk/contracts/stdlib/STDLIB-STABLE-CATALOG.tsv#claim:feb47573c015bf6f3f8c20fb	DECLARED
ID-PUBLIC-3195e1f92eeabe0cb021c8c5	g007-public:Deque.popBack	Int64 elements; 16 live values; native List/Stack/ring storage and algorithms; typed callback bridges; native intrinsic identity is receiver-qualified; no serialized SymbolId or DocRecord is declared by this owner; interface metadata is verified by the separate metadata suite Typed sequential storage, views and checked indices; ownership and capacity follow exact declaration	sequence:deque-list-method	STABLE_PUBLIC_PROFILE	sdk/contracts/stdlib/STDLIB-STABLE-CATALOG.tsv#g007-public:Deque.popBack	DECLARED
ID-PUBLIC-78fdfbb807ab24237c3d6a79	g007-public:Deque.popFront	Int64 elements; 16 live values; native List/Stack/ring storage and algorithms; typed callback bridges; native intrinsic identity is receiver-qualified; no serialized SymbolId or DocRecord is declared by this owner; interface metadata is verified by the separate metadata suite Typed sequential storage, views and checked indices; ownership and capacity follow exact declaration	sequence:deque-list-method	STABLE_PUBLIC_PROFILE	sdk/contracts/stdlib/STDLIB-STABLE-CATALOG.tsv#g007-public:Deque.popFront	DECLARED
ID-PUBLIC-65c5d253ca0b922744fcfcc8	g007-public:Deque.pushBack	Int64 elements; 16 live values; native List/Stack/ring storage and algorithms; typed callback bridges; native intrinsic identity is receiver-qualified; no serialized SymbolId or DocRecord is declared by this owner; interface metadata is verified by the separate metadata suite Typed sequential storage, views and checked indices; ownership and capacity follow exact declaration	sequence:Deque-wrong-value	STABLE_PUBLIC_PROFILE	sdk/contracts/stdlib/STDLIB-STABLE-CATALOG.tsv#g007-public:Deque.pushBack	DECLARED
ID-PUBLIC-beb9c62916e0f4b2d2b42904	g007-public:Deque.pushFront	Int64 elements; 16 live values; native List/Stack/ring storage and algorithms; typed callback bridges; native intrinsic identity is receiver-qualified; no serialized SymbolId or DocRecord is declared by this owner; interface metadata is verified by the separate metadata suite Typed sequential storage, views and checked indices; ownership and capacity follow exact declaration	sequence:Deque-wrong-value	STABLE_PUBLIC_PROFILE	sdk/contracts/stdlib/STDLIB-STABLE-CATALOG.tsv#g007-public:Deque.pushFront	DECLARED
ID-PUBLIC-8b88ab6ed31ec0042835fdd9	g007-public:List.at	Int64 elements; 16 live values; native List/Stack/ring storage and algorithms; typed callback bridges; native intrinsic identity is receiver-qualified; no serialized SymbolId or DocRecord is declared by this owner; interface metadata is verified by the separate metadata suite Typed sequential storage, views and checked indices; ownership and capacity follow exact declaration	sequence:list-at-type	STABLE_PUBLIC_PROFILE	sdk/contracts/stdlib/STDLIB-STABLE-CATALOG.tsv#g007-public:List.at	DECLARED
ID-PUBLIC-33dbc05a44f0ab6d4d45cf5f	g007-public:List.capacity	Int64 elements; 16 live values; native List/Stack/ring storage and algorithms; typed callback bridges; native intrinsic identity is receiver-qualified; no serialized SymbolId or DocRecord is declared by this owner; interface metadata is verified by the separate metadata suite Typed sequential storage, views and checked indices; ownership and capacity follow exact declaration	sequence:list-capacity-arity	STABLE_PUBLIC_PROFILE	sdk/contracts/stdlib/STDLIB-STABLE-CATALOG.tsv#g007-public:List.capacity	DECLARED
ID-PUBLIC-5f611fd51134cf40e6c57846	g007-public:List.contains	Int64 elements; 16 live values; native List/Stack/ring storage and algorithms; typed callback bridges; native intrinsic identity is receiver-qualified; no serialized SymbolId or DocRecord is declared by this owner; interface metadata is verified by the separate metadata suite Typed sequential storage, views and checked indices; ownership and capacity follow exact declaration	sequence:list-contains-type	STABLE_PUBLIC_PROFILE	sdk/contracts/stdlib/STDLIB-STABLE-CATALOG.tsv#g007-public:List.contains	DECLARED
ID-PUBLIC-243ffcaabe801f9a1280687e	g007-public:List.deduplicate	Int64 elements; 16 live values; native List/Stack/ring storage and algorithms; typed callback bridges; native intrinsic identity is receiver-qualified; no serialized SymbolId or DocRecord is declared by this owner; interface metadata is verified by the separate metadata suite Typed sequential storage, views and checked indices; ownership and capacity follow exact declaration	sequence:list-deduplicate-arity	STABLE_PUBLIC_PROFILE	sdk/contracts/stdlib/STDLIB-STABLE-CATALOG.tsv#g007-public:List.deduplicate	DECLARED
ID-PUBLIC-0388e2a11c6f951dd687cf72	g007-public:List.filter	Int64 elements; 16 live values; native List/Stack/ring storage and algorithms; typed callback bridges; native intrinsic identity is receiver-qualified; no serialized SymbolId or DocRecord is declared by this owner; interface metadata is verified by the separate metadata suite Typed sequential storage, views and checked indices; ownership and capacity follow exact declaration	sequence:filter-return-type,sequence:list-filter-type	STABLE_PUBLIC_PROFILE	sdk/contracts/stdlib/STDLIB-STABLE-CATALOG.tsv#g007-public:List.filter	DECLARED
ID-PUBLIC-dd91862edc8ffdba537eec22	g007-public:List.find	Int64 elements; 16 live values; native List/Stack/ring storage and algorithms; typed callback bridges; native intrinsic identity is receiver-qualified; no serialized SymbolId or DocRecord is declared by this owner; interface metadata is verified by the separate metadata suite Typed sequential storage, views and checked indices; ownership and capacity follow exact declaration	sequence:list-find-type	STABLE_PUBLIC_PROFILE	sdk/contracts/stdlib/STDLIB-STABLE-CATALOG.tsv#g007-public:List.find	DECLARED
ID-PUBLIC-6b2ee2fdbf8cd8a5d5413b71	g007-public:List.get	Int64 elements; 16 live values; native List/Stack/ring storage and algorithms; typed callback bridges; native intrinsic identity is receiver-qualified; no serialized SymbolId or DocRecord is declared by this owner; interface metadata is verified by the separate metadata suite Typed sequential storage, views and checked indices; ownership and capacity follow exact declaration	sequence:list-get-type	STABLE_PUBLIC_PROFILE	sdk/contracts/stdlib/STDLIB-STABLE-CATALOG.tsv#g007-public:List.get	DECLARED
ID-PUBLIC-b41f11e0475cee0903cfbb78	g007-public:List.insert	Int64 elements; 16 live values; native List/Stack/ring storage and algorithms; typed callback bridges; native intrinsic identity is receiver-qualified; no serialized SymbolId or DocRecord is declared by this owner; interface metadata is verified by the separate metadata suite Typed sequential storage, views and checked indices; ownership and capacity follow exact declaration	sequence:list-insert-type	STABLE_PUBLIC_PROFILE	sdk/contracts/stdlib/STDLIB-STABLE-CATALOG.tsv#g007-public:List.insert	DECLARED
ID-PUBLIC-df17821a547b870f8a0f75ad	g007-public:List.length	Int64 elements; 16 live values; native List/Stack/ring storage and algorithms; typed callback bridges; native intrinsic identity is receiver-qualified; no serialized SymbolId or DocRecord is declared by this owner; interface metadata is verified by the separate metadata suite Typed sequential storage, views and checked indices; ownership and capacity follow exact declaration	sequence:list-length-arity	STABLE_PUBLIC_PROFILE	sdk/contracts/stdlib/STDLIB-STABLE-CATALOG.tsv#g007-public:List.length	DECLARED
ID-PUBLIC-bedc2c9777a4565efc643bd1	g007-public:List.map	Int64 elements; 16 live values; native List/Stack/ring storage and algorithms; typed callback bridges; native intrinsic identity is receiver-qualified; no serialized SymbolId or DocRecord is declared by this owner; interface metadata is verified by the separate metadata suite Typed sequential storage, views and checked indices; ownership and capacity follow exact declaration	sequence:map-return-type,sequence:map-arity,sequence:list-map-type	STABLE_PUBLIC_PROFILE	sdk/contracts/stdlib/STDLIB-STABLE-CATALOG.tsv#g007-public:List.map	DECLARED
ID-PUBLIC-b9eb39d9d696126fd64a5aa7	g007-public:List.pop	Int64 elements; 16 live values; native List/Stack/ring storage and algorithms; typed callback bridges; native intrinsic identity is receiver-qualified; no serialized SymbolId or DocRecord is declared by this owner; interface metadata is verified by the separate metadata suite Typed sequential storage, views and checked indices; ownership and capacity follow exact declaration	sequence:list-pop-arity	STABLE_PUBLIC_PROFILE	sdk/contracts/stdlib/STDLIB-STABLE-CATALOG.tsv#g007-public:List.pop	DECLARED
ID-PUBLIC-d3ed66cd6cce48b3bcfbc78c	g007-public:List.push	Int64 elements; 16 live values; native List/Stack/ring storage and algorithms; typed callback bridges; native intrinsic identity is receiver-qualified; no serialized SymbolId or DocRecord is declared by this owner; interface metadata is verified by the separate metadata suite Typed sequential storage, views and checked indices; ownership and capacity follow exact declaration	sequence:List-wrong-value	STABLE_PUBLIC_PROFILE	sdk/contracts/stdlib/STDLIB-STABLE-CATALOG.tsv#g007-public:List.push	DECLARED
ID-PUBLIC-86624278bd1a0a3c49919414	g007-public:List.remove	Int64 elements; 16 live values; native List/Stack/ring storage and algorithms; typed callback bridges; native intrinsic identity is receiver-qualified; no serialized SymbolId or DocRecord is declared by this owner; interface metadata is verified by the separate metadata suite Typed sequential storage, views and checked indices; ownership and capacity follow exact declaration	sequence:list-remove-type	STABLE_PUBLIC_PROFILE	sdk/contracts/stdlib/STDLIB-STABLE-CATALOG.tsv#g007-public:List.remove	DECLARED
ID-PUBLIC-916e02627334129511e48c11	g007-public:List.reserve	Int64 elements; 16 live values; native List/Stack/ring storage and algorithms; typed callback bridges; native intrinsic identity is receiver-qualified; no serialized SymbolId or DocRecord is declared by this owner; interface metadata is verified by the separate metadata suite Typed sequential storage, views and checked indices; ownership and capacity follow exact declaration	sequence:list-reserve-type	STABLE_PUBLIC_PROFILE	sdk/contracts/stdlib/STDLIB-STABLE-CATALOG.tsv#g007-public:List.reserve	DECLARED
ID-PUBLIC-f2b90f2005cad2ffa41f6868	g007-public:List.retain	Int64 elements; 16 live values; native List/Stack/ring storage and algorithms; typed callback bridges; native intrinsic identity is receiver-qualified; no serialized SymbolId or DocRecord is declared by this owner; interface metadata is verified by the separate metadata suite Typed sequential storage, views and checked indices; ownership and capacity follow exact declaration	sequence:list-retain-type	STABLE_PUBLIC_PROFILE	sdk/contracts/stdlib/STDLIB-STABLE-CATALOG.tsv#g007-public:List.retain	DECLARED
ID-PUBLIC-be66105d554eff3c457bb2ca	g007-public:List.sort	Int64 elements; 16 live values; native List/Stack/ring storage and algorithms; typed callback bridges; native intrinsic identity is receiver-qualified; no serialized SymbolId or DocRecord is declared by this owner; interface metadata is verified by the separate metadata suite Typed sequential storage, views and checked indices; ownership and capacity follow exact declaration	sequence:sort-return-type,sequence:list-sort-type	STABLE_PUBLIC_PROFILE	sdk/contracts/stdlib/STDLIB-STABLE-CATALOG.tsv#g007-public:List.sort	DECLARED
ID-PUBLIC-296c990dd884ab2b1f7a42ba	g007-public:List.swapRemove	Int64 elements; 16 live values; native List/Stack/ring storage and algorithms; typed callback bridges; native intrinsic identity is receiver-qualified; no serialized SymbolId or DocRecord is declared by this owner; interface metadata is verified by the separate metadata suite Typed sequential storage, views and checked indices; ownership and capacity follow exact declaration	sequence:list-swapRemove-type	STABLE_PUBLIC_PROFILE	sdk/contracts/stdlib/STDLIB-STABLE-CATALOG.tsv#g007-public:List.swapRemove	DECLARED
ID-PUBLIC-7ebb967c64d89b597f57cea0	g007-public:List<Int>.from	Int64 elements; 16 live values; native List/Stack/ring storage and algorithms; typed callback bridges; native intrinsic identity is receiver-qualified; no serialized SymbolId or DocRecord is declared by this owner; interface metadata is verified by the separate metadata suite Typed sequential storage, views and checked indices; ownership and capacity follow exact declaration	sequence:from-mixed,sequence:from-over-limit,sequence:from-type	STABLE_PUBLIC_PROFILE	sdk/contracts/stdlib/STDLIB-STABLE-CATALOG.tsv#g007-public:List<Int>.from	DECLARED
ID-PUBLIC-0e836a172b1745477386f78f	g007-public:List<Int>.new	Int64 elements; 16 live values; native List/Stack/ring storage and algorithms; typed callback bridges; native intrinsic identity is receiver-qualified; no serialized SymbolId or DocRecord is declared by this owner; interface metadata is verified by the separate metadata suite Typed sequential storage, views and checked indices; ownership and capacity follow exact declaration	sequence:List-element-type,sequence:List-constructor-arity	STABLE_PUBLIC_PROFILE	sdk/contracts/stdlib/STDLIB-STABLE-CATALOG.tsv#g007-public:List<Int>.new	DECLARED
ID-PUBLIC-7d07b6ada16f4a03f54684c6	g007-public:List<Int>.withCapacity	Int64 elements; 16 live values; native List/Stack/ring storage and algorithms; typed callback bridges; native intrinsic identity is receiver-qualified; no serialized SymbolId or DocRecord is declared by this owner; interface metadata is verified by the separate metadata suite Typed sequential storage, views and checked indices; ownership and capacity follow exact declaration	sequence:List-element-type	STABLE_PUBLIC_PROFILE	sdk/contracts/stdlib/STDLIB-STABLE-CATALOG.tsv#g007-public:List<Int>.withCapacity	DECLARED
ID-PUBLIC-efd62834a54e0a858ce5b3c2	g007-public:Queue.dequeue	Int64 elements; 16 live values; native List/Stack/ring storage and algorithms; typed callback bridges; native intrinsic identity is receiver-qualified; no serialized SymbolId or DocRecord is declared by this owner; interface metadata is verified by the separate metadata suite Typed sequential storage, views and checked indices; ownership and capacity follow exact declaration	sequence:Queue-copy	STABLE_PUBLIC_PROFILE	sdk/contracts/stdlib/STDLIB-STABLE-CATALOG.tsv#g007-public:Queue.dequeue	DECLARED
ID-PUBLIC-dc58e72924e36dd2b1738251	g007-public:Queue.enqueue	Int64 elements; 16 live values; native List/Stack/ring storage and algorithms; typed callback bridges; native intrinsic identity is receiver-qualified; no serialized SymbolId or DocRecord is declared by this owner; interface metadata is verified by the separate metadata suite Typed sequential storage, views and checked indices; ownership and capacity follow exact declaration	sequence:Queue-wrong-value	STABLE_PUBLIC_PROFILE	sdk/contracts/stdlib/STDLIB-STABLE-CATALOG.tsv#g007-public:Queue.enqueue	DECLARED
ID-PUBLIC-e142be7cba630e00f0b9b055	g007-public:Queue.peek	Int64 elements; 16 live values; native List/Stack/ring storage and algorithms; typed callback bridges; native intrinsic identity is receiver-qualified; no serialized SymbolId or DocRecord is declared by this owner; interface metadata is verified by the separate metadata suite Typed sequential storage, views and checked indices; ownership and capacity follow exact declaration	sequence:queue-deque-method	STABLE_PUBLIC_PROFILE	sdk/contracts/stdlib/STDLIB-STABLE-CATALOG.tsv#g007-public:Queue.peek	DECLARED
ID-PUBLIC-73f9dca55c1ab3d8adfd9bbf	g007-public:Queue<Int>.new	Int64 elements; 16 live values; native List/Stack/ring storage and algorithms; typed callback bridges; native intrinsic identity is receiver-qualified; no serialized SymbolId or DocRecord is declared by this owner; interface metadata is verified by the separate metadata suite Typed sequential storage, views and checked indices; ownership and capacity follow exact declaration	sequence:Queue-element-type,sequence:Queue-constructor-arity	STABLE_PUBLIC_PROFILE	sdk/contracts/stdlib/STDLIB-STABLE-CATALOG.tsv#g007-public:Queue<Int>.new	DECLARED
ID-PUBLIC-deec9384021e7826b31f1ac4	g007-public:Stack.clear	Int64 elements; 16 live values; native List/Stack/ring storage and algorithms; typed callback bridges; native intrinsic identity is receiver-qualified; no serialized SymbolId or DocRecord is declared by this owner; interface metadata is verified by the separate metadata suite Typed sequential storage, views and checked indices; ownership and capacity follow exact declaration	sequence:Stack-copy	STABLE_PUBLIC_PROFILE	sdk/contracts/stdlib/STDLIB-STABLE-CATALOG.tsv#g007-public:Stack.clear	DECLARED
ID-PUBLIC-b9941cab3c6941cffb7f29ab	g007-public:Stack.length	Int64 elements; 16 live values; native List/Stack/ring storage and algorithms; typed callback bridges; native intrinsic identity is receiver-qualified; no serialized SymbolId or DocRecord is declared by this owner; interface metadata is verified by the separate metadata suite Typed sequential storage, views and checked indices; ownership and capacity follow exact declaration	sequence:Stack-copy	STABLE_PUBLIC_PROFILE	sdk/contracts/stdlib/STDLIB-STABLE-CATALOG.tsv#g007-public:Stack.length	DECLARED
ID-PUBLIC-06ada69c06810341e8ba43da	g007-public:Stack.peek	Int64 elements; 16 live values; native List/Stack/ring storage and algorithms; typed callback bridges; native intrinsic identity is receiver-qualified; no serialized SymbolId or DocRecord is declared by this owner; interface metadata is verified by the separate metadata suite Typed sequential storage, views and checked indices; ownership and capacity follow exact declaration	sequence:stack-list-method	STABLE_PUBLIC_PROFILE	sdk/contracts/stdlib/STDLIB-STABLE-CATALOG.tsv#g007-public:Stack.peek	DECLARED
ID-PUBLIC-f9f5ec3fc590d508d2641a67	g007-public:Stack.pop	Int64 elements; 16 live values; native List/Stack/ring storage and algorithms; typed callback bridges; native intrinsic identity is receiver-qualified; no serialized SymbolId or DocRecord is declared by this owner; interface metadata is verified by the separate metadata suite Typed sequential storage, views and checked indices; ownership and capacity follow exact declaration	sequence:Stack-copy	STABLE_PUBLIC_PROFILE	sdk/contracts/stdlib/STDLIB-STABLE-CATALOG.tsv#g007-public:Stack.pop	DECLARED
ID-PUBLIC-fc1f062fa0b95383b7d09f7a	g007-public:Stack.push	Int64 elements; 16 live values; native List/Stack/ring storage and algorithms; typed callback bridges; native intrinsic identity is receiver-qualified; no serialized SymbolId or DocRecord is declared by this owner; interface metadata is verified by the separate metadata suite Typed sequential storage, views and checked indices; ownership and capacity follow exact declaration	sequence:Stack-wrong-value	STABLE_PUBLIC_PROFILE	sdk/contracts/stdlib/STDLIB-STABLE-CATALOG.tsv#g007-public:Stack.push	DECLARED
ID-PUBLIC-b1d9963ae635e1bb4d1cc112	g007-public:Stack<Int>.new	Int64 elements; 16 live values; native List/Stack/ring storage and algorithms; typed callback bridges; native intrinsic identity is receiver-qualified; no serialized SymbolId or DocRecord is declared by this owner; interface metadata is verified by the separate metadata suite Typed sequential storage, views and checked indices; ownership and capacity follow exact declaration	sequence:Stack-element-type,sequence:Stack-constructor-arity	STABLE_PUBLIC_PROFILE	sdk/contracts/stdlib/STDLIB-STABLE-CATALOG.tsv#g007-public:Stack<Int>.new	DECLARED
ID-PUBLIC-446e680a45c939e03c4b7a56	g007-public:collection.iterator	Int64 elements; 16 live values; native List/Stack/ring storage and algorithms; typed callback bridges; native intrinsic identity is receiver-qualified; no serialized SymbolId or DocRecord is declared by this owner; interface metadata is verified by the separate metadata suite Typed sequential storage, views and checked indices; ownership and capacity follow exact declaration	sequence:iterator-borrow,sequence:iterator-second,sequence:iterator-copy	STABLE_PUBLIC_PROFILE	sdk/contracts/stdlib/STDLIB-STABLE-CATALOG.tsv#g007-public:collection.iterator	DECLARED
ID-PUBLIC-3b2deeec00f5f300a96b52fa	g007-public:collection.iteratorMutable	Int64 elements; 16 live values; native List/Stack/ring storage and algorithms; typed callback bridges; native intrinsic identity is receiver-qualified; no serialized SymbolId or DocRecord is declared by this owner; interface metadata is verified by the separate metadata suite Typed sequential storage, views and checked indices; ownership and capacity follow exact declaration	sequence:iterator-unique-read	STABLE_PUBLIC_PROFILE	sdk/contracts/stdlib/STDLIB-STABLE-CATALOG.tsv#g007-public:collection.iteratorMutable	DECLARED
ID-PUBLIC-4d14c3cf31d9e9acc959c51c	g007-public:iterator.collect<List<Int>>	Int64 elements; 16 live values; native List/Stack/ring storage and algorithms; typed callback bridges; native intrinsic identity is receiver-qualified; no serialized SymbolId or DocRecord is declared by this owner; interface metadata is verified by the separate metadata suite Typed sequential storage, views and checked indices; ownership and capacity follow exact declaration	sequence:iterator-collect-type,sequence:iterator-collect-pair-as-int	STABLE_PUBLIC_PROFILE	sdk/contracts/stdlib/STDLIB-STABLE-CATALOG.tsv#g007-public:iterator.collect<List<Int>>	DECLARED
ID-PUBLIC-4aa110c496a4cd76af2bc747	g007-public:iterator.enumerate	Int64 elements; 16 live values; native List/Stack/ring storage and algorithms; typed callback bridges; native intrinsic identity is receiver-qualified; no serialized SymbolId or DocRecord is declared by this owner; interface metadata is verified by the separate metadata suite Typed sequential storage, views and checked indices; ownership and capacity follow exact declaration	sequence:iterator-enumerate-conditional,sequence:iterator-collect-pair-as-int	STABLE_PUBLIC_PROFILE	sdk/contracts/stdlib/STDLIB-STABLE-CATALOG.tsv#g007-public:iterator.enumerate	DECLARED
ID-PUBLIC-7479bff2d658f450d778fa8a	g007-public:iterator.next	Int64 elements; 16 live values; native List/Stack/ring storage and algorithms; typed callback bridges; native intrinsic identity is receiver-qualified; no serialized SymbolId or DocRecord is declared by this owner; interface metadata is verified by the separate metadata suite Typed sequential storage, views and checked indices; ownership and capacity follow exact declaration	sequence:iterator-released	STABLE_PUBLIC_PROFILE	sdk/contracts/stdlib/STDLIB-STABLE-CATALOG.tsv#g007-public:iterator.next	DECLARED
ID-PUBLIC-b9d8fe4689b5c1355d715d3f	g007-public:iterator.skip	Int64 elements; 16 live values; native List/Stack/ring storage and algorithms; typed callback bridges; native intrinsic identity is receiver-qualified; no serialized SymbolId or DocRecord is declared by this owner; interface metadata is verified by the separate metadata suite Typed sequential storage, views and checked indices; ownership and capacity follow exact declaration	sequence:iterator-skip-type	STABLE_PUBLIC_PROFILE	sdk/contracts/stdlib/STDLIB-STABLE-CATALOG.tsv#g007-public:iterator.skip	DECLARED
ID-PUBLIC-b493eed971b018964c44bc09	g007-public:iterator.take	Int64 elements; 16 live values; native List/Stack/ring storage and algorithms; typed callback bridges; native intrinsic identity is receiver-qualified; no serialized SymbolId or DocRecord is declared by this owner; interface metadata is verified by the separate metadata suite Typed sequential storage, views and checked indices; ownership and capacity follow exact declaration	sequence:iterator-take-type	STABLE_PUBLIC_PROFILE	sdk/contracts/stdlib/STDLIB-STABLE-CATALOG.tsv#g007-public:iterator.take	DECLARED
ID-PUBLIC-0b172cc506be187a988e0398	g008-public:Dict.capacity	Int64 key/value; native capacity 8..64; caller storage; source runtime observations; native intrinsic identity is receiver-qualified; no serialized SymbolId or DocRecord is declared by this owner; interface metadata is verified by the separate metadata suite Typed key/value and hash/equality policy; two independent live stores; declared capacity and failure atomicity	dict:use-after-move	STABLE_PUBLIC_PROFILE	sdk/contracts/stdlib/STDLIB-STABLE-CATALOG.tsv#g008-public:Dict.capacity	DECLARED
ID-PUBLIC-e4856572206931e1dd14ec98	g008-public:Dict.clear	Int64 key/value; native capacity 8..64; caller storage; source runtime observations; native intrinsic identity is receiver-qualified; no serialized SymbolId or DocRecord is declared by this owner; interface metadata is verified by the separate metadata suite Typed key/value and hash/equality policy; two independent live stores; declared capacity and failure atomicity	dict:borrow-mutation	STABLE_PUBLIC_PROFILE	sdk/contracts/stdlib/STDLIB-STABLE-CATALOG.tsv#g008-public:Dict.clear	DECLARED
ID-PUBLIC-bc5996943bc2d948ac02c53d	g008-public:Dict.collisionCount	Int64 key/value; native capacity 8..64; caller storage; source runtime observations; native intrinsic identity is receiver-qualified; no serialized SymbolId or DocRecord is declared by this owner; interface metadata is verified by the separate metadata suite Typed key/value and hash/equality policy; two independent live stores; declared capacity and failure atomicity	dict:collision-arity	STABLE_PUBLIC_PROFILE	sdk/contracts/stdlib/STDLIB-STABLE-CATALOG.tsv#g008-public:Dict.collisionCount	DECLARED
ID-PUBLIC-e3f46ad907a7d21ccdec654b	g008-public:Dict.containsKey	Int64 key/value; native capacity 8..64; caller storage; source runtime observations; native intrinsic identity is receiver-qualified; no serialized SymbolId or DocRecord is declared by this owner; interface metadata is verified by the separate metadata suite Typed key/value and hash/equality policy; two independent live stores; declared capacity and failure atomicity	dict:use-after-drop	STABLE_PUBLIC_PROFILE	sdk/contracts/stdlib/STDLIB-STABLE-CATALOG.tsv#g008-public:Dict.containsKey	DECLARED
ID-PUBLIC-d91ac71dbe85402cdfb3c34d	g008-public:Dict.entries	Int64 key/value; native capacity 8..64; caller storage; source runtime observations; native intrinsic identity is receiver-qualified; no serialized SymbolId or DocRecord is declared by this owner; interface metadata is verified by the separate metadata suite Typed key/value and hash/equality policy; two independent live stores; declared capacity and failure atomicity	dict:view-released	STABLE_PUBLIC_PROFILE	sdk/contracts/stdlib/STDLIB-STABLE-CATALOG.tsv#g008-public:Dict.entries	DECLARED
ID-PUBLIC-5e39a92105beb70fcefe5669	g008-public:Dict.entry	Int64 key/value; native capacity 8..64; caller storage; source runtime observations; native intrinsic identity is receiver-qualified; no serialized SymbolId or DocRecord is declared by this owner; interface metadata is verified by the separate metadata suite Typed key/value and hash/equality policy; two independent live stores; declared capacity and failure atomicity	dict:entry-key-type,dict:entry-write-type,dict:entry-read-conflict,dict:entry-copy	STABLE_PUBLIC_PROFILE	sdk/contracts/stdlib/STDLIB-STABLE-CATALOG.tsv#g008-public:Dict.entry	DECLARED
ID-PUBLIC-c0583e4e12c0f637111c907d	g008-public:Dict.get	Int64 key/value; native capacity 8..64; caller storage; source runtime observations; native intrinsic identity is receiver-qualified; no serialized SymbolId or DocRecord is declared by this owner; interface metadata is verified by the separate metadata suite Typed key/value and hash/equality policy; two independent live stores; declared capacity and failure atomicity	dict:released-reference-read	STABLE_PUBLIC_PROFILE	sdk/contracts/stdlib/STDLIB-STABLE-CATALOG.tsv#g008-public:Dict.get	DECLARED
ID-PUBLIC-c1bf792cacecc014391e641f	g008-public:Dict.getMutable	Int64 key/value; native capacity 8..64; caller storage; source runtime observations; native intrinsic identity is receiver-qualified; no serialized SymbolId or DocRecord is declared by this owner; interface metadata is verified by the separate metadata suite Typed key/value and hash/equality policy; two independent live stores; declared capacity and failure atomicity	dict:unique-owner-read,dict:unique-view,dict:shared-unique,dict:unique-released,dict:unique-write-type,dict:unique-key-type	STABLE_PUBLIC_PROFILE	sdk/contracts/stdlib/STDLIB-STABLE-CATALOG.tsv#g008-public:Dict.getMutable	DECLARED
ID-PUBLIC-07a2e8c5252334b5ef572282	g008-public:Dict.insert	Int64 key/value; native capacity 8..64; caller storage; source runtime observations; native intrinsic identity is receiver-qualified; no serialized SymbolId or DocRecord is declared by this owner; interface metadata is verified by the separate metadata suite Typed key/value and hash/equality policy; two independent live stores; declared capacity and failure atomicity	dict:insert-key-type,dict:insert-value-type	STABLE_PUBLIC_PROFILE	sdk/contracts/stdlib/STDLIB-STABLE-CATALOG.tsv#g008-public:Dict.insert	DECLARED
ID-PUBLIC-df3de84a3a3d23a5cfa7da62	g008-public:Dict.iterationOrder	Int64 key/value; native capacity 8..64; caller storage; source runtime observations; native intrinsic identity is receiver-qualified; no serialized SymbolId or DocRecord is declared by this owner; interface metadata is verified by the separate metadata suite Typed key/value and hash/equality policy; two independent live stores; declared capacity and failure atomicity	dict:iteration-order-arity	STABLE_PUBLIC_PROFILE	sdk/contracts/stdlib/STDLIB-STABLE-CATALOG.tsv#g008-public:Dict.iterationOrder	DECLARED
ID-PUBLIC-96babd6bf45c82871120132a	g008-public:Dict.keys	Int64 key/value; native capacity 8..64; caller storage; source runtime observations; native intrinsic identity is receiver-qualified; no serialized SymbolId or DocRecord is declared by this owner; interface metadata is verified by the separate metadata suite Typed key/value and hash/equality policy; two independent live stores; declared capacity and failure atomicity	dict:view-copy,dict:view-mutation	STABLE_PUBLIC_PROFILE	sdk/contracts/stdlib/STDLIB-STABLE-CATALOG.tsv#g008-public:Dict.keys	DECLARED
ID-PUBLIC-5396cc85d6d7f3ef73cae875	g008-public:Dict.length	Int64 key/value; native capacity 8..64; caller storage; source runtime observations; native intrinsic identity is receiver-qualified; no serialized SymbolId or DocRecord is declared by this owner; interface metadata is verified by the separate metadata suite Typed key/value and hash/equality policy; two independent live stores; declared capacity and failure atomicity	dict:use-after-drop	STABLE_PUBLIC_PROFILE	sdk/contracts/stdlib/STDLIB-STABLE-CATALOG.tsv#g008-public:Dict.length	DECLARED
ID-PUBLIC-e48b0e3cdd2fdeaea6043c54	g008-public:Dict.loadFactor	Int64 key/value; native capacity 8..64; caller storage; source runtime observations; native intrinsic identity is receiver-qualified; no serialized SymbolId or DocRecord is declared by this owner; interface metadata is verified by the separate metadata suite Typed key/value and hash/equality policy; two independent live stores; declared capacity and failure atomicity	dict:use-after-drop	STABLE_PUBLIC_PROFILE	sdk/contracts/stdlib/STDLIB-STABLE-CATALOG.tsv#g008-public:Dict.loadFactor	DECLARED
ID-PUBLIC-6681c04ce38dedc69249550f	g008-public:Dict.maxProbeLength	Int64 key/value; native capacity 8..64; caller storage; source runtime observations; native intrinsic identity is receiver-qualified; no serialized SymbolId or DocRecord is declared by this owner; interface metadata is verified by the separate metadata suite Typed key/value and hash/equality policy; two independent live stores; declared capacity and failure atomicity	dict:use-after-drop	STABLE_PUBLIC_PROFILE	sdk/contracts/stdlib/STDLIB-STABLE-CATALOG.tsv#g008-public:Dict.maxProbeLength	DECLARED
ID-PUBLIC-d04e6e464b427aee7f5065c1	g008-public:Dict.remove	Int64 key/value; native capacity 8..64; caller storage; source runtime observations; native intrinsic identity is receiver-qualified; no serialized SymbolId or DocRecord is declared by this owner; interface metadata is verified by the separate metadata suite Typed key/value and hash/equality policy; two independent live stores; declared capacity and failure atomicity	dict:use-after-drop	STABLE_PUBLIC_PROFILE	sdk/contracts/stdlib/STDLIB-STABLE-CATALOG.tsv#g008-public:Dict.remove	DECLARED
ID-PUBLIC-6327e55297394153cd76379e	g008-public:Dict.reseed	Int64 key/value; native capacity 8..64; caller storage; source runtime observations; native intrinsic identity is receiver-qualified; no serialized SymbolId or DocRecord is declared by this owner; interface metadata is verified by the separate metadata suite Typed key/value and hash/equality policy; two independent live stores; declared capacity and failure atomicity	dict:view-reseed	STABLE_PUBLIC_PROFILE	sdk/contracts/stdlib/STDLIB-STABLE-CATALOG.tsv#g008-public:Dict.reseed	DECLARED
ID-PUBLIC-15b6a63e1461f09463bac2e9	g008-public:Dict.reserve	Int64 key/value; native capacity 8..64; caller storage; source runtime observations; native intrinsic identity is receiver-qualified; no serialized SymbolId or DocRecord is declared by this owner; interface metadata is verified by the separate metadata suite Typed key/value and hash/equality policy; two independent live stores; declared capacity and failure atomicity	dict:reserve-type	STABLE_PUBLIC_PROFILE	sdk/contracts/stdlib/STDLIB-STABLE-CATALOG.tsv#g008-public:Dict.reserve	DECLARED
ID-PUBLIC-799a2c5ccfdb149433e21c2f	g008-public:Dict.retain	Int64 key/value; native capacity 8..64; caller storage; source runtime observations; native intrinsic identity is receiver-qualified; no serialized SymbolId or DocRecord is declared by this owner; interface metadata is verified by the separate metadata suite Typed key/value and hash/equality policy; two independent live stores; declared capacity and failure atomicity	dict:retain-key-type,dict:retain-value-type,dict:retain-return-type,dict:retain-capture,dict:retain-borrow,dict:retain-non-callable	STABLE_PUBLIC_PROFILE	sdk/contracts/stdlib/STDLIB-STABLE-CATALOG.tsv#g008-public:Dict.retain	DECLARED
ID-PUBLIC-7422295afca6ba0c5834065e	g008-public:Dict.toSortedEntries	Int64 key/value; native capacity 8..64; caller storage; source runtime observations; native intrinsic identity is receiver-qualified; no serialized SymbolId or DocRecord is declared by this owner; interface metadata is verified by the separate metadata suite Typed key/value and hash/equality policy; two independent live stores; declared capacity and failure atomicity	dict:sorted-arity,dict:sorted-index-type	STABLE_PUBLIC_PROFILE	sdk/contracts/stdlib/STDLIB-STABLE-CATALOG.tsv#g008-public:Dict.toSortedEntries	DECLARED
ID-PUBLIC-3b38a310aa3a6d812a3902d5	g008-public:Dict.validateInvariants	Int64 key/value; native capacity 8..64; caller storage; source runtime observations; native intrinsic identity is receiver-qualified; no serialized SymbolId or DocRecord is declared by this owner; interface metadata is verified by the separate metadata suite Typed key/value and hash/equality policy; two independent live stores; declared capacity and failure atomicity	dict:use-after-drop	STABLE_PUBLIC_PROFILE	sdk/contracts/stdlib/STDLIB-STABLE-CATALOG.tsv#g008-public:Dict.validateInvariants	DECLARED
ID-PUBLIC-55f27d8a87215540d4225403	g008-public:Dict.values	Int64 key/value; native capacity 8..64; caller storage; source runtime observations; native intrinsic identity is receiver-qualified; no serialized SymbolId or DocRecord is declared by this owner; interface metadata is verified by the separate metadata suite Typed key/value and hash/equality policy; two independent live stores; declared capacity and failure atomicity	dict:view-reseed	STABLE_PUBLIC_PROFILE	sdk/contracts/stdlib/STDLIB-STABLE-CATALOG.tsv#g008-public:Dict.values	DECLARED
ID-PUBLIC-603494af5d58473fdc76369d	g008-public:Dict<Int,Int>.new	Int64 key/value; native capacity 8..64; caller storage; source runtime observations; native intrinsic identity is receiver-qualified; no serialized SymbolId or DocRecord is declared by this owner; interface metadata is verified by the separate metadata suite Typed key/value and hash/equality policy; two independent live stores; declared capacity and failure atomicity	dict:key-type,dict:value-type	STABLE_PUBLIC_PROFILE	sdk/contracts/stdlib/STDLIB-STABLE-CATALOG.tsv#g008-public:Dict<Int,Int>.new	DECLARED
ID-PUBLIC-8a2a8b49b8eaf77c6a1db689	g008-public:Dict<Int,Int>.withCapacity	Int64 key/value; native capacity 8..64; caller storage; source runtime observations; native intrinsic identity is receiver-qualified; no serialized SymbolId or DocRecord is declared by this owner; interface metadata is verified by the separate metadata suite Typed key/value and hash/equality policy; two independent live stores; declared capacity and failure atomicity	dict:capacity-invalid-9,dict:capacity-type	STABLE_PUBLIC_PROFILE	sdk/contracts/stdlib/STDLIB-STABLE-CATALOG.tsv#g008-public:Dict<Int,Int>.withCapacity	DECLARED
ID-PUBLIC-230cc4e71e18a0a6386b1307	g008-public:Hasher.finish	Int64 key/value; native capacity 8..64; caller storage; source runtime observations; native intrinsic identity is receiver-qualified; no serialized SymbolId or DocRecord is declared by this owner; interface metadata is verified by the separate metadata suite Typed key/value and hash/equality policy; two independent live stores; declared capacity and failure atomicity	dict:hasher-finish-arity	STABLE_PUBLIC_PROFILE	sdk/contracts/stdlib/STDLIB-STABLE-CATALOG.tsv#g008-public:Hasher.finish	DECLARED
ID-PUBLIC-cddbd3b08b3ef3f276b6f38c	g008-public:Hasher.new	Int64 key/value; native capacity 8..64; caller storage; source runtime observations; native intrinsic identity is receiver-qualified; no serialized SymbolId or DocRecord is declared by this owner; interface metadata is verified by the separate metadata suite Typed key/value and hash/equality policy; two independent live stores; declared capacity and failure atomicity	dict:hasher-seed-type	STABLE_PUBLIC_PROFILE	sdk/contracts/stdlib/STDLIB-STABLE-CATALOG.tsv#g008-public:Hasher.new	DECLARED
ID-PUBLIC-58db520ee7b3924e69488682	g008-public:Hasher.writeBytes	Int64 key/value; native capacity 8..64; caller storage; source runtime observations; native intrinsic identity is receiver-qualified; no serialized SymbolId or DocRecord is declared by this owner; interface metadata is verified by the separate metadata suite Typed key/value and hash/equality policy; two independent live stores; declared capacity and failure atomicity	dict:hasher-bytes-type	STABLE_PUBLIC_PROFILE	sdk/contracts/stdlib/STDLIB-STABLE-CATALOG.tsv#g008-public:Hasher.writeBytes	DECLARED
ID-PUBLIC-730c15e966731ce109936a30	g008-public:Int.equals	Int64 key/value; native capacity 8..64; caller storage; source runtime observations; native intrinsic identity is receiver-qualified; no serialized SymbolId or DocRecord is declared by this owner; interface metadata is verified by the separate metadata suite Typed key/value and hash/equality policy; two independent live stores; declared capacity and failure atomicity	dict:equals-type	STABLE_PUBLIC_PROFILE	sdk/contracts/stdlib/STDLIB-STABLE-CATALOG.tsv#g008-public:Int.equals	DECLARED
ID-PUBLIC-b77376294ca182ab200a8ad2	g008-public:Int.hash	Int64 key/value; native capacity 8..64; caller storage; source runtime observations; native intrinsic identity is receiver-qualified; no serialized SymbolId or DocRecord is declared by this owner; interface metadata is verified by the separate metadata suite Typed key/value and hash/equality policy; two independent live stores; declared capacity and failure atomicity	dict:int-hash-type	STABLE_PUBLIC_PROFILE	sdk/contracts/stdlib/STDLIB-STABLE-CATALOG.tsv#g008-public:Int.hash	DECLARED
ID-PUBLIC-c1c667684c1346c0d6a75eb6	g008-public:Int.hashStable	Int64 key/value; native capacity 8..64; caller storage; source runtime observations; native intrinsic identity is receiver-qualified; no serialized SymbolId or DocRecord is declared by this owner; interface metadata is verified by the separate metadata suite Typed key/value and hash/equality policy; two independent live stores; declared capacity and failure atomicity	dict:hash-stable-arity	STABLE_PUBLIC_PROFILE	sdk/contracts/stdlib/STDLIB-STABLE-CATALOG.tsv#g008-public:Int.hashStable	DECLARED
ID-PUBLIC-a7e1c23a5af0cc96cc0f4a6a	g008-public:Set.contains	Int64 key/value; native capacity 8..64; caller storage; source runtime observations; native intrinsic identity is receiver-qualified; no serialized SymbolId or DocRecord is declared by this owner; interface metadata is verified by the separate metadata suite Typed key/value and hash/equality policy; two independent live stores; declared capacity and failure atomicity	dict:set-contains-type	STABLE_PUBLIC_PROFILE	sdk/contracts/stdlib/STDLIB-STABLE-CATALOG.tsv#g008-public:Set.contains	DECLARED
ID-PUBLIC-3e85e8c7ace0e376e4aab492	g008-public:Set.difference	Int64 key/value; native capacity 8..64; caller storage; source runtime observations; native intrinsic identity is receiver-qualified; no serialized SymbolId or DocRecord is declared by this owner; interface metadata is verified by the separate metadata suite Typed key/value and hash/equality policy; two independent live stores; declared capacity and failure atomicity	dict:set-difference-type	STABLE_PUBLIC_PROFILE	sdk/contracts/stdlib/STDLIB-STABLE-CATALOG.tsv#g008-public:Set.difference	DECLARED
ID-PUBLIC-47540907dbb79561376cc311	g008-public:Set.insert	Int64 key/value; native capacity 8..64; caller storage; source runtime observations; native intrinsic identity is receiver-qualified; no serialized SymbolId or DocRecord is declared by this owner; interface metadata is verified by the separate metadata suite Typed key/value and hash/equality policy; two independent live stores; declared capacity and failure atomicity	dict:set-insert-type	STABLE_PUBLIC_PROFILE	sdk/contracts/stdlib/STDLIB-STABLE-CATALOG.tsv#g008-public:Set.insert	DECLARED
ID-PUBLIC-de767b0d43b0bd3655e3eb0c	g008-public:Set.intersection	Int64 key/value; native capacity 8..64; caller storage; source runtime observations; native intrinsic identity is receiver-qualified; no serialized SymbolId or DocRecord is declared by this owner; interface metadata is verified by the separate metadata suite Typed key/value and hash/equality policy; two independent live stores; declared capacity and failure atomicity	dict:set-intersection-type	STABLE_PUBLIC_PROFILE	sdk/contracts/stdlib/STDLIB-STABLE-CATALOG.tsv#g008-public:Set.intersection	DECLARED
ID-PUBLIC-4c221817cc635be360af71a7	g008-public:Set.isSubsetOf	Int64 key/value; native capacity 8..64; caller storage; source runtime observations; native intrinsic identity is receiver-qualified; no serialized SymbolId or DocRecord is declared by this owner; interface metadata is verified by the separate metadata suite Typed key/value and hash/equality policy; two independent live stores; declared capacity and failure atomicity	dict:set-isSubsetOf-type	STABLE_PUBLIC_PROFILE	sdk/contracts/stdlib/STDLIB-STABLE-CATALOG.tsv#g008-public:Set.isSubsetOf	DECLARED
ID-PUBLIC-e642d14d9a849b1d5c715e83	g008-public:Set.remove	Int64 key/value; native capacity 8..64; caller storage; source runtime observations; native intrinsic identity is receiver-qualified; no serialized SymbolId or DocRecord is declared by this owner; interface metadata is verified by the separate metadata suite Typed key/value and hash/equality policy; two independent live stores; declared capacity and failure atomicity	dict:set-remove-type	STABLE_PUBLIC_PROFILE	sdk/contracts/stdlib/STDLIB-STABLE-CATALOG.tsv#g008-public:Set.remove	DECLARED
ID-PUBLIC-2c992f2068d51f5af9328d1e	g008-public:Set.union	Int64 key/value; native capacity 8..64; caller storage; source runtime observations; native intrinsic identity is receiver-qualified; no serialized SymbolId or DocRecord is declared by this owner; interface metadata is verified by the separate metadata suite Typed key/value and hash/equality policy; two independent live stores; declared capacity and failure atomicity	dict:set-union-type	STABLE_PUBLIC_PROFILE	sdk/contracts/stdlib/STDLIB-STABLE-CATALOG.tsv#g008-public:Set.union	DECLARED
ID-PUBLIC-14a8a2fc23f033d87ca9be07	g008-public:Set<Int>.new	Int64 key/value; native capacity 8..64; caller storage; source runtime observations; native intrinsic identity is receiver-qualified; no serialized SymbolId or DocRecord is declared by this owner; interface metadata is verified by the separate metadata suite Typed key/value and hash/equality policy; two independent live stores; declared capacity and failure atomicity	dict:set-new-arity	STABLE_PUBLIC_PROFILE	sdk/contracts/stdlib/STDLIB-STABLE-CATALOG.tsv#g008-public:Set<Int>.new	DECLARED
ID-PUBLIC-45f084e323c5a1c62bcfaef3	g008-public:hash.deterministic	Int64 key/value; native capacity 8..64; caller storage; source runtime observations; native intrinsic identity is receiver-qualified; no serialized SymbolId or DocRecord is declared by this owner; interface metadata is verified by the separate metadata suite Typed key/value and hash/equality policy; two independent live stores; declared capacity and failure atomicity	hashpolicy:seed-type,hashpolicy:seed-missing	STABLE_PUBLIC_PROFILE	sdk/contracts/stdlib/STDLIB-STABLE-CATALOG.tsv#g008-public:hash.deterministic	DECLARED
ID-PUBLIC-2cc86c0d896391dc341c095d	g008-public:hash.randomized	Int64 key/value; native capacity 8..64; caller storage; source runtime observations; native intrinsic identity is receiver-qualified; no serialized SymbolId or DocRecord is declared by this owner; interface metadata is verified by the separate metadata suite Typed key/value and hash/equality policy; two independent live stores; declared capacity and failure atomicity	hashpolicy:randomized-arity	STABLE_PUBLIC_PROFILE	sdk/contracts/stdlib/STDLIB-STABLE-CATALOG.tsv#g008-public:hash.randomized	DECLARED
ID-PUBLIC-f1b14455e7e7b0b81097011d	g009-public:Graph.addEdge	Int64 payloads/nonnegative weights; 32 nodes/256 edges; authenticated owner/handle pairs; native paths/partitions; BFS current path; native intrinsic identity is receiver-qualified; no serialized SymbolId or DocRecord is declared by this owner; interface metadata is verified by the separate metadata suite Int64 payloads; 32 nodes/256 edges; authenticated handle/owner pair; no stale or foreign handle	relation:graph-raw-handle,relation:graph-wrong-weight,relation:graph-edge-arity	STABLE_PUBLIC_PROFILE	sdk/contracts/stdlib/STDLIB-STABLE-CATALOG.tsv#g009-public:Graph.addEdge	DECLARED
ID-PUBLIC-9cb5b3ab8911d122652a7efa	g009-public:Graph.addNode	Int64 payloads/nonnegative weights; 32 nodes/256 edges; authenticated owner/handle pairs; native paths/partitions; BFS current path; native intrinsic identity is receiver-qualified; no serialized SymbolId or DocRecord is declared by this owner; interface metadata is verified by the separate metadata suite Int64 payloads; 32 nodes/256 edges; authenticated handle/owner pair; no stale or foreign handle	relation:graph-add-node-type	STABLE_PUBLIC_PROFILE	sdk/contracts/stdlib/STDLIB-STABLE-CATALOG.tsv#g009-public:Graph.addNode	DECLARED
ID-PUBLIC-89dc142c4c00532a55701d2d	g009-public:Graph.breadthFirst	Int64 payloads/nonnegative weights; 32 nodes/256 edges; authenticated owner/handle pairs; native paths/partitions; BFS current path; native intrinsic identity is receiver-qualified; no serialized SymbolId or DocRecord is declared by this owner; interface metadata is verified by the separate metadata suite Int64 payloads; 32 nodes/256 edges; authenticated handle/owner pair; no stale or foreign handle	relation:graph-breadthFirst-node-type,relation:traversal-borrow	STABLE_PUBLIC_PROFILE	sdk/contracts/stdlib/STDLIB-STABLE-CATALOG.tsv#g009-public:Graph.breadthFirst	DECLARED
ID-PUBLIC-f48a7ba32c3fb5984420d535	g009-public:Graph.connectedComponents	Int64 payloads/nonnegative weights; 32 nodes/256 edges; authenticated owner/handle pairs; native paths/partitions; BFS current path; native intrinsic identity is receiver-qualified; no serialized SymbolId or DocRecord is declared by this owner; interface metadata is verified by the separate metadata suite Int64 payloads; 32 nodes/256 edges; authenticated handle/owner pair; no stale or foreign handle	relation:graph-connectedComponents-arity	STABLE_PUBLIC_PROFILE	sdk/contracts/stdlib/STDLIB-STABLE-CATALOG.tsv#g009-public:Graph.connectedComponents	DECLARED
ID-PUBLIC-c437dbd146bdcb27472c01b2	g009-public:Graph.depthFirst	Int64 payloads/nonnegative weights; 32 nodes/256 edges; authenticated owner/handle pairs; native paths/partitions; BFS current path; native intrinsic identity is receiver-qualified; no serialized SymbolId or DocRecord is declared by this owner; interface metadata is verified by the separate metadata suite Int64 payloads; 32 nodes/256 edges; authenticated handle/owner pair; no stale or foreign handle	relation:graph-depthFirst-node-type,relation:traversal-copy	STABLE_PUBLIC_PROFILE	sdk/contracts/stdlib/STDLIB-STABLE-CATALOG.tsv#g009-public:Graph.depthFirst	DECLARED
ID-PUBLIC-c791e88b45f189f27edd4c46	g009-public:Graph.dijkstra	Int64 payloads/nonnegative weights; 32 nodes/256 edges; authenticated owner/handle pairs; native paths/partitions; BFS current path; native intrinsic identity is receiver-qualified; no serialized SymbolId or DocRecord is declared by this owner; interface metadata is verified by the separate metadata suite Int64 payloads; 32 nodes/256 edges; authenticated handle/owner pair; no stale or foreign handle	relation:graph-dijkstra-nodes-type	STABLE_PUBLIC_PROFILE	sdk/contracts/stdlib/STDLIB-STABLE-CATALOG.tsv#g009-public:Graph.dijkstra	DECLARED
ID-PUBLIC-f681efbf1b9fbc4d891fdd8f	g009-public:Graph.hasCycle	Int64 payloads/nonnegative weights; 32 nodes/256 edges; authenticated owner/handle pairs; native paths/partitions; BFS current path; native intrinsic identity is receiver-qualified; no serialized SymbolId or DocRecord is declared by this owner; interface metadata is verified by the separate metadata suite Int64 payloads; 32 nodes/256 edges; authenticated handle/owner pair; no stale or foreign handle	relation:graph-hasCycle-arity	STABLE_PUBLIC_PROFILE	sdk/contracts/stdlib/STDLIB-STABLE-CATALOG.tsv#g009-public:Graph.hasCycle	DECLARED
ID-PUBLIC-bcc2d357799fd3ad191f6292	g009-public:Graph.neighbors	Int64 payloads/nonnegative weights; 32 nodes/256 edges; authenticated owner/handle pairs; native paths/partitions; BFS current path; native intrinsic identity is receiver-qualified; no serialized SymbolId or DocRecord is declared by this owner; interface metadata is verified by the separate metadata suite Int64 payloads; 32 nodes/256 edges; authenticated handle/owner pair; no stale or foreign handle	relation:graph-neighbors-node-type	STABLE_PUBLIC_PROFILE	sdk/contracts/stdlib/STDLIB-STABLE-CATALOG.tsv#g009-public:Graph.neighbors	DECLARED
ID-PUBLIC-61af8b242b7fa8bd1cf90863	g009-public:Graph.removeEdge	Int64 payloads/nonnegative weights; 32 nodes/256 edges; authenticated owner/handle pairs; native paths/partitions; BFS current path; native intrinsic identity is receiver-qualified; no serialized SymbolId or DocRecord is declared by this owner; interface metadata is verified by the separate metadata suite Int64 payloads; 32 nodes/256 edges; authenticated handle/owner pair; no stale or foreign handle	relation:graph-remove-edge-type	STABLE_PUBLIC_PROFILE	sdk/contracts/stdlib/STDLIB-STABLE-CATALOG.tsv#g009-public:Graph.removeEdge	DECLARED
ID-PUBLIC-ccac446cf8d79c40de0790df	g009-public:Graph.removeNode	Int64 payloads/nonnegative weights; 32 nodes/256 edges; authenticated owner/handle pairs; native paths/partitions; BFS current path; native intrinsic identity is receiver-qualified; no serialized SymbolId or DocRecord is declared by this owner; interface metadata is verified by the separate metadata suite Int64 payloads; 32 nodes/256 edges; authenticated handle/owner pair; no stale or foreign handle	relation:graph-removeNode-node-type	STABLE_PUBLIC_PROFILE	sdk/contracts/stdlib/STDLIB-STABLE-CATALOG.tsv#g009-public:Graph.removeNode	DECLARED
ID-PUBLIC-4e490510f870d2bf7d42814b	g009-public:Graph.shortestPathUnweighted	Int64 payloads/nonnegative weights; 32 nodes/256 edges; authenticated owner/handle pairs; native paths/partitions; BFS current path; native intrinsic identity is receiver-qualified; no serialized SymbolId or DocRecord is declared by this owner; interface metadata is verified by the separate metadata suite Int64 payloads; 32 nodes/256 edges; authenticated handle/owner pair; no stale or foreign handle	relation:graph-shortestPathUnweighted-nodes-type	STABLE_PUBLIC_PROFILE	sdk/contracts/stdlib/STDLIB-STABLE-CATALOG.tsv#g009-public:Graph.shortestPathUnweighted	DECLARED
ID-PUBLIC-5a05900d78acb3e524d2d7f8	g009-public:Graph.topologicalSort	Int64 payloads/nonnegative weights; 32 nodes/256 edges; authenticated owner/handle pairs; native paths/partitions; BFS current path; native intrinsic identity is receiver-qualified; no serialized SymbolId or DocRecord is declared by this owner; interface metadata is verified by the separate metadata suite Int64 payloads; 32 nodes/256 edges; authenticated handle/owner pair; no stale or foreign handle	relation:graph-topologicalSort-arity	STABLE_PUBLIC_PROFILE	sdk/contracts/stdlib/STDLIB-STABLE-CATALOG.tsv#g009-public:Graph.topologicalSort	DECLARED
ID-PUBLIC-ae9ebac1b97713a632985c1e	g009-public:Graph<Int,Int>.directed	Int64 payloads/nonnegative weights; 32 nodes/256 edges; authenticated owner/handle pairs; native paths/partitions; BFS current path; native intrinsic identity is receiver-qualified; no serialized SymbolId or DocRecord is declared by this owner; interface metadata is verified by the separate metadata suite Int64 payloads; 32 nodes/256 edges; authenticated handle/owner pair; no stale or foreign handle	relation:graph-missing-edge-type,relation:graph-edge-type	STABLE_PUBLIC_PROFILE	sdk/contracts/stdlib/STDLIB-STABLE-CATALOG.tsv#g009-public:Graph<Int,Int>.directed	DECLARED
ID-PUBLIC-4aa0f06493e86adb56c8079a	g009-public:Graph<Int,Int>.undirected	Int64 payloads/nonnegative weights; 32 nodes/256 edges; authenticated owner/handle pairs; native paths/partitions; BFS current path; native intrinsic identity is receiver-qualified; no serialized SymbolId or DocRecord is declared by this owner; interface metadata is verified by the separate metadata suite Int64 payloads; 32 nodes/256 edges; authenticated handle/owner pair; no stale or foreign handle	relation:graph-edge-type	STABLE_PUBLIC_PROFILE	sdk/contracts/stdlib/STDLIB-STABLE-CATALOG.tsv#g009-public:Graph<Int,Int>.undirected	DECLARED
ID-PUBLIC-22c26982cc1432545fc1c1d5	g009-public:Node.degree	Int64 payloads/nonnegative weights; 32 nodes/256 edges; authenticated owner/handle pairs; native paths/partitions; BFS current path; native intrinsic identity is receiver-qualified; no serialized SymbolId or DocRecord is declared by this owner; interface metadata is verified by the separate metadata suite Int64 payloads; 32 nodes/256 edges; authenticated handle/owner pair; no stale or foreign handle	relation:node-degree-arity	STABLE_PUBLIC_PROFILE	sdk/contracts/stdlib/STDLIB-STABLE-CATALOG.tsv#g009-public:Node.degree	DECLARED
ID-PUBLIC-bf7dceb1586fe5c114befe86	g009-public:Node.id	Int64 payloads/nonnegative weights; 32 nodes/256 edges; authenticated owner/handle pairs; native paths/partitions; BFS current path; native intrinsic identity is receiver-qualified; no serialized SymbolId or DocRecord is declared by this owner; interface metadata is verified by the separate metadata suite Int64 payloads; 32 nodes/256 edges; authenticated handle/owner pair; no stale or foreign handle	relation:node-id-arity	STABLE_PUBLIC_PROFILE	sdk/contracts/stdlib/STDLIB-STABLE-CATALOG.tsv#g009-public:Node.id	DECLARED
ID-PUBLIC-615c5b83be5a795a0ded4c64	g009-public:Node.replaceValue	Int64 payloads/nonnegative weights; 32 nodes/256 edges; authenticated owner/handle pairs; native paths/partitions; BFS current path; native intrinsic identity is receiver-qualified; no serialized SymbolId or DocRecord is declared by this owner; interface metadata is verified by the separate metadata suite Int64 payloads; 32 nodes/256 edges; authenticated handle/owner pair; no stale or foreign handle	relation:node-wrong-replacement	STABLE_PUBLIC_PROFILE	sdk/contracts/stdlib/STDLIB-STABLE-CATALOG.tsv#g009-public:Node.replaceValue	DECLARED
ID-PUBLIC-838dd9ce9c7d4802561be4fb	g009-public:Node.value	Int64 payloads/nonnegative weights; 32 nodes/256 edges; authenticated owner/handle pairs; native paths/partitions; BFS current path; native intrinsic identity is receiver-qualified; no serialized SymbolId or DocRecord is declared by this owner; interface metadata is verified by the separate metadata suite Int64 payloads; 32 nodes/256 edges; authenticated handle/owner pair; no stale or foreign handle	relation:node-value-arity	STABLE_PUBLIC_PROFILE	sdk/contracts/stdlib/STDLIB-STABLE-CATALOG.tsv#g009-public:Node.value	DECLARED
ID-PUBLIC-4c7f47db36995c4f4372eff9	g009-public:Node<Int> value	Int64 payloads/nonnegative weights; 32 nodes/256 edges; authenticated owner/handle pairs; native paths/partitions; BFS current path; native intrinsic identity is receiver-qualified; no serialized SymbolId or DocRecord is declared by this owner; interface metadata is verified by the separate metadata suite Int64 payloads; 32 nodes/256 edges; authenticated handle/owner pair; no stale or foreign handle	relation:node-wrong-replacement	STABLE_PUBLIC_PROFILE	sdk/contracts/stdlib/STDLIB-STABLE-CATALOG.tsv#g009-public:Node<Int> value	DECLARED
ID-PUBLIC-b488fadf0a52959be7770d95	g009-public:Node<Int>.new	Int64 payloads/nonnegative weights; 32 nodes/256 edges; authenticated owner/handle pairs; native paths/partitions; BFS current path; native intrinsic identity is receiver-qualified; no serialized SymbolId or DocRecord is declared by this owner; interface metadata is verified by the separate metadata suite Int64 payloads; 32 nodes/256 edges; authenticated handle/owner pair; no stale or foreign handle	relation:node-wrong-replacement	STABLE_PUBLIC_PROFILE	sdk/contracts/stdlib/STDLIB-STABLE-CATALOG.tsv#g009-public:Node<Int>.new	DECLARED
ID-PUBLIC-ec717beab3dbca61a1657d5c	g009-public:Tree.addChild	Int64 payloads/nonnegative weights; 32 nodes/256 edges; authenticated owner/handle pairs; native paths/partitions; BFS current path; native intrinsic identity is receiver-qualified; no serialized SymbolId or DocRecord is declared by this owner; interface metadata is verified by the separate metadata suite Int64 payloads; 32 nodes/256 edges; authenticated handle/owner pair; no stale or foreign handle	relation:tree-raw-handle,relation:tree-wrong-child-value	STABLE_PUBLIC_PROFILE	sdk/contracts/stdlib/STDLIB-STABLE-CATALOG.tsv#g009-public:Tree.addChild	DECLARED
ID-PUBLIC-9588e42be61d58972a70fbba	g009-public:Tree.children	Int64 payloads/nonnegative weights; 32 nodes/256 edges; authenticated owner/handle pairs; native paths/partitions; BFS current path; native intrinsic identity is receiver-qualified; no serialized SymbolId or DocRecord is declared by this owner; interface metadata is verified by the separate metadata suite Int64 payloads; 32 nodes/256 edges; authenticated handle/owner pair; no stale or foreign handle	relation:tree-children-node-type	STABLE_PUBLIC_PROFILE	sdk/contracts/stdlib/STDLIB-STABLE-CATALOG.tsv#g009-public:Tree.children	DECLARED
ID-PUBLIC-fb201d3d1bd10e90d34b341f	g009-public:Tree.height	Int64 payloads/nonnegative weights; 32 nodes/256 edges; authenticated owner/handle pairs; native paths/partitions; BFS current path; native intrinsic identity is receiver-qualified; no serialized SymbolId or DocRecord is declared by this owner; interface metadata is verified by the separate metadata suite Int64 payloads; 32 nodes/256 edges; authenticated handle/owner pair; no stale or foreign handle	relation:tree-height-arity	STABLE_PUBLIC_PROFILE	sdk/contracts/stdlib/STDLIB-STABLE-CATALOG.tsv#g009-public:Tree.height	DECLARED
ID-PUBLIC-19582261bb422cee630b767f	g009-public:Tree.lowestCommonAncestor	Int64 payloads/nonnegative weights; 32 nodes/256 edges; authenticated owner/handle pairs; native paths/partitions; BFS current path; native intrinsic identity is receiver-qualified; no serialized SymbolId or DocRecord is declared by this owner; interface metadata is verified by the separate metadata suite Int64 payloads; 32 nodes/256 edges; authenticated handle/owner pair; no stale or foreign handle	relation:tree-lca-node-type	STABLE_PUBLIC_PROFILE	sdk/contracts/stdlib/STDLIB-STABLE-CATALOG.tsv#g009-public:Tree.lowestCommonAncestor	DECLARED
ID-PUBLIC-6e2da7382d988f56e9c009c0	g009-public:Tree.parent	Int64 payloads/nonnegative weights; 32 nodes/256 edges; authenticated owner/handle pairs; native paths/partitions; BFS current path; native intrinsic identity is receiver-qualified; no serialized SymbolId or DocRecord is declared by this owner; interface metadata is verified by the separate metadata suite Int64 payloads; 32 nodes/256 edges; authenticated handle/owner pair; no stale or foreign handle	relation:tree-parent-node-type	STABLE_PUBLIC_PROFILE	sdk/contracts/stdlib/STDLIB-STABLE-CATALOG.tsv#g009-public:Tree.parent	DECLARED
ID-PUBLIC-72b7863d5a47b0e47659bc3a	g009-public:Tree.postorder	Int64 payloads/nonnegative weights; 32 nodes/256 edges; authenticated owner/handle pairs; native paths/partitions; BFS current path; native intrinsic identity is receiver-qualified; no serialized SymbolId or DocRecord is declared by this owner; interface metadata is verified by the separate metadata suite Int64 payloads; 32 nodes/256 edges; authenticated handle/owner pair; no stale or foreign handle	relation:tree-postorder-arity	STABLE_PUBLIC_PROFILE	sdk/contracts/stdlib/STDLIB-STABLE-CATALOG.tsv#g009-public:Tree.postorder	DECLARED
ID-PUBLIC-e5f35dd077e4899a6323b14e	g009-public:Tree.preorder	Int64 payloads/nonnegative weights; 32 nodes/256 edges; authenticated owner/handle pairs; native paths/partitions; BFS current path; native intrinsic identity is receiver-qualified; no serialized SymbolId or DocRecord is declared by this owner; interface metadata is verified by the separate metadata suite Int64 payloads; 32 nodes/256 edges; authenticated handle/owner pair; no stale or foreign handle	relation:tree-preorder-arity	STABLE_PUBLIC_PROFILE	sdk/contracts/stdlib/STDLIB-STABLE-CATALOG.tsv#g009-public:Tree.preorder	DECLARED
ID-PUBLIC-d16f6ec474cbbd38f2e40f74	g009-public:Tree.removeSubtree	Int64 payloads/nonnegative weights; 32 nodes/256 edges; authenticated owner/handle pairs; native paths/partitions; BFS current path; native intrinsic identity is receiver-qualified; no serialized SymbolId or DocRecord is declared by this owner; interface metadata is verified by the separate metadata suite Int64 payloads; 32 nodes/256 edges; authenticated handle/owner pair; no stale or foreign handle	relation:tree-removeSubtree-node-type	STABLE_PUBLIC_PROFILE	sdk/contracts/stdlib/STDLIB-STABLE-CATALOG.tsv#g009-public:Tree.removeSubtree	DECLARED
ID-PUBLIC-9c76bf0717f15420c9a784b9	g009-public:Tree.root	Int64 payloads/nonnegative weights; 32 nodes/256 edges; authenticated owner/handle pairs; native paths/partitions; BFS current path; native intrinsic identity is receiver-qualified; no serialized SymbolId or DocRecord is declared by this owner; interface metadata is verified by the separate metadata suite Int64 payloads; 32 nodes/256 edges; authenticated handle/owner pair; no stale or foreign handle	relation:tree-root-arity	STABLE_PUBLIC_PROFILE	sdk/contracts/stdlib/STDLIB-STABLE-CATALOG.tsv#g009-public:Tree.root	DECLARED
ID-PUBLIC-b1d52d883f3f1206e43aa512	g009-public:Tree<Int>.new	Int64 payloads/nonnegative weights; 32 nodes/256 edges; authenticated owner/handle pairs; native paths/partitions; BFS current path; native intrinsic identity is receiver-qualified; no serialized SymbolId or DocRecord is declared by this owner; interface metadata is verified by the separate metadata suite Int64 payloads; 32 nodes/256 edges; authenticated handle/owner pair; no stale or foreign handle	relation:tree-type,relation:tree-payload-type,relation:tree-copy	STABLE_PUBLIC_PROFILE	sdk/contracts/stdlib/STDLIB-STABLE-CATALOG.tsv#g009-public:Tree<Int>.new	DECLARED
ID-PUBLIC-b2423ad54a32edc62a3009e6	g009-public:traversal.next	Int64 payloads/nonnegative weights; 32 nodes/256 edges; authenticated owner/handle pairs; native paths/partitions; BFS current path; native intrinsic identity is receiver-qualified; no serialized SymbolId or DocRecord is declared by this owner; interface metadata is verified by the separate metadata suite Int64 payloads; 32 nodes/256 edges; authenticated handle/owner pair; no stale or foreign handle	relation:traversal-released	STABLE_PUBLIC_PROFILE	sdk/contracts/stdlib/STDLIB-STABLE-CATALOG.tsv#g009-public:traversal.next	DECLARED
ID-PUBLIC-f47dcba1e8fbf643efaa4c29	g009-public:traversal.path	Int64 payloads/nonnegative weights; 32 nodes/256 edges; authenticated owner/handle pairs; native paths/partitions; BFS current path; native intrinsic identity is receiver-qualified; no serialized SymbolId or DocRecord is declared by this owner; interface metadata is verified by the separate metadata suite Int64 payloads; 32 nodes/256 edges; authenticated handle/owner pair; no stale or foreign handle	relation:traversal-path-arity	STABLE_PUBLIC_PROFILE	sdk/contracts/stdlib/STDLIB-STABLE-CATALOG.tsv#g009-public:traversal.path	DECLARED
ID-PUBLIC-f8c50f21637bd87a9019e55d	g009-public:traversal.stopWhen	Int64 payloads/nonnegative weights; 32 nodes/256 edges; authenticated owner/handle pairs; native paths/partitions; BFS current path; native intrinsic identity is receiver-qualified; no serialized SymbolId or DocRecord is declared by this owner; interface metadata is verified by the separate metadata suite Int64 payloads; 32 nodes/256 edges; authenticated handle/owner pair; no stale or foreign handle	relation:traversal-bad-predicate	STABLE_PUBLIC_PROFILE	sdk/contracts/stdlib/STDLIB-STABLE-CATALOG.tsv#g009-public:traversal.stopWhen	DECLARED
ID-PUBLIC-17b6b41d3a028625d300847e	g010-public:Column.cast<U>	Up to 32 nullable Int cells; native missing bitmap, checked aggregates and Int/UInt cast storage; UInt is not an implicit process status; native registry identity and runtime profile are explicit; serialized interface metadata is verified by the separate metadata suite Typed nullable integer rows/columns/tables/datasets/streams; finite schema, rows and stages; lazy callbacks once	data:column-cast-type,data:column-dtype-coalesce,data:column-uint-process-status	STABLE_PUBLIC_PROFILE	sdk/contracts/stdlib/STDLIB-STABLE-CATALOG.tsv#g010-public:Column.cast<U>	DECLARED
ID-PUBLIC-130e8b684b988477fe00460a	g010-public:Column.coalesce	Up to 32 nullable Int cells; native missing bitmap, checked aggregates and Int/UInt cast storage; UInt is not an implicit process status; native registry identity and runtime profile are explicit; serialized interface metadata is verified by the separate metadata suite Typed nullable integer rows/columns/tables/datasets/streams; finite schema, rows and stages; lazy callbacks once	data:column-coalesce-type,data:column-dtype-coalesce	STABLE_PUBLIC_PROFILE	sdk/contracts/stdlib/STDLIB-STABLE-CATALOG.tsv#g010-public:Column.coalesce	DECLARED
ID-PUBLIC-8249f7a41f335589fbe8963a	g010-public:Column.countMissing	Up to 32 nullable Int cells; native missing bitmap, checked aggregates and Int/UInt cast storage; UInt is not an implicit process status; native registry identity and runtime profile are explicit; serialized interface metadata is verified by the separate metadata suite Typed nullable integer rows/columns/tables/datasets/streams; finite schema, rows and stages; lazy callbacks once	data:column-countMissing-arity	STABLE_PUBLIC_PROFILE	sdk/contracts/stdlib/STDLIB-STABLE-CATALOG.tsv#g010-public:Column.countMissing	DECLARED
ID-PUBLIC-2910a8d852bd564dcaeb3353	g010-public:Column.dropMissing	Up to 32 nullable Int cells; native missing bitmap, checked aggregates and Int/UInt cast storage; UInt is not an implicit process status; native registry identity and runtime profile are explicit; serialized interface metadata is verified by the separate metadata suite Typed nullable integer rows/columns/tables/datasets/streams; finite schema, rows and stages; lazy callbacks once	data:column-dropMissing-arity	STABLE_PUBLIC_PROFILE	sdk/contracts/stdlib/STDLIB-STABLE-CATALOG.tsv#g010-public:Column.dropMissing	DECLARED
ID-PUBLIC-f1cea047423691aa0e0c23f3	g010-public:Column.fillMissing	Up to 32 nullable Int cells; native missing bitmap, checked aggregates and Int/UInt cast storage; UInt is not an implicit process status; native registry identity and runtime profile are explicit; serialized interface metadata is verified by the separate metadata suite Typed nullable integer rows/columns/tables/datasets/streams; finite schema, rows and stages; lazy callbacks once	data:column-fillMissing-type	STABLE_PUBLIC_PROFILE	sdk/contracts/stdlib/STDLIB-STABLE-CATALOG.tsv#g010-public:Column.fillMissing	DECLARED
ID-PUBLIC-3e3c77fdb6e659bd953855f0	g010-public:Column.get	Up to 32 nullable Int cells; native missing bitmap, checked aggregates and Int/UInt cast storage; UInt is not an implicit process status; native registry identity and runtime profile are explicit; serialized interface metadata is verified by the separate metadata suite Typed nullable integer rows/columns/tables/datasets/streams; finite schema, rows and stages; lazy callbacks once	data:column-get-type	STABLE_PUBLIC_PROFILE	sdk/contracts/stdlib/STDLIB-STABLE-CATALOG.tsv#g010-public:Column.get	DECLARED
ID-PUBLIC-b113b225bd8dee3643a8c388	g010-public:Column.isMissing	Up to 32 nullable Int cells; native missing bitmap, checked aggregates and Int/UInt cast storage; UInt is not an implicit process status; native registry identity and runtime profile are explicit; serialized interface metadata is verified by the separate metadata suite Typed nullable integer rows/columns/tables/datasets/streams; finite schema, rows and stages; lazy callbacks once	data:column-isMissing-type	STABLE_PUBLIC_PROFILE	sdk/contracts/stdlib/STDLIB-STABLE-CATALOG.tsv#g010-public:Column.isMissing	DECLARED
ID-PUBLIC-199805699ef010d04938cb16	g010-public:Column.max	Up to 32 nullable Int cells; native missing bitmap, checked aggregates and Int/UInt cast storage; UInt is not an implicit process status; native registry identity and runtime profile are explicit; serialized interface metadata is verified by the separate metadata suite Typed nullable integer rows/columns/tables/datasets/streams; finite schema, rows and stages; lazy callbacks once	data:column-max-arity	STABLE_PUBLIC_PROFILE	sdk/contracts/stdlib/STDLIB-STABLE-CATALOG.tsv#g010-public:Column.max	DECLARED
ID-PUBLIC-1217dff9ae16a72dddbe44cb	g010-public:Column.min	Up to 32 nullable Int cells; native missing bitmap, checked aggregates and Int/UInt cast storage; UInt is not an implicit process status; native registry identity and runtime profile are explicit; serialized interface metadata is verified by the separate metadata suite Typed nullable integer rows/columns/tables/datasets/streams; finite schema, rows and stages; lazy callbacks once	data:column-min-arity	STABLE_PUBLIC_PROFILE	sdk/contracts/stdlib/STDLIB-STABLE-CATALOG.tsv#g010-public:Column.min	DECLARED
ID-PUBLIC-44defff977ea10360fc2eeae	g010-public:Column.sum	Up to 32 nullable Int cells; native missing bitmap, checked aggregates and Int/UInt cast storage; UInt is not an implicit process status; native registry identity and runtime profile are explicit; serialized interface metadata is verified by the separate metadata suite Typed nullable integer rows/columns/tables/datasets/streams; finite schema, rows and stages; lazy callbacks once	data:column-sum-arity	STABLE_PUBLIC_PROFILE	sdk/contracts/stdlib/STDLIB-STABLE-CATALOG.tsv#g010-public:Column.sum	DECLARED
ID-PUBLIC-b7f819c8d49f98ed943d6987	g010-public:Column<Int> [values]	Up to 32 nullable Int cells; native missing bitmap, checked aggregates and Int/UInt cast storage; UInt is not an implicit process status; native registry identity and runtime profile are explicit; serialized interface metadata is verified by the separate metadata suite Typed nullable integer rows/columns/tables/datasets/streams; finite schema, rows and stages; lazy callbacks once	data:column-element-type	STABLE_PUBLIC_PROFILE	sdk/contracts/stdlib/STDLIB-STABLE-CATALOG.tsv#g010-public:Column<Int> [values]	DECLARED
ID-PUBLIC-62bafe0118796dbd29e8ad97	g010-public:Column<Int>.from	Up to 32 nullable Int cells; native missing bitmap, checked aggregates and Int/UInt cast storage; UInt is not an implicit process status; native registry identity and runtime profile are explicit; serialized interface metadata is verified by the separate metadata suite Typed nullable integer rows/columns/tables/datasets/streams; finite schema, rows and stages; lazy callbacks once	data:column-element-type,data:column-value-type,data:column-mixed-type,data:column-copy,data:column-from-type	STABLE_PUBLIC_PROFILE	sdk/contracts/stdlib/STDLIB-STABLE-CATALOG.tsv#g010-public:Column<Int>.from	DECLARED
ID-PUBLIC-2961cb8885e4455d56395403	g010-public:Dataset.cache	Up to 8 owned tables/256 rows/16384 value bytes; by-size repartition accepts 1..32 rows and preserves order; local cache policy 0/1; scan and collect preserve independent values/schema/missing; native registry identity and runtime profile are explicit; serialized interface metadata is verified by the separate metadata suite Typed nullable integer rows/columns/tables/datasets/streams; finite schema, rows and stages; lazy callbacks once	data:cache-policy-type,data:cache-arity,data:cache-invalid-2,data:cache-blocks-repartition	STABLE_PUBLIC_PROFILE	sdk/contracts/stdlib/STDLIB-STABLE-CATALOG.tsv#g010-public:Dataset.cache	DECLARED
ID-PUBLIC-1ad61b1e349c92129d036713	g010-public:Dataset.collect	Up to 8 owned tables/256 rows/16384 value bytes; by-size repartition accepts 1..32 rows and preserves order; local cache policy 0/1; scan and collect preserve independent values/schema/missing; native registry identity and runtime profile are explicit; serialized interface metadata is verified by the separate metadata suite Typed nullable integer rows/columns/tables/datasets/streams; finite schema, rows and stages; lazy callbacks once	data:collect-arity,data:collect-copy,data:collect-count-257,data:collect-row-not-int	STABLE_PUBLIC_PROFILE	sdk/contracts/stdlib/STDLIB-STABLE-CATALOG.tsv#g010-public:Dataset.collect	DECLARED
ID-PUBLIC-353665876ddbd85db886df20	g010-public:Dataset.collect.at	Up to 8 owned tables/256 rows/16384 value bytes; by-size repartition accepts 1..32 rows and preserves order; local cache policy 0/1; scan and collect preserve independent values/schema/missing; native registry identity and runtime profile are explicit; serialized interface metadata is verified by the separate metadata suite Typed nullable integer rows/columns/tables/datasets/streams; finite schema, rows and stages; lazy callbacks once	data:collect-at-type,data:collect-bound,data:collect-negative-index	STABLE_PUBLIC_PROFILE	sdk/contracts/stdlib/STDLIB-STABLE-CATALOG.tsv#g010-public:Dataset.collect.at	DECLARED
ID-PUBLIC-e2317630166337e22ee832ef	g010-public:Dataset.collect.next	Up to 8 owned tables/256 rows/16384 value bytes; by-size repartition accepts 1..32 rows and preserves order; local cache policy 0/1; scan and collect preserve independent values/schema/missing; native registry identity and runtime profile are explicit; serialized interface metadata is verified by the separate metadata suite Typed nullable integer rows/columns/tables/datasets/streams; finite schema, rows and stages; lazy callbacks once	data:collect-next-arity,data:collect-option-copy,data:collect-option-twice	STABLE_PUBLIC_PROFILE	sdk/contracts/stdlib/STDLIB-STABLE-CATALOG.tsv#g010-public:Dataset.collect.next	DECLARED
ID-PUBLIC-0327dc72eece2fd8aeabb111	g010-public:Dataset.fromTables	Up to 8 owned tables/256 rows/16384 value bytes; by-size repartition accepts 1..32 rows and preserves order; local cache policy 0/1; scan and collect preserve independent values/schema/missing; native registry identity and runtime profile are explicit; serialized interface metadata is verified by the separate metadata suite Typed nullable integer rows/columns/tables/datasets/streams; finite schema, rows and stages; lazy callbacks once	data:dataset-empty-parts,data:dataset-over-parts,data:dataset-part-type,data:dataset-copy,data:dataset-schema-mismatch,data:dataset-schema-order-mismatch	STABLE_PUBLIC_PROFILE	sdk/contracts/stdlib/STDLIB-STABLE-CATALOG.tsv#g010-public:Dataset.fromTables	DECLARED
ID-PUBLIC-15a8375542024766df07f615	g010-public:Dataset.partitionCount	Up to 8 owned tables/256 rows/16384 value bytes; by-size repartition accepts 1..32 rows and preserves order; local cache policy 0/1; scan and collect preserve independent values/schema/missing; native registry identity and runtime profile are explicit; serialized interface metadata is verified by the separate metadata suite Typed nullable integer rows/columns/tables/datasets/streams; finite schema, rows and stages; lazy callbacks once	data:dataset-partition-count-arity	STABLE_PUBLIC_PROFILE	sdk/contracts/stdlib/STDLIB-STABLE-CATALOG.tsv#g010-public:Dataset.partitionCount	DECLARED
ID-PUBLIC-6565d0aa93f9ccfceb42c261	g010-public:Dataset.repartition	Up to 8 owned tables/256 rows/16384 value bytes; by-size repartition accepts 1..32 rows and preserves order; local cache policy 0/1; scan and collect preserve independent values/schema/missing; native registry identity and runtime profile are explicit; serialized interface metadata is verified by the separate metadata suite Typed nullable integer rows/columns/tables/datasets/streams; finite schema, rows and stages; lazy callbacks once	data:repartition-size-type,data:repartition-arity,data:repartition-invalid-0,data:repartition-invalid-33,data:repartition-65-7	STABLE_PUBLIC_PROFILE	sdk/contracts/stdlib/STDLIB-STABLE-CATALOG.tsv#g010-public:Dataset.repartition	DECLARED
ID-PUBLIC-bac5b9d9eb2395cd2a666bf5	g010-public:Dataset.scan	Up to 8 owned tables/256 rows/16384 value bytes; by-size repartition accepts 1..32 rows and preserves order; local cache policy 0/1; scan and collect preserve independent values/schema/missing; native registry identity and runtime profile are explicit; serialized interface metadata is verified by the separate metadata suite Typed nullable integer rows/columns/tables/datasets/streams; finite schema, rows and stages; lazy callbacks once	data:dataset-scan-copy,data:dataset-scan-option-copy,data:dataset-scan-option-twice	STABLE_PUBLIC_PROFILE	sdk/contracts/stdlib/STDLIB-STABLE-CATALOG.tsv#g010-public:Dataset.scan	DECLARED
ID-PUBLIC-00aec7292cc08eaf40afc2dc	g010-public:Dataset.scan.sink	Up to 8 owned tables/256 rows/16384 value bytes; by-size repartition accepts 1..32 rows and preserves order; local cache policy 0/1; scan and collect preserve independent values/schema/missing; native registry identity and runtime profile are explicit; serialized interface metadata is verified by the separate metadata suite Typed nullable integer rows/columns/tables/datasets/streams; finite schema, rows and stages; lazy callbacks once	data:dataset-sink-receiver-type,data:dataset-sink-return-type,data:dataset-sink-extra-argument,data:dataset-scan-callback-trap	STABLE_PUBLIC_PROFILE	sdk/contracts/stdlib/STDLIB-STABLE-CATALOG.tsv#g010-public:Dataset.scan.sink	DECLARED
ID-PUBLIC-0f333bd6f07e5e8987340e56	g010-public:Dataset.schema	Up to 8 owned tables/256 rows/16384 value bytes; by-size repartition accepts 1..32 rows and preserves order; local cache policy 0/1; scan and collect preserve independent values/schema/missing; native registry identity and runtime profile are explicit; serialized interface metadata is verified by the separate metadata suite Typed nullable integer rows/columns/tables/datasets/streams; finite schema, rows and stages; lazy callbacks once	data:dataset-schema-arity	STABLE_PUBLIC_PROFILE	sdk/contracts/stdlib/STDLIB-STABLE-CATALOG.tsv#g010-public:Dataset.schema	DECLARED
ID-PUBLIC-f47466b0cf162e204b85583c	g010-public:Event<Int>.value	Finite 64-event Int profile; 16 ordered lazy stages; native cursor, typed callbacks and owned List batches; logical-timestamp windows are separately exercised; native registry identity and runtime profile are explicit; serialized interface metadata is verified by the separate metadata suite Typed nullable integer rows/columns/tables/datasets/streams; finite schema, rows and stages; lazy callbacks once	data:event-type	STABLE_PUBLIC_PROFILE	sdk/contracts/stdlib/STDLIB-STABLE-CATALOG.tsv#g010-public:Event<Int>.value	DECLARED
ID-PUBLIC-748014ce294985c79c93f196	g010-public:Flow<Int>.value	Finite 64-event Int profile; 16 ordered lazy stages; native cursor, typed callbacks and owned List batches; logical-timestamp windows are separately exercised; native registry identity and runtime profile are explicit; serialized interface metadata is verified by the separate metadata suite Typed nullable integer rows/columns/tables/datasets/streams; finite schema, rows and stages; lazy callbacks once	data:flow-type	STABLE_PUBLIC_PROFILE	sdk/contracts/stdlib/STDLIB-STABLE-CATALOG.tsv#g010-public:Flow<Int>.value	DECLARED
ID-PUBLIC-f3218a0b1ee3283292adeca8	g010-public:Row.from	Int cells; up to 8 ordered fields and 32 rows; owned UTF-8 names/type/nullability and missing bits; native schema/row/table owners; stable ascending single-key sort with missing last; native registry identity and runtime profile are explicit; serialized interface metadata is verified by the separate metadata suite Typed nullable integer rows/columns/tables/datasets/streams; finite schema, rows and stages; lazy callbacks once	data:row-schema-type,data:row-value-type,data:row-value-float,data:row-copy,data:row-too-few,data:row-too-many,data:row-empty-values,data:row-missing-nonnullable	STABLE_PUBLIC_PROFILE	sdk/contracts/stdlib/STDLIB-STABLE-CATALOG.tsv#g010-public:Row.from	DECLARED
ID-PUBLIC-d8d0066fd58966d55f6a1a7e	g010-public:Row.get	Int cells; up to 8 ordered fields and 32 rows; owned UTF-8 names/type/nullability and missing bits; native schema/row/table owners; stable ascending single-key sort with missing last; native registry identity and runtime profile are explicit; serialized interface metadata is verified by the separate metadata suite Typed nullable integer rows/columns/tables/datasets/streams; finite schema, rows and stages; lazy callbacks once	data:row-get-name-type,data:row-unknown-name	STABLE_PUBLIC_PROFILE	sdk/contracts/stdlib/STDLIB-STABLE-CATALOG.tsv#g010-public:Row.get	DECLARED
ID-PUBLIC-46aac3b96d85f8ef37ffd9b3	g010-public:Row.project	Int cells; up to 8 ordered fields and 32 rows; owned UTF-8 names/type/nullability and missing bits; native schema/row/table owners; stable ascending single-key sort with missing last; native registry identity and runtime profile are explicit; serialized interface metadata is verified by the separate metadata suite Typed nullable integer rows/columns/tables/datasets/streams; finite schema, rows and stages; lazy callbacks once	data:row-project-name-type,data:row-project-argument-type,data:row-project-empty,data:row-project-duplicate-name,data:row-project-unknown-name,data:row-project-removed-name	STABLE_PUBLIC_PROFILE	sdk/contracts/stdlib/STDLIB-STABLE-CATALOG.tsv#g010-public:Row.project	DECLARED
ID-PUBLIC-06b334b9242e04ed292d4d41	g010-public:Row.toTuple	Int cells; up to 8 ordered fields and 32 rows; owned UTF-8 names/type/nullability and missing bits; native schema/row/table owners; stable ascending single-key sort with missing last; native registry identity and runtime profile are explicit; serialized interface metadata is verified by the separate metadata suite Typed nullable integer rows/columns/tables/datasets/streams; finite schema, rows and stages; lazy callbacks once	data:row-to-tuple-arity,data:row-tuple-copy,data:row-tuple-static-bound,data:row-tuple-index-bound	STABLE_PUBLIC_PROFILE	sdk/contracts/stdlib/STDLIB-STABLE-CATALOG.tsv#g010-public:Row.toTuple	DECLARED
ID-PUBLIC-9b92eb109484fad44542320d	g010-public:Schema.field	Int cells; up to 8 ordered fields and 32 rows; owned UTF-8 names/type/nullability and missing bits; native schema/row/table owners; stable ascending single-key sort with missing last; native registry identity and runtime profile are explicit; serialized interface metadata is verified by the separate metadata suite Typed nullable integer rows/columns/tables/datasets/streams; finite schema, rows and stages; lazy callbacks once	data:schema-field-name-type,data:schema-field-projection-bound,data:schema-field-missing	STABLE_PUBLIC_PROFILE	sdk/contracts/stdlib/STDLIB-STABLE-CATALOG.tsv#g010-public:Schema.field	DECLARED
ID-PUBLIC-b6f38784c9719b74fa30cfe1	g010-public:Schema.indexOf	Int cells; up to 8 ordered fields and 32 rows; owned UTF-8 names/type/nullability and missing bits; native schema/row/table owners; stable ascending single-key sort with missing last; native registry identity and runtime profile are explicit; serialized interface metadata is verified by the separate metadata suite Typed nullable integer rows/columns/tables/datasets/streams; finite schema, rows and stages; lazy callbacks once	data:schema-index-name-type	STABLE_PUBLIC_PROFILE	sdk/contracts/stdlib/STDLIB-STABLE-CATALOG.tsv#g010-public:Schema.indexOf	DECLARED
ID-PUBLIC-554a87f51bf1ae5d99dcb4c1	g010-public:Schema.new	Int cells; up to 8 ordered fields and 32 rows; owned UTF-8 names/type/nullability and missing bits; native schema/row/table owners; stable ascending single-key sort with missing last; native registry identity and runtime profile are explicit; serialized interface metadata is verified by the separate metadata suite Typed nullable integer rows/columns/tables/datasets/streams; finite schema, rows and stages; lazy callbacks once	data:schema-wrong-type,data:schema-wrong-name,data:schema-wrong-nullability,data:schema-field-shape,data:schema-no-fields,data:schema-over-fields,data:schema-copy,data:schema-duplicate-name,data:schema-name-over-limit	STABLE_PUBLIC_PROFILE	sdk/contracts/stdlib/STDLIB-STABLE-CATALOG.tsv#g010-public:Schema.new	DECLARED
ID-PUBLIC-eed0b3a8b76e4ca7d31fe1f8	g010-public:Stream.batch	Finite 64-event Int profile; 16 ordered lazy stages; native cursor, typed callbacks and owned List batches; logical-timestamp windows are separately exercised; native registry identity and runtime profile are explicit; serialized interface metadata is verified by the separate metadata suite Typed nullable integer rows/columns/tables/datasets/streams; finite schema, rows and stages; lazy callbacks once	data:batch-size-type,data:batch-size-arity,data:batch-copy,data:batch-size-invalid-0,data:batch-size-invalid--1,data:batch-size-invalid-65	STABLE_PUBLIC_PROFILE	sdk/contracts/stdlib/STDLIB-STABLE-CATALOG.tsv#g010-public:Stream.batch	DECLARED
ID-PUBLIC-163d5be92b054da37866f4ee	g010-public:Stream.batch.next	Finite 64-event Int profile; 16 ordered lazy stages; native cursor, typed callbacks and owned List batches; logical-timestamp windows are separately exercised; native registry identity and runtime profile are explicit; serialized interface metadata is verified by the separate metadata suite Typed nullable integer rows/columns/tables/datasets/streams; finite schema, rows and stages; lazy callbacks once	data:batch-option-copy	STABLE_PUBLIC_PROFILE	sdk/contracts/stdlib/STDLIB-STABLE-CATALOG.tsv#g010-public:Stream.batch.next	DECLARED
ID-PUBLIC-a96f2f0d0690955a22be02c2	g010-public:Stream.batch.sink	Finite 64-event Int profile; 16 ordered lazy stages; native cursor, typed callbacks and owned List batches; logical-timestamp windows are separately exercised; native registry identity and runtime profile are explicit; serialized interface metadata is verified by the separate metadata suite Typed nullable integer rows/columns/tables/datasets/streams; finite schema, rows and stages; lazy callbacks once	data:batch-sink-scalar-receiver,data:batch-sink-return-value,data:batch-sink-extra-argument	STABLE_PUBLIC_PROFILE	sdk/contracts/stdlib/STDLIB-STABLE-CATALOG.tsv#g010-public:Stream.batch.sink	DECLARED
ID-PUBLIC-94741ec1780be3ffd94dfabe	g010-public:Stream.filter	Finite 64-event Int profile; 16 ordered lazy stages; native cursor, typed callbacks and owned List batches; logical-timestamp windows are separately exercised; native registry identity and runtime profile are explicit; serialized interface metadata is verified by the separate metadata suite Typed nullable integer rows/columns/tables/datasets/streams; finite schema, rows and stages; lazy callbacks once	data:stream-filter-return-type	STABLE_PUBLIC_PROFILE	sdk/contracts/stdlib/STDLIB-STABLE-CATALOG.tsv#g010-public:Stream.filter	DECLARED
ID-PUBLIC-996c2a97ce8a54e3a66a3bc5	g010-public:Stream.map	Finite 64-event Int profile; 16 ordered lazy stages; native cursor, typed callbacks and owned List batches; logical-timestamp windows are separately exercised; native registry identity and runtime profile are explicit; serialized interface metadata is verified by the separate metadata suite Typed nullable integer rows/columns/tables/datasets/streams; finite schema, rows and stages; lazy callbacks once	data:stream-map-return-type,data:stream-map-arity,data:stream-map-type	STABLE_PUBLIC_PROFILE	sdk/contracts/stdlib/STDLIB-STABLE-CATALOG.tsv#g010-public:Stream.map	DECLARED
ID-PUBLIC-f5b265f53544e5687e731b94	g010-public:Stream.next	Finite 64-event Int profile; 16 ordered lazy stages; native cursor, typed callbacks and owned List batches; logical-timestamp windows are separately exercised; native registry identity and runtime profile are explicit; serialized interface metadata is verified by the separate metadata suite Typed nullable integer rows/columns/tables/datasets/streams; finite schema, rows and stages; lazy callbacks once	data:stream-next-arity	STABLE_PUBLIC_PROFILE	sdk/contracts/stdlib/STDLIB-STABLE-CATALOG.tsv#g010-public:Stream.next	DECLARED
ID-PUBLIC-42d7706bab58be68345d73dd	g010-public:Stream.sink	Finite 64-event Int profile; 16 ordered lazy stages; native cursor, typed callbacks and owned List batches; logical-timestamp windows are separately exercised; native registry identity and runtime profile are explicit; serialized interface metadata is verified by the separate metadata suite Typed nullable integer rows/columns/tables/datasets/streams; finite schema, rows and stages; lazy callbacks once	data:stream-sink-return-type,data:stream-sink-batch-receiver	STABLE_PUBLIC_PROFILE	sdk/contracts/stdlib/STDLIB-STABLE-CATALOG.tsv#g010-public:Stream.sink	DECLARED
ID-PUBLIC-addd635b67b412b4fced368a	g010-public:Stream.window	Finite 64-event profile; Event.sequence supplies monotonic logical timestamps; positive Int duration; lazy nonempty windows yield independent owned Lists; no next-window callback executes early; native registry identity and runtime profile are explicit; serialized interface metadata is verified by the separate metadata suite Typed nullable integer rows/columns/tables/datasets/streams; finite schema, rows and stages; lazy callbacks once	data:window-duration-type,data:window-arity,data:window-missing-duration,data:window-copy,data:window-option-copy,data:window-sink-type,data:window-invalid-duration-0,data:window-invalid-duration--1,data:window-callback-trap	STABLE_PUBLIC_PROFILE	sdk/contracts/stdlib/STDLIB-STABLE-CATALOG.tsv#g010-public:Stream.window	DECLARED
ID-PUBLIC-84f19c8b4e75c2816a673bcd	g010-public:Stream<Int>.from	Finite 64-event Int profile; 16 ordered lazy stages; native cursor, typed callbacks and owned List batches; logical-timestamp windows are separately exercised; native registry identity and runtime profile are explicit; serialized interface metadata is verified by the separate metadata suite Typed nullable integer rows/columns/tables/datasets/streams; finite schema, rows and stages; lazy callbacks once	data:stream-element-type,data:stream-value-type,data:stream-copy,data:stream-from-type	STABLE_PUBLIC_PROFILE	sdk/contracts/stdlib/STDLIB-STABLE-CATALOG.tsv#g010-public:Stream<Int>.from	DECLARED
ID-PUBLIC-f999de190f119ad551ce09ce	g010-public:Table.columnCount	Int cells; up to 8 ordered fields and 32 rows; owned UTF-8 names/type/nullability and missing bits; native schema/row/table owners; stable ascending single-key sort with missing last; native registry identity and runtime profile are explicit; serialized interface metadata is verified by the separate metadata suite Typed nullable integer rows/columns/tables/datasets/streams; finite schema, rows and stages; lazy callbacks once	data:table-column-count-arity	STABLE_PUBLIC_PROFILE	sdk/contracts/stdlib/STDLIB-STABLE-CATALOG.tsv#g010-public:Table.columnCount	DECLARED
ID-PUBLIC-3187925856b7438493303a89	g010-public:Table.filter	Int cells; up to 8 ordered fields and 32 rows; owned UTF-8 names/type/nullability and missing bits; native schema/row/table owners; stable ascending single-key sort with missing last; native registry identity and runtime profile are explicit; serialized interface metadata is verified by the separate metadata suite Typed nullable integer rows/columns/tables/datasets/streams; finite schema, rows and stages; lazy callbacks once	data:table-filter-receiver-type,data:table-filter-result-type,data:table-filter-arity,data:table-filter-trap	STABLE_PUBLIC_PROFILE	sdk/contracts/stdlib/STDLIB-STABLE-CATALOG.tsv#g010-public:Table.filter	DECLARED
ID-PUBLIC-aba89953474081d837369e4a	g010-public:Table.fromColumns	Int cells; up to 8 ordered fields and 32 rows; owned UTF-8 names/type/nullability and missing bits; native schema/row/table owners; stable ascending single-key sort with missing last; native registry identity and runtime profile are explicit; serialized interface metadata is verified by the separate metadata suite Typed nullable integer rows/columns/tables/datasets/streams; finite schema, rows and stages; lazy callbacks once	data:table-empty-columns,data:table-wrong-name,data:table-wrong-column,data:table-copy,data:table-unequal-lengths,data:table-duplicate-name	STABLE_PUBLIC_PROFILE	sdk/contracts/stdlib/STDLIB-STABLE-CATALOG.tsv#g010-public:Table.fromColumns	DECLARED
ID-PUBLIC-a673c34806fa36f239d35cc2	g010-public:Table.groupBy	Up to 32 materialized native Table groups; one Int key; first-seen key and source row order; missing keys excluded by native policy; owned tables and independent cursor; native registry identity and runtime profile are explicit; serialized interface metadata is verified by the separate metadata suite Typed nullable integer rows/columns/tables/datasets/streams; finite schema, rows and stages; lazy callbacks once	data:group-key-type,data:group-key-arity,data:group-key-two,data:group-method-arity,data:group-copy,data:group-missing-name	STABLE_PUBLIC_PROFILE	sdk/contracts/stdlib/STDLIB-STABLE-CATALOG.tsv#g010-public:Table.groupBy	DECLARED
ID-PUBLIC-1af79934c567945f5c611419	g010-public:Table.groupBy.next	Up to 32 materialized native Table groups; one Int key; first-seen key and source row order; missing keys excluded by native policy; owned tables and independent cursor; native registry identity and runtime profile are explicit; serialized interface metadata is verified by the separate metadata suite Typed nullable integer rows/columns/tables/datasets/streams; finite schema, rows and stages; lazy callbacks once	data:group-empty-expect,data:group-copy	STABLE_PUBLIC_PROFILE	sdk/contracts/stdlib/STDLIB-STABLE-CATALOG.tsv#g010-public:Table.groupBy.next	DECLARED
ID-PUBLIC-51439e57dc17842263a25118	g010-public:Table.groupBy.sink	Up to 32 materialized native Table groups; one Int key; first-seen key and source row order; missing keys excluded by native policy; owned tables and independent cursor; native registry identity and runtime profile are explicit; serialized interface metadata is verified by the separate metadata suite Typed nullable integer rows/columns/tables/datasets/streams; finite schema, rows and stages; lazy callbacks once	data:group-sink-type	STABLE_PUBLIC_PROFILE	sdk/contracts/stdlib/STDLIB-STABLE-CATALOG.tsv#g010-public:Table.groupBy.sink	DECLARED
ID-PUBLIC-1cf52dfb680fc62690f0f9a6	g010-public:Table.invalidRows	Schema constraints preserve field name/type/order; nullability quality produces Bool and an independent invalid-row Table; source cells remain unchanged; native registry identity and runtime profile are explicit; serialized interface metadata is verified by the separate metadata suite Typed nullable integer rows/columns/tables/datasets/streams; finite schema, rows and stages; lazy callbacks once	data:quality-invalid-rows-arity	STABLE_PUBLIC_PROFILE	sdk/contracts/stdlib/STDLIB-STABLE-CATALOG.tsv#g010-public:Table.invalidRows	DECLARED
ID-PUBLIC-f1d9ee7db3ee2fe5bd11fb56	g010-public:Table.join	Single shared Int key; native kind 1 inner/2 left; <=32 rows/8 output fields; key emitted once, distinct non-key names; left-then-right order; missing never matches; native registry identity and runtime profile are explicit; serialized interface metadata is verified by the separate metadata suite Typed nullable integer rows/columns/tables/datasets/streams; finite schema, rows and stages; lazy callbacks once	data:join-other-type,data:join-keys-type,data:join-kind-type,data:join-arity,data:join-over-limit-1,data:join-over-limit-2,data:join-duplicate-nonkey	STABLE_PUBLIC_PROFILE	sdk/contracts/stdlib/STDLIB-STABLE-CATALOG.tsv#g010-public:Table.join	DECLARED
ID-PUBLIC-7dba26d3850a189b45fa822a	g010-public:Table.rowCount	Int cells; up to 8 ordered fields and 32 rows; owned UTF-8 names/type/nullability and missing bits; native schema/row/table owners; stable ascending single-key sort with missing last; native registry identity and runtime profile are explicit; serialized interface metadata is verified by the separate metadata suite Typed nullable integer rows/columns/tables/datasets/streams; finite schema, rows and stages; lazy callbacks once	data:table-row-count-arity	STABLE_PUBLIC_PROFILE	sdk/contracts/stdlib/STDLIB-STABLE-CATALOG.tsv#g010-public:Table.rowCount	DECLARED
ID-PUBLIC-f4a6193bacbf7e92da44e2e2	g010-public:Table.select	Int cells; up to 8 ordered fields and 32 rows; owned UTF-8 names/type/nullability and missing bits; native schema/row/table owners; stable ascending single-key sort with missing last; native registry identity and runtime profile are explicit; serialized interface metadata is verified by the separate metadata suite Typed nullable integer rows/columns/tables/datasets/streams; finite schema, rows and stages; lazy callbacks once	data:table-select-name-type,data:table-select-empty,data:table-select-unknown-name,data:table-select-duplicate-name	STABLE_PUBLIC_PROFILE	sdk/contracts/stdlib/STDLIB-STABLE-CATALOG.tsv#g010-public:Table.select	DECLARED
ID-PUBLIC-c6b4fc20008aa236a26eb3c7	g010-public:Table.sortBy	Int cells; up to 8 ordered fields and 32 rows; owned UTF-8 names/type/nullability and missing bits; native schema/row/table owners; stable ascending single-key sort with missing last; native registry identity and runtime profile are explicit; serialized interface metadata is verified by the separate metadata suite Typed nullable integer rows/columns/tables/datasets/streams; finite schema, rows and stages; lazy callbacks once	data:table-sort-name-type,data:table-sort-two-keys,data:table-sort-unknown-name	STABLE_PUBLIC_PROFILE	sdk/contracts/stdlib/STDLIB-STABLE-CATALOG.tsv#g010-public:Table.sortBy	DECLARED
ID-PUBLIC-4a0b552487a7f1cb181d19b0	g010-public:Table.validate	Schema constraints preserve field name/type/order; nullability quality produces Bool and an independent invalid-row Table; source cells remain unchanged; native registry identity and runtime profile are explicit; serialized interface metadata is verified by the separate metadata suite Typed nullable integer rows/columns/tables/datasets/streams; finite schema, rows and stages; lazy callbacks once	data:quality-constraints-type,data:quality-constraints-arity,data:quality-schema-name,data:quality-schema-count	STABLE_PUBLIC_PROFILE	sdk/contracts/stdlib/STDLIB-STABLE-CATALOG.tsv#g010-public:Table.validate	DECLARED
ID-PUBLIC-324d4e7d6058e9a5f8346fa7	g018-declaration:Bool.console()	Current typed source proof g170-console:Bool.console. Retained source values plus opt-in pointer-free document/RenderTree/software observation; 256x128 BGRA8 synthetic glyphs; linear document 4096 bytes and title 256 bytes; size is UTF-8 bytes/lines; style selects zero-based payload nodes; Position is logical software pixels; typed Color RGBA8 and native Result; structured Table<Int> 32x8, Tree<Int> 32 nodes/depth16, named products 8 fields/declarations; 4096 rendered bytes and 64 structured publications. Every effect executes once; no window/backend capability inferred. See G170 checklist for narrower method bounds; metadata joins remain in F01. Corrected G018 SHA256=0944468ee395ee0c83aa6697baf52d111053327405fafd499e3cf08d57031718 Retained document/headless software profile; exact nodes and bytes; no live desktop claim	console:bare-color	STABLE_PUBLIC_PROFILE	sdk/contracts/stdlib/STDLIB-STABLE-CATALOG.tsv#g018-declaration:Bool.console()	DECLARED
ID-PUBLIC-09ed5264a594d4d19b153c73	g018-declaration:Int.console()	Current typed source proof g170-console:Int.console. Retained source values plus opt-in pointer-free document/RenderTree/software observation; 256x128 BGRA8 synthetic glyphs; linear document 4096 bytes and title 256 bytes; size is UTF-8 bytes/lines; style selects zero-based payload nodes; Position is logical software pixels; typed Color RGBA8 and native Result; structured Table<Int> 32x8, Tree<Int> 32 nodes/depth16, named products 8 fields/declarations; 4096 rendered bytes and 64 structured publications. Every effect executes once; no window/backend capability inferred. See G170 checklist for narrower method bounds; metadata joins remain in F01. Corrected G018 SHA256=0944468ee395ee0c83aa6697baf52d111053327405fafd499e3cf08d57031718 Retained document/headless software profile; exact nodes and bytes; no live desktop claim	console:bare-color	STABLE_PUBLIC_PROFILE	sdk/contracts/stdlib/STDLIB-STABLE-CATALOG.tsv#g018-declaration:Int.console()	DECLARED
ID-PUBLIC-c6fa99fb80637b9aa5af89e5	g018-declaration:Text.console()	Current typed source proof g170-console:Text.console. Retained source values plus opt-in pointer-free document/RenderTree/software observation; 256x128 BGRA8 synthetic glyphs; linear document 4096 bytes and title 256 bytes; size is UTF-8 bytes/lines; style selects zero-based payload nodes; Position is logical software pixels; typed Color RGBA8 and native Result; structured Table<Int> 32x8, Tree<Int> 32 nodes/depth16, named products 8 fields/declarations; 4096 rendered bytes and 64 structured publications. Every effect executes once; no window/backend capability inferred. See G170 checklist for narrower method bounds; metadata joins remain in F01. Corrected G018 SHA256=0944468ee395ee0c83aa6697baf52d111053327405fafd499e3cf08d57031718 Retained document/headless software profile; exact nodes and bytes; no live desktop claim	console:bare-color	STABLE_PUBLIC_PROFILE	sdk/contracts/stdlib/STDLIB-STABLE-CATALOG.tsv#g018-declaration:Text.console()	DECLARED
ID-PUBLIC-491b97a5699c0f3de7bbbffe	g018-declaration:Text.scan()	Current typed source proof g170-scan:scan. Real contextual option AST children, lexical operands and native ScanPlan owners. Text UTF-8 <=4096 bytes; Int64; Bool true/false; Char one-byte profile; 1..32 choices; finite retries <=8; readonly relative replay file <=4096 bytes/path<=256; typed Option<Int>/Result<T,ScanError>; headless Console metadata and pointer-free native events. Public secret events hide input bytes/length/digest. No live backend claim. Multiline/paragraph/block/Markdown/code/JSON/raw modes use native G078/G080 owners with at most 256 lines; finite Console enum choices are not nominal enum reflection; multiSelect exposes the native unique 32-bit mask; confirmSecret consumes a second input; forgetAfterUse zeroizes consumed private bytes and preserves the owned result. At most 32 total options. SymbolId/DocRecord reconciliation stays in F01. Corrected G018 SHA256=0944468ee395ee0c83aa6697baf52d111053327405fafd499e3cf08d57031718 Synthetic mock/stdin replay; typed bounded ScanPlan; redaction; no real secret or live device	scan:invalid-process-type,scan:unknown	STABLE_PUBLIC_PROFILE	sdk/contracts/stdlib/STDLIB-STABLE-CATALOG.tsv#g018-declaration:Text.scan()	DECLARED
ID-PUBLIC-7349762ecd8700a5742aef9e	g018-declaration:console.append(value, style)	Current typed source proof g170-console:Console.append. Retained source values plus opt-in pointer-free document/RenderTree/software observation; 256x128 BGRA8 synthetic glyphs; linear document 4096 bytes and title 256 bytes; size is UTF-8 bytes/lines; style selects zero-based payload nodes; Position is logical software pixels; typed Color RGBA8 and native Result; structured Table<Int> 32x8, Tree<Int> 32 nodes/depth16, named products 8 fields/declarations; 4096 rendered bytes and 64 structured publications. Every effect executes once; no window/backend capability inferred. See G170 checklist for narrower method bounds; metadata joins remain in F01. Corrected G018 SHA256=0944468ee395ee0c83aa6697baf52d111053327405fafd499e3cf08d57031718 Retained document/headless software profile; exact nodes and bytes; no live desktop claim	console:append-float,console:append-missing,console:styled-append-type,console:styled-append-arity	STABLE_PUBLIC_PROFILE	sdk/contracts/stdlib/STDLIB-STABLE-CATALOG.tsv#g018-declaration:console.append(value, style)	DECLARED
ID-PUBLIC-105c36bfe0e4bba4642165f0	g018-declaration:console.clear()	Current typed source proof g170-console:Console.clear. Retained source values plus opt-in pointer-free document/RenderTree/software observation; 256x128 BGRA8 synthetic glyphs; linear document 4096 bytes and title 256 bytes; size is UTF-8 bytes/lines; style selects zero-based payload nodes; Position is logical software pixels; typed Color RGBA8 and native Result; structured Table<Int> 32x8, Tree<Int> 32 nodes/depth16, named products 8 fields/declarations; 4096 rendered bytes and 64 structured publications. Every effect executes once; no window/backend capability inferred. See G170 checklist for narrower method bounds; metadata joins remain in F01. Corrected G018 SHA256=0944468ee395ee0c83aa6697baf52d111053327405fafd499e3cf08d57031718 Retained document/headless software profile; exact nodes and bytes; no live desktop claim	console:clear-arity,console:close-clear	STABLE_PUBLIC_PROFILE	sdk/contracts/stdlib/STDLIB-STABLE-CATALOG.tsv#g018-declaration:console.clear()	DECLARED
ID-PUBLIC-fd9225c0c6ea514a4d39e92f	g018-declaration:console.close()	Current typed source proof g170-console:Console.close. Retained source values plus opt-in pointer-free document/RenderTree/software observation; 256x128 BGRA8 synthetic glyphs; linear document 4096 bytes and title 256 bytes; size is UTF-8 bytes/lines; style selects zero-based payload nodes; Position is logical software pixels; typed Color RGBA8 and native Result; structured Table<Int> 32x8, Tree<Int> 32 nodes/depth16, named products 8 fields/declarations; 4096 rendered bytes and 64 structured publications. Every effect executes once; no window/backend capability inferred. See G170 checklist for narrower method bounds; metadata joins remain in F01. Corrected G018 SHA256=0944468ee395ee0c83aa6697baf52d111053327405fafd499e3cf08d57031718 Retained document/headless software profile; exact nodes and bytes; no live desktop claim	console:close-arity,console:close-twice,console:close-publish	STABLE_PUBLIC_PROFILE	sdk/contracts/stdlib/STDLIB-STABLE-CATALOG.tsv#g018-declaration:console.close()	DECLARED
ID-PUBLIC-82a343f1bacc20951d619a86	g018-declaration:console.scrollToEnd()	Current typed source proof g170-console:Console.scrollToEnd. Retained source values plus opt-in pointer-free document/RenderTree/software observation; 256x128 BGRA8 synthetic glyphs; linear document 4096 bytes and title 256 bytes; size is UTF-8 bytes/lines; style selects zero-based payload nodes; Position is logical software pixels; typed Color RGBA8 and native Result; structured Table<Int> 32x8, Tree<Int> 32 nodes/depth16, named products 8 fields/declarations; 4096 rendered bytes and 64 structured publications. Every effect executes once; no window/backend capability inferred. See G170 checklist for narrower method bounds; metadata joins remain in F01. Corrected G018 SHA256=0944468ee395ee0c83aa6697baf52d111053327405fafd499e3cf08d57031718 Retained document/headless software profile; exact nodes and bytes; no live desktop claim	console:scroll-arity	STABLE_PUBLIC_PROFILE	sdk/contracts/stdlib/STDLIB-STABLE-CATALOG.tsv#g018-declaration:console.scrollToEnd()	DECLARED
ID-PUBLIC-08d0bc5aff1c9ced9bcdaa25	g018-declaration:console.size()	Current typed source proof g170-console:Console.size. Retained source values plus opt-in pointer-free document/RenderTree/software observation; 256x128 BGRA8 synthetic glyphs; linear document 4096 bytes and title 256 bytes; size is UTF-8 bytes/lines; style selects zero-based payload nodes; Position is logical software pixels; typed Color RGBA8 and native Result; structured Table<Int> 32x8, Tree<Int> 32 nodes/depth16, named products 8 fields/declarations; 4096 rendered bytes and 64 structured publications. Every effect executes once; no window/backend capability inferred. See G170 checklist for narrower method bounds; metadata joins remain in F01. Corrected G018 SHA256=0944468ee395ee0c83aa6697baf52d111053327405fafd499e3cf08d57031718 Retained document/headless software profile; exact nodes and bytes; no live desktop claim	console:size-arity	STABLE_PUBLIC_PROFILE	sdk/contracts/stdlib/STDLIB-STABLE-CATALOG.tsv#g018-declaration:console.size()	DECLARED
ID-PUBLIC-271b34ecaabfb5ca57e362fc	g018-declaration:console.style(range, style)	Current typed source proof g170-console:Console.style. Retained source values plus opt-in pointer-free document/RenderTree/software observation; 256x128 BGRA8 synthetic glyphs; linear document 4096 bytes and title 256 bytes; size is UTF-8 bytes/lines; style selects zero-based payload nodes; Position is logical software pixels; typed Color RGBA8 and native Result; structured Table<Int> 32x8, Tree<Int> 32 nodes/depth16, named products 8 fields/declarations; 4096 rendered bytes and 64 structured publications. Every effect executes once; no window/backend capability inferred. See G170 checklist for narrower method bounds; metadata joins remain in F01. Corrected G018 SHA256=0944468ee395ee0c83aa6697baf52d111053327405fafd499e3cf08d57031718 Retained document/headless software profile; exact nodes and bytes; no live desktop claim	console:style-selection-type,console:style-endpoint-type,console:style-selection-arity,console:style-role-type,console:style-bound--1-1,console:style-bound-0-3,console:style-bound-2-1	STABLE_PUBLIC_PROFILE	sdk/contracts/stdlib/STDLIB-STABLE-CATALOG.tsv#g018-declaration:console.style(range, style)	DECLARED
ID-PUBLIC-227e39db27e2b1e75d7b357b	g018-declaration:console.title(text)	Current typed source proof g170-console:Console.title. Retained source values plus opt-in pointer-free document/RenderTree/software observation; 256x128 BGRA8 synthetic glyphs; linear document 4096 bytes and title 256 bytes; size is UTF-8 bytes/lines; style selects zero-based payload nodes; Position is logical software pixels; typed Color RGBA8 and native Result; structured Table<Int> 32x8, Tree<Int> 32 nodes/depth16, named products 8 fields/declarations; 4096 rendered bytes and 64 structured publications. Every effect executes once; no window/backend capability inferred. See G170 checklist for narrower method bounds; metadata joins remain in F01. Corrected G018 SHA256=0944468ee395ee0c83aa6697baf52d111053327405fafd499e3cf08d57031718 Retained document/headless software profile; exact nodes and bytes; no live desktop claim	console:title-type,console:title-limit	STABLE_PUBLIC_PROFILE	sdk/contracts/stdlib/STDLIB-STABLE-CATALOG.tsv#g018-declaration:console.title(text)	DECLARED
ID-PUBLIC-fefeb82b188e22fb2c2d00fa	g018-declaration:visual.summarize(value)	Current typed source proof g170-console:visual.summarize. Canonical existing pure visual_summary_foundation owner, actual Int value 0..255, decimal provenance, one evaluation and independent explicit return; no document/window/rendering effect is claimed. Corrected G018 SHA256=0944468ee395ee0c83aa6697baf52d111053327405fafd499e3cf08d57031718 Retained document/headless software profile; exact nodes and bytes; no live desktop claim	console:visual-summary-range--1,console:visual-summary-range-256,console:visual-summary-type,console:visual-summary-arity,console:visual-summary-shadow	STABLE_PUBLIC_PROFILE	sdk/contracts/stdlib/STDLIB-STABLE-CATALOG.tsv#g018-declaration:visual.summarize(value)	DECLARED
ID-PUBLIC-8b215aa9dba5cf264e8674e2	"g059-format:""%s tem %d anos"".format(nome, idade).console();"	Actual Int64/Float/Bool/Text arguments; literal strict template or dynamic checked policy; 4096 template bytes, 128 nodes, 64 args, width 256, precision 6, output 1 MiB; native typed renderer and distinct owned result frames; named lexical values evaluated once; native registry identity and runtime profile are explicit; serialized interface metadata is verified by the separate metadata suite Checked format/interpolation profile; 64 segments; finite text/output budgets; pure interpolation	format:wrong-type	STABLE_PUBLIC_PROFILE	"sdk/contracts/stdlib/STDLIB-STABLE-CATALOG.tsv#g059-format:""%s tem %d anos"".format(nome, idade).console();"	DECLARED
ID-PUBLIC-e16f67a1443da8bc078886d5	g059-format:ConsoleOptions	Actual Int64/Float/Bool/Text arguments; literal strict template or dynamic checked policy; 4096 template bytes, 128 nodes, 64 args, width 256, precision 6, output 1 MiB; native typed renderer and distinct owned result frames; named lexical values evaluated once; native registry identity and runtime profile are explicit; serialized interface metadata is verified by the separate metadata suite Retained document/headless software profile; exact nodes and bytes; no live desktop claim	console:fg-type,console:position-type,console:style-role-type	STABLE_PUBLIC_PROFILE	sdk/contracts/stdlib/STDLIB-STABLE-CATALOG.tsv#g059-format:ConsoleOptions	DECLARED
ID-PUBLIC-7c70511f72da66995c73ad60	g059-format:FormatError.AllocationFailed	Actual Int64/Float/Bool/Text arguments; literal strict template or dynamic checked policy; 4096 template bytes, 128 nodes, 64 args, width 256, precision 6, output 1 MiB; native typed renderer and distinct owned result frames; named lexical values evaluated once; native registry identity and runtime profile are explicit; serialized interface metadata is verified by the separate metadata suite Checked format/interpolation profile; 64 segments; finite text/output budgets; pure interpolation	format:template-4097	STABLE_PUBLIC_PROFILE	sdk/contracts/stdlib/STDLIB-STABLE-CATALOG.tsv#g059-format:FormatError.AllocationFailed	DECLARED
ID-PUBLIC-29836787eadb9b9679c385d2	g059-format:FormatError.InvalidTemplate	Actual Int64/Float/Bool/Text arguments; literal strict template or dynamic checked policy; 4096 template bytes, 128 nodes, 64 args, width 256, precision 6, output 1 MiB; native typed renderer and distinct owned result frames; named lexical values evaluated once; native registry identity and runtime profile are explicit; serialized interface metadata is verified by the separate metadata suite Checked format/interpolation profile; 64 segments; finite text/output budgets; pure interpolation	format:unknown,format:missing	STABLE_PUBLIC_PROFILE	sdk/contracts/stdlib/STDLIB-STABLE-CATALOG.tsv#g059-format:FormatError.InvalidTemplate	DECLARED
ID-PUBLIC-bec158fb6852429a92fb29be	g059-format:FormatError.SizeOverflow	Actual Int64/Float/Bool/Text arguments; literal strict template or dynamic checked policy; 4096 template bytes, 128 nodes, 64 args, width 256, precision 6, output 1 MiB; native typed renderer and distinct owned result frames; named lexical values evaluated once; native registry identity and runtime profile are explicit; serialized interface metadata is verified by the separate metadata suite Checked format/interpolation profile; 64 segments; finite text/output budgets; pure interpolation	format:template-4097	STABLE_PUBLIC_PROFILE	sdk/contracts/stdlib/STDLIB-STABLE-CATALOG.tsv#g059-format:FormatError.SizeOverflow	DECLARED
ID-PUBLIC-a615c72d20bea4c90a94e56a	g059-format:FormatString.parseChecked(Text)	Actual Int64/Float/Bool/Text arguments; literal strict template or dynamic checked policy; 4096 template bytes, 128 nodes, 64 args, width 256, precision 6, output 1 MiB; native typed renderer and distinct owned result frames; named lexical values evaluated once; native registry identity and runtime profile are explicit; serialized interface metadata is verified by the separate metadata suite Checked format/interpolation profile; 64 segments; finite text/output budgets; pure interpolation	format:parsed-argument-type,format:parsed-arity,format:parsed-extra	STABLE_PUBLIC_PROFILE	sdk/contracts/stdlib/STDLIB-STABLE-CATALOG.tsv#g059-format:FormatString.parseChecked(Text)	DECLARED
ID-PUBLIC-d3d3d593a8a51473e8218a0d	g059-format:FormatString.validate(types)	Actual Int64/Float/Bool/Text arguments; literal strict template or dynamic checked policy; 4096 template bytes, 128 nodes, 64 args, width 256, precision 6, output 1 MiB; native typed renderer and distinct owned result frames; named lexical values evaluated once; native registry identity and runtime profile are explicit; serialized interface metadata is verified by the separate metadata suite Checked format/interpolation profile; 64 segments; finite text/output budgets; pure interpolation	format:parsed-signature-unknown,format:parsed-signature-limit	STABLE_PUBLIC_PROFILE	sdk/contracts/stdlib/STDLIB-STABLE-CATALOG.tsv#g059-format:FormatString.validate(types)	DECLARED
ID-PUBLIC-127c90b0f9720dc2bed37bf2	g059-format:FormatString<TArgs>	Actual Int64/Float/Bool/Text arguments; literal strict template or dynamic checked policy; 4096 template bytes, 128 nodes, 64 args, width 256, precision 6, output 1 MiB; native typed renderer and distinct owned result frames; named lexical values evaluated once; native registry identity and runtime profile are explicit; serialized interface metadata is verified by the separate metadata suite Checked format/interpolation profile; 64 segments; finite text/output budgets; pure interpolation	format:parsed-signature-type,format:parsed-signature-shadow	STABLE_PUBLIC_PROFILE	sdk/contracts/stdlib/STDLIB-STABLE-CATALOG.tsv#g059-format:FormatString<TArgs>	DECLARED
ID-PUBLIC-1f484682333393bad4fed684	g059-format:StaticFormatString	Actual Int64/Float/Bool/Text arguments; literal strict template or dynamic checked policy; 4096 template bytes, 128 nodes, 64 args, width 256, precision 6, output 1 MiB; native typed renderer and distinct owned result frames; named lexical values evaluated once; native registry identity and runtime profile are explicit; serialized interface metadata is verified by the separate metadata suite Checked format/interpolation profile; 64 segments; finite text/output budgets; pure interpolation	format:wrong-type,format:unknown	STABLE_PUBLIC_PROFILE	sdk/contracts/stdlib/STDLIB-STABLE-CATALOG.tsv#g059-format:StaticFormatString	DECLARED
ID-PUBLIC-cad7a37030139dbffc18bf75	g059-format:Text.console(options...)	Actual Int64/Float/Bool/Text arguments; literal strict template or dynamic checked policy; 4096 template bytes, 128 nodes, 64 args, width 256, precision 6, output 1 MiB; native typed renderer and distinct owned result frames; named lexical values evaluated once; native registry identity and runtime profile are explicit; serialized interface metadata is verified by the separate metadata suite Retained document/headless software profile; exact nodes and bytes; no live desktop claim	console:fg-type,console:position-type,console:style-role-type	STABLE_PUBLIC_PROFILE	sdk/contracts/stdlib/STDLIB-STABLE-CATALOG.tsv#g059-format:Text.console(options...)	DECLARED
ID-PUBLIC-ac13cf257e605cfb23fcc2dc	g059-format:Text.format(args...) -> Text	Actual Int64/Float/Bool/Text arguments; literal strict template or dynamic checked policy; 4096 template bytes, 128 nodes, 64 args, width 256, precision 6, output 1 MiB; native typed renderer and distinct owned result frames; named lexical values evaluated once; native registry identity and runtime profile are explicit; serialized interface metadata is verified by the separate metadata suite Checked format/interpolation profile; 64 segments; finite text/output budgets; pure interpolation	format:wrong-type,format:missing,format:extra,format:dynamic-strict	STABLE_PUBLIC_PROFILE	sdk/contracts/stdlib/STDLIB-STABLE-CATALOG.tsv#g059-format:Text.format(args...) -> Text	DECLARED
ID-PUBLIC-526760d08dcb8b45c61362fb	g059-format:Text.formatWith(policy, args...) -> Result<Text, FormatError>	Actual Int64/Float/Bool/Text arguments; literal strict template or dynamic checked policy; 4096 template bytes, 128 nodes, 64 args, width 256, precision 6, output 1 MiB; native typed renderer and distinct owned result frames; named lexical values evaluated once; native registry identity and runtime profile are explicit; serialized interface metadata is verified by the separate metadata suite Checked format/interpolation profile; 64 segments; finite text/output budgets; pure interpolation	format:checked-policy-type,format:checked-policy-missing,format:checked-fallback-type,format:checked-predicate-arity	STABLE_PUBLIC_PROFILE	sdk/contracts/stdlib/STDLIB-STABLE-CATALOG.tsv#g059-format:Text.formatWith(policy, args...) -> Result<Text, FormatError>	DECLARED
ID-PUBLIC-17c974c8cbe9b5d2c8608135	g059-format:format(...).binding	Actual Int64/Float/Bool/Text arguments; literal strict template or dynamic checked policy; 4096 template bytes, 128 nodes, 64 args, width 256, precision 6, output 1 MiB; native typed renderer and distinct owned result frames; named lexical values evaluated once; native registry identity and runtime profile are explicit; serialized interface metadata is verified by the separate metadata suite Checked format/interpolation profile; 64 segments; finite text/output budgets; pure interpolation	format:wrong-type	STABLE_PUBLIC_PROFILE	sdk/contracts/stdlib/STDLIB-STABLE-CATALOG.tsv#g059-format:format(...).binding	DECLARED
ID-PUBLIC-76b891ea1442d287d48c9fee	g060-format:%#	Actual Int64/Float/Bool/Text arguments; literal strict template or dynamic checked policy; 4096 template bytes, 128 nodes, 64 args, width 256, precision 6, output 1 MiB; native typed renderer and distinct owned result frames; named lexical values evaluated once; native registry identity and runtime profile are explicit; serialized interface metadata is verified by the separate metadata suite Checked format/interpolation profile; 64 segments; finite text/output budgets; pure interpolation	format:wrong-value	STABLE_PUBLIC_PROFILE	sdk/contracts/stdlib/STDLIB-STABLE-CATALOG.tsv#g060-format:%#	DECLARED
ID-PUBLIC-43b3367dd529ce4c123fd5e3	g060-format:%%	Actual Int64/Float/Bool/Text arguments; literal strict template or dynamic checked policy; 4096 template bytes, 128 nodes, 64 args, width 256, precision 6, output 1 MiB; native typed renderer and distinct owned result frames; named lexical values evaluated once; native registry identity and runtime profile are explicit; serialized interface metadata is verified by the separate metadata suite Checked format/interpolation profile; 64 segments; finite text/output budgets; pure interpolation	format:unknown	STABLE_PUBLIC_PROFILE	sdk/contracts/stdlib/STDLIB-STABLE-CATALOG.tsv#g060-format:%%	DECLARED
ID-PUBLIC-97def53031acebb75f270920	g060-format:%-8s	Actual Int64/Float/Bool/Text arguments; literal strict template or dynamic checked policy; 4096 template bytes, 128 nodes, 64 args, width 256, precision 6, output 1 MiB; native typed renderer and distinct owned result frames; named lexical values evaluated once; native registry identity and runtime profile are explicit; serialized interface metadata is verified by the separate metadata suite Checked format/interpolation profile; 64 segments; finite text/output budgets; pure interpolation	format:width-limit	STABLE_PUBLIC_PROFILE	sdk/contracts/stdlib/STDLIB-STABLE-CATALOG.tsv#g060-format:%-8s	DECLARED
ID-PUBLIC-17b98d78b6ab3262fd5dcfce	g060-format:%.2f	Actual Int64/Float/Bool/Text arguments; literal strict template or dynamic checked policy; 4096 template bytes, 128 nodes, 64 args, width 256, precision 6, output 1 MiB; native typed renderer and distinct owned result frames; named lexical values evaluated once; native registry identity and runtime profile are explicit; serialized interface metadata is verified by the separate metadata suite Checked format/interpolation profile; 64 segments; finite text/output budgets; pure interpolation	format:precision-limit	STABLE_PUBLIC_PROFILE	sdk/contracts/stdlib/STDLIB-STABLE-CATALOG.tsv#g060-format:%.2f	DECLARED
ID-PUBLIC-56c1c7457e035844e5994ec9	g060-format:%04d	Actual Int64/Float/Bool/Text arguments; literal strict template or dynamic checked policy; 4096 template bytes, 128 nodes, 64 args, width 256, precision 6, output 1 MiB; native typed renderer and distinct owned result frames; named lexical values evaluated once; native registry identity and runtime profile are explicit; serialized interface metadata is verified by the separate metadata suite Checked format/interpolation profile; 64 segments; finite text/output budgets; pure interpolation	format:width-limit	STABLE_PUBLIC_PROFILE	sdk/contracts/stdlib/STDLIB-STABLE-CATALOG.tsv#g060-format:%04d	DECLARED
ID-PUBLIC-1bd3c84c056271066e503b33	g060-format:%1$d	Actual Int64/Float/Bool/Text arguments; literal strict template or dynamic checked policy; 4096 template bytes, 128 nodes, 64 args, width 256, precision 6, output 1 MiB; native typed renderer and distinct owned result frames; named lexical values evaluated once; native registry identity and runtime profile are explicit; serialized interface metadata is verified by the separate metadata suite Checked format/interpolation profile; 64 segments; finite text/output budgets; pure interpolation	format:position-zero,format:position-missing	STABLE_PUBLIC_PROFILE	sdk/contracts/stdlib/STDLIB-STABLE-CATALOG.tsv#g060-format:%1$d	DECLARED
ID-PUBLIC-afbf31d2a3812faa4a3b4288	g060-format:%2$s	Actual Int64/Float/Bool/Text arguments; literal strict template or dynamic checked policy; 4096 template bytes, 128 nodes, 64 args, width 256, precision 6, output 1 MiB; native typed renderer and distinct owned result frames; named lexical values evaluated once; native registry identity and runtime profile are explicit; serialized interface metadata is verified by the separate metadata suite Checked format/interpolation profile; 64 segments; finite text/output budgets; pure interpolation	format:position-zero,format:position-missing	STABLE_PUBLIC_PROFILE	sdk/contracts/stdlib/STDLIB-STABLE-CATALOG.tsv#g060-format:%2$s	DECLARED
ID-PUBLIC-cf3e5395fd86d0794c85a43f	g060-format:%8s	Actual Int64/Float/Bool/Text arguments; literal strict template or dynamic checked policy; 4096 template bytes, 128 nodes, 64 args, width 256, precision 6, output 1 MiB; native typed renderer and distinct owned result frames; named lexical values evaluated once; native registry identity and runtime profile are explicit; serialized interface metadata is verified by the separate metadata suite Checked format/interpolation profile; 64 segments; finite text/output budgets; pure interpolation	format:width-limit	STABLE_PUBLIC_PROFILE	sdk/contracts/stdlib/STDLIB-STABLE-CATALOG.tsv#g060-format:%8s	DECLARED
ID-PUBLIC-8594d503b8ec5ec037e823eb	g060-format:%?	Actual Int64/Float/Bool/Text arguments; literal strict template or dynamic checked policy; 4096 template bytes, 128 nodes, 64 args, width 256, precision 6, output 1 MiB; native typed renderer and distinct owned result frames; named lexical values evaluated once; native registry identity and runtime profile are explicit; serialized interface metadata is verified by the separate metadata suite Checked format/interpolation profile; 64 segments; finite text/output budgets; pure interpolation	format:wrong-typename	STABLE_PUBLIC_PROFILE	sdk/contracts/stdlib/STDLIB-STABLE-CATALOG.tsv#g060-format:%?	DECLARED
ID-PUBLIC-ccf4f0f0b36c3ee911b33d66	g060-format:%T	Actual Int64/Float/Bool/Text arguments; literal strict template or dynamic checked policy; 4096 template bytes, 128 nodes, 64 args, width 256, precision 6, output 1 MiB; native typed renderer and distinct owned result frames; named lexical values evaluated once; native registry identity and runtime profile are explicit; serialized interface metadata is verified by the separate metadata suite Checked format/interpolation profile; 64 segments; finite text/output budgets; pure interpolation	format:wrong-typename	STABLE_PUBLIC_PROFILE	sdk/contracts/stdlib/STDLIB-STABLE-CATALOG.tsv#g060-format:%T	DECLARED
ID-PUBLIC-be6c8d01d4223e90ad906017	g060-format:%b	Actual Int64/Float/Bool/Text arguments; literal strict template or dynamic checked policy; 4096 template bytes, 128 nodes, 64 args, width 256, precision 6, output 1 MiB; native typed renderer and distinct owned result frames; named lexical values evaluated once; native registry identity and runtime profile are explicit; serialized interface metadata is verified by the separate metadata suite Checked format/interpolation profile; 64 segments; finite text/output budgets; pure interpolation	format:wrong-bool	STABLE_PUBLIC_PROFILE	sdk/contracts/stdlib/STDLIB-STABLE-CATALOG.tsv#g060-format:%b	DECLARED
ID-PUBLIC-aff25fac1e9d89264930e697	g060-format:%d	Actual Int64/Float/Bool/Text arguments; literal strict template or dynamic checked policy; 4096 template bytes, 128 nodes, 64 args, width 256, precision 6, output 1 MiB; native typed renderer and distinct owned result frames; named lexical values evaluated once; native registry identity and runtime profile are explicit; serialized interface metadata is verified by the separate metadata suite Checked format/interpolation profile; 64 segments; finite text/output budgets; pure interpolation	format:wrong-type	STABLE_PUBLIC_PROFILE	sdk/contracts/stdlib/STDLIB-STABLE-CATALOG.tsv#g060-format:%d	DECLARED
ID-PUBLIC-30aca73b458f0feb703063bd	g060-format:%e	Actual Int64/Float/Bool/Text arguments; literal strict template or dynamic checked policy; 4096 template bytes, 128 nodes, 64 args, width 256, precision 6, output 1 MiB; native typed renderer and distinct owned result frames; named lexical values evaluated once; native registry identity and runtime profile are explicit; serialized interface metadata is verified by the separate metadata suite Checked format/interpolation profile; 64 segments; finite text/output budgets; pure interpolation	format:wrong-scientific,format:precision-limit	STABLE_PUBLIC_PROFILE	sdk/contracts/stdlib/STDLIB-STABLE-CATALOG.tsv#g060-format:%e	DECLARED
ID-PUBLIC-717d70e5613a3d5d933490a2	g060-format:%f	Actual Int64/Float/Bool/Text arguments; literal strict template or dynamic checked policy; 4096 template bytes, 128 nodes, 64 args, width 256, precision 6, output 1 MiB; native typed renderer and distinct owned result frames; named lexical values evaluated once; native registry identity and runtime profile are explicit; serialized interface metadata is verified by the separate metadata suite Checked format/interpolation profile; 64 segments; finite text/output budgets; pure interpolation	format:wrong-float,format:precision-limit	STABLE_PUBLIC_PROFILE	sdk/contracts/stdlib/STDLIB-STABLE-CATALOG.tsv#g060-format:%f	DECLARED
ID-PUBLIC-492fb8ce1627ebc022b6a1bb	g060-format:%j	Actual Int64/Float/Bool/Text arguments; literal strict template or dynamic checked policy; 4096 template bytes, 128 nodes, 64 args, width 256, precision 6, output 1 MiB; native typed renderer and distinct owned result frames; named lexical values evaluated once; native registry identity and runtime profile are explicit; serialized interface metadata is verified by the separate metadata suite Checked format/interpolation profile; 64 segments; finite text/output budgets; pure interpolation	format:wrong-json	STABLE_PUBLIC_PROFILE	sdk/contracts/stdlib/STDLIB-STABLE-CATALOG.tsv#g060-format:%j	DECLARED
ID-PUBLIC-3f68a6780305081a3a392303	g060-format:%o	Actual Int64/Float/Bool/Text arguments; literal strict template or dynamic checked policy; 4096 template bytes, 128 nodes, 64 args, width 256, precision 6, output 1 MiB; native typed renderer and distinct owned result frames; named lexical values evaluated once; native registry identity and runtime profile are explicit; serialized interface metadata is verified by the separate metadata suite Checked format/interpolation profile; 64 segments; finite text/output budgets; pure interpolation	format:wrong-octal	STABLE_PUBLIC_PROFILE	sdk/contracts/stdlib/STDLIB-STABLE-CATALOG.tsv#g060-format:%o	DECLARED
ID-PUBLIC-43ea82f92c6d3ab2b24ba028	g060-format:%q	Actual Int64/Float/Bool/Text arguments; literal strict template or dynamic checked policy; 4096 template bytes, 128 nodes, 64 args, width 256, precision 6, output 1 MiB; native typed renderer and distinct owned result frames; named lexical values evaluated once; native registry identity and runtime profile are explicit; serialized interface metadata is verified by the separate metadata suite Checked format/interpolation profile; 64 segments; finite text/output budgets; pure interpolation	format:wrong-quote	STABLE_PUBLIC_PROFILE	sdk/contracts/stdlib/STDLIB-STABLE-CATALOG.tsv#g060-format:%q	DECLARED
ID-PUBLIC-4a990b4414293780dadf811a	g060-format:%s	Actual Int64/Float/Bool/Text arguments; literal strict template or dynamic checked policy; 4096 template bytes, 128 nodes, 64 args, width 256, precision 6, output 1 MiB; native typed renderer and distinct owned result frames; named lexical values evaluated once; native registry identity and runtime profile are explicit; serialized interface metadata is verified by the separate metadata suite Checked format/interpolation profile; 64 segments; finite text/output budgets; pure interpolation	format:coercion-forbidden	STABLE_PUBLIC_PROFILE	sdk/contracts/stdlib/STDLIB-STABLE-CATALOG.tsv#g060-format:%s	DECLARED
ID-PUBLIC-df98703b19385be55d410111	g060-format:%v	Actual Int64/Float/Bool/Text arguments; literal strict template or dynamic checked policy; 4096 template bytes, 128 nodes, 64 args, width 256, precision 6, output 1 MiB; native typed renderer and distinct owned result frames; named lexical values evaluated once; native registry identity and runtime profile are explicit; serialized interface metadata is verified by the separate metadata suite Checked format/interpolation profile; 64 segments; finite text/output budgets; pure interpolation	format:wrong-value	STABLE_PUBLIC_PROFILE	sdk/contracts/stdlib/STDLIB-STABLE-CATALOG.tsv#g060-format:%v	DECLARED
ID-PUBLIC-62ba26083fdf74e8e679ab19	g060-format:%x	Actual Int64/Float/Bool/Text arguments; literal strict template or dynamic checked policy; 4096 template bytes, 128 nodes, 64 args, width 256, precision 6, output 1 MiB; native typed renderer and distinct owned result frames; named lexical values evaluated once; native registry identity and runtime profile are explicit; serialized interface metadata is verified by the separate metadata suite Checked format/interpolation profile; 64 segments; finite text/output budgets; pure interpolation	format:wrong-hex	STABLE_PUBLIC_PROFILE	sdk/contracts/stdlib/STDLIB-STABLE-CATALOG.tsv#g060-format:%x	DECLARED
ID-PUBLIC-30f782416663db0471c2e10d	g060-format:%{idade:d}	Actual Int64/Float/Bool/Text arguments; literal strict template or dynamic checked policy; 4096 template bytes, 128 nodes, 64 args, width 256, precision 6, output 1 MiB; native typed renderer and distinct owned result frames; named lexical values evaluated once; native registry identity and runtime profile are explicit; serialized interface metadata is verified by the separate metadata suite Checked format/interpolation profile; 64 segments; finite text/output budgets; pure interpolation	format:named-type,format:named-duplicate	STABLE_PUBLIC_PROFILE	sdk/contracts/stdlib/STDLIB-STABLE-CATALOG.tsv#g060-format:%{idade:d}	DECLARED
ID-PUBLIC-b81db9494f3f42a2c18be081	g060-format:%{nome:s}	Actual Int64/Float/Bool/Text arguments; literal strict template or dynamic checked policy; 4096 template bytes, 128 nodes, 64 args, width 256, precision 6, output 1 MiB; native typed renderer and distinct owned result frames; named lexical values evaluated once; native registry identity and runtime profile are explicit; serialized interface metadata is verified by the separate metadata suite Checked format/interpolation profile; 64 segments; finite text/output budgets; pure interpolation	format:named-duplicate,format:named-absent	STABLE_PUBLIC_PROFILE	sdk/contracts/stdlib/STDLIB-STABLE-CATALOG.tsv#g060-format:%{nome:s}	DECLARED
ID-PUBLIC-fd5c6357997bd56c0b675ff2	g060-format:.allowCoerce()	Actual Int64/Float/Bool/Text arguments; literal strict template or dynamic checked policy; 4096 template bytes, 128 nodes, 64 args, width 256, precision 6, output 1 MiB; native typed renderer and distinct owned result frames; named lexical values evaluated once; native registry identity and runtime profile are explicit; serialized interface metadata is verified by the separate metadata suite Checked format/interpolation profile; 64 segments; finite text/output budgets; pure interpolation	format:configured-arity-allowCoerce	STABLE_PUBLIC_PROFILE	sdk/contracts/stdlib/STDLIB-STABLE-CATALOG.tsv#g060-format:.allowCoerce()	DECLARED
ID-PUBLIC-c380a52f744ca9f142aa8aa9	g060-format:.extraArgs(policy)	Actual Int64/Float/Bool/Text arguments; literal strict template or dynamic checked policy; 4096 template bytes, 128 nodes, 64 args, width 256, precision 6, output 1 MiB; native typed renderer and distinct owned result frames; named lexical values evaluated once; native registry identity and runtime profile are explicit; serialized interface metadata is verified by the separate metadata suite Checked format/interpolation profile; 64 segments; finite text/output budgets; pure interpolation	format:configured-type-extraArgs,format:configured-domain-extraArgs	STABLE_PUBLIC_PROFILE	sdk/contracts/stdlib/STDLIB-STABLE-CATALOG.tsv#g060-format:.extraArgs(policy)	DECLARED
ID-PUBLIC-47c3e17a138e9cca4e3b3cb5	g060-format:.formatOnly()	Actual Int64/Float/Bool/Text arguments; literal strict template or dynamic checked policy; 4096 template bytes, 128 nodes, 64 args, width 256, precision 6, output 1 MiB; native typed renderer and distinct owned result frames; named lexical values evaluated once; native registry identity and runtime profile are explicit; serialized interface metadata is verified by the separate metadata suite Checked format/interpolation profile; 64 segments; finite text/output budgets; pure interpolation	format:configured-arity-formatOnly	STABLE_PUBLIC_PROFILE	sdk/contracts/stdlib/STDLIB-STABLE-CATALOG.tsv#g060-format:.formatOnly()	DECLARED
ID-PUBLIC-4d1f8bd51ab9262b950a1077	g060-format:.loose()	Actual Int64/Float/Bool/Text arguments; literal strict template or dynamic checked policy; 4096 template bytes, 128 nodes, 64 args, width 256, precision 6, output 1 MiB; native typed renderer and distinct owned result frames; named lexical values evaluated once; native registry identity and runtime profile are explicit; serialized interface metadata is verified by the separate metadata suite Checked format/interpolation profile; 64 segments; finite text/output budgets; pure interpolation	format:configured-arity-loose	STABLE_PUBLIC_PROFILE	sdk/contracts/stdlib/STDLIB-STABLE-CATALOG.tsv#g060-format:.loose()	DECLARED
ID-PUBLIC-49d6601b1566a1d182055ee6	g060-format:.missingArgs(policy)	Actual Int64/Float/Bool/Text arguments; literal strict template or dynamic checked policy; 4096 template bytes, 128 nodes, 64 args, width 256, precision 6, output 1 MiB; native typed renderer and distinct owned result frames; named lexical values evaluated once; native registry identity and runtime profile are explicit; serialized interface metadata is verified by the separate metadata suite Checked format/interpolation profile; 64 segments; finite text/output budgets; pure interpolation	format:configured-type-missingArgs,format:configured-domain-missingArgs	STABLE_PUBLIC_PROFILE	sdk/contracts/stdlib/STDLIB-STABLE-CATALOG.tsv#g060-format:.missingArgs(policy)	DECLARED
ID-PUBLIC-a88225b08d8188bd36aad029	g060-format:.noCoerce()	Actual Int64/Float/Bool/Text arguments; literal strict template or dynamic checked policy; 4096 template bytes, 128 nodes, 64 args, width 256, precision 6, output 1 MiB; native typed renderer and distinct owned result frames; named lexical values evaluated once; native registry identity and runtime profile are explicit; serialized interface metadata is verified by the separate metadata suite Checked format/interpolation profile; 64 segments; finite text/output budgets; pure interpolation	format:configured-arity-noCoerce	STABLE_PUBLIC_PROFILE	sdk/contracts/stdlib/STDLIB-STABLE-CATALOG.tsv#g060-format:.noCoerce()	DECLARED
ID-PUBLIC-6df98269e9838fbc5393d151	g060-format:.placeholderMode(mode)	Actual Int64/Float/Bool/Text arguments; literal strict template or dynamic checked policy; 4096 template bytes, 128 nodes, 64 args, width 256, precision 6, output 1 MiB; native typed renderer and distinct owned result frames; named lexical values evaluated once; native registry identity and runtime profile are explicit; serialized interface metadata is verified by the separate metadata suite Checked format/interpolation profile; 64 segments; finite text/output budgets; pure interpolation	format:configured-type-placeholderMode,format:configured-domain-placeholderMode	STABLE_PUBLIC_PROFILE	sdk/contracts/stdlib/STDLIB-STABLE-CATALOG.tsv#g060-format:.placeholderMode(mode)	DECLARED
ID-PUBLIC-5a962b223308bcba02701958	g060-format:.strict()	Actual Int64/Float/Bool/Text arguments; literal strict template or dynamic checked policy; 4096 template bytes, 128 nodes, 64 args, width 256, precision 6, output 1 MiB; native typed renderer and distinct owned result frames; named lexical values evaluated once; native registry identity and runtime profile are explicit; serialized interface metadata is verified by the separate metadata suite Checked format/interpolation profile; 64 segments; finite text/output budgets; pure interpolation	format:configured-arity-strict	STABLE_PUBLIC_PROFILE	sdk/contracts/stdlib/STDLIB-STABLE-CATALOG.tsv#g060-format:.strict()	DECLARED
ID-PUBLIC-4b96602ed31273de4bfd4ad3	g060-format:.unknownPlaceholder(policy)	Actual Int64/Float/Bool/Text arguments; literal strict template or dynamic checked policy; 4096 template bytes, 128 nodes, 64 args, width 256, precision 6, output 1 MiB; native typed renderer and distinct owned result frames; named lexical values evaluated once; native registry identity and runtime profile are explicit; serialized interface metadata is verified by the separate metadata suite Checked format/interpolation profile; 64 segments; finite text/output budgets; pure interpolation	format:configured-type-unknownPlaceholder,format:configured-domain-unknownPlaceholder	STABLE_PUBLIC_PROFILE	sdk/contracts/stdlib/STDLIB-STABLE-CATALOG.tsv#g060-format:.unknownPlaceholder(policy)	DECLARED
ID-PUBLIC-588639d9ed067dd3f280b077	g060-format:.validateOnly()	Actual Int64/Float/Bool/Text arguments; literal strict template or dynamic checked policy; 4096 template bytes, 128 nodes, 64 args, width 256, precision 6, output 1 MiB; native typed renderer and distinct owned result frames; named lexical values evaluated once; native registry identity and runtime profile are explicit; serialized interface metadata is verified by the separate metadata suite Checked format/interpolation profile; 64 segments; finite text/output budgets; pure interpolation	format:configured-arity-validateOnly	STABLE_PUBLIC_PROFILE	sdk/contracts/stdlib/STDLIB-STABLE-CATALOG.tsv#g060-format:.validateOnly()	DECLARED
ID-PUBLIC-da38fbe2f5eb2edb91122465	g060-format:NEBO-FORMAT-001	Actual Int64/Float/Bool/Text arguments; literal strict template or dynamic checked policy; 4096 template bytes, 128 nodes, 64 args, width 256, precision 6, output 1 MiB; native typed renderer and distinct owned result frames; named lexical values evaluated once; native registry identity and runtime profile are explicit; serialized interface metadata is verified by the separate metadata suite Checked format/interpolation profile; 64 segments; finite text/output budgets; pure interpolation	format:unknown	STABLE_PUBLIC_PROFILE	sdk/contracts/stdlib/STDLIB-STABLE-CATALOG.tsv#g060-format:NEBO-FORMAT-001	DECLARED
ID-PUBLIC-a36906e5cb060716ab7f9c4a	g060-format:NEBO-FORMAT-002	Actual Int64/Float/Bool/Text arguments; literal strict template or dynamic checked policy; 4096 template bytes, 128 nodes, 64 args, width 256, precision 6, output 1 MiB; native typed renderer and distinct owned result frames; named lexical values evaluated once; native registry identity and runtime profile are explicit; serialized interface metadata is verified by the separate metadata suite Checked format/interpolation profile; 64 segments; finite text/output budgets; pure interpolation	format:missing,format:extra	STABLE_PUBLIC_PROFILE	sdk/contracts/stdlib/STDLIB-STABLE-CATALOG.tsv#g060-format:NEBO-FORMAT-002	DECLARED
ID-PUBLIC-5c4778e568eebac49774f5aa	g060-format:NEBO-FORMAT-003	Actual Int64/Float/Bool/Text arguments; literal strict template or dynamic checked policy; 4096 template bytes, 128 nodes, 64 args, width 256, precision 6, output 1 MiB; native typed renderer and distinct owned result frames; named lexical values evaluated once; native registry identity and runtime profile are explicit; serialized interface metadata is verified by the separate metadata suite Checked format/interpolation profile; 64 segments; finite text/output budgets; pure interpolation	format:wrong-type	STABLE_PUBLIC_PROFILE	sdk/contracts/stdlib/STDLIB-STABLE-CATALOG.tsv#g060-format:NEBO-FORMAT-003	DECLARED
ID-PUBLIC-45d326da50c8c8288c2dc4ad	g060-format:NEBO-FORMAT-004	Actual Int64/Float/Bool/Text arguments; literal strict template or dynamic checked policy; 4096 template bytes, 128 nodes, 64 args, width 256, precision 6, output 1 MiB; native typed renderer and distinct owned result frames; named lexical values evaluated once; native registry identity and runtime profile are explicit; serialized interface metadata is verified by the separate metadata suite Checked format/interpolation profile; 64 segments; finite text/output budgets; pure interpolation	format:width-limit,format:precision-limit	STABLE_PUBLIC_PROFILE	sdk/contracts/stdlib/STDLIB-STABLE-CATALOG.tsv#g060-format:NEBO-FORMAT-004	DECLARED
ID-PUBLIC-d30355c2cece43146c07e93c	g060-format:NEBO-FORMAT-005	Actual Int64/Float/Bool/Text arguments; literal strict template or dynamic checked policy; 4096 template bytes, 128 nodes, 64 args, width 256, precision 6, output 1 MiB; native typed renderer and distinct owned result frames; named lexical values evaluated once; native registry identity and runtime profile are explicit; serialized interface metadata is verified by the separate metadata suite Checked format/interpolation profile; 64 segments; finite text/output budgets; pure interpolation	format:named-duplicate,format:named-absent	STABLE_PUBLIC_PROFILE	sdk/contracts/stdlib/STDLIB-STABLE-CATALOG.tsv#g060-format:NEBO-FORMAT-005	DECLARED
ID-PUBLIC-86b66c8b359c731c8cd773be	g060-format:NEBO-FORMAT-006	Actual Int64/Float/Bool/Text arguments; literal strict template or dynamic checked policy; 4096 template bytes, 128 nodes, 64 args, width 256, precision 6, output 1 MiB; native typed renderer and distinct owned result frames; named lexical values evaluated once; native registry identity and runtime profile are explicit; serialized interface metadata is verified by the separate metadata suite Checked format/interpolation profile; 64 segments; finite text/output budgets; pure interpolation	format:position-zero,format:position-missing	STABLE_PUBLIC_PROFILE	sdk/contracts/stdlib/STDLIB-STABLE-CATALOG.tsv#g060-format:NEBO-FORMAT-006	DECLARED
ID-PUBLIC-d2ba4b9eaf9bddc9b87c5574	g060-format:NEBO-FORMAT-007	Actual Int64/Float/Bool/Text arguments; literal strict template or dynamic checked policy; 4096 template bytes, 128 nodes, 64 args, width 256, precision 6, output 1 MiB; native typed renderer and distinct owned result frames; named lexical values evaluated once; native registry identity and runtime profile are explicit; serialized interface metadata is verified by the separate metadata suite Checked format/interpolation profile; 64 segments; finite text/output budgets; pure interpolation	format:coercion-forbidden	STABLE_PUBLIC_PROFILE	sdk/contracts/stdlib/STDLIB-STABLE-CATALOG.tsv#g060-format:NEBO-FORMAT-007	DECLARED
ID-PUBLIC-37b024b85dc0fcb4626a142a	g060-format:NEBO-FORMAT-008	Actual Int64/Float/Bool/Text arguments; literal strict template or dynamic checked policy; 4096 template bytes, 128 nodes, 64 args, width 256, precision 6, output 1 MiB; native typed renderer and distinct owned result frames; named lexical values evaluated once; native registry identity and runtime profile are explicit; serialized interface metadata is verified by the separate metadata suite Checked format/interpolation profile; 64 segments; finite text/output budgets; pure interpolation	format:template-4097	STABLE_PUBLIC_PROFILE	sdk/contracts/stdlib/STDLIB-STABLE-CATALOG.tsv#g060-format:NEBO-FORMAT-008	DECLARED
ID-PUBLIC-e1b83788f26f154f766e3067	g061-format:${id:hex(width: 8)}	Ordinary token/AST expression children; native pure-only effect policy with resolved callee bodies; static G059 nodes and G062 profiles; 64 segments, 16 nested quotes, 4096 source-content bytes; native named-product fields preserve declared types/offsets and source order (8 declarations/8 fields); native-token tooling preserves literals and exposes expressions; rename uses existing G162 receiver-method SymbolIds; privacy remains a separate obligation Checked format/interpolation profile; 64 segments; finite text/output budgets; pure interpolation	interpolation:width-limit,interpolation:width-type,interpolation:width-name	STABLE_PUBLIC_PROFILE	sdk/contracts/stdlib/STDLIB-STABLE-CATALOG.tsv#g061-format:${id:hex(width: 8)}	DECLARED
ID-PUBLIC-984a1ab7caa70d80d9478186	g061-format:${nome:align(right, 20)}	Ordinary token/AST expression children; native pure-only effect policy with resolved callee bodies; static G059 nodes and G062 profiles; 64 segments, 16 nested quotes, 4096 source-content bytes; native named-product fields preserve declared types/offsets and source order (8 declarations/8 fields); native-token tooling preserves literals and exposes expressions; rename uses existing G162 receiver-method SymbolIds; privacy remains a separate obligation Checked format/interpolation profile; 64 segments; finite text/output budgets; pure interpolation	interpolation:align-side,interpolation:align-width	STABLE_PUBLIC_PROFILE	sdk/contracts/stdlib/STDLIB-STABLE-CATALOG.tsv#g061-format:${nome:align(right, 20)}	DECLARED
ID-PUBLIC-f9602aeea50887a02b6acb9f	g061-format:${nome}	Ordinary token/AST expression children; native pure-only effect policy with resolved callee bodies; static G059 nodes and G062 profiles; 64 segments, 16 nested quotes, 4096 source-content bytes; native named-product fields preserve declared types/offsets and source order (8 declarations/8 fields); native-token tooling preserves literals and exposes expressions; rename uses existing G162 receiver-method SymbolIds; privacy remains a separate obligation Checked format/interpolation profile; 64 segments; finite text/output budgets; pure interpolation	interpolation:missing-name	STABLE_PUBLIC_PROFILE	sdk/contracts/stdlib/STDLIB-STABLE-CATALOG.tsv#g061-format:${nome}	DECLARED
ID-PUBLIC-a7e6c7caaab8f5758093c1bb	g061-format:${preco:fixed(2)}	Ordinary token/AST expression children; native pure-only effect policy with resolved callee bodies; static G059 nodes and G062 profiles; 64 segments, 16 nested quotes, 4096 source-content bytes; native named-product fields preserve declared types/offsets and source order (8 declarations/8 fields); native-token tooling preserves literals and exposes expressions; rename uses existing G162 receiver-method SymbolIds; privacy remains a separate obligation Checked format/interpolation profile; 64 segments; finite text/output budgets; pure interpolation	interpolation:wrong-type-fixed,interpolation:precision-limit	STABLE_PUBLIC_PROFILE	sdk/contracts/stdlib/STDLIB-STABLE-CATALOG.tsv#g061-format:${preco:fixed(2)}	DECLARED
ID-PUBLIC-fe4a9c183b8f80e1cf29a182	g061-format:${texto.codepointCount()}	Ordinary token/AST expression children; native pure-only effect policy with resolved callee bodies; static G059 nodes and G062 profiles; 64 segments, 16 nested quotes, 4096 source-content bytes; native named-product fields preserve declared types/offsets and source order (8 declarations/8 fields); native-token tooling preserves literals and exposes expressions; rename uses existing G162 receiver-method SymbolIds; privacy remains a separate obligation Checked format/interpolation profile; 64 segments; finite text/output budgets; pure interpolation	interpolation:effect-console	STABLE_PUBLIC_PROFILE	sdk/contracts/stdlib/STDLIB-STABLE-CATALOG.tsv#g061-format:${texto.codepointCount()}	DECLARED
ID-PUBLIC-c381297cdd85bc882a1eebda	g061-format:${utilizador.nome}	Ordinary token/AST expression children; native pure-only effect policy with resolved callee bodies; static G059 nodes and G062 profiles; 64 segments, 16 nested quotes, 4096 source-content bytes; native named-product fields preserve declared types/offsets and source order (8 declarations/8 fields); native-token tooling preserves literals and exposes expressions; rename uses existing G162 receiver-method SymbolIds; privacy remains a separate obligation Int64/Bool/binary64/Unicode scalar values; checked arithmetic; lexical evaluation once	composite:typed-struct-wrong-text,composite:typed-struct-wrong-int,composite:typed-struct-unknown-projection,composite:typed-struct-interpolation-effects	STABLE_PUBLIC_PROFILE	sdk/contracts/stdlib/STDLIB-STABLE-CATALOG.tsv#g061-format:${utilizador.nome}	DECLARED
ID-PUBLIC-738d802bace68632720f7a15	g061-format:${valor:fixed(2)}	Ordinary token/AST expression children; native pure-only effect policy with resolved callee bodies; static G059 nodes and G062 profiles; 64 segments, 16 nested quotes, 4096 source-content bytes; native named-product fields preserve declared types/offsets and source order (8 declarations/8 fields); native-token tooling preserves literals and exposes expressions; rename uses existing G162 receiver-method SymbolIds; privacy remains a separate obligation Checked format/interpolation profile; 64 segments; finite text/output budgets; pure interpolation	interpolation:wrong-type-fixed,interpolation:precision-limit	STABLE_PUBLIC_PROFILE	sdk/contracts/stdlib/STDLIB-STABLE-CATALOG.tsv#g061-format:${valor:fixed(2)}	DECLARED
ID-PUBLIC-0c9ff39c358fd2b927713cd2	g061-format:${x + y}	Ordinary token/AST expression children; native pure-only effect policy with resolved callee bodies; static G059 nodes and G062 profiles; 64 segments, 16 nested quotes, 4096 source-content bytes; native named-product fields preserve declared types/offsets and source order (8 declarations/8 fields); native-token tooling preserves literals and exposes expressions; rename uses existing G162 receiver-method SymbolIds; privacy remains a separate obligation Checked format/interpolation profile; 64 segments; finite text/output budgets; pure interpolation	interpolation:missing-name	STABLE_PUBLIC_PROFILE	sdk/contracts/stdlib/STDLIB-STABLE-CATALOG.tsv#g061-format:${x + y}	DECLARED
ID-PUBLIC-676f09c660c7e06e95e7a645	g061-format:A_B_FORMAT_PLAN_EQUIVALENCE	Ordinary token/AST expression children; native pure-only effect policy with resolved callee bodies; static G059 nodes and G062 profiles; 64 segments, 16 nested quotes, 4096 source-content bytes; native named-product fields preserve declared types/offsets and source order (8 declarations/8 fields); native-token tooling preserves literals and exposes expressions; rename uses existing G162 receiver-method SymbolIds; privacy remains a separate obligation Checked format/interpolation profile; 64 segments; finite text/output budgets; pure interpolation	interpolation:wrong-type-fixed	STABLE_PUBLIC_PROFILE	sdk/contracts/stdlib/STDLIB-STABLE-CATALOG.tsv#g061-format:A_B_FORMAT_PLAN_EQUIVALENCE	DECLARED
ID-PUBLIC-c77f14604299185cae3d3bc2	g061-format:FormatProfileExpr	Ordinary token/AST expression children; native pure-only effect policy with resolved callee bodies; static G059 nodes and G062 profiles; 64 segments, 16 nested quotes, 4096 source-content bytes; native named-product fields preserve declared types/offsets and source order (8 declarations/8 fields); native-token tooling preserves literals and exposes expressions; rename uses existing G162 receiver-method SymbolIds; privacy remains a separate obligation Checked format/interpolation profile; 64 segments; finite text/output budgets; pure interpolation	interpolation:unknown-profile,interpolation:width-name	STABLE_PUBLIC_PROFILE	sdk/contracts/stdlib/STDLIB-STABLE-CATALOG.tsv#g061-format:FormatProfileExpr	DECLARED
ID-PUBLIC-6e8cbfb0d236fba85b7fac15	g061-format:INTERPOLATION_EFFECT_POLICY=PURE_ONLY	Ordinary token/AST expression children; native pure-only effect policy with resolved callee bodies; static G059 nodes and G062 profiles; 64 segments, 16 nested quotes, 4096 source-content bytes; native named-product fields preserve declared types/offsets and source order (8 declarations/8 fields); native-token tooling preserves literals and exposes expressions; rename uses existing G162 receiver-method SymbolIds; privacy remains a separate obligation Checked format/interpolation profile; 64 segments; finite text/output budgets; pure interpolation	interpolation:effect-console,interpolation:effect-function,interpolation:effect-transitive,interpolation:effect-mutable	STABLE_PUBLIC_PROFILE	sdk/contracts/stdlib/STDLIB-STABLE-CATALOG.tsv#g061-format:INTERPOLATION_EFFECT_POLICY=PURE_ONLY	DECLARED
ID-PUBLIC-2fa33969b0c5aee2d74588af	g061-format:INTERPOLATION_EVALUATION=EXACTLY_ONCE	Ordinary token/AST expression children; native pure-only effect policy with resolved callee bodies; static G059 nodes and G062 profiles; 64 segments, 16 nested quotes, 4096 source-content bytes; native named-product fields preserve declared types/offsets and source order (8 declarations/8 fields); native-token tooling preserves literals and exposes expressions; rename uses existing G162 receiver-method SymbolIds; privacy remains a separate obligation Checked format/interpolation profile; 64 segments; finite text/output budgets; pure interpolation	interpolation:effect-function	STABLE_PUBLIC_PROFILE	sdk/contracts/stdlib/STDLIB-STABLE-CATALOG.tsv#g061-format:INTERPOLATION_EVALUATION=EXACTLY_ONCE	DECLARED
ID-PUBLIC-a4374b03774d28f0d1661362	g061-format:INTERPOLATION_ORDER=LEFT_TO_RIGHT	Ordinary token/AST expression children; native pure-only effect policy with resolved callee bodies; static G059 nodes and G062 profiles; 64 segments, 16 nested quotes, 4096 source-content bytes; native named-product fields preserve declared types/offsets and source order (8 declarations/8 fields); native-token tooling preserves literals and exposes expressions; rename uses existing G162 receiver-method SymbolIds; privacy remains a separate obligation Checked format/interpolation profile; 64 segments; finite text/output budgets; pure interpolation	interpolation:effect-transitive	STABLE_PUBLIC_PROFILE	sdk/contracts/stdlib/STDLIB-STABLE-CATALOG.tsv#g061-format:INTERPOLATION_ORDER=LEFT_TO_RIGHT	DECLARED
ID-PUBLIC-6c4e924ad91c85612cf36c90	g061-format:InterpolatedTextExpr	Ordinary token/AST expression children; native pure-only effect policy with resolved callee bodies; static G059 nodes and G062 profiles; 64 segments, 16 nested quotes, 4096 source-content bytes; native named-product fields preserve declared types/offsets and source order (8 declarations/8 fields); native-token tooling preserves literals and exposes expressions; rename uses existing G162 receiver-method SymbolIds; privacy remains a separate obligation Checked format/interpolation profile; 64 segments; finite text/output budgets; pure interpolation	interpolation:effect-console	STABLE_PUBLIC_PROFILE	sdk/contracts/stdlib/STDLIB-STABLE-CATALOG.tsv#g061-format:InterpolatedTextExpr	DECLARED
ID-PUBLIC-aeb0464e94d9f4992cc3edc5	g061-format:InterpolatedTextExpr.lowerToFormatPlan()	Ordinary token/AST expression children; native pure-only effect policy with resolved callee bodies; static G059 nodes and G062 profiles; 64 segments, 16 nested quotes, 4096 source-content bytes; native named-product fields preserve declared types/offsets and source order (8 declarations/8 fields); native-token tooling preserves literals and exposes expressions; rename uses existing G162 receiver-method SymbolIds; privacy remains a separate obligation Checked format/interpolation profile; 64 segments; finite text/output budgets; pure interpolation	interpolation:precision-limit	STABLE_PUBLIC_PROFILE	sdk/contracts/stdlib/STDLIB-STABLE-CATALOG.tsv#g061-format:InterpolatedTextExpr.lowerToFormatPlan()	DECLARED
ID-PUBLIC-a136f2fa47db86337d2ef813	g061-format:InterpolationEndToken	Ordinary token/AST expression children; native pure-only effect policy with resolved callee bodies; static G059 nodes and G062 profiles; 64 segments, 16 nested quotes, 4096 source-content bytes; native named-product fields preserve declared types/offsets and source order (8 declarations/8 fields); native-token tooling preserves literals and exposes expressions; rename uses existing G162 receiver-method SymbolIds; privacy remains a separate obligation Checked format/interpolation profile; 64 segments; finite text/output budgets; pure interpolation	interpolation:nesting-limit	STABLE_PUBLIC_PROFILE	sdk/contracts/stdlib/STDLIB-STABLE-CATALOG.tsv#g061-format:InterpolationEndToken	DECLARED
ID-PUBLIC-15b6e96165bb019526eb17ed	g061-format:InterpolationPurityCheck	Ordinary token/AST expression children; native pure-only effect policy with resolved callee bodies; static G059 nodes and G062 profiles; 64 segments, 16 nested quotes, 4096 source-content bytes; native named-product fields preserve declared types/offsets and source order (8 declarations/8 fields); native-token tooling preserves literals and exposes expressions; rename uses existing G162 receiver-method SymbolIds; privacy remains a separate obligation Checked format/interpolation profile; 64 segments; finite text/output budgets; pure interpolation	interpolation:effect-transitive,interpolation:effect-mutable	STABLE_PUBLIC_PROFILE	sdk/contracts/stdlib/STDLIB-STABLE-CATALOG.tsv#g061-format:InterpolationPurityCheck	DECLARED
ID-PUBLIC-19a4e52e6758b9ded9923207	g061-format:InterpolationRecovery	Ordinary token/AST expression children; native pure-only effect policy with resolved callee bodies; static G059 nodes and G062 profiles; 64 segments, 16 nested quotes, 4096 source-content bytes; native named-product fields preserve declared types/offsets and source order (8 declarations/8 fields); native-token tooling preserves literals and exposes expressions; rename uses existing G162 receiver-method SymbolIds; privacy remains a separate obligation Checked format/interpolation profile; 64 segments; finite text/output budgets; pure interpolation	interpolation:nesting-limit,interpolation:segments-limit	STABLE_PUBLIC_PROFILE	sdk/contracts/stdlib/STDLIB-STABLE-CATALOG.tsv#g061-format:InterpolationRecovery	DECLARED
ID-PUBLIC-cc84444e00a3c9f3fde58169	g061-format:InterpolationSegment.expression	Ordinary token/AST expression children; native pure-only effect policy with resolved callee bodies; static G059 nodes and G062 profiles; 64 segments, 16 nested quotes, 4096 source-content bytes; native named-product fields preserve declared types/offsets and source order (8 declarations/8 fields); native-token tooling preserves literals and exposes expressions; rename uses existing G162 receiver-method SymbolIds; privacy remains a separate obligation Checked format/interpolation profile; 64 segments; finite text/output budgets; pure interpolation	interpolation:effect-console	STABLE_PUBLIC_PROFILE	sdk/contracts/stdlib/STDLIB-STABLE-CATALOG.tsv#g061-format:InterpolationSegment.expression	DECLARED
ID-PUBLIC-22853da32d0302b76ac61952	g061-format:InterpolationSegment.literal	Ordinary token/AST expression children; native pure-only effect policy with resolved callee bodies; static G059 nodes and G062 profiles; 64 segments, 16 nested quotes, 4096 source-content bytes; native named-product fields preserve declared types/offsets and source order (8 declarations/8 fields); native-token tooling preserves literals and exposes expressions; rename uses existing G162 receiver-method SymbolIds; privacy remains a separate obligation Checked format/interpolation profile; 64 segments; finite text/output budgets; pure interpolation	interpolation:template-tail-limit	STABLE_PUBLIC_PROFILE	sdk/contracts/stdlib/STDLIB-STABLE-CATALOG.tsv#g061-format:InterpolationSegment.literal	DECLARED
ID-PUBLIC-300f283ff0a03712be4e7d3f	g061-format:InterpolationStartToken	Ordinary token/AST expression children; native pure-only effect policy with resolved callee bodies; static G059 nodes and G062 profiles; 64 segments, 16 nested quotes, 4096 source-content bytes; native named-product fields preserve declared types/offsets and source order (8 declarations/8 fields); native-token tooling preserves literals and exposes expressions; rename uses existing G162 receiver-method SymbolIds; privacy remains a separate obligation Checked format/interpolation profile; 64 segments; finite text/output budgets; pure interpolation	interpolation:effect-console	STABLE_PUBLIC_PROFILE	sdk/contracts/stdlib/STDLIB-STABLE-CATALOG.tsv#g061-format:InterpolationStartToken	DECLARED
ID-PUBLIC-8916d4340fc2f4846ad8d4c7	g061-format:InterpolationTemporary	Ordinary token/AST expression children; native pure-only effect policy with resolved callee bodies; static G059 nodes and G062 profiles; 64 segments, 16 nested quotes, 4096 source-content bytes; native named-product fields preserve declared types/offsets and source order (8 declarations/8 fields); native-token tooling preserves literals and exposes expressions; rename uses existing G162 receiver-method SymbolIds; privacy remains a separate obligation Checked format/interpolation profile; 64 segments; finite text/output budgets; pure interpolation	interpolation:effect-mutable	STABLE_PUBLIC_PROFILE	sdk/contracts/stdlib/STDLIB-STABLE-CATALOG.tsv#g061-format:InterpolationTemporary	DECLARED
ID-PUBLIC-5b7b1b964c6f72143d9a1087	g061-format:LSP interpolation tokens	Ordinary token/AST expression children; native pure-only effect policy with resolved callee bodies; static G059 nodes and G062 profiles; 64 segments, 16 nested quotes, 4096 source-content bytes; native named-product fields preserve declared types/offsets and source order (8 declarations/8 fields); native-token tooling preserves literals and exposes expressions; rename uses existing G162 receiver-method SymbolIds; privacy remains a separate obligation Checked format/interpolation profile; 64 segments; finite text/output budgets; pure interpolation	interpolation:tooling-literal-and-comment,interpolation:tooling-token-limit	STABLE_PUBLIC_PROFILE	sdk/contracts/stdlib/STDLIB-STABLE-CATALOG.tsv#g061-format:LSP interpolation tokens	DECLARED
ID-PUBLIC-0f299eb500d6ca0b5583c976	g061-format:RUNTIME_TEMPLATE_PARSE=NO	Ordinary token/AST expression children; native pure-only effect policy with resolved callee bodies; static G059 nodes and G062 profiles; 64 segments, 16 nested quotes, 4096 source-content bytes; native named-product fields preserve declared types/offsets and source order (8 declarations/8 fields); native-token tooling preserves literals and exposes expressions; rename uses existing G162 receiver-method SymbolIds; privacy remains a separate obligation Checked format/interpolation profile; 64 segments; finite text/output budgets; pure interpolation	interpolation:unknown-profile	STABLE_PUBLIC_PROFILE	sdk/contracts/stdlib/STDLIB-STABLE-CATALOG.tsv#g061-format:RUNTIME_TEMPLATE_PARSE=NO	DECLARED
ID-PUBLIC-f44e6e09f3fd5df76357b985	g061-format:\${	Ordinary token/AST expression children; native pure-only effect policy with resolved callee bodies; static G059 nodes and G062 profiles; 64 segments, 16 nested quotes, 4096 source-content bytes; native named-product fields preserve declared types/offsets and source order (8 declarations/8 fields); native-token tooling preserves literals and exposes expressions; rename uses existing G162 receiver-method SymbolIds; privacy remains a separate obligation Checked format/interpolation profile; 64 segments; finite text/output budgets; pure interpolation	interpolation:effect-console	STABLE_PUBLIC_PROFILE	sdk/contracts/stdlib/STDLIB-STABLE-CATALOG.tsv#g061-format:\${	DECLARED
ID-PUBLIC-cc63f5b0475b22b837ff14ff	g061-format:formatter interpolation	Ordinary token/AST expression children; native pure-only effect policy with resolved callee bodies; static G059 nodes and G062 profiles; 64 segments, 16 nested quotes, 4096 source-content bytes; native named-product fields preserve declared types/offsets and source order (8 declarations/8 fields); native-token tooling preserves literals and exposes expressions; rename uses existing G162 receiver-method SymbolIds; privacy remains a separate obligation Checked format/interpolation profile; 64 segments; finite text/output budgets; pure interpolation	interpolation:tooling-format-invalid	STABLE_PUBLIC_PROFILE	sdk/contracts/stdlib/STDLIB-STABLE-CATALOG.tsv#g061-format:formatter interpolation	DECLARED
ID-PUBLIC-7836359f369b3e30d6c88311	g061-format:rename inside interpolation	Ordinary token/AST expression children; native pure-only effect policy with resolved callee bodies; static G059 nodes and G062 profiles; 64 segments, 16 nested quotes, 4096 source-content bytes; native named-product fields preserve declared types/offsets and source order (8 declarations/8 fields); native-token tooling preserves literals and exposes expressions; rename uses existing G162 receiver-method SymbolIds; privacy remains a separate obligation Checked format/interpolation profile; 64 segments; finite text/output budgets; pure interpolation	interpolation:tooling-rename-literal	STABLE_PUBLIC_PROFILE	sdk/contracts/stdlib/STDLIB-STABLE-CATALOG.tsv#g061-format:rename inside interpolation	DECLARED
ID-PUBLIC-9717365fda11bc569ec5218f	g170-console:Bool.console	Retained source values plus opt-in pointer-free document/RenderTree/software observation; 256x128 BGRA8 synthetic glyphs; linear document 4096 bytes and title 256 bytes; size is UTF-8 bytes/lines; style selects zero-based payload nodes; Position is logical software pixels; typed Color RGBA8 and native Result; structured Table<Int> 32x8, Tree<Int> 32 nodes/depth16, named products 8 fields/declarations; 4096 rendered bytes and 64 structured publications. Every effect executes once; no window/backend capability inferred. See G170 checklist for narrower method bounds; metadata joins remain in F01. Retained document/headless software profile; exact nodes and bytes; no live desktop claim	console:bare-color	STABLE_PUBLIC_PROFILE	sdk/contracts/stdlib/STDLIB-STABLE-CATALOG.tsv#g170-console:Bool.console	DECLARED
ID-PUBLIC-e5aef262423aa23b1dbed96b	g170-console:Color(Int,Int,Int)	Retained source values plus opt-in pointer-free document/RenderTree/software observation; 256x128 BGRA8 synthetic glyphs; linear document 4096 bytes and title 256 bytes; size is UTF-8 bytes/lines; style selects zero-based payload nodes; Position is logical software pixels; typed Color RGBA8 and native Result; structured Table<Int> 32x8, Tree<Int> 32 nodes/depth16, named products 8 fields/declarations; 4096 rendered bytes and 64 structured publications. Every effect executes once; no window/backend capability inferred. See G170 checklist for narrower method bounds; metadata joins remain in F01. Retained document/headless software profile; exact nodes and bytes; no live desktop claim	console:color-sugar-arity	STABLE_PUBLIC_PROFILE	sdk/contracts/stdlib/STDLIB-STABLE-CATALOG.tsv#g170-console:Color(Int,Int,Int)	DECLARED
ID-PUBLIC-1545603bf6b67e0650054d3d	g170-console:Color(Int,Int,Int,Int)	Retained source values plus opt-in pointer-free document/RenderTree/software observation; 256x128 BGRA8 synthetic glyphs; linear document 4096 bytes and title 256 bytes; size is UTF-8 bytes/lines; style selects zero-based payload nodes; Position is logical software pixels; typed Color RGBA8 and native Result; structured Table<Int> 32x8, Tree<Int> 32 nodes/depth16, named products 8 fields/declarations; 4096 rendered bytes and 64 structured publications. Every effect executes once; no window/backend capability inferred. See G170 checklist for narrower method bounds; metadata joins remain in F01. Retained document/headless software profile; exact nodes and bytes; no live desktop claim	console:color-sugar-arity	STABLE_PUBLIC_PROFILE	sdk/contracts/stdlib/STDLIB-STABLE-CATALOG.tsv#g170-console:Color(Int,Int,Int,Int)	DECLARED
ID-PUBLIC-4fcc39a0e660120cf35d6203	g170-console:Color(TextLiteral)	Retained source values plus opt-in pointer-free document/RenderTree/software observation; 256x128 BGRA8 synthetic glyphs; linear document 4096 bytes and title 256 bytes; size is UTF-8 bytes/lines; style selects zero-based payload nodes; Position is logical software pixels; typed Color RGBA8 and native Result; structured Table<Int> 32x8, Tree<Int> 32 nodes/depth16, named products 8 fields/declarations; 4096 rendered bytes and 64 structured publications. Every effect executes once; no window/backend capability inferred. See G170 checklist for narrower method bounds; metadata joins remain in F01. Retained document/headless software profile; exact nodes and bytes; no live desktop claim	console:color-sugar-arity	STABLE_PUBLIC_PROFILE	sdk/contracts/stdlib/STDLIB-STABLE-CATALOG.tsv#g170-console:Color(TextLiteral)	DECLARED
ID-PUBLIC-28047b920803d1f18459ea31	g170-console:Color.alpha	Retained source values plus opt-in pointer-free document/RenderTree/software observation; 256x128 BGRA8 synthetic glyphs; linear document 4096 bytes and title 256 bytes; size is UTF-8 bytes/lines; style selects zero-based payload nodes; Position is logical software pixels; typed Color RGBA8 and native Result; structured Table<Int> 32x8, Tree<Int> 32 nodes/depth16, named products 8 fields/declarations; 4096 rendered bytes and 64 structured publications. Every effect executes once; no window/backend capability inferred. See G170 checklist for narrower method bounds; metadata joins remain in F01. Retained document/headless software profile; exact nodes and bytes; no live desktop claim	console:channel-arity	STABLE_PUBLIC_PROFILE	sdk/contracts/stdlib/STDLIB-STABLE-CATALOG.tsv#g170-console:Color.alpha	DECLARED
ID-PUBLIC-c71cb2602cb83caa49ca5f40	g170-console:Color.blue	Retained source values plus opt-in pointer-free document/RenderTree/software observation; 256x128 BGRA8 synthetic glyphs; linear document 4096 bytes and title 256 bytes; size is UTF-8 bytes/lines; style selects zero-based payload nodes; Position is logical software pixels; typed Color RGBA8 and native Result; structured Table<Int> 32x8, Tree<Int> 32 nodes/depth16, named products 8 fields/declarations; 4096 rendered bytes and 64 structured publications. Every effect executes once; no window/backend capability inferred. See G170 checklist for narrower method bounds; metadata joins remain in F01. Retained document/headless software profile; exact nodes and bytes; no live desktop claim	console:channel-arity	STABLE_PUBLIC_PROFILE	sdk/contracts/stdlib/STDLIB-STABLE-CATALOG.tsv#g170-console:Color.blue	DECLARED
ID-PUBLIC-08609bddec5408c08be0046b	g170-console:Color.copy	Retained source values plus opt-in pointer-free document/RenderTree/software observation; 256x128 BGRA8 synthetic glyphs; linear document 4096 bytes and title 256 bytes; size is UTF-8 bytes/lines; style selects zero-based payload nodes; Position is logical software pixels; typed Color RGBA8 and native Result; structured Table<Int> 32x8, Tree<Int> 32 nodes/depth16, named products 8 fields/declarations; 4096 rendered bytes and 64 structured publications. Every effect executes once; no window/backend capability inferred. See G170 checklist for narrower method bounds; metadata joins remain in F01. Retained document/headless software profile; exact nodes and bytes; no live desktop claim	console:equals-type	STABLE_PUBLIC_PROFILE	sdk/contracts/stdlib/STDLIB-STABLE-CATALOG.tsv#g170-console:Color.copy	DECLARED
ID-PUBLIC-5e96015b74b7fecd127e454d	g170-console:Color.equals	Retained source values plus opt-in pointer-free document/RenderTree/software observation; 256x128 BGRA8 synthetic glyphs; linear document 4096 bytes and title 256 bytes; size is UTF-8 bytes/lines; style selects zero-based payload nodes; Position is logical software pixels; typed Color RGBA8 and native Result; structured Table<Int> 32x8, Tree<Int> 32 nodes/depth16, named products 8 fields/declarations; 4096 rendered bytes and 64 structured publications. Every effect executes once; no window/backend capability inferred. See G170 checklist for narrower method bounds; metadata joins remain in F01. Retained document/headless software profile; exact nodes and bytes; no live desktop claim	console:equals-type	STABLE_PUBLIC_PROFILE	sdk/contracts/stdlib/STDLIB-STABLE-CATALOG.tsv#g170-console:Color.equals	DECLARED
ID-PUBLIC-dfd159c85046568c624558c7	g170-console:Color.green	Retained source values plus opt-in pointer-free document/RenderTree/software observation; 256x128 BGRA8 synthetic glyphs; linear document 4096 bytes and title 256 bytes; size is UTF-8 bytes/lines; style selects zero-based payload nodes; Position is logical software pixels; typed Color RGBA8 and native Result; structured Table<Int> 32x8, Tree<Int> 32 nodes/depth16, named products 8 fields/declarations; 4096 rendered bytes and 64 structured publications. Every effect executes once; no window/backend capability inferred. See G170 checklist for narrower method bounds; metadata joins remain in F01. Retained document/headless software profile; exact nodes and bytes; no live desktop claim	console:channel-arity	STABLE_PUBLIC_PROFILE	sdk/contracts/stdlib/STDLIB-STABLE-CATALOG.tsv#g170-console:Color.green	DECLARED
ID-PUBLIC-e08a99c842c6d0762bf60681	g170-console:Color.hash	Retained source values plus opt-in pointer-free document/RenderTree/software observation; 256x128 BGRA8 synthetic glyphs; linear document 4096 bytes and title 256 bytes; size is UTF-8 bytes/lines; style selects zero-based payload nodes; Position is logical software pixels; typed Color RGBA8 and native Result; structured Table<Int> 32x8, Tree<Int> 32 nodes/depth16, named products 8 fields/declarations; 4096 rendered bytes and 64 structured publications. Every effect executes once; no window/backend capability inferred. See G170 checklist for narrower method bounds; metadata joins remain in F01. Retained document/headless software profile; exact nodes and bytes; no live desktop claim	console:color-hash-arity	STABLE_PUBLIC_PROFILE	sdk/contracts/stdlib/STDLIB-STABLE-CATALOG.tsv#g170-console:Color.hash	DECLARED
ID-PUBLIC-51c143323d02459e64410f51	g170-console:Color.hex	Retained source values plus opt-in pointer-free document/RenderTree/software observation; 256x128 BGRA8 synthetic glyphs; linear document 4096 bytes and title 256 bytes; size is UTF-8 bytes/lines; style selects zero-based payload nodes; Position is logical software pixels; typed Color RGBA8 and native Result; structured Table<Int> 32x8, Tree<Int> 32 nodes/depth16, named products 8 fields/declarations; 4096 rendered bytes and 64 structured publications. Every effect executes once; no window/backend capability inferred. See G170 checklist for narrower method bounds; metadata joins remain in F01. Retained document/headless software profile; exact nodes and bytes; no live desktop claim	console:color-invalid-hex,console:color-hex-arity,console:color-dynamic-hex	STABLE_PUBLIC_PROFILE	sdk/contracts/stdlib/STDLIB-STABLE-CATALOG.tsv#g170-console:Color.hex	DECLARED
ID-PUBLIC-fd34f906aec051e567e5a474	g170-console:Color.isOpaque	Retained source values plus opt-in pointer-free document/RenderTree/software observation; 256x128 BGRA8 synthetic glyphs; linear document 4096 bytes and title 256 bytes; size is UTF-8 bytes/lines; style selects zero-based payload nodes; Position is logical software pixels; typed Color RGBA8 and native Result; structured Table<Int> 32x8, Tree<Int> 32 nodes/depth16, named products 8 fields/declarations; 4096 rendered bytes and 64 structured publications. Every effect executes once; no window/backend capability inferred. See G170 checklist for narrower method bounds; metadata joins remain in F01. Retained document/headless software profile; exact nodes and bytes; no live desktop claim	console:color-opaque-arity	STABLE_PUBLIC_PROFILE	sdk/contracts/stdlib/STDLIB-STABLE-CATALOG.tsv#g170-console:Color.isOpaque	DECLARED
ID-PUBLIC-cb3768b59cca5d57f891afdc	g170-console:Color.parseHex	Retained source values plus opt-in pointer-free document/RenderTree/software observation; 256x128 BGRA8 synthetic glyphs; linear document 4096 bytes and title 256 bytes; size is UTF-8 bytes/lines; style selects zero-based payload nodes; Position is logical software pixels; typed Color RGBA8 and native Result; structured Table<Int> 32x8, Tree<Int> 32 nodes/depth16, named products 8 fields/declarations; 4096 rendered bytes and 64 structured publications. Every effect executes once; no window/backend capability inferred. See G170 checklist for narrower method bounds; metadata joins remain in F01. Retained document/headless software profile; exact nodes and bytes; no live desktop claim	console:color-result-fallback-type,console:color-expect-error-#12G456	STABLE_PUBLIC_PROFILE	sdk/contracts/stdlib/STDLIB-STABLE-CATALOG.tsv#g170-console:Color.parseHex	DECLARED
ID-PUBLIC-4392e835a939fa998c614474	g170-console:Color.red	Retained source values plus opt-in pointer-free document/RenderTree/software observation; 256x128 BGRA8 synthetic glyphs; linear document 4096 bytes and title 256 bytes; size is UTF-8 bytes/lines; style selects zero-based payload nodes; Position is logical software pixels; typed Color RGBA8 and native Result; structured Table<Int> 32x8, Tree<Int> 32 nodes/depth16, named products 8 fields/declarations; 4096 rendered bytes and 64 structured publications. Every effect executes once; no window/backend capability inferred. See G170 checklist for narrower method bounds; metadata joins remain in F01. Retained document/headless software profile; exact nodes and bytes; no live desktop claim	console:channel-arity	STABLE_PUBLIC_PROFILE	sdk/contracts/stdlib/STDLIB-STABLE-CATALOG.tsv#g170-console:Color.red	DECLARED
ID-PUBLIC-6331d9978654a910c2bf7489	g170-console:Color.rgb	Retained source values plus opt-in pointer-free document/RenderTree/software observation; 256x128 BGRA8 synthetic glyphs; linear document 4096 bytes and title 256 bytes; size is UTF-8 bytes/lines; style selects zero-based payload nodes; Position is logical software pixels; typed Color RGBA8 and native Result; structured Table<Int> 32x8, Tree<Int> 32 nodes/depth16, named products 8 fields/declarations; 4096 rendered bytes and 64 structured publications. Every effect executes once; no window/backend capability inferred. See G170 checklist for narrower method bounds; metadata joins remain in F01. Retained document/headless software profile; exact nodes and bytes; no live desktop claim	console:color-static-channel-high,console:rgb-type,console:rgb-arity,console:rgb-high	STABLE_PUBLIC_PROFILE	sdk/contracts/stdlib/STDLIB-STABLE-CATALOG.tsv#g170-console:Color.rgb	DECLARED
ID-PUBLIC-240814ee5817b1274e835647	g170-console:Color.rgba	Retained source values plus opt-in pointer-free document/RenderTree/software observation; 256x128 BGRA8 synthetic glyphs; linear document 4096 bytes and title 256 bytes; size is UTF-8 bytes/lines; style selects zero-based payload nodes; Position is logical software pixels; typed Color RGBA8 and native Result; structured Table<Int> 32x8, Tree<Int> 32 nodes/depth16, named products 8 fields/declarations; 4096 rendered bytes and 64 structured publications. Every effect executes once; no window/backend capability inferred. See G170 checklist for narrower method bounds; metadata joins remain in F01. Retained document/headless software profile; exact nodes and bytes; no live desktop claim	console:color-static-channel-low,console:rgba-type,console:rgba-high	STABLE_PUBLIC_PROFILE	sdk/contracts/stdlib/STDLIB-STABLE-CATALOG.tsv#g170-console:Color.rgba	DECLARED
ID-PUBLIC-9949081c2bacb048483a7421	g170-console:Color.toHex	Retained source values plus opt-in pointer-free document/RenderTree/software observation; 256x128 BGRA8 synthetic glyphs; linear document 4096 bytes and title 256 bytes; size is UTF-8 bytes/lines; style selects zero-based payload nodes; Position is logical software pixels; typed Color RGBA8 and native Result; structured Table<Int> 32x8, Tree<Int> 32 nodes/depth16, named products 8 fields/declarations; 4096 rendered bytes and 64 structured publications. Every effect executes once; no window/backend capability inferred. See G170 checklist for narrower method bounds; metadata joins remain in F01. Retained document/headless software profile; exact nodes and bytes; no live desktop claim	console:color-serialize-arity	STABLE_PUBLIC_PROFILE	sdk/contracts/stdlib/STDLIB-STABLE-CATALOG.tsv#g170-console:Color.toHex	DECLARED
ID-PUBLIC-619bd964d8a50be7e2f3aec8	g170-console:Color.toHexWithAlpha	Retained source values plus opt-in pointer-free document/RenderTree/software observation; 256x128 BGRA8 synthetic glyphs; linear document 4096 bytes and title 256 bytes; size is UTF-8 bytes/lines; style selects zero-based payload nodes; Position is logical software pixels; typed Color RGBA8 and native Result; structured Table<Int> 32x8, Tree<Int> 32 nodes/depth16, named products 8 fields/declarations; 4096 rendered bytes and 64 structured publications. Every effect executes once; no window/backend capability inferred. See G170 checklist for narrower method bounds; metadata joins remain in F01. Retained document/headless software profile; exact nodes and bytes; no live desktop claim	console:color-serialize-arity	STABLE_PUBLIC_PROFILE	sdk/contracts/stdlib/STDLIB-STABLE-CATALOG.tsv#g170-console:Color.toHexWithAlpha	DECLARED
ID-PUBLIC-6608fe8b549fd9baea7103b9	g170-console:Color.withAlpha	Retained source values plus opt-in pointer-free document/RenderTree/software observation; 256x128 BGRA8 synthetic glyphs; linear document 4096 bytes and title 256 bytes; size is UTF-8 bytes/lines; style selects zero-based payload nodes; Position is logical software pixels; typed Color RGBA8 and native Result; structured Table<Int> 32x8, Tree<Int> 32 nodes/depth16, named products 8 fields/declarations; 4096 rendered bytes and 64 structured publications. Every effect executes once; no window/backend capability inferred. See G170 checklist for narrower method bounds; metadata joins remain in F01. Retained document/headless software profile; exact nodes and bytes; no live desktop claim	console:alpha-type,console:color-static-alpha,console:alpha-low	STABLE_PUBLIC_PROFILE	sdk/contracts/stdlib/STDLIB-STABLE-CATALOG.tsv#g170-console:Color.withAlpha	DECLARED
ID-PUBLIC-1881a7d0afb7d9abd42300b4	g170-console:Console.append	Retained source values plus opt-in pointer-free document/RenderTree/software observation; 256x128 BGRA8 synthetic glyphs; linear document 4096 bytes and title 256 bytes; size is UTF-8 bytes/lines; style selects zero-based payload nodes; Position is logical software pixels; typed Color RGBA8 and native Result; structured Table<Int> 32x8, Tree<Int> 32 nodes/depth16, named products 8 fields/declarations; 4096 rendered bytes and 64 structured publications. Every effect executes once; no window/backend capability inferred. See G170 checklist for narrower method bounds; metadata joins remain in F01. Retained document/headless software profile; exact nodes and bytes; no live desktop claim	console:append-float,console:append-missing,console:styled-append-type,console:styled-append-arity	STABLE_PUBLIC_PROFILE	sdk/contracts/stdlib/STDLIB-STABLE-CATALOG.tsv#g170-console:Console.append	DECLARED
ID-PUBLIC-293e7a2703e4ece6f741c0f2	g170-console:Console.bg	Retained source values plus opt-in pointer-free document/RenderTree/software observation; 256x128 BGRA8 synthetic glyphs; linear document 4096 bytes and title 256 bytes; size is UTF-8 bytes/lines; style selects zero-based payload nodes; Position is logical software pixels; typed Color RGBA8 and native Result; structured Table<Int> 32x8, Tree<Int> 32 nodes/depth16, named products 8 fields/declarations; 4096 rendered bytes and 64 structured publications. Every effect executes once; no window/backend capability inferred. See G170 checklist for narrower method bounds; metadata joins remain in F01. Retained document/headless software profile; exact nodes and bytes; no live desktop claim	console:bg-arity,console:duplicate-role	STABLE_PUBLIC_PROFILE	sdk/contracts/stdlib/STDLIB-STABLE-CATALOG.tsv#g170-console:Console.bg	DECLARED
ID-PUBLIC-3658b6079ebba17bea7aad3a	g170-console:Console.clear	Retained source values plus opt-in pointer-free document/RenderTree/software observation; 256x128 BGRA8 synthetic glyphs; linear document 4096 bytes and title 256 bytes; size is UTF-8 bytes/lines; style selects zero-based payload nodes; Position is logical software pixels; typed Color RGBA8 and native Result; structured Table<Int> 32x8, Tree<Int> 32 nodes/depth16, named products 8 fields/declarations; 4096 rendered bytes and 64 structured publications. Every effect executes once; no window/backend capability inferred. See G170 checklist for narrower method bounds; metadata joins remain in F01. Retained document/headless software profile; exact nodes and bytes; no live desktop claim	console:clear-arity,console:close-clear	STABLE_PUBLIC_PROFILE	sdk/contracts/stdlib/STDLIB-STABLE-CATALOG.tsv#g170-console:Console.clear	DECLARED
ID-PUBLIC-6005e22d19843a549adb202b	g170-console:Console.close	Retained source values plus opt-in pointer-free document/RenderTree/software observation; 256x128 BGRA8 synthetic glyphs; linear document 4096 bytes and title 256 bytes; size is UTF-8 bytes/lines; style selects zero-based payload nodes; Position is logical software pixels; typed Color RGBA8 and native Result; structured Table<Int> 32x8, Tree<Int> 32 nodes/depth16, named products 8 fields/declarations; 4096 rendered bytes and 64 structured publications. Every effect executes once; no window/backend capability inferred. See G170 checklist for narrower method bounds; metadata joins remain in F01. Retained document/headless software profile; exact nodes and bytes; no live desktop claim	console:close-arity,console:close-twice,console:close-publish	STABLE_PUBLIC_PROFILE	sdk/contracts/stdlib/STDLIB-STABLE-CATALOG.tsv#g170-console:Console.close	DECLARED
ID-PUBLIC-b3964b050df69a147b1daf37	g170-console:Console.fg	Retained source values plus opt-in pointer-free document/RenderTree/software observation; 256x128 BGRA8 synthetic glyphs; linear document 4096 bytes and title 256 bytes; size is UTF-8 bytes/lines; style selects zero-based payload nodes; Position is logical software pixels; typed Color RGBA8 and native Result; structured Table<Int> 32x8, Tree<Int> 32 nodes/depth16, named products 8 fields/declarations; 4096 rendered bytes and 64 structured publications. Every effect executes once; no window/backend capability inferred. See G170 checklist for narrower method bounds; metadata joins remain in F01. Retained document/headless software profile; exact nodes and bytes; no live desktop claim	console:fg-type,console:duplicate-role	STABLE_PUBLIC_PROFILE	sdk/contracts/stdlib/STDLIB-STABLE-CATALOG.tsv#g170-console:Console.fg	DECLARED
ID-PUBLIC-a3ba536c09a0d07e70d2b264	g170-console:Console.scrollToEnd	Retained source values plus opt-in pointer-free document/RenderTree/software observation; 256x128 BGRA8 synthetic glyphs; linear document 4096 bytes and title 256 bytes; size is UTF-8 bytes/lines; style selects zero-based payload nodes; Position is logical software pixels; typed Color RGBA8 and native Result; structured Table<Int> 32x8, Tree<Int> 32 nodes/depth16, named products 8 fields/declarations; 4096 rendered bytes and 64 structured publications. Every effect executes once; no window/backend capability inferred. See G170 checklist for narrower method bounds; metadata joins remain in F01. Retained document/headless software profile; exact nodes and bytes; no live desktop claim	console:scroll-arity	STABLE_PUBLIC_PROFILE	sdk/contracts/stdlib/STDLIB-STABLE-CATALOG.tsv#g170-console:Console.scrollToEnd	DECLARED
ID-PUBLIC-1628c3d621964492d9683890	g170-console:Console.size	Retained source values plus opt-in pointer-free document/RenderTree/software observation; 256x128 BGRA8 synthetic glyphs; linear document 4096 bytes and title 256 bytes; size is UTF-8 bytes/lines; style selects zero-based payload nodes; Position is logical software pixels; typed Color RGBA8 and native Result; structured Table<Int> 32x8, Tree<Int> 32 nodes/depth16, named products 8 fields/declarations; 4096 rendered bytes and 64 structured publications. Every effect executes once; no window/backend capability inferred. See G170 checklist for narrower method bounds; metadata joins remain in F01. Retained document/headless software profile; exact nodes and bytes; no live desktop claim	console:size-arity	STABLE_PUBLIC_PROFILE	sdk/contracts/stdlib/STDLIB-STABLE-CATALOG.tsv#g170-console:Console.size	DECLARED
ID-PUBLIC-e2bb5667cddd587ebda7c1bf	g170-console:Console.style	Retained source values plus opt-in pointer-free document/RenderTree/software observation; 256x128 BGRA8 synthetic glyphs; linear document 4096 bytes and title 256 bytes; size is UTF-8 bytes/lines; style selects zero-based payload nodes; Position is logical software pixels; typed Color RGBA8 and native Result; structured Table<Int> 32x8, Tree<Int> 32 nodes/depth16, named products 8 fields/declarations; 4096 rendered bytes and 64 structured publications. Every effect executes once; no window/backend capability inferred. See G170 checklist for narrower method bounds; metadata joins remain in F01. Retained document/headless software profile; exact nodes and bytes; no live desktop claim	console:style-selection-type,console:style-endpoint-type,console:style-selection-arity,console:style-role-type,console:style-bound--1-1,console:style-bound-0-3,console:style-bound-2-1	STABLE_PUBLIC_PROFILE	sdk/contracts/stdlib/STDLIB-STABLE-CATALOG.tsv#g170-console:Console.style	DECLARED
ID-PUBLIC-c4dc35b003e7b6cdf66de395	g170-console:Console.title	Retained source values plus opt-in pointer-free document/RenderTree/software observation; 256x128 BGRA8 synthetic glyphs; linear document 4096 bytes and title 256 bytes; size is UTF-8 bytes/lines; style selects zero-based payload nodes; Position is logical software pixels; typed Color RGBA8 and native Result; structured Table<Int> 32x8, Tree<Int> 32 nodes/depth16, named products 8 fields/declarations; 4096 rendered bytes and 64 structured publications. Every effect executes once; no window/backend capability inferred. See G170 checklist for narrower method bounds; metadata joins remain in F01. Retained document/headless software profile; exact nodes and bytes; no live desktop claim	console:title-type,console:title-limit	STABLE_PUBLIC_PROFILE	sdk/contracts/stdlib/STDLIB-STABLE-CATALOG.tsv#g170-console:Console.title	DECLARED
ID-PUBLIC-3481deba26433a842c786b25	g170-console:Int.console	Retained source values plus opt-in pointer-free document/RenderTree/software observation; 256x128 BGRA8 synthetic glyphs; linear document 4096 bytes and title 256 bytes; size is UTF-8 bytes/lines; style selects zero-based payload nodes; Position is logical software pixels; typed Color RGBA8 and native Result; structured Table<Int> 32x8, Tree<Int> 32 nodes/depth16, named products 8 fields/declarations; 4096 rendered bytes and 64 structured publications. Every effect executes once; no window/backend capability inferred. See G170 checklist for narrower method bounds; metadata joins remain in F01. Retained document/headless software profile; exact nodes and bytes; no live desktop claim	console:bare-color	STABLE_PUBLIC_PROFILE	sdk/contracts/stdlib/STDLIB-STABLE-CATALOG.tsv#g170-console:Int.console	DECLARED
ID-PUBLIC-8750610cff4ad0274ff48823	g170-console:Object.console	Retained source values plus opt-in pointer-free document/RenderTree/software observation; 256x128 BGRA8 synthetic glyphs; linear document 4096 bytes and title 256 bytes; size is UTF-8 bytes/lines; style selects zero-based payload nodes; Position is logical software pixels; typed Color RGBA8 and native Result; structured Table<Int> 32x8, Tree<Int> 32 nodes/depth16, named products 8 fields/declarations; 4096 rendered bytes and 64 structured publications. Every effect executes once; no window/backend capability inferred. See G170 checklist for narrower method bounds; metadata joins remain in F01. Retained document/headless software profile; exact nodes and bytes; no live desktop claim	console:structured-object-status,console:structured-object-field,console:structured-object-type	STABLE_PUBLIC_PROFILE	sdk/contracts/stdlib/STDLIB-STABLE-CATALOG.tsv#g170-console:Object.console	DECLARED
ID-PUBLIC-e95aa1f3100135d76cdb4f9d	g170-console:Position.at	Retained source values plus opt-in pointer-free document/RenderTree/software observation; 256x128 BGRA8 synthetic glyphs; linear document 4096 bytes and title 256 bytes; size is UTF-8 bytes/lines; style selects zero-based payload nodes; Position is logical software pixels; typed Color RGBA8 and native Result; structured Table<Int> 32x8, Tree<Int> 32 nodes/depth16, named products 8 fields/declarations; 4096 rendered bytes and 64 structured publications. Every effect executes once; no window/backend capability inferred. See G170 checklist for narrower method bounds; metadata joins remain in F01. Retained document/headless software profile; exact nodes and bytes; no live desktop claim	console:position-arity,console:position-type,console:position-limit--1-29,console:position-limit-256-53	STABLE_PUBLIC_PROFILE	sdk/contracts/stdlib/STDLIB-STABLE-CATALOG.tsv#g170-console:Position.at	DECLARED
ID-PUBLIC-fe090def5166e382dcd2b679	g170-console:Result<Color,ColorParseError>.expect	Retained source values plus opt-in pointer-free document/RenderTree/software observation; 256x128 BGRA8 synthetic glyphs; linear document 4096 bytes and title 256 bytes; size is UTF-8 bytes/lines; style selects zero-based payload nodes; Position is logical software pixels; typed Color RGBA8 and native Result; structured Table<Int> 32x8, Tree<Int> 32 nodes/depth16, named products 8 fields/declarations; 4096 rendered bytes and 64 structured publications. Every effect executes once; no window/backend capability inferred. See G170 checklist for narrower method bounds; metadata joins remain in F01. Retained document/headless software profile; exact nodes and bytes; no live desktop claim	console:color-result-fallback-type,console:color-result-expect-type,console:color-expect-error-#12G456	STABLE_PUBLIC_PROFILE	sdk/contracts/stdlib/STDLIB-STABLE-CATALOG.tsv#g170-console:Result<Color,ColorParseError>.expect	DECLARED
ID-PUBLIC-29dd808963854f5e041d9282	g170-console:Result<Color,ColorParseError>.isErr	Retained source values plus opt-in pointer-free document/RenderTree/software observation; 256x128 BGRA8 synthetic glyphs; linear document 4096 bytes and title 256 bytes; size is UTF-8 bytes/lines; style selects zero-based payload nodes; Position is logical software pixels; typed Color RGBA8 and native Result; structured Table<Int> 32x8, Tree<Int> 32 nodes/depth16, named products 8 fields/declarations; 4096 rendered bytes and 64 structured publications. Every effect executes once; no window/backend capability inferred. See G170 checklist for narrower method bounds; metadata joins remain in F01. Retained document/headless software profile; exact nodes and bytes; no live desktop claim	console:color-result-fallback-type,console:color-result-expect-type,console:color-expect-error-#12G456	STABLE_PUBLIC_PROFILE	sdk/contracts/stdlib/STDLIB-STABLE-CATALOG.tsv#g170-console:Result<Color,ColorParseError>.isErr	DECLARED
ID-PUBLIC-d58a433b1f28ed1c4d1fd692	g170-console:Result<Color,ColorParseError>.isOk	Retained source values plus opt-in pointer-free document/RenderTree/software observation; 256x128 BGRA8 synthetic glyphs; linear document 4096 bytes and title 256 bytes; size is UTF-8 bytes/lines; style selects zero-based payload nodes; Position is logical software pixels; typed Color RGBA8 and native Result; structured Table<Int> 32x8, Tree<Int> 32 nodes/depth16, named products 8 fields/declarations; 4096 rendered bytes and 64 structured publications. Every effect executes once; no window/backend capability inferred. See G170 checklist for narrower method bounds; metadata joins remain in F01. Retained document/headless software profile; exact nodes and bytes; no live desktop claim	console:color-result-fallback-type,console:color-result-expect-type,console:color-expect-error-#12G456	STABLE_PUBLIC_PROFILE	sdk/contracts/stdlib/STDLIB-STABLE-CATALOG.tsv#g170-console:Result<Color,ColorParseError>.isOk	DECLARED
ID-PUBLIC-36da89477b44b38d7ff9ee52	g170-console:Result<Color,ColorParseError>.unwrapOr	Retained source values plus opt-in pointer-free document/RenderTree/software observation; 256x128 BGRA8 synthetic glyphs; linear document 4096 bytes and title 256 bytes; size is UTF-8 bytes/lines; style selects zero-based payload nodes; Position is logical software pixels; typed Color RGBA8 and native Result; structured Table<Int> 32x8, Tree<Int> 32 nodes/depth16, named products 8 fields/declarations; 4096 rendered bytes and 64 structured publications. Every effect executes once; no window/backend capability inferred. See G170 checklist for narrower method bounds; metadata joins remain in F01. Retained document/headless software profile; exact nodes and bytes; no live desktop claim	console:color-result-fallback-type,console:color-result-expect-type,console:color-expect-error-#12G456	STABLE_PUBLIC_PROFILE	sdk/contracts/stdlib/STDLIB-STABLE-CATALOG.tsv#g170-console:Result<Color,ColorParseError>.unwrapOr	DECLARED
ID-PUBLIC-655a02bd12fe6af1e3e3c31e	g170-console:Table.console	Retained source values plus opt-in pointer-free document/RenderTree/software observation; 256x128 BGRA8 synthetic glyphs; linear document 4096 bytes and title 256 bytes; size is UTF-8 bytes/lines; style selects zero-based payload nodes; Position is logical software pixels; typed Color RGBA8 and native Result; structured Table<Int> 32x8, Tree<Int> 32 nodes/depth16, named products 8 fields/declarations; 4096 rendered bytes and 64 structured publications. Every effect executes once; no window/backend capability inferred. See G170 checklist for narrower method bounds; metadata joins remain in F01. Retained document/headless software profile; exact nodes and bytes; no live desktop claim	console:structured-table-column,console:structured-view-count-limit	STABLE_PUBLIC_PROFILE	sdk/contracts/stdlib/STDLIB-STABLE-CATALOG.tsv#g170-console:Table.console	DECLARED
ID-PUBLIC-5f5fc6d461fddf2436f09c17	g170-console:Text.console	Retained source values plus opt-in pointer-free document/RenderTree/software observation; 256x128 BGRA8 synthetic glyphs; linear document 4096 bytes and title 256 bytes; size is UTF-8 bytes/lines; style selects zero-based payload nodes; Position is logical software pixels; typed Color RGBA8 and native Result; structured Table<Int> 32x8, Tree<Int> 32 nodes/depth16, named products 8 fields/declarations; 4096 rendered bytes and 64 structured publications. Every effect executes once; no window/backend capability inferred. See G170 checklist for narrower method bounds; metadata joins remain in F01. Retained document/headless software profile; exact nodes and bytes; no live desktop claim	console:bare-color	STABLE_PUBLIC_PROFILE	sdk/contracts/stdlib/STDLIB-STABLE-CATALOG.tsv#g170-console:Text.console	DECLARED
ID-PUBLIC-0a4b05e4865f886b5f9d5ec0	g170-console:Text.hash	Retained source values plus opt-in pointer-free document/RenderTree/software observation; 256x128 BGRA8 synthetic glyphs; linear document 4096 bytes and title 256 bytes; size is UTF-8 bytes/lines; style selects zero-based payload nodes; Position is logical software pixels; typed Color RGBA8 and native Result; structured Table<Int> 32x8, Tree<Int> 32 nodes/depth16, named products 8 fields/declarations; 4096 rendered bytes and 64 structured publications. Every effect executes once; no window/backend capability inferred. See G170 checklist for narrower method bounds; metadata joins remain in F01. Retained document/headless software profile; exact nodes and bytes; no live desktop claim	console:color-text-hash-limit	STABLE_PUBLIC_PROFILE	sdk/contracts/stdlib/STDLIB-STABLE-CATALOG.tsv#g170-console:Text.hash	DECLARED
ID-PUBLIC-edd70a69897f39d9045601f8	g170-console:Tree.console	Retained source values plus opt-in pointer-free document/RenderTree/software observation; 256x128 BGRA8 synthetic glyphs; linear document 4096 bytes and title 256 bytes; size is UTF-8 bytes/lines; style selects zero-based payload nodes; Position is logical software pixels; typed Color RGBA8 and native Result; structured Table<Int> 32x8, Tree<Int> 32 nodes/depth16, named products 8 fields/declarations; 4096 rendered bytes and 64 structured publications. Every effect executes once; no window/backend capability inferred. See G170 checklist for narrower method bounds; metadata joins remain in F01. Retained document/headless software profile; exact nodes and bytes; no live desktop claim	console:structured-tree-value,console:structured-tree-depth-limit	STABLE_PUBLIC_PROFILE	sdk/contracts/stdlib/STDLIB-STABLE-CATALOG.tsv#g170-console:Tree.console	DECLARED
ID-PUBLIC-a522d475eb1b0290542ef136	g170-console:visual.summarize	Canonical existing pure visual_summary_foundation owner, actual Int value 0..255, decimal provenance, one evaluation and independent explicit return; no document/window/rendering effect is claimed. Retained document/headless software profile; exact nodes and bytes; no live desktop claim	console:visual-summary-range--1,console:visual-summary-range-256,console:visual-summary-type,console:visual-summary-arity,console:visual-summary-shadow	STABLE_PUBLIC_PROFILE	sdk/contracts/stdlib/STDLIB-STABLE-CATALOG.tsv#g170-console:visual.summarize	DECLARED
ID-PUBLIC-d280a7afaf138a03c91196b5	g170-scan:allowEmpty	Real contextual option AST children, lexical operands and native ScanPlan owners. Text UTF-8 <=4096 bytes; Int64; Bool true/false; Char one-byte profile; 1..32 choices; finite retries <=8; readonly relative replay file <=4096 bytes/path<=256; typed Option<Int>/Result<T,ScanError>; headless Console metadata and pointer-free native events. Public secret events hide input bytes/length/digest. No live backend claim. Multiline/paragraph/block/Markdown/code/JSON/raw modes use native G078/G080 owners with at most 256 lines; finite Console enum choices are not nominal enum reflection; multiSelect exposes the native unique 32-bit mask; confirmSecret consumes a second input; forgetAfterUse zeroizes consumed private bytes and preserves the owned result. At most 32 total options. SymbolId/DocRecord reconciliation stays in F01. Synthetic mock/stdin replay; typed bounded ScanPlan; redaction; no real secret or live device	scan:too-long,scan:option-arity-allowEmpty	STABLE_PUBLIC_PROFILE	sdk/contracts/stdlib/STDLIB-STABLE-CATALOG.tsv#g170-scan:allowEmpty	DECLARED
ID-PUBLIC-4eed5f7b6e2e3f40dbbecd12	g170-scan:autocomplete	Real contextual option AST children, lexical operands and native ScanPlan owners. Text UTF-8 <=4096 bytes; Int64; Bool true/false; Char one-byte profile; 1..32 choices; finite retries <=8; readonly relative replay file <=4096 bytes/path<=256; typed Option<Int>/Result<T,ScanError>; headless Console metadata and pointer-free native events. Public secret events hide input bytes/length/digest. No live backend claim. Multiline/paragraph/block/Markdown/code/JSON/raw modes use native G078/G080 owners with at most 256 lines; finite Console enum choices are not nominal enum reflection; multiSelect exposes the native unique 32-bit mask; confirmSecret consumes a second input; forgetAfterUse zeroizes consumed private bytes and preserves the owned result. At most 32 total options. SymbolId/DocRecord reconciliation stays in F01. Synthetic mock/stdin replay; typed bounded ScanPlan; redaction; no real secret or live device	scan:autocomplete-ambiguous,scan:autocomplete-absent,scan:choice-type-autocomplete	STABLE_PUBLIC_PROFILE	sdk/contracts/stdlib/STDLIB-STABLE-CATALOG.tsv#g170-scan:autocomplete	DECLARED
ID-PUBLIC-a59b9b781698924a97c2b63d	g170-scan:block	Real contextual option AST children, lexical operands and native ScanPlan owners. Text UTF-8 <=4096 bytes; Int64; Bool true/false; Char one-byte profile; 1..32 choices; finite retries <=8; readonly relative replay file <=4096 bytes/path<=256; typed Option<Int>/Result<T,ScanError>; headless Console metadata and pointer-free native events. Public secret events hide input bytes/length/digest. No live backend claim. Multiline/paragraph/block/Markdown/code/JSON/raw modes use native G078/G080 owners with at most 256 lines; finite Console enum choices are not nominal enum reflection; multiSelect exposes the native unique 32-bit mask; confirmSecret consumes a second input; forgetAfterUse zeroizes consumed private bytes and preserves the owned result. At most 32 total options. SymbolId/DocRecord reconciliation stays in F01. Synthetic mock/stdin replay; typed bounded ScanPlan; redaction; no real secret or live device	scan:multiline-missing-terminator,scan:multiline-type-block	STABLE_PUBLIC_PROFILE	sdk/contracts/stdlib/STDLIB-STABLE-CATALOG.tsv#g170-scan:block	DECLARED
ID-PUBLIC-661156a5c3f607ff8479067f	g170-scan:bool	Real contextual option AST children, lexical operands and native ScanPlan owners. Text UTF-8 <=4096 bytes; Int64; Bool true/false; Char one-byte profile; 1..32 choices; finite retries <=8; readonly relative replay file <=4096 bytes/path<=256; typed Option<Int>/Result<T,ScanError>; headless Console metadata and pointer-free native events. Public secret events hide input bytes/length/digest. No live backend claim. Multiline/paragraph/block/Markdown/code/JSON/raw modes use native G078/G080 owners with at most 256 lines; finite Console enum choices are not nominal enum reflection; multiSelect exposes the native unique 32-bit mask; confirmSecret consumes a second input; forgetAfterUse zeroizes consumed private bytes and preserves the owned result. At most 32 total options. SymbolId/DocRecord reconciliation stays in F01. Synthetic mock/stdin replay; typed bounded ScanPlan; redaction; no real secret or live device	scan:bool-invalid,scan:option-arity-bool	STABLE_PUBLIC_PROFILE	sdk/contracts/stdlib/STDLIB-STABLE-CATALOG.tsv#g170-scan:bool	DECLARED
ID-PUBLIC-18cf1afc6b2430617b19fa6e	g170-scan:cancelOn	Real contextual option AST children, lexical operands and native ScanPlan owners. Text UTF-8 <=4096 bytes; Int64; Bool true/false; Char one-byte profile; 1..32 choices; finite retries <=8; readonly relative replay file <=4096 bytes/path<=256; typed Option<Int>/Result<T,ScanError>; headless Console metadata and pointer-free native events. Public secret events hide input bytes/length/digest. No live backend claim. Multiline/paragraph/block/Markdown/code/JSON/raw modes use native G078/G080 owners with at most 256 lines; finite Console enum choices are not nominal enum reflection; multiSelect exposes the native unique 32-bit mask; confirmSecret consumes a second input; forgetAfterUse zeroizes consumed private bytes and preserves the owned result. At most 32 total options. SymbolId/DocRecord reconciliation stays in F01. Synthetic mock/stdin replay; typed bounded ScanPlan; redaction; no real secret or live device	scan:option-type-cancelOn	STABLE_PUBLIC_PROFILE	sdk/contracts/stdlib/STDLIB-STABLE-CATALOG.tsv#g170-scan:cancelOn	DECLARED
ID-PUBLIC-baa4c7e795571f7dc06da886	g170-scan:char	Real contextual option AST children, lexical operands and native ScanPlan owners. Text UTF-8 <=4096 bytes; Int64; Bool true/false; Char one-byte profile; 1..32 choices; finite retries <=8; readonly relative replay file <=4096 bytes/path<=256; typed Option<Int>/Result<T,ScanError>; headless Console metadata and pointer-free native events. Public secret events hide input bytes/length/digest. No live backend claim. Multiline/paragraph/block/Markdown/code/JSON/raw modes use native G078/G080 owners with at most 256 lines; finite Console enum choices are not nominal enum reflection; multiSelect exposes the native unique 32-bit mask; confirmSecret consumes a second input; forgetAfterUse zeroizes consumed private bytes and preserves the owned result. At most 32 total options. SymbolId/DocRecord reconciliation stays in F01. Synthetic mock/stdin replay; typed bounded ScanPlan; redaction; no real secret or live device	scan:char-utf8,scan:char-empty,scan:option-arity-char	STABLE_PUBLIC_PROFILE	sdk/contracts/stdlib/STDLIB-STABLE-CATALOG.tsv#g170-scan:char	DECLARED
ID-PUBLIC-f46e5c699e113f52a726c8bf	g170-scan:choice	Real contextual option AST children, lexical operands and native ScanPlan owners. Text UTF-8 <=4096 bytes; Int64; Bool true/false; Char one-byte profile; 1..32 choices; finite retries <=8; readonly relative replay file <=4096 bytes/path<=256; typed Option<Int>/Result<T,ScanError>; headless Console metadata and pointer-free native events. Public secret events hide input bytes/length/digest. No live backend claim. Multiline/paragraph/block/Markdown/code/JSON/raw modes use native G078/G080 owners with at most 256 lines; finite Console enum choices are not nominal enum reflection; multiSelect exposes the native unique 32-bit mask; confirmSecret consumes a second input; forgetAfterUse zeroizes consumed private bytes and preserves the owned result. At most 32 total options. SymbolId/DocRecord reconciliation stays in F01. Synthetic mock/stdin replay; typed bounded ScanPlan; redaction; no real secret or live device	scan:choice-absent,scan:choice-type	STABLE_PUBLIC_PROFILE	sdk/contracts/stdlib/STDLIB-STABLE-CATALOG.tsv#g170-scan:choice	DECLARED
ID-PUBLIC-6458f0a11163acce02e5ebb4	g170-scan:chomp	Real contextual option AST children, lexical operands and native ScanPlan owners. Text UTF-8 <=4096 bytes; Int64; Bool true/false; Char one-byte profile; 1..32 choices; finite retries <=8; readonly relative replay file <=4096 bytes/path<=256; typed Option<Int>/Result<T,ScanError>; headless Console metadata and pointer-free native events. Public secret events hide input bytes/length/digest. No live backend claim. Multiline/paragraph/block/Markdown/code/JSON/raw modes use native G078/G080 owners with at most 256 lines; finite Console enum choices are not nominal enum reflection; multiSelect exposes the native unique 32-bit mask; confirmSecret consumes a second input; forgetAfterUse zeroizes consumed private bytes and preserves the owned result. At most 32 total options. SymbolId/DocRecord reconciliation stays in F01. Synthetic mock/stdin replay; typed bounded ScanPlan; redaction; no real secret or live device	scan:option-arity-chomp	STABLE_PUBLIC_PROFILE	sdk/contracts/stdlib/STDLIB-STABLE-CATALOG.tsv#g170-scan:chomp	DECLARED
ID-PUBLIC-5fe63297e9b9f31dac4ec7ca	g170-scan:code	Real contextual option AST children, lexical operands and native ScanPlan owners. Text UTF-8 <=4096 bytes; Int64; Bool true/false; Char one-byte profile; 1..32 choices; finite retries <=8; readonly relative replay file <=4096 bytes/path<=256; typed Option<Int>/Result<T,ScanError>; headless Console metadata and pointer-free native events. Public secret events hide input bytes/length/digest. No live backend claim. Multiline/paragraph/block/Markdown/code/JSON/raw modes use native G078/G080 owners with at most 256 lines; finite Console enum choices are not nominal enum reflection; multiSelect exposes the native unique 32-bit mask; confirmSecret consumes a second input; forgetAfterUse zeroizes consumed private bytes and preserves the owned result. At most 32 total options. SymbolId/DocRecord reconciliation stays in F01. Synthetic mock/stdin replay; typed bounded ScanPlan; redaction; no real secret or live device	scan:multiline-type-code	STABLE_PUBLIC_PROFILE	sdk/contracts/stdlib/STDLIB-STABLE-CATALOG.tsv#g170-scan:code	DECLARED
ID-PUBLIC-ba17dbb89c91e0268d1c32c3	g170-scan:confirm	Real contextual option AST children, lexical operands and native ScanPlan owners. Text UTF-8 <=4096 bytes; Int64; Bool true/false; Char one-byte profile; 1..32 choices; finite retries <=8; readonly relative replay file <=4096 bytes/path<=256; typed Option<Int>/Result<T,ScanError>; headless Console metadata and pointer-free native events. Public secret events hide input bytes/length/digest. No live backend claim. Multiline/paragraph/block/Markdown/code/JSON/raw modes use native G078/G080 owners with at most 256 lines; finite Console enum choices are not nominal enum reflection; multiSelect exposes the native unique 32-bit mask; confirmSecret consumes a second input; forgetAfterUse zeroizes consumed private bytes and preserves the owned result. At most 32 total options. SymbolId/DocRecord reconciliation stays in F01. Synthetic mock/stdin replay; typed bounded ScanPlan; redaction; no real secret or live device	scan:choice-confirm-invalid	STABLE_PUBLIC_PROFILE	sdk/contracts/stdlib/STDLIB-STABLE-CATALOG.tsv#g170-scan:confirm	DECLARED
ID-PUBLIC-bf3cbb036ad14be75a9267cc	g170-scan:confirmSecret	Real contextual option AST children, lexical operands and native ScanPlan owners. Text UTF-8 <=4096 bytes; Int64; Bool true/false; Char one-byte profile; 1..32 choices; finite retries <=8; readonly relative replay file <=4096 bytes/path<=256; typed Option<Int>/Result<T,ScanError>; headless Console metadata and pointer-free native events. Public secret events hide input bytes/length/digest. No live backend claim. Multiline/paragraph/block/Markdown/code/JSON/raw modes use native G078/G080 owners with at most 256 lines; finite Console enum choices are not nominal enum reflection; multiSelect exposes the native unique 32-bit mask; confirmSecret consumes a second input; forgetAfterUse zeroizes consumed private bytes and preserves the owned result. At most 32 total options. SymbolId/DocRecord reconciliation stays in F01. Synthetic mock/stdin replay; typed bounded ScanPlan; redaction; no real secret or live device	scan:confirm-eof-result,scan:confirm-binding-failure,scan:confirm-needs-secret,scan:security-arity-confirmSecret	STABLE_PUBLIC_PROFILE	sdk/contracts/stdlib/STDLIB-STABLE-CATALOG.tsv#g170-scan:confirmSecret	DECLARED
ID-PUBLIC-67ee345c0dbb50298fa298a1	g170-scan:console	Real contextual option AST children, lexical operands and native ScanPlan owners. Text UTF-8 <=4096 bytes; Int64; Bool true/false; Char one-byte profile; 1..32 choices; finite retries <=8; readonly relative replay file <=4096 bytes/path<=256; typed Option<Int>/Result<T,ScanError>; headless Console metadata and pointer-free native events. Public secret events hide input bytes/length/digest. No live backend claim. Multiline/paragraph/block/Markdown/code/JSON/raw modes use native G078/G080 owners with at most 256 lines; finite Console enum choices are not nominal enum reflection; multiSelect exposes the native unique 32-bit mask; confirmSecret consumes a second input; forgetAfterUse zeroizes consumed private bytes and preserves the owned result. At most 32 total options. SymbolId/DocRecord reconciliation stays in F01. Synthetic mock/stdin replay; typed bounded ScanPlan; redaction; no real secret or live device	scan:field-arity,scan:option-arity-console	STABLE_PUBLIC_PROFILE	sdk/contracts/stdlib/STDLIB-STABLE-CATALOG.tsv#g170-scan:console	DECLARED
ID-PUBLIC-26359e25e58903e29480db1f	g170-scan:enum	Real contextual option AST children, lexical operands and native ScanPlan owners. Text UTF-8 <=4096 bytes; Int64; Bool true/false; Char one-byte profile; 1..32 choices; finite retries <=8; readonly relative replay file <=4096 bytes/path<=256; typed Option<Int>/Result<T,ScanError>; headless Console metadata and pointer-free native events. Public secret events hide input bytes/length/digest. No live backend claim. Multiline/paragraph/block/Markdown/code/JSON/raw modes use native G078/G080 owners with at most 256 lines; finite Console enum choices are not nominal enum reflection; multiSelect exposes the native unique 32-bit mask; confirmSecret consumes a second input; forgetAfterUse zeroizes consumed private bytes and preserves the owned result. At most 32 total options. SymbolId/DocRecord reconciliation stays in F01. Synthetic mock/stdin replay; typed bounded ScanPlan; redaction; no real secret or live device	scan:choice-variant-enum-absent,scan:choice-type-enum	STABLE_PUBLIC_PROFILE	sdk/contracts/stdlib/STDLIB-STABLE-CATALOG.tsv#g170-scan:enum	DECLARED
ID-PUBLIC-38ec76fb539b885063554914	g170-scan:eofAs	Real contextual option AST children, lexical operands and native ScanPlan owners. Text UTF-8 <=4096 bytes; Int64; Bool true/false; Char one-byte profile; 1..32 choices; finite retries <=8; readonly relative replay file <=4096 bytes/path<=256; typed Option<Int>/Result<T,ScanError>; headless Console metadata and pointer-free native events. Public secret events hide input bytes/length/digest. No live backend claim. Multiline/paragraph/block/Markdown/code/JSON/raw modes use native G078/G080 owners with at most 256 lines; finite Console enum choices are not nominal enum reflection; multiSelect exposes the native unique 32-bit mask; confirmSecret consumes a second input; forgetAfterUse zeroizes consumed private bytes and preserves the owned result. At most 32 total options. SymbolId/DocRecord reconciliation stays in F01. Synthetic mock/stdin replay; typed bounded ScanPlan; redaction; no real secret or live device	scan:eof-fallback-type	STABLE_PUBLIC_PROFILE	sdk/contracts/stdlib/STDLIB-STABLE-CATALOG.tsv#g170-scan:eofAs	DECLARED
ID-PUBLIC-bbe29e14b9f4bce9c1d99141	g170-scan:eofAsNone	Real contextual option AST children, lexical operands and native ScanPlan owners. Text UTF-8 <=4096 bytes; Int64; Bool true/false; Char one-byte profile; 1..32 choices; finite retries <=8; readonly relative replay file <=4096 bytes/path<=256; typed Option<Int>/Result<T,ScanError>; headless Console metadata and pointer-free native events. Public secret events hide input bytes/length/digest. No live backend claim. Multiline/paragraph/block/Markdown/code/JSON/raw modes use native G078/G080 owners with at most 256 lines; finite Console enum choices are not nominal enum reflection; multiSelect exposes the native unique 32-bit mask; confirmSecret consumes a second input; forgetAfterUse zeroizes consumed private bytes and preserves the owned result. At most 32 total options. SymbolId/DocRecord reconciliation stays in F01. Synthetic mock/stdin replay; typed bounded ScanPlan; redaction; no real secret or live device	scan:eof-option-empty-is-invalid,scan:eof-policy-conflict,scan:option-arity-eofAsNone	STABLE_PUBLIC_PROFILE	sdk/contracts/stdlib/STDLIB-STABLE-CATALOG.tsv#g170-scan:eofAsNone	DECLARED
ID-PUBLIC-b3d4d0c5717bcba03862b9d0	g170-scan:feedback	Real contextual option AST children, lexical operands and native ScanPlan owners. Text UTF-8 <=4096 bytes; Int64; Bool true/false; Char one-byte profile; 1..32 choices; finite retries <=8; readonly relative replay file <=4096 bytes/path<=256; typed Option<Int>/Result<T,ScanError>; headless Console metadata and pointer-free native events. Public secret events hide input bytes/length/digest. No live backend claim. Multiline/paragraph/block/Markdown/code/JSON/raw modes use native G078/G080 owners with at most 256 lines; finite Console enum choices are not nominal enum reflection; multiSelect exposes the native unique 32-bit mask; confirmSecret consumes a second input; forgetAfterUse zeroizes consumed private bytes and preserves the owned result. At most 32 total options. SymbolId/DocRecord reconciliation stays in F01. Synthetic mock/stdin replay; typed bounded ScanPlan; redaction; no real secret or live device	scan:metadata-type,scan:option-arity-feedback	STABLE_PUBLIC_PROFILE	sdk/contracts/stdlib/STDLIB-STABLE-CATALOG.tsv#g170-scan:feedback	DECLARED
ID-PUBLIC-49c1da140cb91a2150219324	g170-scan:field	Real contextual option AST children, lexical operands and native ScanPlan owners. Text UTF-8 <=4096 bytes; Int64; Bool true/false; Char one-byte profile; 1..32 choices; finite retries <=8; readonly relative replay file <=4096 bytes/path<=256; typed Option<Int>/Result<T,ScanError>; headless Console metadata and pointer-free native events. Public secret events hide input bytes/length/digest. No live backend claim. Multiline/paragraph/block/Markdown/code/JSON/raw modes use native G078/G080 owners with at most 256 lines; finite Console enum choices are not nominal enum reflection; multiSelect exposes the native unique 32-bit mask; confirmSecret consumes a second input; forgetAfterUse zeroizes consumed private bytes and preserves the owned result. At most 32 total options. SymbolId/DocRecord reconciliation stays in F01. Synthetic mock/stdin replay; typed bounded ScanPlan; redaction; no real secret or live device	scan:field-key-type,scan:field-value-type,scan:field-arity	STABLE_PUBLIC_PROFILE	sdk/contracts/stdlib/STDLIB-STABLE-CATALOG.tsv#g170-scan:field	DECLARED
ID-PUBLIC-fcfb6580743cbc9de40dde48	g170-scan:forgetAfterUse	Real contextual option AST children, lexical operands and native ScanPlan owners. Text UTF-8 <=4096 bytes; Int64; Bool true/false; Char one-byte profile; 1..32 choices; finite retries <=8; readonly relative replay file <=4096 bytes/path<=256; typed Option<Int>/Result<T,ScanError>; headless Console metadata and pointer-free native events. Public secret events hide input bytes/length/digest. No live backend claim. Multiline/paragraph/block/Markdown/code/JSON/raw modes use native G078/G080 owners with at most 256 lines; finite Console enum choices are not nominal enum reflection; multiSelect exposes the native unique 32-bit mask; confirmSecret consumes a second input; forgetAfterUse zeroizes consumed private bytes and preserves the owned result. At most 32 total options. SymbolId/DocRecord reconciliation stays in F01. Synthetic mock/stdin replay; typed bounded ScanPlan; redaction; no real secret or live device	scan:forget-needs-secret,scan:security-arity-forgetAfterUse	STABLE_PUBLIC_PROFILE	sdk/contracts/stdlib/STDLIB-STABLE-CATALOG.tsv#g170-scan:forgetAfterUse	DECLARED
ID-PUBLIC-fc6a1eae11c6deae1278b277	g170-scan:form	Real contextual option AST children, lexical operands and native ScanPlan owners. Text UTF-8 <=4096 bytes; Int64; Bool true/false; Char one-byte profile; 1..32 choices; finite retries <=8; readonly relative replay file <=4096 bytes/path<=256; typed Option<Int>/Result<T,ScanError>; headless Console metadata and pointer-free native events. Public secret events hide input bytes/length/digest. No live backend claim. Multiline/paragraph/block/Markdown/code/JSON/raw modes use native G078/G080 owners with at most 256 lines; finite Console enum choices are not nominal enum reflection; multiSelect exposes the native unique 32-bit mask; confirmSecret consumes a second input; forgetAfterUse zeroizes consumed private bytes and preserves the owned result. At most 32 total options. SymbolId/DocRecord reconciliation stays in F01. Synthetic mock/stdin replay; typed bounded ScanPlan; redaction; no real secret or live device	scan:option-type-form	STABLE_PUBLIC_PROFILE	sdk/contracts/stdlib/STDLIB-STABLE-CATALOG.tsv#g170-scan:form	DECLARED
ID-PUBLIC-b77957b906ae1b4d62eb740d	g170-scan:indexChoice	Real contextual option AST children, lexical operands and native ScanPlan owners. Text UTF-8 <=4096 bytes; Int64; Bool true/false; Char one-byte profile; 1..32 choices; finite retries <=8; readonly relative replay file <=4096 bytes/path<=256; typed Option<Int>/Result<T,ScanError>; headless Console metadata and pointer-free native events. Public secret events hide input bytes/length/digest. No live backend claim. Multiline/paragraph/block/Markdown/code/JSON/raw modes use native G078/G080 owners with at most 256 lines; finite Console enum choices are not nominal enum reflection; multiSelect exposes the native unique 32-bit mask; confirmSecret consumes a second input; forgetAfterUse zeroizes consumed private bytes and preserves the owned result. At most 32 total options. SymbolId/DocRecord reconciliation stays in F01. Synthetic mock/stdin replay; typed bounded ScanPlan; redaction; no real secret or live device	scan:choice-arity	STABLE_PUBLIC_PROFILE	sdk/contracts/stdlib/STDLIB-STABLE-CATALOG.tsv#g170-scan:indexChoice	DECLARED
ID-PUBLIC-34ac76f13e52fd72d0dbcafd	g170-scan:int	Real contextual option AST children, lexical operands and native ScanPlan owners. Text UTF-8 <=4096 bytes; Int64; Bool true/false; Char one-byte profile; 1..32 choices; finite retries <=8; readonly relative replay file <=4096 bytes/path<=256; typed Option<Int>/Result<T,ScanError>; headless Console metadata and pointer-free native events. Public secret events hide input bytes/length/digest. No live backend claim. Multiline/paragraph/block/Markdown/code/JSON/raw modes use native G078/G080 owners with at most 256 lines; finite Console enum choices are not nominal enum reflection; multiSelect exposes the native unique 32-bit mask; confirmSecret consumes a second input; forgetAfterUse zeroizes consumed private bytes and preserves the owned result. At most 32 total options. SymbolId/DocRecord reconciliation stays in F01. Synthetic mock/stdin replay; typed bounded ScanPlan; redaction; no real secret or live device	scan:int-overflow,scan:int-invalid	STABLE_PUBLIC_PROFILE	sdk/contracts/stdlib/STDLIB-STABLE-CATALOG.tsv#g170-scan:int	DECLARED
ID-PUBLIC-0438d14b7f41bc36a893417e	g170-scan:jsonBlock	Real contextual option AST children, lexical operands and native ScanPlan owners. Text UTF-8 <=4096 bytes; Int64; Bool true/false; Char one-byte profile; 1..32 choices; finite retries <=8; readonly relative replay file <=4096 bytes/path<=256; typed Option<Int>/Result<T,ScanError>; headless Console metadata and pointer-free native events. Public secret events hide input bytes/length/digest. No live backend claim. Multiline/paragraph/block/Markdown/code/JSON/raw modes use native G078/G080 owners with at most 256 lines; finite Console enum choices are not nominal enum reflection; multiSelect exposes the native unique 32-bit mask; confirmSecret consumes a second input; forgetAfterUse zeroizes consumed private bytes and preserves the owned result. At most 32 total options. SymbolId/DocRecord reconciliation stays in F01. Synthetic mock/stdin replay; typed bounded ScanPlan; redaction; no real secret or live device	scan:multiline-bad-json,scan:multiline-duplicate-json	STABLE_PUBLIC_PROFILE	sdk/contracts/stdlib/STDLIB-STABLE-CATALOG.tsv#g170-scan:jsonBlock	DECLARED
ID-PUBLIC-8933c17ec4ad13e937f395f3	g170-scan:lower	Real contextual option AST children, lexical operands and native ScanPlan owners. Text UTF-8 <=4096 bytes; Int64; Bool true/false; Char one-byte profile; 1..32 choices; finite retries <=8; readonly relative replay file <=4096 bytes/path<=256; typed Option<Int>/Result<T,ScanError>; headless Console metadata and pointer-free native events. Public secret events hide input bytes/length/digest. No live backend claim. Multiline/paragraph/block/Markdown/code/JSON/raw modes use native G078/G080 owners with at most 256 lines; finite Console enum choices are not nominal enum reflection; multiSelect exposes the native unique 32-bit mask; confirmSecret consumes a second input; forgetAfterUse zeroizes consumed private bytes and preserves the owned result. At most 32 total options. SymbolId/DocRecord reconciliation stays in F01. Synthetic mock/stdin replay; typed bounded ScanPlan; redaction; no real secret or live device	scan:case-conflict,scan:option-arity-lower	STABLE_PUBLIC_PROFILE	sdk/contracts/stdlib/STDLIB-STABLE-CATALOG.tsv#g170-scan:lower	DECLARED
ID-PUBLIC-d241e8045d64984fefc5ba0d	g170-scan:markdown	Real contextual option AST children, lexical operands and native ScanPlan owners. Text UTF-8 <=4096 bytes; Int64; Bool true/false; Char one-byte profile; 1..32 choices; finite retries <=8; readonly relative replay file <=4096 bytes/path<=256; typed Option<Int>/Result<T,ScanError>; headless Console metadata and pointer-free native events. Public secret events hide input bytes/length/digest. No live backend claim. Multiline/paragraph/block/Markdown/code/JSON/raw modes use native G078/G080 owners with at most 256 lines; finite Console enum choices are not nominal enum reflection; multiSelect exposes the native unique 32-bit mask; confirmSecret consumes a second input; forgetAfterUse zeroizes consumed private bytes and preserves the owned result. At most 32 total options. SymbolId/DocRecord reconciliation stays in F01. Synthetic mock/stdin replay; typed bounded ScanPlan; redaction; no real secret or live device	scan:multiline-type-conflict	STABLE_PUBLIC_PROFILE	sdk/contracts/stdlib/STDLIB-STABLE-CATALOG.tsv#g170-scan:markdown	DECLARED
ID-PUBLIC-0eb9b543cf7f05fd003162e3	g170-scan:mask	Real contextual option AST children, lexical operands and native ScanPlan owners. Text UTF-8 <=4096 bytes; Int64; Bool true/false; Char one-byte profile; 1..32 choices; finite retries <=8; readonly relative replay file <=4096 bytes/path<=256; typed Option<Int>/Result<T,ScanError>; headless Console metadata and pointer-free native events. Public secret events hide input bytes/length/digest. No live backend claim. Multiline/paragraph/block/Markdown/code/JSON/raw modes use native G078/G080 owners with at most 256 lines; finite Console enum choices are not nominal enum reflection; multiSelect exposes the native unique 32-bit mask; confirmSecret consumes a second input; forgetAfterUse zeroizes consumed private bytes and preserves the owned result. At most 32 total options. SymbolId/DocRecord reconciliation stays in F01. Synthetic mock/stdin replay; typed bounded ScanPlan; redaction; no real secret or live device	scan:option-type-mask	STABLE_PUBLIC_PROFILE	sdk/contracts/stdlib/STDLIB-STABLE-CATALOG.tsv#g170-scan:mask	DECLARED
ID-PUBLIC-f67cc22c07e59891b8aa72ca	g170-scan:max	Real contextual option AST children, lexical operands and native ScanPlan owners. Text UTF-8 <=4096 bytes; Int64; Bool true/false; Char one-byte profile; 1..32 choices; finite retries <=8; readonly relative replay file <=4096 bytes/path<=256; typed Option<Int>/Result<T,ScanError>; headless Console metadata and pointer-free native events. Public secret events hide input bytes/length/digest. No live backend claim. Multiline/paragraph/block/Markdown/code/JSON/raw modes use native G078/G080 owners with at most 256 lines; finite Console enum choices are not nominal enum reflection; multiSelect exposes the native unique 32-bit mask; confirmSecret consumes a second input; forgetAfterUse zeroizes consumed private bytes and preserves the owned result. At most 32 total options. SymbolId/DocRecord reconciliation stays in F01. Synthetic mock/stdin replay; typed bounded ScanPlan; redaction; no real secret or live device	scan:upper-bound	STABLE_PUBLIC_PROFILE	sdk/contracts/stdlib/STDLIB-STABLE-CATALOG.tsv#g170-scan:max	DECLARED
ID-PUBLIC-e0c3c38fdf7f72cb2a7c3e3e	g170-scan:maxAttempts	Real contextual option AST children, lexical operands and native ScanPlan owners. Text UTF-8 <=4096 bytes; Int64; Bool true/false; Char one-byte profile; 1..32 choices; finite retries <=8; readonly relative replay file <=4096 bytes/path<=256; typed Option<Int>/Result<T,ScanError>; headless Console metadata and pointer-free native events. Public secret events hide input bytes/length/digest. No live backend claim. Multiline/paragraph/block/Markdown/code/JSON/raw modes use native G078/G080 owners with at most 256 lines; finite Console enum choices are not nominal enum reflection; multiSelect exposes the native unique 32-bit mask; confirmSecret consumes a second input; forgetAfterUse zeroizes consumed private bytes and preserves the owned result. At most 32 total options. SymbolId/DocRecord reconciliation stays in F01. Synthetic mock/stdin replay; typed bounded ScanPlan; redaction; no real secret or live device	scan:attempts-zero,scan:attempts-nine	STABLE_PUBLIC_PROFILE	sdk/contracts/stdlib/STDLIB-STABLE-CATALOG.tsv#g170-scan:maxAttempts	DECLARED
ID-PUBLIC-2986e2863b1495d689869149	g170-scan:maxLen	Real contextual option AST children, lexical operands and native ScanPlan owners. Text UTF-8 <=4096 bytes; Int64; Bool true/false; Char one-byte profile; 1..32 choices; finite retries <=8; readonly relative replay file <=4096 bytes/path<=256; typed Option<Int>/Result<T,ScanError>; headless Console metadata and pointer-free native events. Public secret events hide input bytes/length/digest. No live backend claim. Multiline/paragraph/block/Markdown/code/JSON/raw modes use native G078/G080 owners with at most 256 lines; finite Console enum choices are not nominal enum reflection; multiSelect exposes the native unique 32-bit mask; confirmSecret consumes a second input; forgetAfterUse zeroizes consumed private bytes and preserves the owned result. At most 32 total options. SymbolId/DocRecord reconciliation stays in F01. Synthetic mock/stdin replay; typed bounded ScanPlan; redaction; no real secret or live device	scan:maximum-length,scan:option-type-maxLen	STABLE_PUBLIC_PROFILE	sdk/contracts/stdlib/STDLIB-STABLE-CATALOG.tsv#g170-scan:maxLen	DECLARED
ID-PUBLIC-8eeca3eaf21b9b50f5f19332	g170-scan:maxLines	Real contextual option AST children, lexical operands and native ScanPlan owners. Text UTF-8 <=4096 bytes; Int64; Bool true/false; Char one-byte profile; 1..32 choices; finite retries <=8; readonly relative replay file <=4096 bytes/path<=256; typed Option<Int>/Result<T,ScanError>; headless Console metadata and pointer-free native events. Public secret events hide input bytes/length/digest. No live backend claim. Multiline/paragraph/block/Markdown/code/JSON/raw modes use native G078/G080 owners with at most 256 lines; finite Console enum choices are not nominal enum reflection; multiSelect exposes the native unique 32-bit mask; confirmSecret consumes a second input; forgetAfterUse zeroizes consumed private bytes and preserves the owned result. At most 32 total options. SymbolId/DocRecord reconciliation stays in F01. Synthetic mock/stdin replay; typed bounded ScanPlan; redaction; no real secret or live device	scan:multiline-maxlines-zero,scan:multiline-maxlines-over	STABLE_PUBLIC_PROFILE	sdk/contracts/stdlib/STDLIB-STABLE-CATALOG.tsv#g170-scan:maxLines	DECLARED
ID-PUBLIC-ce50bfe174380d915f79bbd1	g170-scan:menu	Real contextual option AST children, lexical operands and native ScanPlan owners. Text UTF-8 <=4096 bytes; Int64; Bool true/false; Char one-byte profile; 1..32 choices; finite retries <=8; readonly relative replay file <=4096 bytes/path<=256; typed Option<Int>/Result<T,ScanError>; headless Console metadata and pointer-free native events. Public secret events hide input bytes/length/digest. No live backend claim. Multiline/paragraph/block/Markdown/code/JSON/raw modes use native G078/G080 owners with at most 256 lines; finite Console enum choices are not nominal enum reflection; multiSelect exposes the native unique 32-bit mask; confirmSecret consumes a second input; forgetAfterUse zeroizes consumed private bytes and preserves the owned result. At most 32 total options. SymbolId/DocRecord reconciliation stays in F01. Synthetic mock/stdin replay; typed bounded ScanPlan; redaction; no real secret or live device	scan:choice-variant-menu-absent,scan:choice-type-menu	STABLE_PUBLIC_PROFILE	sdk/contracts/stdlib/STDLIB-STABLE-CATALOG.tsv#g170-scan:menu	DECLARED
ID-PUBLIC-13f6ccc8f95395711472a8ac	g170-scan:min	Real contextual option AST children, lexical operands and native ScanPlan owners. Text UTF-8 <=4096 bytes; Int64; Bool true/false; Char one-byte profile; 1..32 choices; finite retries <=8; readonly relative replay file <=4096 bytes/path<=256; typed Option<Int>/Result<T,ScanError>; headless Console metadata and pointer-free native events. Public secret events hide input bytes/length/digest. No live backend claim. Multiline/paragraph/block/Markdown/code/JSON/raw modes use native G078/G080 owners with at most 256 lines; finite Console enum choices are not nominal enum reflection; multiSelect exposes the native unique 32-bit mask; confirmSecret consumes a second input; forgetAfterUse zeroizes consumed private bytes and preserves the owned result. At most 32 total options. SymbolId/DocRecord reconciliation stays in F01. Synthetic mock/stdin replay; typed bounded ScanPlan; redaction; no real secret or live device	scan:lower-bound	STABLE_PUBLIC_PROFILE	sdk/contracts/stdlib/STDLIB-STABLE-CATALOG.tsv#g170-scan:min	DECLARED
ID-PUBLIC-1306f9455e3785bc45727df3	g170-scan:minLen	Real contextual option AST children, lexical operands and native ScanPlan owners. Text UTF-8 <=4096 bytes; Int64; Bool true/false; Char one-byte profile; 1..32 choices; finite retries <=8; readonly relative replay file <=4096 bytes/path<=256; typed Option<Int>/Result<T,ScanError>; headless Console metadata and pointer-free native events. Public secret events hide input bytes/length/digest. No live backend claim. Multiline/paragraph/block/Markdown/code/JSON/raw modes use native G078/G080 owners with at most 256 lines; finite Console enum choices are not nominal enum reflection; multiSelect exposes the native unique 32-bit mask; confirmSecret consumes a second input; forgetAfterUse zeroizes consumed private bytes and preserves the owned result. At most 32 total options. SymbolId/DocRecord reconciliation stays in F01. Synthetic mock/stdin replay; typed bounded ScanPlan; redaction; no real secret or live device	scan:minimum-length,scan:option-type-minLen	STABLE_PUBLIC_PROFILE	sdk/contracts/stdlib/STDLIB-STABLE-CATALOG.tsv#g170-scan:minLen	DECLARED
ID-PUBLIC-56d13cf12b46bb5100c9b006	g170-scan:minStrength	Real contextual option AST children, lexical operands and native ScanPlan owners. Text UTF-8 <=4096 bytes; Int64; Bool true/false; Char one-byte profile; 1..32 choices; finite retries <=8; readonly relative replay file <=4096 bytes/path<=256; typed Option<Int>/Result<T,ScanError>; headless Console metadata and pointer-free native events. Public secret events hide input bytes/length/digest. No live backend claim. Multiline/paragraph/block/Markdown/code/JSON/raw modes use native G078/G080 owners with at most 256 lines; finite Console enum choices are not nominal enum reflection; multiSelect exposes the native unique 32-bit mask; confirmSecret consumes a second input; forgetAfterUse zeroizes consumed private bytes and preserves the owned result. At most 32 total options. SymbolId/DocRecord reconciliation stays in F01. Synthetic mock/stdin replay; typed bounded ScanPlan; redaction; no real secret or live device	scan:option-type-minStrength	STABLE_PUBLIC_PROFILE	sdk/contracts/stdlib/STDLIB-STABLE-CATALOG.tsv#g170-scan:minStrength	DECLARED
ID-PUBLIC-ebf1713b5b1d7d5dd48ab14f	g170-scan:mock	Real contextual option AST children, lexical operands and native ScanPlan owners. Text UTF-8 <=4096 bytes; Int64; Bool true/false; Char one-byte profile; 1..32 choices; finite retries <=8; readonly relative replay file <=4096 bytes/path<=256; typed Option<Int>/Result<T,ScanError>; headless Console metadata and pointer-free native events. Public secret events hide input bytes/length/digest. No live backend claim. Multiline/paragraph/block/Markdown/code/JSON/raw modes use native G078/G080 owners with at most 256 lines; finite Console enum choices are not nominal enum reflection; multiSelect exposes the native unique 32-bit mask; confirmSecret consumes a second input; forgetAfterUse zeroizes consumed private bytes and preserves the owned result. At most 32 total options. SymbolId/DocRecord reconciliation stays in F01. Synthetic mock/stdin replay; typed bounded ScanPlan; redaction; no real secret or live device	scan:duplicate-mock,scan:mock-type	STABLE_PUBLIC_PROFILE	sdk/contracts/stdlib/STDLIB-STABLE-CATALOG.tsv#g170-scan:mock	DECLARED
ID-PUBLIC-e8837ff73fccf630942ae24c	g170-scan:multiSelect	Real contextual option AST children, lexical operands and native ScanPlan owners. Text UTF-8 <=4096 bytes; Int64; Bool true/false; Char one-byte profile; 1..32 choices; finite retries <=8; readonly relative replay file <=4096 bytes/path<=256; typed Option<Int>/Result<T,ScanError>; headless Console metadata and pointer-free native events. Public secret events hide input bytes/length/digest. No live backend claim. Multiline/paragraph/block/Markdown/code/JSON/raw modes use native G078/G080 owners with at most 256 lines; finite Console enum choices are not nominal enum reflection; multiSelect exposes the native unique 32-bit mask; confirmSecret consumes a second input; forgetAfterUse zeroizes consumed private bytes and preserves the owned result. At most 32 total options. SymbolId/DocRecord reconciliation stays in F01. Synthetic mock/stdin replay; typed bounded ScanPlan; redaction; no real secret or live device	scan:multi-select-duplicate,scan:multi-select-absent,scan:choice-type-multiSelect	STABLE_PUBLIC_PROFILE	sdk/contracts/stdlib/STDLIB-STABLE-CATALOG.tsv#g170-scan:multiSelect	DECLARED
ID-PUBLIC-196f060009b30f0ecbdad71a	g170-scan:multiline	Real contextual option AST children, lexical operands and native ScanPlan owners. Text UTF-8 <=4096 bytes; Int64; Bool true/false; Char one-byte profile; 1..32 choices; finite retries <=8; readonly relative replay file <=4096 bytes/path<=256; typed Option<Int>/Result<T,ScanError>; headless Console metadata and pointer-free native events. Public secret events hide input bytes/length/digest. No live backend claim. Multiline/paragraph/block/Markdown/code/JSON/raw modes use native G078/G080 owners with at most 256 lines; finite Console enum choices are not nominal enum reflection; multiSelect exposes the native unique 32-bit mask; confirmSecret consumes a second input; forgetAfterUse zeroizes consumed private bytes and preserves the owned result. At most 32 total options. SymbolId/DocRecord reconciliation stays in F01. Synthetic mock/stdin replay; typed bounded ScanPlan; redaction; no real secret or live device	scan:multiline-type-conflict,scan:multiline-too-many-lines	STABLE_PUBLIC_PROFILE	sdk/contracts/stdlib/STDLIB-STABLE-CATALOG.tsv#g170-scan:multiline	DECLARED
ID-PUBLIC-0ff2e1ff410ac27808cca427	g170-scan:noEcho	Real contextual option AST children, lexical operands and native ScanPlan owners. Text UTF-8 <=4096 bytes; Int64; Bool true/false; Char one-byte profile; 1..32 choices; finite retries <=8; readonly relative replay file <=4096 bytes/path<=256; typed Option<Int>/Result<T,ScanError>; headless Console metadata and pointer-free native events. Public secret events hide input bytes/length/digest. No live backend claim. Multiline/paragraph/block/Markdown/code/JSON/raw modes use native G078/G080 owners with at most 256 lines; finite Console enum choices are not nominal enum reflection; multiSelect exposes the native unique 32-bit mask; confirmSecret consumes a second input; forgetAfterUse zeroizes consumed private bytes and preserves the owned result. At most 32 total options. SymbolId/DocRecord reconciliation stays in F01. Synthetic mock/stdin replay; typed bounded ScanPlan; redaction; no real secret or live device	scan:secret-arity,scan:option-arity-noEcho	STABLE_PUBLIC_PROFILE	sdk/contracts/stdlib/STDLIB-STABLE-CATALOG.tsv#g170-scan:noEcho	DECLARED
ID-PUBLIC-2f2c95f2e35db1300a209fe5	g170-scan:noHistory	Real contextual option AST children, lexical operands and native ScanPlan owners. Text UTF-8 <=4096 bytes; Int64; Bool true/false; Char one-byte profile; 1..32 choices; finite retries <=8; readonly relative replay file <=4096 bytes/path<=256; typed Option<Int>/Result<T,ScanError>; headless Console metadata and pointer-free native events. Public secret events hide input bytes/length/digest. No live backend claim. Multiline/paragraph/block/Markdown/code/JSON/raw modes use native G078/G080 owners with at most 256 lines; finite Console enum choices are not nominal enum reflection; multiSelect exposes the native unique 32-bit mask; confirmSecret consumes a second input; forgetAfterUse zeroizes consumed private bytes and preserves the owned result. At most 32 total options. SymbolId/DocRecord reconciliation stays in F01. Synthetic mock/stdin replay; typed bounded ScanPlan; redaction; no real secret or live device	scan:secret-arity,scan:option-arity-noHistory	STABLE_PUBLIC_PROFILE	sdk/contracts/stdlib/STDLIB-STABLE-CATALOG.tsv#g170-scan:noHistory	DECLARED
ID-PUBLIC-2c761ad0c956c49a68b49f52	g170-scan:onCancel	Real contextual option AST children, lexical operands and native ScanPlan owners. Text UTF-8 <=4096 bytes; Int64; Bool true/false; Char one-byte profile; 1..32 choices; finite retries <=8; readonly relative replay file <=4096 bytes/path<=256; typed Option<Int>/Result<T,ScanError>; headless Console metadata and pointer-free native events. Public secret events hide input bytes/length/digest. No live backend claim. Multiline/paragraph/block/Markdown/code/JSON/raw modes use native G078/G080 owners with at most 256 lines; finite Console enum choices are not nominal enum reflection; multiSelect exposes the native unique 32-bit mask; confirmSecret consumes a second input; forgetAfterUse zeroizes consumed private bytes and preserves the owned result. At most 32 total options. SymbolId/DocRecord reconciliation stays in F01. Synthetic mock/stdin replay; typed bounded ScanPlan; redaction; no real secret or live device	scan:cancel-fallback-type	STABLE_PUBLIC_PROFILE	sdk/contracts/stdlib/STDLIB-STABLE-CATALOG.tsv#g170-scan:onCancel	DECLARED
ID-PUBLIC-c17cc55b9d90e5858a37d01d	g170-scan:oneOf	Real contextual option AST children, lexical operands and native ScanPlan owners. Text UTF-8 <=4096 bytes; Int64; Bool true/false; Char one-byte profile; 1..32 choices; finite retries <=8; readonly relative replay file <=4096 bytes/path<=256; typed Option<Int>/Result<T,ScanError>; headless Console metadata and pointer-free native events. Public secret events hide input bytes/length/digest. No live backend claim. Multiline/paragraph/block/Markdown/code/JSON/raw modes use native G078/G080 owners with at most 256 lines; finite Console enum choices are not nominal enum reflection; multiSelect exposes the native unique 32-bit mask; confirmSecret consumes a second input; forgetAfterUse zeroizes consumed private bytes and preserves the owned result. At most 32 total options. SymbolId/DocRecord reconciliation stays in F01. Synthetic mock/stdin replay; typed bounded ScanPlan; redaction; no real secret or live device	scan:choice-variant-oneOf-absent,scan:choice-type-oneOf	STABLE_PUBLIC_PROFILE	sdk/contracts/stdlib/STDLIB-STABLE-CATALOG.tsv#g170-scan:oneOf	DECLARED
ID-PUBLIC-b7ed416f3664b7024cebe3a7	g170-scan:optional	Real contextual option AST children, lexical operands and native ScanPlan owners. Text UTF-8 <=4096 bytes; Int64; Bool true/false; Char one-byte profile; 1..32 choices; finite retries <=8; readonly relative replay file <=4096 bytes/path<=256; typed Option<Int>/Result<T,ScanError>; headless Console metadata and pointer-free native events. Public secret events hide input bytes/length/digest. No live backend claim. Multiline/paragraph/block/Markdown/code/JSON/raw modes use native G078/G080 owners with at most 256 lines; finite Console enum choices are not nominal enum reflection; multiSelect exposes the native unique 32-bit mask; confirmSecret consumes a second input; forgetAfterUse zeroizes consumed private bytes and preserves the owned result. At most 32 total options. SymbolId/DocRecord reconciliation stays in F01. Synthetic mock/stdin replay; typed bounded ScanPlan; redaction; no real secret or live device	scan:optional-type,scan:option-arity-optional	STABLE_PUBLIC_PROFILE	sdk/contracts/stdlib/STDLIB-STABLE-CATALOG.tsv#g170-scan:optional	DECLARED
ID-PUBLIC-413208289d7b69120a9ccee6	g170-scan:panel	Real contextual option AST children, lexical operands and native ScanPlan owners. Text UTF-8 <=4096 bytes; Int64; Bool true/false; Char one-byte profile; 1..32 choices; finite retries <=8; readonly relative replay file <=4096 bytes/path<=256; typed Option<Int>/Result<T,ScanError>; headless Console metadata and pointer-free native events. Public secret events hide input bytes/length/digest. No live backend claim. Multiline/paragraph/block/Markdown/code/JSON/raw modes use native G078/G080 owners with at most 256 lines; finite Console enum choices are not nominal enum reflection; multiSelect exposes the native unique 32-bit mask; confirmSecret consumes a second input; forgetAfterUse zeroizes consumed private bytes and preserves the owned result. At most 32 total options. SymbolId/DocRecord reconciliation stays in F01. Synthetic mock/stdin replay; typed bounded ScanPlan; redaction; no real secret or live device	scan:option-type-panel	STABLE_PUBLIC_PROFILE	sdk/contracts/stdlib/STDLIB-STABLE-CATALOG.tsv#g170-scan:panel	DECLARED
ID-PUBLIC-587bf53150af0870e5e70f87	g170-scan:paragraph	Real contextual option AST children, lexical operands and native ScanPlan owners. Text UTF-8 <=4096 bytes; Int64; Bool true/false; Char one-byte profile; 1..32 choices; finite retries <=8; readonly relative replay file <=4096 bytes/path<=256; typed Option<Int>/Result<T,ScanError>; headless Console metadata and pointer-free native events. Public secret events hide input bytes/length/digest. No live backend claim. Multiline/paragraph/block/Markdown/code/JSON/raw modes use native G078/G080 owners with at most 256 lines; finite Console enum choices are not nominal enum reflection; multiSelect exposes the native unique 32-bit mask; confirmSecret consumes a second input; forgetAfterUse zeroizes consumed private bytes and preserves the owned result. At most 32 total options. SymbolId/DocRecord reconciliation stays in F01. Synthetic mock/stdin replay; typed bounded ScanPlan; redaction; no real secret or live device	scan:multiline-mode-conflict	STABLE_PUBLIC_PROFILE	sdk/contracts/stdlib/STDLIB-STABLE-CATALOG.tsv#g170-scan:paragraph	DECLARED
ID-PUBLIC-dedb259d2078ecef47e2960a	g170-scan:password	Real contextual option AST children, lexical operands and native ScanPlan owners. Text UTF-8 <=4096 bytes; Int64; Bool true/false; Char one-byte profile; 1..32 choices; finite retries <=8; readonly relative replay file <=4096 bytes/path<=256; typed Option<Int>/Result<T,ScanError>; headless Console metadata and pointer-free native events. Public secret events hide input bytes/length/digest. No live backend claim. Multiline/paragraph/block/Markdown/code/JSON/raw modes use native G078/G080 owners with at most 256 lines; finite Console enum choices are not nominal enum reflection; multiSelect exposes the native unique 32-bit mask; confirmSecret consumes a second input; forgetAfterUse zeroizes consumed private bytes and preserves the owned result. At most 32 total options. SymbolId/DocRecord reconciliation stays in F01. Synthetic mock/stdin replay; typed bounded ScanPlan; redaction; no real secret or live device	scan:weak-secret,scan:option-arity-password	STABLE_PUBLIC_PROFILE	sdk/contracts/stdlib/STDLIB-STABLE-CATALOG.tsv#g170-scan:password	DECLARED
ID-PUBLIC-f4f519f39f6dda1ed23187cf	g170-scan:rawBlock	Real contextual option AST children, lexical operands and native ScanPlan owners. Text UTF-8 <=4096 bytes; Int64; Bool true/false; Char one-byte profile; 1..32 choices; finite retries <=8; readonly relative replay file <=4096 bytes/path<=256; typed Option<Int>/Result<T,ScanError>; headless Console metadata and pointer-free native events. Public secret events hide input bytes/length/digest. No live backend claim. Multiline/paragraph/block/Markdown/code/JSON/raw modes use native G078/G080 owners with at most 256 lines; finite Console enum choices are not nominal enum reflection; multiSelect exposes the native unique 32-bit mask; confirmSecret consumes a second input; forgetAfterUse zeroizes consumed private bytes and preserves the owned result. At most 32 total options. SymbolId/DocRecord reconciliation stays in F01. Synthetic mock/stdin replay; typed bounded ScanPlan; redaction; no real secret or live device	scan:multiline-mode-conflict	STABLE_PUBLIC_PROFILE	sdk/contracts/stdlib/STDLIB-STABLE-CATALOG.tsv#g170-scan:rawBlock	DECLARED
ID-PUBLIC-e4c76481540868cd3f68a13e	g170-scan:redact	Real contextual option AST children, lexical operands and native ScanPlan owners. Text UTF-8 <=4096 bytes; Int64; Bool true/false; Char one-byte profile; 1..32 choices; finite retries <=8; readonly relative replay file <=4096 bytes/path<=256; typed Option<Int>/Result<T,ScanError>; headless Console metadata and pointer-free native events. Public secret events hide input bytes/length/digest. No live backend claim. Multiline/paragraph/block/Markdown/code/JSON/raw modes use native G078/G080 owners with at most 256 lines; finite Console enum choices are not nominal enum reflection; multiSelect exposes the native unique 32-bit mask; confirmSecret consumes a second input; forgetAfterUse zeroizes consumed private bytes and preserves the owned result. At most 32 total options. SymbolId/DocRecord reconciliation stays in F01. Synthetic mock/stdin replay; typed bounded ScanPlan; redaction; no real secret or live device	scan:secret-arity,scan:option-arity-redact	STABLE_PUBLIC_PROFILE	sdk/contracts/stdlib/STDLIB-STABLE-CATALOG.tsv#g170-scan:redact	DECLARED
ID-PUBLIC-f3430da48791727b211312c4	g170-scan:replay	Real contextual option AST children, lexical operands and native ScanPlan owners. Text UTF-8 <=4096 bytes; Int64; Bool true/false; Char one-byte profile; 1..32 choices; finite retries <=8; readonly relative replay file <=4096 bytes/path<=256; typed Option<Int>/Result<T,ScanError>; headless Console metadata and pointer-free native events. Public secret events hide input bytes/length/digest. No live backend claim. Multiline/paragraph/block/Markdown/code/JSON/raw modes use native G078/G080 owners with at most 256 lines; finite Console enum choices are not nominal enum reflection; multiSelect exposes the native unique 32-bit mask; confirmSecret consumes a second input; forgetAfterUse zeroizes consumed private bytes and preserves the owned result. At most 32 total options. SymbolId/DocRecord reconciliation stays in F01. Synthetic mock/stdin replay; typed bounded ScanPlan; redaction; no real secret or live device	scan:replay-missing,scan:replay-limit,scan:replay-parent,scan:replay-absolute	STABLE_PUBLIC_PROFILE	sdk/contracts/stdlib/STDLIB-STABLE-CATALOG.tsv#g170-scan:replay	DECLARED
ID-PUBLIC-d7837459f16a50943d90090f	g170-scan:required	Real contextual option AST children, lexical operands and native ScanPlan owners. Text UTF-8 <=4096 bytes; Int64; Bool true/false; Char one-byte profile; 1..32 choices; finite retries <=8; readonly relative replay file <=4096 bytes/path<=256; typed Option<Int>/Result<T,ScanError>; headless Console metadata and pointer-free native events. Public secret events hide input bytes/length/digest. No live backend claim. Multiline/paragraph/block/Markdown/code/JSON/raw modes use native G078/G080 owners with at most 256 lines; finite Console enum choices are not nominal enum reflection; multiSelect exposes the native unique 32-bit mask; confirmSecret consumes a second input; forgetAfterUse zeroizes consumed private bytes and preserves the owned result. At most 32 total options. SymbolId/DocRecord reconciliation stays in F01. Synthetic mock/stdin replay; typed bounded ScanPlan; redaction; no real secret or live device	scan:required-empty,scan:option-arity-required	STABLE_PUBLIC_PROFILE	sdk/contracts/stdlib/STDLIB-STABLE-CATALOG.tsv#g170-scan:required	DECLARED
ID-PUBLIC-8b7c741c34b57e3a5aa98e58	g170-scan:result	Real contextual option AST children, lexical operands and native ScanPlan owners. Text UTF-8 <=4096 bytes; Int64; Bool true/false; Char one-byte profile; 1..32 choices; finite retries <=8; readonly relative replay file <=4096 bytes/path<=256; typed Option<Int>/Result<T,ScanError>; headless Console metadata and pointer-free native events. Public secret events hide input bytes/length/digest. No live backend claim. Multiline/paragraph/block/Markdown/code/JSON/raw modes use native G078/G080 owners with at most 256 lines; finite Console enum choices are not nominal enum reflection; multiSelect exposes the native unique 32-bit mask; confirmSecret consumes a second input; forgetAfterUse zeroizes consumed private bytes and preserves the owned result. At most 32 total options. SymbolId/DocRecord reconciliation stays in F01. Synthetic mock/stdin replay; typed bounded ScanPlan; redaction; no real secret or live device	scan:result-optional-conflict,scan:option-arity-result	STABLE_PUBLIC_PROFILE	sdk/contracts/stdlib/STDLIB-STABLE-CATALOG.tsv#g170-scan:result	DECLARED
ID-PUBLIC-48a275d59fa0eb21dd269411	g170-scan:retry	Real contextual option AST children, lexical operands and native ScanPlan owners. Text UTF-8 <=4096 bytes; Int64; Bool true/false; Char one-byte profile; 1..32 choices; finite retries <=8; readonly relative replay file <=4096 bytes/path<=256; typed Option<Int>/Result<T,ScanError>; headless Console metadata and pointer-free native events. Public secret events hide input bytes/length/digest. No live backend claim. Multiline/paragraph/block/Markdown/code/JSON/raw modes use native G078/G080 owners with at most 256 lines; finite Console enum choices are not nominal enum reflection; multiSelect exposes the native unique 32-bit mask; confirmSecret consumes a second input; forgetAfterUse zeroizes consumed private bytes and preserves the owned result. At most 32 total options. SymbolId/DocRecord reconciliation stays in F01. Synthetic mock/stdin replay; typed bounded ScanPlan; redaction; no real secret or live device	scan:retry-exhausted,scan:retry-default-exhausted,scan:option-arity-retry	STABLE_PUBLIC_PROFILE	sdk/contracts/stdlib/STDLIB-STABLE-CATALOG.tsv#g170-scan:retry	DECLARED
ID-PUBLIC-3feee0daa1b011f41ff0457c	g170-scan:scan	Real contextual option AST children, lexical operands and native ScanPlan owners. Text UTF-8 <=4096 bytes; Int64; Bool true/false; Char one-byte profile; 1..32 choices; finite retries <=8; readonly relative replay file <=4096 bytes/path<=256; typed Option<Int>/Result<T,ScanError>; headless Console metadata and pointer-free native events. Public secret events hide input bytes/length/digest. No live backend claim. Multiline/paragraph/block/Markdown/code/JSON/raw modes use native G078/G080 owners with at most 256 lines; finite Console enum choices are not nominal enum reflection; multiSelect exposes the native unique 32-bit mask; confirmSecret consumes a second input; forgetAfterUse zeroizes consumed private bytes and preserves the owned result. At most 32 total options. SymbolId/DocRecord reconciliation stays in F01. Synthetic mock/stdin replay; typed bounded ScanPlan; redaction; no real secret or live device	scan:invalid-process-type,scan:unknown	STABLE_PUBLIC_PROFILE	sdk/contracts/stdlib/STDLIB-STABLE-CATALOG.tsv#g170-scan:scan	DECLARED
ID-PUBLIC-f2ef32623c1bdd59d4cc6b6b	g170-scan:secret	Real contextual option AST children, lexical operands and native ScanPlan owners. Text UTF-8 <=4096 bytes; Int64; Bool true/false; Char one-byte profile; 1..32 choices; finite retries <=8; readonly relative replay file <=4096 bytes/path<=256; typed Option<Int>/Result<T,ScanError>; headless Console metadata and pointer-free native events. Public secret events hide input bytes/length/digest. No live backend claim. Multiline/paragraph/block/Markdown/code/JSON/raw modes use native G078/G080 owners with at most 256 lines; finite Console enum choices are not nominal enum reflection; multiSelect exposes the native unique 32-bit mask; confirmSecret consumes a second input; forgetAfterUse zeroizes consumed private bytes and preserves the owned result. At most 32 total options. SymbolId/DocRecord reconciliation stays in F01. Synthetic mock/stdin replay; typed bounded ScanPlan; redaction; no real secret or live device	scan:weak-secret,scan:secret-arity,scan:option-arity-secret	STABLE_PUBLIC_PROFILE	sdk/contracts/stdlib/STDLIB-STABLE-CATALOG.tsv#g170-scan:secret	DECLARED
ID-PUBLIC-07dac9fd8a9c2ed823fda59c	g170-scan:select	Real contextual option AST children, lexical operands and native ScanPlan owners. Text UTF-8 <=4096 bytes; Int64; Bool true/false; Char one-byte profile; 1..32 choices; finite retries <=8; readonly relative replay file <=4096 bytes/path<=256; typed Option<Int>/Result<T,ScanError>; headless Console metadata and pointer-free native events. Public secret events hide input bytes/length/digest. No live backend claim. Multiline/paragraph/block/Markdown/code/JSON/raw modes use native G078/G080 owners with at most 256 lines; finite Console enum choices are not nominal enum reflection; multiSelect exposes the native unique 32-bit mask; confirmSecret consumes a second input; forgetAfterUse zeroizes consumed private bytes and preserves the owned result. At most 32 total options. SymbolId/DocRecord reconciliation stays in F01. Synthetic mock/stdin replay; typed bounded ScanPlan; redaction; no real secret or live device	scan:choice-variant-select-absent,scan:choice-type-select	STABLE_PUBLIC_PROFILE	sdk/contracts/stdlib/STDLIB-STABLE-CATALOG.tsv#g170-scan:select	DECLARED
ID-PUBLIC-a6a26f6da1ae56f703191257	g170-scan:sensitive	Real contextual option AST children, lexical operands and native ScanPlan owners. Text UTF-8 <=4096 bytes; Int64; Bool true/false; Char one-byte profile; 1..32 choices; finite retries <=8; readonly relative replay file <=4096 bytes/path<=256; typed Option<Int>/Result<T,ScanError>; headless Console metadata and pointer-free native events. Public secret events hide input bytes/length/digest. No live backend claim. Multiline/paragraph/block/Markdown/code/JSON/raw modes use native G078/G080 owners with at most 256 lines; finite Console enum choices are not nominal enum reflection; multiSelect exposes the native unique 32-bit mask; confirmSecret consumes a second input; forgetAfterUse zeroizes consumed private bytes and preserves the owned result. At most 32 total options. SymbolId/DocRecord reconciliation stays in F01. Synthetic mock/stdin replay; typed bounded ScanPlan; redaction; no real secret or live device	scan:secret-arity,scan:option-arity-sensitive	STABLE_PUBLIC_PROFILE	sdk/contracts/stdlib/STDLIB-STABLE-CATALOG.tsv#g170-scan:sensitive	DECLARED
ID-PUBLIC-d528208992d9ee835bf600b2	g170-scan:style	Real contextual option AST children, lexical operands and native ScanPlan owners. Text UTF-8 <=4096 bytes; Int64; Bool true/false; Char one-byte profile; 1..32 choices; finite retries <=8; readonly relative replay file <=4096 bytes/path<=256; typed Option<Int>/Result<T,ScanError>; headless Console metadata and pointer-free native events. Public secret events hide input bytes/length/digest. No live backend claim. Multiline/paragraph/block/Markdown/code/JSON/raw modes use native G078/G080 owners with at most 256 lines; finite Console enum choices are not nominal enum reflection; multiSelect exposes the native unique 32-bit mask; confirmSecret consumes a second input; forgetAfterUse zeroizes consumed private bytes and preserves the owned result. At most 32 total options. SymbolId/DocRecord reconciliation stays in F01. Synthetic mock/stdin replay; typed bounded ScanPlan; redaction; no real secret or live device	scan:option-type-style	STABLE_PUBLIC_PROFILE	sdk/contracts/stdlib/STDLIB-STABLE-CATALOG.tsv#g170-scan:style	DECLARED
ID-PUBLIC-92a414058eb8de86aadcdb0c	g170-scan:text	Real contextual option AST children, lexical operands and native ScanPlan owners. Text UTF-8 <=4096 bytes; Int64; Bool true/false; Char one-byte profile; 1..32 choices; finite retries <=8; readonly relative replay file <=4096 bytes/path<=256; typed Option<Int>/Result<T,ScanError>; headless Console metadata and pointer-free native events. Public secret events hide input bytes/length/digest. No live backend claim. Multiline/paragraph/block/Markdown/code/JSON/raw modes use native G078/G080 owners with at most 256 lines; finite Console enum choices are not nominal enum reflection; multiSelect exposes the native unique 32-bit mask; confirmSecret consumes a second input; forgetAfterUse zeroizes consumed private bytes and preserves the owned result. At most 32 total options. SymbolId/DocRecord reconciliation stays in F01. Synthetic mock/stdin replay; typed bounded ScanPlan; redaction; no real secret or live device	scan:mock-type,scan:option-arity-text	STABLE_PUBLIC_PROFILE	sdk/contracts/stdlib/STDLIB-STABLE-CATALOG.tsv#g170-scan:text	DECLARED
ID-PUBLIC-f11ee74df293ec330cbcfe51	g170-scan:trim	Real contextual option AST children, lexical operands and native ScanPlan owners. Text UTF-8 <=4096 bytes; Int64; Bool true/false; Char one-byte profile; 1..32 choices; finite retries <=8; readonly relative replay file <=4096 bytes/path<=256; typed Option<Int>/Result<T,ScanError>; headless Console metadata and pointer-free native events. Public secret events hide input bytes/length/digest. No live backend claim. Multiline/paragraph/block/Markdown/code/JSON/raw modes use native G078/G080 owners with at most 256 lines; finite Console enum choices are not nominal enum reflection; multiSelect exposes the native unique 32-bit mask; confirmSecret consumes a second input; forgetAfterUse zeroizes consumed private bytes and preserves the owned result. At most 32 total options. SymbolId/DocRecord reconciliation stays in F01. Synthetic mock/stdin replay; typed bounded ScanPlan; redaction; no real secret or live device	scan:mock-type,scan:option-arity-trim	STABLE_PUBLIC_PROFILE	sdk/contracts/stdlib/STDLIB-STABLE-CATALOG.tsv#g170-scan:trim	DECLARED
ID-PUBLIC-f78507e58cfa3370ce7595e7	g170-scan:until	Real contextual option AST children, lexical operands and native ScanPlan owners. Text UTF-8 <=4096 bytes; Int64; Bool true/false; Char one-byte profile; 1..32 choices; finite retries <=8; readonly relative replay file <=4096 bytes/path<=256; typed Option<Int>/Result<T,ScanError>; headless Console metadata and pointer-free native events. Public secret events hide input bytes/length/digest. No live backend claim. Multiline/paragraph/block/Markdown/code/JSON/raw modes use native G078/G080 owners with at most 256 lines; finite Console enum choices are not nominal enum reflection; multiSelect exposes the native unique 32-bit mask; confirmSecret consumes a second input; forgetAfterUse zeroizes consumed private bytes and preserves the owned result. At most 32 total options. SymbolId/DocRecord reconciliation stays in F01. Synthetic mock/stdin replay; typed bounded ScanPlan; redaction; no real secret or live device	scan:multiline-empty-delimiter,scan:multiline-type-until	STABLE_PUBLIC_PROFILE	sdk/contracts/stdlib/STDLIB-STABLE-CATALOG.tsv#g170-scan:until	DECLARED
ID-PUBLIC-1a512e62b3ee18ff2f65167a	g170-scan:untrusted	Real contextual option AST children, lexical operands and native ScanPlan owners. Text UTF-8 <=4096 bytes; Int64; Bool true/false; Char one-byte profile; 1..32 choices; finite retries <=8; readonly relative replay file <=4096 bytes/path<=256; typed Option<Int>/Result<T,ScanError>; headless Console metadata and pointer-free native events. Public secret events hide input bytes/length/digest. No live backend claim. Multiline/paragraph/block/Markdown/code/JSON/raw modes use native G078/G080 owners with at most 256 lines; finite Console enum choices are not nominal enum reflection; multiSelect exposes the native unique 32-bit mask; confirmSecret consumes a second input; forgetAfterUse zeroizes consumed private bytes and preserves the owned result. At most 32 total options. SymbolId/DocRecord reconciliation stays in F01. Synthetic mock/stdin replay; typed bounded ScanPlan; redaction; no real secret or live device	scan:secret-arity,scan:option-arity-untrusted	STABLE_PUBLIC_PROFILE	sdk/contracts/stdlib/STDLIB-STABLE-CATALOG.tsv#g170-scan:untrusted	DECLARED
ID-PUBLIC-f0681f4bdffe68b3c40c0069	g170-scan:upper	Real contextual option AST children, lexical operands and native ScanPlan owners. Text UTF-8 <=4096 bytes; Int64; Bool true/false; Char one-byte profile; 1..32 choices; finite retries <=8; readonly relative replay file <=4096 bytes/path<=256; typed Option<Int>/Result<T,ScanError>; headless Console metadata and pointer-free native events. Public secret events hide input bytes/length/digest. No live backend claim. Multiline/paragraph/block/Markdown/code/JSON/raw modes use native G078/G080 owners with at most 256 lines; finite Console enum choices are not nominal enum reflection; multiSelect exposes the native unique 32-bit mask; confirmSecret consumes a second input; forgetAfterUse zeroizes consumed private bytes and preserves the owned result. At most 32 total options. SymbolId/DocRecord reconciliation stays in F01. Synthetic mock/stdin replay; typed bounded ScanPlan; redaction; no real secret or live device	scan:case-conflict,scan:option-arity-upper	STABLE_PUBLIC_PROFILE	sdk/contracts/stdlib/STDLIB-STABLE-CATALOG.tsv#g170-scan:upper	DECLARED
ID-PUBLIC-e29018ff5393bb2bc83b965c	g170-scan:view	Real contextual option AST children, lexical operands and native ScanPlan owners. Text UTF-8 <=4096 bytes; Int64; Bool true/false; Char one-byte profile; 1..32 choices; finite retries <=8; readonly relative replay file <=4096 bytes/path<=256; typed Option<Int>/Result<T,ScanError>; headless Console metadata and pointer-free native events. Public secret events hide input bytes/length/digest. No live backend claim. Multiline/paragraph/block/Markdown/code/JSON/raw modes use native G078/G080 owners with at most 256 lines; finite Console enum choices are not nominal enum reflection; multiSelect exposes the native unique 32-bit mask; confirmSecret consumes a second input; forgetAfterUse zeroizes consumed private bytes and preserves the owned result. At most 32 total options. SymbolId/DocRecord reconciliation stays in F01. Synthetic mock/stdin replay; typed bounded ScanPlan; redaction; no real secret or live device	scan:option-type-view	STABLE_PUBLIC_PROFILE	sdk/contracts/stdlib/STDLIB-STABLE-CATALOG.tsv#g170-scan:view	DECLARED
ID-PUBLIC-6c95ad57ed04726111deb244	g170-scan:yesNo	Real contextual option AST children, lexical operands and native ScanPlan owners. Text UTF-8 <=4096 bytes; Int64; Bool true/false; Char one-byte profile; 1..32 choices; finite retries <=8; readonly relative replay file <=4096 bytes/path<=256; typed Option<Int>/Result<T,ScanError>; headless Console metadata and pointer-free native events. Public secret events hide input bytes/length/digest. No live backend claim. Multiline/paragraph/block/Markdown/code/JSON/raw modes use native G078/G080 owners with at most 256 lines; finite Console enum choices are not nominal enum reflection; multiSelect exposes the native unique 32-bit mask; confirmSecret consumes a second input; forgetAfterUse zeroizes consumed private bytes and preserves the owned result. At most 32 total options. SymbolId/DocRecord reconciliation stays in F01. Synthetic mock/stdin replay; typed bounded ScanPlan; redaction; no real secret or live device	scan:choice-yesNo-invalid	STABLE_PUBLIC_PROFILE	sdk/contracts/stdlib/STDLIB-STABLE-CATALOG.tsv#g170-scan:yesNo	DECLARED
ID-BOUNDARY-2b2364825aac34e4d8bac24c	Process/Environment	Current ID; synthetic NEBO_TEST_* values and bounded arguments only; no arbitrary process spawn	EXECUTED	MATERIAL_BOUNDED_NOT_PROMOTED	sdk/contracts/stdlib/STDLIB-PROFILE-BOUNDARIES.tsv	DECLARED
ID-BOUNDARY-c88b3e4b408b6db6d44ffb0f	Duration/Instant/time.sleep	Integer nanoseconds; bounded monotonic/sleep observations; no exact wall-clock value promise	EXECUTED	MATERIAL_BOUNDED_NOT_PROMOTED	sdk/contracts/stdlib/STDLIB-PROFILE-BOUNDARIES.tsv	DECLARED
ID-BOUNDARY-330f31f6d3393f2b16bb83a0	Task/TaskGroup/Future	Noncapturing Int callback; cooperative deterministic admission; single-consumer Future; callback once; cancellation	EXECUTED	MATERIAL_BOUNDED_NOT_PROMOTED	sdk/contracts/stdlib/STDLIB-PROFILE-BOUNDARIES.tsv	DECLARED
ID-BOUNDARY-39fe525a7c1c7180f4cd35ee	Channel/CancellationToken	Int64 FIFO capacity 1..64; unbuffered no-peer; closed/empty/full/wait error codes; independent token state	EXECUTED	MATERIAL_BOUNDED_NOT_PROMOTED	sdk/contracts/stdlib/STDLIB-PROFILE-BOUNDARIES.tsv	DECLARED
ID-BOUNDARY-e41ba1bd6bbe36fbc1b7aa3c	Mutex/RwLock/AtomicInt/guards	Typed Int payloads; guard release across scope/return/break/continue; compareExchange; unique ownership and no escape	EXECUTED	MATERIAL_BOUNDED_NOT_PROMOTED	sdk/contracts/stdlib/STDLIB-PROFILE-BOUNDARIES.tsv	DECLARED
ID-BOUNDARY-c2bc6a95b1d852413715f872	Json.parse/toJson	Canonical key order; duplicate/trailing/malformed/depth rejection; 4096-byte input; private atomic sink	EXECUTED	MATERIAL_BOUNDED_NOT_PROMOTED	sdk/contracts/stdlib/STDLIB-PROFILE-BOUNDARIES.tsv	DECLARED
ID-BOUNDARY-d165c776d327c55b3a671b0b	Csv.read/write	Typed nullable Int schema; 32 rows; exact independent output bytes; malformed width/cell/overflow failure before publication	EXECUTED	MATERIAL_BOUNDED_NOT_PROMOTED	sdk/contracts/stdlib/STDLIB-PROFILE-BOUNDARIES.tsv	DECLARED
ID-BOUNDARY-45d1047852b05ea71c468bbd	Semaphore/deadlines	Native contracts or presentation forms do not declare additional stable source constructors; no fallback counted as full conformance	NOT_A_STABLE_SOURCE_API	INTERNAL_OR_NON_STABLE_PROFILE	sdk/contracts/stdlib/STDLIB-PROFILE-BOUNDARIES.tsv	DECLARED
ID-BOUNDARY-cf4e764ae68d1e3ec9bc222c	TSV/JSONL/Markdown/TOML	Native contracts or presentation forms do not declare additional stable source constructors; no fallback counted as full conformance	NOT_A_STABLE_SOURCE_API	INTERNAL_OR_NON_STABLE_PROFILE	sdk/contracts/stdlib/STDLIB-PROFILE-BOUNDARIES.tsv	DECLARED
ID-BOUNDARY-9dbae555dcdfed09844fe3cc	Map spelling	The current associative source type is Dict; Map is not a declared additional source spelling. Dict is tested as Dict, with no invented alias or silent substitute.	NOT_A_STABLE_SOURCE_API	INTERNAL_OR_NON_STABLE_PROFILE	sdk/contracts/stdlib/STDLIB-PROFILE-BOUNDARIES.tsv	DECLARED
