identity	name	module	layer	tier	rule_id	classification	reason
NSR-CORE-001	.	core	CORE	STABLE_1_0	N1-PUBLIC-233cae135785161a6c458f60	NORMATIVE_STABLE_PROFILE	Exact Registry token and real Program statements; independent value/document/exit oracles, changed operands, associated negatives; Int64/Bool/binary64 or the referenced public typed profile; native checked arithmetic and complete source statement ownership.
NSR-CORE-002	()	core	CORE	STABLE_1_0	N1-PUBLIC-c52a671723afc6a2bbc69340	NORMATIVE_STABLE_PROFILE	Exact Registry token and real Program statements; independent value/document/exit oracles, changed operands, associated negatives; Int64/Bool/binary64 or the referenced public typed profile; native checked arithmetic and complete source statement ownership.
NSR-CORE-003	{}	core	CORE	STABLE_1_0	N1-PUBLIC-5c7f6c563260bd96de04dbad	NORMATIVE_STABLE_PROFILE	Exact Registry token and real Program statements; independent value/document/exit oracles, changed operands, associated negatives; Int64/Bool/binary64 or the referenced public typed profile; native checked arithmetic and complete source statement ownership.
NSR-CORE-004	[]	core	CORE	STABLE_1_0	N1-PUBLIC-a1bcc34c0f607c3bd21d27d5	NORMATIVE_STABLE_PROFILE	Exact Registry token and real Program statements; independent value/document/exit oracles, changed operands, associated negatives; Int64/Bool/binary64 or the referenced public typed profile; native checked arithmetic and complete source statement ownership.
NSR-CORE-005	<...>	core	CORE	STABLE_1_0	N1-PUBLIC-76d9529bd10c7510188043fd	NORMATIVE_STABLE_PROFILE	Exact Registry token and real Program statements; independent value/document/exit oracles, changed operands, associated negatives; Int64/Bool/binary64 or the referenced public typed profile; native checked arithmetic and complete source statement ownership.
NSR-CORE-006	,	core	CORE	STABLE_1_0	N1-PUBLIC-9342bca221dbd9d560c3f521	NORMATIVE_STABLE_PROFILE	Exact Registry token and real Program statements; independent value/document/exit oracles, changed operands, associated negatives; Int64/Bool/binary64 or the referenced public typed profile; native checked arithmetic and complete source statement ownership.
NSR-CORE-007	;	core	CORE	STABLE_1_0	N1-PUBLIC-babe1641ef0a800ea0a5956a	NORMATIVE_STABLE_PROFILE	Exact Registry token and real Program statements; independent value/document/exit oracles, changed operands, associated negatives; Int64/Bool/binary64 or the referenced public typed profile; native checked arithmetic and complete source statement ownership.
NSR-CORE-008	:	core	CORE	STABLE_1_0	N1-PUBLIC-f6c6b384190055f2e6d140c3	NORMATIVE_STABLE_PROFILE	Exact Registry token and real Program statements; independent value/document/exit oracles, changed operands, associated negatives; Int64/Bool/binary64 or the referenced public typed profile; native checked arithmetic and complete source statement ownership.
NSR-CORE-009	->	core	CORE	STABLE_1_0	N1-PUBLIC-174e4e70dd30e5bb580de0d6	NORMATIVE_STABLE_PROFILE	Exact Registry token and real Program statements; independent value/document/exit oracles, changed operands, associated negatives; Int64/Bool/binary64 or the referenced public typed profile; native checked arithmetic and complete source statement ownership.
NSR-CORE-010	_	core	CORE	STABLE_1_0	N1-PUBLIC-ffa8df221f56f1026f18cefd	NORMATIVE_STABLE_PROFILE	Exact Registry token and real Program statements; independent value/document/exit oracles, changed operands, associated negatives; Int64/Bool/binary64 or the referenced public typed profile; native checked arithmetic and complete source statement ownership.
NSR-CORE-011	//	core	CORE	STABLE_1_0	N1-PUBLIC-1dc475a172d2a889f3a676d6	NORMATIVE_STABLE_PROFILE	Exact Registry token and real Program statements; independent value/document/exit oracles, changed operands, associated negatives; Int64/Bool/binary64 or the referenced public typed profile; native checked arithmetic and complete source statement ownership.
NSR-CORE-012	+	core.numeric	CORE	STABLE_1_0	N1-PUBLIC-d5542f0adab915dc31d5fd71	NORMATIVE_STABLE_PROFILE	Exact Registry token and real Program statements; independent value/document/exit oracles, changed operands, associated negatives; Int64/Bool/binary64 or the referenced public typed profile; native checked arithmetic and complete source statement ownership.
NSR-CORE-013	-	core.numeric	CORE	STABLE_1_0	N1-PUBLIC-77d61b140de7af4cea4c66e7	NORMATIVE_STABLE_PROFILE	Exact Registry token and real Program statements; independent value/document/exit oracles, changed operands, associated negatives; Int64/Bool/binary64 or the referenced public typed profile; native checked arithmetic and complete source statement ownership.
NSR-CORE-014	*	core.numeric	CORE	STABLE_1_0	N1-PUBLIC-a1320d1d8768477e1d9f616e	NORMATIVE_STABLE_PROFILE	Exact Registry token and real Program statements; independent value/document/exit oracles, changed operands, associated negatives; Int64/Bool/binary64 or the referenced public typed profile; native checked arithmetic and complete source statement ownership.
NSR-CORE-015	/	core.numeric	CORE	STABLE_1_0	N1-PUBLIC-c28d867d69411a276c472112	NORMATIVE_STABLE_PROFILE	Exact Registry token and real Program statements; independent value/document/exit oracles, changed operands, associated negatives; Int64/Bool/binary64 or the referenced public typed profile; native checked arithmetic and complete source statement ownership.
NSR-CORE-016	%	core.numeric	CORE	STABLE_1_0	N1-PUBLIC-d836ced6bcbc26eeb63ac6d1	NORMATIVE_STABLE_PROFILE	Exact Registry token and real Program statements; independent value/document/exit oracles, changed operands, associated negatives; Int64/Bool/binary64 or the referenced public typed profile; native checked arithmetic and complete source statement ownership.
NSR-CORE-017	^	core.numeric	CORE	STABLE_1_0	N1-PUBLIC-f76dde8b86993e2eb975705f	NORMATIVE_STABLE_PROFILE	Exact Registry token and real Program statements; independent value/document/exit oracles, changed operands, associated negatives; Int64/Bool/binary64 or the referenced public typed profile; native checked arithmetic and complete source statement ownership.
NSR-CORE-018	+	core.numeric	CORE	STABLE_1_0	N1-PUBLIC-947dbacc5b8b1d8f4b7adc50	NORMATIVE_STABLE_PROFILE	Exact Registry token and real Program statements; independent value/document/exit oracles, changed operands, associated negatives; Int64/Bool/binary64 or the referenced public typed profile; native checked arithmetic and complete source statement ownership.
NSR-CORE-019	-	core.numeric	CORE	STABLE_1_0	N1-PUBLIC-2ffa8e06869b38e8aa044187	NORMATIVE_STABLE_PROFILE	Exact Registry token and real Program statements; independent value/document/exit oracles, changed operands, associated negatives; Int64/Bool/binary64 or the referenced public typed profile; native checked arithmetic and complete source statement ownership.
NSR-CORE-020	!	core.logic	CORE	STABLE_1_0	N1-PUBLIC-8aa3114f59b96a60cde50914	NORMATIVE_STABLE_PROFILE	Exact Registry token and real Program statements; independent value/document/exit oracles, changed operands, associated negatives; Int64/Bool/binary64 or the referenced public typed profile; native checked arithmetic and complete source statement ownership.
NSR-CORE-021	&&	core.logic	CORE	STABLE_1_0	N1-PUBLIC-f27b68fb29fb12013c4242b0	NORMATIVE_STABLE_PROFILE	Exact Registry token and real Program statements; independent value/document/exit oracles, changed operands, associated negatives; Int64/Bool/binary64 or the referenced public typed profile; native checked arithmetic and complete source statement ownership.
NSR-CORE-022	||	core.logic	CORE	STABLE_1_0	N1-PUBLIC-c7b9321bdc78e40ba24167b6	NORMATIVE_STABLE_PROFILE	Exact Registry token and real Program statements; independent value/document/exit oracles, changed operands, associated negatives; Int64/Bool/binary64 or the referenced public typed profile; native checked arithmetic and complete source statement ownership.
NSR-CORE-023	xor	core.logic_bits	CORE	STABLE_1_0	N1-PUBLIC-f6af19ba8aada1245ebb5c14	NORMATIVE_STABLE_PROFILE	Exact Registry token and real Program statements; independent value/document/exit oracles, changed operands, associated negatives; Equal Int/Bool/Bytes operands; immutable Bytes XOR requires equal lengths at most 4096; fromByte takes one Int and fromValues four Ints in 0..255; private initialized storage; ordered effects and two live outputs.
NSR-CORE-024	<	core.compare	CORE	STABLE_1_0	N1-PUBLIC-ffafddcec61723507869c0c6	NORMATIVE_STABLE_PROFILE	Exact Registry token and real Program statements; independent value/document/exit oracles, changed operands, associated negatives; Int64/Bool/binary64 or the referenced public typed profile; native checked arithmetic and complete source statement ownership.
NSR-CORE-025	<=	core.compare	CORE	STABLE_1_0	N1-PUBLIC-e847ffc4d646d1bd749bfec8	NORMATIVE_STABLE_PROFILE	Exact Registry token and real Program statements; independent value/document/exit oracles, changed operands, associated negatives; Int64/Bool/binary64 or the referenced public typed profile; native checked arithmetic and complete source statement ownership.
NSR-CORE-026	>	core.compare	CORE	STABLE_1_0	N1-PUBLIC-87e29b308c4c72b0e7d3af64	NORMATIVE_STABLE_PROFILE	Exact Registry token and real Program statements; independent value/document/exit oracles, changed operands, associated negatives; Int64/Bool/binary64 or the referenced public typed profile; native checked arithmetic and complete source statement ownership.
NSR-CORE-027	>=	core.compare	CORE	STABLE_1_0	N1-PUBLIC-39608bfd345b671ca27cea42	NORMATIVE_STABLE_PROFILE	Exact Registry token and real Program statements; independent value/document/exit oracles, changed operands, associated negatives; Int64/Bool/binary64 or the referenced public typed profile; native checked arithmetic and complete source statement ownership.
NSR-CORE-028	==	core.eq	CORE	STABLE_1_0	N1-PUBLIC-15d680f301d90590b417bab6	NORMATIVE_STABLE_PROFILE	Exact Registry token and real Program statements; independent value/document/exit oracles, changed operands, associated negatives; Int64/Bool/binary64 or the referenced public typed profile; native checked arithmetic and complete source statement ownership.
NSR-CORE-029	!=	core.eq	CORE	STABLE_1_0	N1-PUBLIC-4b7f82eb079c0e1ec516e2a3	NORMATIVE_STABLE_PROFILE	Exact Registry token and real Program statements; independent value/document/exit oracles, changed operands, associated negatives; Int64/Bool/binary64 or the referenced public typed profile; native checked arithmetic and complete source statement ownership.
NSR-CORE-030	<=>	core.compare	CORE	STABLE_1_0	N1-PUBLIC-918d3d0d9c4049cea4face3f	NORMATIVE_STABLE_PROFILE	Exact Registry token and real Program statements; independent value/document/exit oracles, changed operands, associated negatives; Int64/Bool/binary64 or the referenced public typed profile; native checked arithmetic and complete source statement ownership.
NSR-CORE-031	=	core.mutation	CORE	STABLE_1_0	N1-PUBLIC-46b5aa678a419a2007c44aad	NORMATIVE_STABLE_PROFILE	Exact Registry token and real Program statements; independent value/document/exit oracles, changed operands, associated negatives; Int64/Bool/binary64 or the referenced public typed profile; native checked arithmetic and complete source statement ownership.
NSR-CORE-032	+=	core.mutation	CORE	STABLE_1_0	N1-PUBLIC-5c8b2b62e02477c2f647e671	NORMATIVE_STABLE_PROFILE	Exact Registry token and real Program statements; independent value/document/exit oracles, changed operands, associated negatives; Int64/Bool/binary64 or the referenced public typed profile; native checked arithmetic and complete source statement ownership.
NSR-CORE-033	-=	core.mutation	CORE	STABLE_1_0	N1-PUBLIC-5ee0126d2c1a3273d47b11ed	NORMATIVE_STABLE_PROFILE	Exact Registry token and real Program statements; independent value/document/exit oracles, changed operands, associated negatives; Int64/Bool/binary64 or the referenced public typed profile; native checked arithmetic and complete source statement ownership.
NSR-CORE-034	*=	core.mutation	CORE	STABLE_1_0	N1-PUBLIC-7e5ae120970cbfc5d6a62ab1	NORMATIVE_STABLE_PROFILE	Exact Registry token and real Program statements; independent value/document/exit oracles, changed operands, associated negatives; Int64/Bool/binary64 or the referenced public typed profile; native checked arithmetic and complete source statement ownership.
NSR-CORE-035	/=	core.mutation	CORE	STABLE_1_0	N1-PUBLIC-8f2de96b3d11aa00d980fc55	NORMATIVE_STABLE_PROFILE	Exact Registry token and real Program statements; independent value/document/exit oracles, changed operands, associated negatives; Int64/Bool/binary64 or the referenced public typed profile; native checked arithmetic and complete source statement ownership.
NSR-CORE-036	%=	core.mutation	CORE	STABLE_1_0	N1-PUBLIC-d1507ef7a50385ff2523509a	NORMATIVE_STABLE_PROFILE	Exact Registry token and real Program statements; independent value/document/exit oracles, changed operands, associated negatives; Int64/Bool/binary64 or the referenced public typed profile; native checked arithmetic and complete source statement ownership.
NSR-CORE-037	^=	core.mutation	CORE	STABLE_1_0	N1-PUBLIC-6556b3167c669135545295d9	NORMATIVE_STABLE_PROFILE	Exact Registry token and real Program statements; independent value/document/exit oracles, changed operands, associated negatives; Int64/Bool/binary64 or the referenced public typed profile; native checked arithmetic and complete source statement ownership.
NSR-CORE-038	?	core.result	CORE	STABLE_1_0	N1-PUBLIC-33326957e909dff1b3f74fa2	NORMATIVE_STABLE_PROFILE	Exact Registry token and real Program statements; independent value/document/exit oracles, changed operands, associated negatives; Int64/Bool/binary64 or the referenced public typed profile; native checked arithmetic and complete source statement ownership.
NSR-CORE-039	??	core.option	CORE	STABLE_1_0	N1-PUBLIC-48a90c8e53504d330248a0bd	NORMATIVE_STABLE_PROFILE	Exact Registry token and real Program statements; independent value/document/exit oracles, changed operands, associated negatives; Int64/Bool/binary64 or the referenced public typed profile; native checked arithmetic and complete source statement ownership.
NSR-CORE-040	?.	core.option	CORE	STABLE_1_0	N1-PUBLIC-7bfc47d8000ece9903153e8c	NORMATIVE_STABLE_PROFILE	Exact Registry token and real Program statements; independent value/document/exit oracles, changed operands, associated negatives; Int64/Bool/binary64 or the referenced public typed profile; native checked arithmetic and complete source statement ownership.
NSR-CORE-041	??=	core.option_mutation	CORE	STABLE_1_0	N1-PUBLIC-ab8abbb9e22114738cd8c4d1	NORMATIVE_STABLE_PROFILE	Exact Registry token and real Program statements; independent value/document/exit oracles, changed operands, associated negatives; Int64/Bool/binary64 or the referenced public typed profile; native checked arithmetic and complete source statement ownership.
NSR-CORE-042	%	core.quantity	CORE	STABLE_1_0	N1-PUBLIC-942b0f0769353f3a8adab4e0	NORMATIVE_STABLE_PROFILE	Exact Registry token and real Program statements; independent value/document/exit oracles, changed operands, associated negatives; Int64/Bool/binary64 or the referenced public typed profile; native checked arithmetic and complete source statement ownership.
NSR-CORE-043	…	core.range	CORE	STABLE_1_0	N1-PUBLIC-de46c2fe44efbd7da87be345	NORMATIVE_STABLE_PROFILE	Exact Registry token and real Program statements; independent value/document/exit oracles, changed operands, associated negatives; Int64/Bool/binary64 or the referenced public typed profile; native checked arithmetic and complete source statement ownership.
NSR-CORE-044	…<	core.range	CORE	STABLE_1_0	N1-PUBLIC-4abc55d56d9c2692a68ceeec	NORMATIVE_STABLE_PROFILE	Exact Registry token and real Program statements; independent value/document/exit oracles, changed operands, associated negatives; Int64/Bool/binary64 or the referenced public typed profile; native checked arithmetic and complete source statement ownership.
NSR-CORE-045	<…	core.range	CORE	STABLE_1_0	N1-PUBLIC-e77f5709cdc7b8ac6d3817f9	NORMATIVE_STABLE_PROFILE	Exact Registry token and real Program statements; independent value/document/exit oracles, changed operands, associated negatives; Int64/Bool/binary64 or the referenced public typed profile; native checked arithmetic and complete source statement ownership.
NSR-CORE-046	<…<	core.range	CORE	STABLE_1_0	N1-PUBLIC-8e65be4e9ece7a6d415e4e9f	NORMATIVE_STABLE_PROFILE	Exact Registry token and real Program statements; independent value/document/exit oracles, changed operands, associated negatives; Int64/Bool/binary64 or the referenced public typed profile; native checked arithmetic and complete source statement ownership.
NSR-CORE-047	..	core.flow	CORE	STABLE_1_0	N1-PUBLIC-26eb1cc3efaf586156013b71	NORMATIVE_STABLE_PROFILE	Exact Registry token and real Program statements; independent value/document/exit oracles, changed operands, associated negatives; The linked receiver frame survives native Console and owned Text allocations; body effects occur once before the preserved return.
NSR-DOM-001	√	std.math	STDLIB	STABLE_1_0	N1-PUBLIC-08c8301bf69c6f35087e43d6	NORMATIVE_STABLE_PROFILE	Exact Registry token and real Program statements; independent value/document/exit oracles, changed operands, associated negatives; Native checked exact signed Int roots; nonintegral/invalid real roots trap through the arithmetic domain owner.
NSR-DOM-002	∛	std.math	STDLIB	STABLE_1_0	N1-PUBLIC-fdc13381d00d100fe02deb4d	NORMATIVE_STABLE_PROFILE	Exact Registry token and real Program statements; independent value/document/exit oracles, changed operands, associated negatives; Native checked exact signed Int roots; nonintegral/invalid real roots trap through the arithmetic domain owner.
NSR-DOM-003	∜	std.math	STDLIB	STABLE_1_0	N1-PUBLIC-0aaf1c4f534d4c65ba8fd527	NORMATIVE_STABLE_PROFILE	Exact Registry token and real Program statements; independent value/document/exit oracles, changed operands, associated negatives; Native checked exact signed Int roots; nonintegral/invalid real roots trap through the arithmetic domain owner.
NSR-DOM-004	!	std.math.combinatorics	STDLIB	STABLE_1_0	N1-PUBLIC-3f14ea90d8a94f4ae3b8f5b3	NORMATIVE_STABLE_PROFILE	Exact Registry token and real Program statements; independent value/document/exit oracles, changed operands, associated negatives; Int64/Bool/binary64 or the referenced public typed profile; native checked arithmetic and complete source statement ownership.
NSR-DOM-005	∞	std.math.extended	STDLIB	STABLE_1_0	N1-PUBLIC-f7c05bead291b5e6544a6231	NORMATIVE_STABLE_PROFILE	Exact Registry token and real Program statements; independent value/document/exit oracles, changed operands, associated negatives; Int64/Bool/binary64 or the referenced public typed profile; native checked arithmetic and complete source statement ownership.
NSR-DOM-006	π	std.math.constants	STDLIB	STABLE_1_0	N1-PUBLIC-cccf8646004e3b1d67c9ca83	NORMATIVE_STABLE_PROFILE	Exact Registry token and real Program statements; independent value/document/exit oracles, changed operands, associated negatives; Int64/Bool/binary64 or the referenced public typed profile; native checked arithmetic and complete source statement ownership.
NSR-DOM-007	τ	std.math.constants	STDLIB	STABLE_1_0	N1-PUBLIC-1c2ff3dda1c7b3d128eac9a5	NORMATIVE_STABLE_PROFILE	Exact Registry token and real Program statements; independent value/document/exit oracles, changed operands, associated negatives; Int64/Bool/binary64 or the referenced public typed profile; native checked arithmetic and complete source statement ownership.
NSR-DOM-008	∑	std.math.reduce	STDLIB	STABLE_1_0	N1-PUBLIC-7ccaad58bee301ddcc7eba3e	NORMATIVE_STABLE_PROFILE	Exact Registry token and real Program statements; independent value/document/exit oracles, changed operands, associated negatives; Finite immutable Array<Int,N> domain; canonical checked constant fold in source order; empty identities 0/1; constant overflow is rejected with NEBO_TYPE_CONSTANT_OVERFLOW; later publication and explicit return remain in the shared Program.
NSR-DOM-009	∏	std.math.reduce	STDLIB	STABLE_1_0	N1-PUBLIC-247308f8eebbe84e08df67be	NORMATIVE_STABLE_PROFILE	Exact Registry token and real Program statements; independent value/document/exit oracles, changed operands, associated negatives; Finite immutable Array<Int,N> domain; canonical checked constant fold in source order; empty identities 0/1; constant overflow is rejected with NEBO_TYPE_CONSTANT_OVERFLOW; later publication and explicit return remain in the shared Program.
NSR-DOM-010	±	std.measurement	STDLIB	STABLE_1_0	N1-PUBLIC-b4a1cc1ca9553d16841c50a3	NORMATIVE_STABLE_PROFILE	Exact Registry token and real Program statements; independent value/document/exit oracles, changed operands, associated negatives; Int64/Bool/binary64 or the referenced public typed profile; native checked arithmetic and complete source statement ownership.
NSR-DOM-011	≈	std.math.approx	STDLIB	STABLE_1_0	N1-PUBLIC-aa38abbdf5bce095ce6e4f09	NORMATIVE_STABLE_PROFILE	Exact Registry token and real Program statements; independent value/document/exit oracles, changed operands, associated negatives; Int64/Bool/binary64 or the referenced public typed profile; native checked arithmetic and complete source statement ownership.
NSR-DOM-012	≉	std.math.approx	STDLIB	STABLE_1_0	N1-PUBLIC-77ed037837f30181289aebfb	NORMATIVE_STABLE_PROFILE	Exact Registry token and real Program statements; independent value/document/exit oracles, changed operands, associated negatives; Int64/Bool/binary64 or the referenced public typed profile; native checked arithmetic and complete source statement ownership.
NSR-DOM-013	≡	std.symbolic	STDLIB	STABLE_1_0	N1-PUBLIC-a781a4c2f24d9a2b67a9e288	NORMATIVE_STABLE_PROFILE	Exact Registry token and real Program statements; independent value/document/exit oracles, changed operands, associated negatives; Int64/Bool/binary64 or the referenced public typed profile; native checked arithmetic and complete source statement ownership.
NSR-DOM-014	∣	std.math.number_theory	STDLIB	STABLE_1_0	N1-PUBLIC-5e4e98f9125aa0de261d06e2	NORMATIVE_STABLE_PROFILE	Exact Registry token and real Program statements; independent value/document/exit oracles, changed operands, associated negatives; Int64/Bool/binary64 or the referenced public typed profile; native checked arithmetic and complete source statement ownership.
NSR-DOM-015	∤	std.math.number_theory	STDLIB	STABLE_1_0	N1-PUBLIC-28a4ddd304f7a7b9e2843017	NORMATIVE_STABLE_PROFILE	Exact Registry token and real Program statements; independent value/document/exit oracles, changed operands, associated negatives; Int64/Bool/binary64 or the referenced public typed profile; native checked arithmetic and complete source statement ownership.
NSR-DOM-016	⌊x⌋	std.math.rounding	STDLIB	STABLE_1_0	N1-PUBLIC-b2b6d1ed02b0d6cc041b6bad	NORMATIVE_STABLE_PROFILE	Exact Registry token and real Program statements; independent value/document/exit oracles, changed operands, associated negatives; Int64/Bool/binary64 or the referenced public typed profile; native checked arithmetic and complete source statement ownership.
NSR-DOM-017	⌈x⌉	std.math.rounding	STDLIB	STABLE_1_0	N1-PUBLIC-9727d4706ea39de68220ef36	NORMATIVE_STABLE_PROFILE	Exact Registry token and real Program statements; independent value/document/exit oracles, changed operands, associated negatives; Int64/Bool/binary64 or the referenced public typed profile; native checked arithmetic and complete source statement ownership.
NSR-DOM-018	∝	std.symbolic	STDLIB	STABLE_1_0	N1-PUBLIC-e6e87512bb9f6bd0c170d39d	NORMATIVE_STABLE_PROFILE	Exact Registry token and real Program statements; independent value/document/exit oracles, changed operands, associated negatives; Int64/Bool/binary64 or the referenced public typed profile; native checked arithmetic and complete source statement ownership.
NSR-DOM-019	°	std.units.angle	STDLIB	STABLE_1_0	N1-PUBLIC-4b74f4c2b9898a033d4f707f	NORMATIVE_STABLE_PROFILE	Exact Registry token and real Program statements; independent value/document/exit oracles, changed operands, associated negatives; Int64/Bool/binary64 or the referenced public typed profile; native checked arithmetic and complete source statement ownership.
NSR-DOM-020	‰	std.units.ratio	STDLIB	STABLE_1_0	N1-PUBLIC-68868e7209c90ef2b637226e	NORMATIVE_STABLE_PROFILE	Exact Registry token and real Program statements; independent value/document/exit oracles, changed operands, associated negatives; Int64/Bool/binary64 or the referenced public typed profile; native checked arithmetic and complete source statement ownership.
NSR-DOM-021	‱	std.units.ratio	STDLIB	STABLE_1_0	N1-PUBLIC-cfcb433a8926ee9ffe210ebb	NORMATIVE_STABLE_PROFILE	Exact Registry token and real Program statements; independent value/document/exit oracles, changed operands, associated negatives; Int64/Bool/binary64 or the referenced public typed profile; native checked arithmetic and complete source statement ownership.
NSR-DOM-022	°C	std.units.temperature	STDLIB	STABLE_1_0	N1-PUBLIC-1317c51b6bd0f0c367906b89	NORMATIVE_STABLE_PROFILE	Exact Registry token and real Program statements; independent value/document/exit oracles, changed operands, associated negatives; Int64/Bool/binary64 or the referenced public typed profile; native checked arithmetic and complete source statement ownership.
NSR-DOM-023	°F	std.units.temperature	STDLIB	STABLE_1_0	N1-PUBLIC-89514a0fb4a26a3af3f7e557	NORMATIVE_STABLE_PROFILE	Exact Registry token and real Program statements; independent value/document/exit oracles, changed operands, associated negatives; Int64/Bool/binary64 or the referenced public typed profile; native checked arithmetic and complete source statement ownership.
NSR-DOM-024	∈	std.set	STDLIB	STABLE_1_0	N1-PUBLIC-6d6b6ab9478a23e5e503c042	NORMATIVE_STABLE_PROFILE	Exact Registry token and real Program statements; independent value/document/exit oracles, changed operands, associated negatives; Current G133 finite immutable Array<Int,N> set profile with distinct values in 0..62; canonical mask/cardinality owner; independent Python set operations. This does not substitute for the separately proved native Dict/Set APIs.
NSR-DOM-025	∉	std.set	STDLIB	STABLE_1_0	N1-PUBLIC-b42706e891f5607a73cb573a	NORMATIVE_STABLE_PROFILE	Exact Registry token and real Program statements; independent value/document/exit oracles, changed operands, associated negatives; Current G133 finite immutable Array<Int,N> set profile with distinct values in 0..62; canonical mask/cardinality owner; independent Python set operations. This does not substitute for the separately proved native Dict/Set APIs.
NSR-DOM-026	∪	std.set	STDLIB	STABLE_1_0	N1-PUBLIC-441cd9343bb9792f2a30dd2b	NORMATIVE_STABLE_PROFILE	Exact Registry token and real Program statements; independent value/document/exit oracles, changed operands, associated negatives; Current G133 finite immutable Array<Int,N> set profile with distinct values in 0..62; canonical mask/cardinality owner; independent Python set operations. This does not substitute for the separately proved native Dict/Set APIs.
NSR-DOM-027	∩	std.set	STDLIB	STABLE_1_0	N1-PUBLIC-1d25c638f7eae27b1acc7904	NORMATIVE_STABLE_PROFILE	Exact Registry token and real Program statements; independent value/document/exit oracles, changed operands, associated negatives; Current G133 finite immutable Array<Int,N> set profile with distinct values in 0..62; canonical mask/cardinality owner; independent Python set operations. This does not substitute for the separately proved native Dict/Set APIs.
NSR-DOM-028	∖	std.set	STDLIB	STABLE_1_0	N1-PUBLIC-e6aac400d0188a0f5f6fd90d	NORMATIVE_STABLE_PROFILE	Exact Registry token and real Program statements; independent value/document/exit oracles, changed operands, associated negatives; Current G133 finite immutable Array<Int,N> set profile with distinct values in 0..62; canonical mask/cardinality owner; independent Python set operations. This does not substitute for the separately proved native Dict/Set APIs.
NSR-DOM-029	△	std.set	STDLIB	STABLE_1_0	N1-PUBLIC-2dfeb1de31c2d139532b37c1	NORMATIVE_STABLE_PROFILE	Exact Registry token and real Program statements; independent value/document/exit oracles, changed operands, associated negatives; Current G133 finite immutable Array<Int,N> set profile with distinct values in 0..62; canonical mask/cardinality owner; independent Python set operations. This does not substitute for the separately proved native Dict/Set APIs.
NSR-DOM-030	⊆	std.set	STDLIB	STABLE_1_0	N1-PUBLIC-ade8cd491b826f12ea982227	NORMATIVE_STABLE_PROFILE	Exact Registry token and real Program statements; independent value/document/exit oracles, changed operands, associated negatives; Current G133 finite immutable Array<Int,N> set profile with distinct values in 0..62; canonical mask/cardinality owner; independent Python set operations. This does not substitute for the separately proved native Dict/Set APIs.
NSR-DOM-031	⊂	std.set	STDLIB	STABLE_1_0	N1-PUBLIC-34a695d76228ebdf57e87da4	NORMATIVE_STABLE_PROFILE	Exact Registry token and real Program statements; independent value/document/exit oracles, changed operands, associated negatives; Current G133 finite immutable Array<Int,N> set profile with distinct values in 0..62; canonical mask/cardinality owner; independent Python set operations. This does not substitute for the separately proved native Dict/Set APIs.
NSR-DOM-032	⊇	std.set	STDLIB	STABLE_1_0	N1-PUBLIC-69d18df74b95da3e608d10b6	NORMATIVE_STABLE_PROFILE	Exact Registry token and real Program statements; independent value/document/exit oracles, changed operands, associated negatives; Current G133 finite immutable Array<Int,N> set profile with distinct values in 0..62; canonical mask/cardinality owner; independent Python set operations. This does not substitute for the separately proved native Dict/Set APIs.
NSR-DOM-033	⊃	std.set	STDLIB	STABLE_1_0	N1-PUBLIC-dc47f7040220d4421244293f	NORMATIVE_STABLE_PROFILE	Exact Registry token and real Program statements; independent value/document/exit oracles, changed operands, associated negatives; Current G133 finite immutable Array<Int,N> set profile with distinct values in 0..62; canonical mask/cardinality owner; independent Python set operations. This does not substitute for the separately proved native Dict/Set APIs.
NSR-DOM-034	×	std.set	STDLIB	STABLE_1_0	N1-PUBLIC-2e3812c0b15903b90b76e4a1	NORMATIVE_STABLE_PROFILE	Exact Registry token and real Program statements; independent value/document/exit oracles, changed operands, associated negatives; Current G133 finite immutable Array<Int,N> set profile with distinct values in 0..62; canonical mask/cardinality owner; independent Python set operations. This does not substitute for the separately proved native Dict/Set APIs.
NSR-DOM-035	∅	std.set	STDLIB	STABLE_1_0	N1-PUBLIC-65bdc89d6580e8b747fefeb2	NORMATIVE_STABLE_PROFILE	Exact Registry token and real Program statements; independent value/document/exit oracles, changed operands, associated negatives; Int64/Bool/binary64 or the referenced public typed profile; native checked arithmetic and complete source statement ownership.
NSR-DOM-036	·	std.linalg	STDLIB	STABLE_1_0	N1-PUBLIC-8af8ee591216032cd57525c3	NORMATIVE_STABLE_PROFILE	Exact Registry token and real Program statements; independent value/document/exit oracles, changed operands, associated negatives; Exact immutable Int Vector aggregate grammar, extent 1..4; matrix Int/Complex profile at most four logical cells; vector observers sum, checked rational inverse numerator/denominator, exact integer norm; symbolic/named parity; all source tokens consumed by the canonical current profile, without adjacent statements. Typed infix statement profile additionally supports Int extents 1..64 (cross/parallel exactly 3), tensor result at most 64 lanes; native checked kernels, distinct owned results, ordered operands and explicit program return.
NSR-DOM-037	×	std.linalg.geometry	STDLIB	STABLE_1_0	N1-PUBLIC-254252d7d68d8b29ec9b8bb3	NORMATIVE_STABLE_PROFILE	Exact Registry token and real Program statements; independent value/document/exit oracles, changed operands, associated negatives; Exact immutable Int Vector aggregate grammar, extent 1..4; matrix Int/Complex profile at most four logical cells; vector observers sum, checked rational inverse numerator/denominator, exact integer norm; symbolic/named parity; all source tokens consumed by the canonical current profile, without adjacent statements. Typed infix statement profile additionally supports Int extents 1..64 (cross/parallel exactly 3), tensor result at most 64 lanes; native checked kernels, distinct owned results, ordered operands and explicit program return.
NSR-DOM-038	⊙	std.linalg	STDLIB	STABLE_1_0	N1-PUBLIC-b261da33fecc7502297dafe9	NORMATIVE_STABLE_PROFILE	Exact Registry token and real Program statements; independent value/document/exit oracles, changed operands, associated negatives; Exact immutable Int Vector aggregate grammar, extent 1..4; matrix Int/Complex profile at most four logical cells; vector observers sum, checked rational inverse numerator/denominator, exact integer norm; symbolic/named parity; all source tokens consumed by the canonical current profile, without adjacent statements. Typed infix statement profile additionally supports Int extents 1..64 (cross/parallel exactly 3), tensor result at most 64 lanes; native checked kernels, distinct owned results, ordered operands and explicit program return.
NSR-DOM-039	⊗	std.linalg	STDLIB	STABLE_1_0	N1-PUBLIC-201fd4d7f46be7faae6a4b25	NORMATIVE_STABLE_PROFILE	Exact Registry token and real Program statements; independent value/document/exit oracles, changed operands, associated negatives; Exact immutable Int Vector aggregate grammar, extent 1..4; matrix Int/Complex profile at most four logical cells; vector observers sum, checked rational inverse numerator/denominator, exact integer norm; symbolic/named parity; all source tokens consumed by the canonical current profile, without adjacent statements. Typed infix statement profile additionally supports Int extents 1..64 (cross/parallel exactly 3), tensor result at most 64 lanes; native checked kernels, distinct owned results, ordered operands and explicit program return.
NSR-DOM-040	⊕	std.linalg	STDLIB	STABLE_1_0	N1-PUBLIC-c7671f7444b6de888fef16e5	NORMATIVE_STABLE_PROFILE	Exact Registry token and real Program statements; independent value/document/exit oracles, changed operands, associated negatives; Exact immutable Int Vector aggregate grammar, extent 1..4; matrix Int/Complex profile at most four logical cells; vector observers sum, checked rational inverse numerator/denominator, exact integer norm; symbolic/named parity; all source tokens consumed by the canonical current profile, without adjacent statements.
NSR-DOM-041	ᵀ	std.linalg	STDLIB	STABLE_1_0	N1-PUBLIC-e5b3f118142127f104034823	NORMATIVE_STABLE_PROFILE	Exact Registry token and real Program statements; independent value/document/exit oracles, changed operands, associated negatives; Exact immutable Int Vector aggregate grammar, extent 1..4; matrix Int/Complex profile at most four logical cells; vector observers sum, checked rational inverse numerator/denominator, exact integer norm; symbolic/named parity; all source tokens consumed by the canonical current profile, without adjacent statements.
NSR-DOM-042	†	std.linalg.complex	STDLIB	STABLE_1_0	N1-PUBLIC-1828590c4b38953450fce602	NORMATIVE_STABLE_PROFILE	Exact Registry token and real Program statements; independent value/document/exit oracles, changed operands, associated negatives; Exact immutable Int Vector aggregate grammar, extent 1..4; matrix Int/Complex profile at most four logical cells; vector observers sum, checked rational inverse numerator/denominator, exact integer norm; symbolic/named parity; all source tokens consumed by the canonical current profile, without adjacent statements.
NSR-DOM-043	⁻¹	std.linalg	STDLIB	STABLE_1_0	N1-PUBLIC-80b6f7336fbd2ab320bab736	NORMATIVE_STABLE_PROFILE	Exact Registry token and real Program statements; independent value/document/exit oracles, changed operands, associated negatives; Exact immutable Int Vector aggregate grammar, extent 1..4; matrix Int/Complex profile at most four logical cells; vector observers sum, checked rational inverse numerator/denominator, exact integer norm; symbolic/named parity; all source tokens consumed by the canonical current profile, without adjacent statements.
NSR-DOM-044	‖x‖	std.linalg	STDLIB	STABLE_1_0	N1-PUBLIC-bbc1f54c2ecda50b633e9475	NORMATIVE_STABLE_PROFILE	Exact Registry token and real Program statements; independent value/document/exit oracles, changed operands, associated negatives; Exact immutable Int Vector aggregate grammar, extent 1..4; matrix Int/Complex profile at most four logical cells; vector observers sum, checked rational inverse numerator/denominator, exact integer norm; symbolic/named parity; all source tokens consumed by the canonical current profile, without adjacent statements.
NSR-DOM-045	⟨u,v⟩	std.linalg	STDLIB	STABLE_1_0	N1-PUBLIC-2117900605500db30c488e04	NORMATIVE_STABLE_PROFILE	Exact Registry token and real Program statements; independent value/document/exit oracles, changed operands, associated negatives; Exact immutable Int Vector aggregate grammar, extent 1..4; matrix Int/Complex profile at most four logical cells; vector observers sum, checked rational inverse numerator/denominator, exact integer norm; symbolic/named parity; all source tokens consumed by the canonical current profile, without adjacent statements.
NSR-DOM-046	∘	std.functional	STDLIB	STABLE_1_0	N1-PUBLIC-6496e233343964b700bbe8a5	NORMATIVE_STABLE_PROFILE	Exact Registry token and real Program statements; independent value/document/exit oracles, changed operands, associated negatives; Exact immutable Int Vector aggregate grammar, extent 1..4; matrix Int/Complex profile at most four logical cells; vector observers sum, checked rational inverse numerator/denominator, exact integer norm; symbolic/named parity; all source tokens consumed by the canonical current profile, without adjacent statements.
NSR-DOM-047	⟂	std.linalg.geometry	STDLIB	STABLE_1_0	N1-PUBLIC-0f708c05a592cea86c9798a2	NORMATIVE_STABLE_PROFILE	Exact Registry token and real Program statements; independent value/document/exit oracles, changed operands, associated negatives; Exact immutable Int Vector aggregate grammar, extent 1..4; matrix Int/Complex profile at most four logical cells; vector observers sum, checked rational inverse numerator/denominator, exact integer norm; symbolic/named parity; all source tokens consumed by the canonical current profile, without adjacent statements. Typed infix statement profile additionally supports Int extents 1..64 (cross/parallel exactly 3), tensor result at most 64 lanes; native checked kernels, distinct owned results, ordered operands and explicit program return.
NSR-DOM-048	∥	std.geometry	STDLIB	STABLE_1_0	N1-PUBLIC-5831dd94bae09d6cb655a901	NORMATIVE_STABLE_PROFILE	Exact Registry token and real Program statements; independent value/document/exit oracles, changed operands, associated negatives; Exact immutable Int Vector aggregate grammar, extent 1..4; matrix Int/Complex profile at most four logical cells; vector observers sum, checked rational inverse numerator/denominator, exact integer norm; symbolic/named parity; all source tokens consumed by the canonical current profile, without adjacent statements. Typed infix statement profile additionally supports Int extents 1..64 (cross/parallel exactly 3), tensor result at most 64 lanes; native checked kernels, distinct owned results, ordered operands and explicit program return.
NSR-DOM-049	∫	std.calculus	STDLIB	STABLE_1_0	N1-PUBLIC-a0f0c8e43beb532c974c8bbb	NORMATIVE_STABLE_PROFILE	Exact Registry token and real Program statements; independent value/document/exit oracles, changed operands, associated negatives; Explicit finite samples, dimensions, method, tolerance/step and budget in the current checked calculus grammar; exact rational/integer observations; no implicit integration domain, numeric truncation, live solver or hidden callback.
NSR-DOM-050	∬	std.calculus	STDLIB	STABLE_1_0	N1-PUBLIC-57d9b36a2f42c74436b04265	NORMATIVE_STABLE_PROFILE	Exact Registry token and real Program statements; independent value/document/exit oracles, changed operands, associated negatives; Explicit finite samples, dimensions, method, tolerance/step and budget in the current checked calculus grammar; exact rational/integer observations; no implicit integration domain, numeric truncation, live solver or hidden callback.
NSR-DOM-051	∭	std.calculus	STDLIB	STABLE_1_0	N1-PUBLIC-500eaa399db7165cb2120fdf	NORMATIVE_STABLE_PROFILE	Exact Registry token and real Program statements; independent value/document/exit oracles, changed operands, associated negatives; Explicit finite samples, dimensions, method, tolerance/step and budget in the current checked calculus grammar; exact rational/integer observations; no implicit integration domain, numeric truncation, live solver or hidden callback.
NSR-DOM-052	∮	std.calculus	STDLIB	STABLE_1_0	N1-PUBLIC-7acf68cdae99cd50c126f130	NORMATIVE_STABLE_PROFILE	Exact Registry token and real Program statements; independent value/document/exit oracles, changed operands, associated negatives; Explicit finite samples, dimensions, method, tolerance/step and budget in the current checked calculus grammar; exact rational/integer observations; no implicit integration domain, numeric truncation, live solver or hidden callback.
NSR-DOM-053	∂	std.calculus	STDLIB	STABLE_1_0	N1-PUBLIC-c7b9b9dd2560b3603daa32c0	NORMATIVE_STABLE_PROFILE	Exact Registry token and real Program statements; independent value/document/exit oracles, changed operands, associated negatives; Explicit finite samples, dimensions, method, tolerance/step and budget in the current checked calculus grammar; exact rational/integer observations; no implicit integration domain, numeric truncation, live solver or hidden callback.
NSR-DOM-054	∇	std.calculus	STDLIB	STABLE_1_0	N1-PUBLIC-eeca64d3406b6fae70ff9824	NORMATIVE_STABLE_PROFILE	Exact Registry token and real Program statements; independent value/document/exit oracles, changed operands, associated negatives; Explicit finite samples, dimensions, method, tolerance/step and budget in the current checked calculus grammar; exact rational/integer observations; no implicit integration domain, numeric truncation, live solver or hidden callback.
NSR-DOM-055	∇·	std.calculus	STDLIB	STABLE_1_0	N1-PUBLIC-5d55df0a3fb03d6f2746948a	NORMATIVE_STABLE_PROFILE	Exact Registry token and real Program statements; independent value/document/exit oracles, changed operands, associated negatives; Explicit finite samples, dimensions, method, tolerance/step and budget in the current checked calculus grammar; exact rational/integer observations; no implicit integration domain, numeric truncation, live solver or hidden callback.
NSR-DOM-056	∇×	std.calculus	STDLIB	STABLE_1_0	N1-PUBLIC-97f080720c6783e1b4891216	NORMATIVE_STABLE_PROFILE	Exact Registry token and real Program statements; independent value/document/exit oracles, changed operands, associated negatives; Explicit finite samples, dimensions, method, tolerance/step and budget in the current checked calculus grammar; exact rational/integer observations; no implicit integration domain, numeric truncation, live solver or hidden callback.
NSR-DOM-057	Δ	std.calculus	STDLIB	STABLE_1_0	N1-PUBLIC-d21fbdab3cf3f5809df60a50	NORMATIVE_STABLE_PROFILE	Exact Registry token and real Program statements; independent value/document/exit oracles, changed operands, associated negatives; Explicit finite samples, dimensions, method, tolerance/step and budget in the current checked calculus grammar; exact rational/integer observations; no implicit integration domain, numeric truncation, live solver or hidden callback.
NSR-DOM-058	∼	std.probability	STDLIB	STABLE_1_0	N1-PUBLIC-d74f74d56519b79b0de509a1	NORMATIVE_STABLE_PROFILE	Exact Registry token and real Program statements; independent value/document/exit oracles, changed operands, associated negatives; Explicit bounded model/distribution metadata and finite rational conditional probabilities; independence is an explicit model assumption, not an inferred statistical proof.
NSR-DOM-059	⫫	std.probability	STDLIB	STABLE_1_0	N1-PUBLIC-eca42fdaaf7918e2f3b3063d	NORMATIVE_STABLE_PROFILE	Exact Registry token and real Program statements; independent value/document/exit oracles, changed operands, associated negatives; Explicit bounded model/distribution metadata and finite rational conditional probabilities; independence is an explicit model assumption, not an inferred statistical proof.
NSR-DOM-060	|	std.probability	STDLIB	STABLE_1_0	N1-PUBLIC-40d84bd329e607b9f5dee6fc	NORMATIVE_STABLE_PROFILE	Exact Registry token and real Program statements; independent value/document/exit oracles, changed operands, associated negatives; Explicit bounded model/distribution metadata and finite rational conditional probabilities; independence is an explicit model assumption, not an inferred statistical proof.
NSR-DOM-061	∀	std.logic	STDLIB	STABLE_1_0	N1-PUBLIC-1a958319ce7aace9f7b87188	NORMATIVE_STABLE_PROFILE	Exact Registry token and real Program statements; independent value/document/exit oracles, changed operands, associated negatives; Finite domain partition/result grammar, explicit proof/model status and budget; exhaustive Boolean truth tables; unknown and timeout remain distinct outcomes; this does not claim an automatic theorem prover.
NSR-DOM-062	∃	std.logic	STDLIB	STABLE_1_0	N1-PUBLIC-744f23fdd2b2a03592ea03e4	NORMATIVE_STABLE_PROFILE	Exact Registry token and real Program statements; independent value/document/exit oracles, changed operands, associated negatives; Finite domain partition/result grammar, explicit proof/model status and budget; exhaustive Boolean truth tables; unknown and timeout remain distinct outcomes; this does not claim an automatic theorem prover.
NSR-DOM-063	∄	std.logic	STDLIB	STABLE_1_0	N1-PUBLIC-e4cdd98bb926f37449f20739	NORMATIVE_STABLE_PROFILE	Exact Registry token and real Program statements; independent value/document/exit oracles, changed operands, associated negatives; Finite domain partition/result grammar, explicit proof/model status and budget; exhaustive Boolean truth tables; unknown and timeout remain distinct outcomes; this does not claim an automatic theorem prover.
NSR-DOM-064	⇒	std.logic	STDLIB	STABLE_1_0	N1-PUBLIC-513ac8c2e5fcf19b40ef5fc0	NORMATIVE_STABLE_PROFILE	Exact Registry token and real Program statements; independent value/document/exit oracles, changed operands, associated negatives; Finite domain partition/result grammar, explicit proof/model status and budget; exhaustive Boolean truth tables; unknown and timeout remain distinct outcomes; this does not claim an automatic theorem prover.
NSR-DOM-065	⇔	std.logic	STDLIB	STABLE_1_0	N1-PUBLIC-398fc8ee48fa57cc62d2d5a4	NORMATIVE_STABLE_PROFILE	Exact Registry token and real Program statements; independent value/document/exit oracles, changed operands, associated negatives; Finite domain partition/result grammar, explicit proof/model status and budget; exhaustive Boolean truth tables; unknown and timeout remain distinct outcomes; this does not claim an automatic theorem prover.
NSR-DOM-066	⊢	std.proof	STDLIB	STABLE_1_0	N1-PUBLIC-74baca4be1fe91110384bf89	NORMATIVE_STABLE_PROFILE	Exact Registry token and real Program statements; independent value/document/exit oracles, changed operands, associated negatives; Finite domain partition/result grammar, explicit proof/model status and budget; exhaustive Boolean truth tables; unknown and timeout remain distinct outcomes; this does not claim an automatic theorem prover.
NSR-DOM-067	⊨	std.model	STDLIB	STABLE_1_0	N1-PUBLIC-21f1ee496b3477dacd9105da	NORMATIVE_STABLE_PROFILE	Exact Registry token and real Program statements; independent value/document/exit oracles, changed operands, associated negatives; Finite domain partition/result grammar, explicit proof/model status and budget; exhaustive Boolean truth tables; unknown and timeout remain distinct outcomes; this does not claim an automatic theorem prover.
NSR-DOM-068	⊼	std.logic	STDLIB	STABLE_1_0	N1-PUBLIC-26a32734429a1c429090b803	NORMATIVE_STABLE_PROFILE	Exact Registry token and real Program statements; independent value/document/exit oracles, changed operands, associated negatives; Finite domain partition/result grammar, explicit proof/model status and budget; exhaustive Boolean truth tables; unknown and timeout remain distinct outcomes; this does not claim an automatic theorem prover.
NSR-DOM-069	⊽	std.logic	STDLIB	STABLE_1_0	N1-PUBLIC-76910ae88dfb8eaa99d0b9c7	NORMATIVE_STABLE_PROFILE	Exact Registry token and real Program statements; independent value/document/exit oracles, changed operands, associated negatives; Finite domain partition/result grammar, explicit proof/model status and budget; exhaustive Boolean truth tables; unknown and timeout remain distinct outcomes; this does not claim an automatic theorem prover.
NSR-DOM-070	→	std.graph	STDLIB	STABLE_1_0	N1-PUBLIC-2eacff2619db46e7c6930ef3	NORMATIVE_STABLE_PROFILE	Exact Registry token and real Program statements; independent value/document/exit oracles, changed operands, associated negatives; Bounded typed edge/transition descriptor and deterministic replay projection; explicit endpoints, schema, guard, effect and capability; no asynchronous external execution.
NSR-DOM-071	↔	std.graph	STDLIB	STABLE_1_0	N1-PUBLIC-b039a78654435a15221af218	NORMATIVE_STABLE_PROFILE	Exact Registry token and real Program statements; independent value/document/exit oracles, changed operands, associated negatives; Bounded typed edge/transition descriptor and deterministic replay projection; explicit endpoints, schema, guard, effect and capability; no asynchronous external execution.
NSR-DOM-072	⇢	std.workflow	STDLIB	STABLE_1_0	N1-PUBLIC-90620273a192a184a35b1231	NORMATIVE_STABLE_PROFILE	Exact Registry token and real Program statements; independent value/document/exit oracles, changed operands, associated negatives; Bounded typed edge/transition descriptor and deterministic replay projection; explicit endpoints, schema, guard, effect and capability; no asynchronous external execution.
NSR-DOM-073	⟶	std.statechart	STDLIB	STABLE_1_0	N1-PUBLIC-04f5a273d5a3f91ce0debbb0	NORMATIVE_STABLE_PROFILE	Exact Registry token and real Program statements; independent value/document/exit oracles, changed operands, associated negatives; Bounded typed edge/transition descriptor and deterministic replay projection; explicit endpoints, schema, guard, effect and capability; no asynchronous external execution.
NSR-DOM-074	⧺	std.text	STDLIB	STABLE_1_0	N1-PUBLIC-536a10e214f5f9b85ef37889	NORMATIVE_STABLE_PROFILE	Exact Registry token and real Program statements; independent value/document/exit oracles, changed operands, associated negatives; Current Text/Pattern finite profile: UTF-8 concat and literal/dot Pattern matching with explicit mode/work budget; matched/negated values change with content, without a fixed operator report.
NSR-DOM-075	=~	std.regex	STDLIB	STABLE_1_0	N1-PUBLIC-7862e0aa9608310130b53570	NORMATIVE_STABLE_PROFILE	Exact Registry token and real Program statements; independent value/document/exit oracles, changed operands, associated negatives; Current Text/Pattern finite profile: UTF-8 concat and literal/dot Pattern matching with explicit mode/work budget; matched/negated values change with content, without a fixed operator report.
NSR-DOM-076	!~	std.regex	STDLIB	STABLE_1_0	N1-PUBLIC-a638cf9be5bf0b2f301f6c0b	NORMATIVE_STABLE_PROFILE	Exact Registry token and real Program statements; independent value/document/exit oracles, changed operands, associated negatives; Current Text/Pattern finite profile: UTF-8 concat and literal/dot Pattern matching with explicit mode/work budget; matched/negated values change with content, without a fixed operator report.
NSR-DOM-077	${...}	std.text.format	STDLIB	STABLE_1_0	N1-PUBLIC-c973eecc55bc2512680f3162	NORMATIVE_STABLE_PROFILE	Exact Registry token and real Program statements; independent value/document/exit oracles, changed operands, associated negatives; Int64/Bool/binary64 or the referenced public typed profile; native checked arithmetic and complete source statement ownership.
NSR-DOM-078	%s/%d/%f/%b/%%	std.text.format	STDLIB	STABLE_1_0	N1-PUBLIC-6ac2d489f76ce86c2f2ee354	NORMATIVE_STABLE_PROFILE	Exact Registry token and real Program statements; independent value/document/exit oracles, changed operands, associated negatives; Int64/Bool/binary64 or the referenced public typed profile; native checked arithmetic and complete source statement ownership.
NSR-DOM-079	/name{...}	std.render.slash	STDLIB	STABLE_1_0	N1-PUBLIC-bd5accdc2e3b1927beedc8a0	NORMATIVE_STABLE_PROFILE	Exact Registry token and real Program statements; independent value/document/exit oracles, changed operands, associated negatives; Actual typed RenderPlan(Text).render(contextual target) consumes all source statements. The existing native Slash parser and two-pass renderer own 64 finite directives, 4096 input bytes, 256 aggregate tokens, depth 16 and 32 argument bytes. Target output is an owned Text projection; its separate Console publication is observed. Unknown directives and overflowing plans fail closed. Independent G064 grammar/render oracle, actual contents, two live plans and explicit returns replace the old template metadata/seed profile.
NSR-DOM-080	@	std.meta	STDLIB	STABLE_1_0	N1-PUBLIC-d18248265a853fd2be4df7d2	NORMATIVE_STABLE_PROFILE	Exact Registry token and real Program statements; independent value/document/exit oracles, changed operands, associated negatives; Current annotation registry with typed version/level/enabled arguments, targets and bounded seed/privacy; actual argument values and masks are observed; no claim of arbitrary annotation evaluation.
NSR-REJ-001	|>	core.flow	EXCLUDED	EXCLUDED_1_0	N1-conformance-and-consumption	PRESERVED_NON_STABLE_BOUNDARY	Explicit REJECTED registry class
NSR-REJ-002	<->	future.flow	EXCLUDED	EXCLUDED_1_0	N1-conformance-and-consumption	PRESERVED_NON_STABLE_BOUNDARY	Explicit REJECTED registry class
NSR-REJ-003	**	core.numeric	EXCLUDED	EXCLUDED_1_0	N1-conformance-and-consumption	PRESERVED_NON_STABLE_BOUNDARY	Explicit REJECTED registry class
NSR-REJ-004	^ as XOR	core.logic_bits	EXCLUDED	EXCLUDED_1_0	N1-conformance-and-consumption	PRESERVED_NON_STABLE_BOUNDARY	Explicit REJECTED registry class
NSR-REJ-005	++	core.mutation	EXCLUDED	EXCLUDED_1_0	N1-conformance-and-consumption	PRESERVED_NON_STABLE_BOUNDARY	Explicit REJECTED registry class
NSR-REJ-006	--	core.mutation	EXCLUDED	EXCLUDED_1_0	N1-conformance-and-consumption	PRESERVED_NON_STABLE_BOUNDARY	Explicit REJECTED registry class
NSR-REJ-007	cond ? a : b	core.control	EXCLUDED	EXCLUDED_1_0	N1-conformance-and-consumption	PRESERVED_NON_STABLE_BOUNDARY	Explicit REJECTED registry class
NSR-REJ-008	a ?: b	core.option	EXCLUDED	EXCLUDED_1_0	N1-conformance-and-consumption	PRESERVED_NON_STABLE_BOUNDARY	Explicit REJECTED registry class
NSR-REJ-009	:=	core.binding	EXCLUDED	EXCLUDED_1_0	N1-conformance-and-consumption	PRESERVED_NON_STABLE_BOUNDARY	Explicit REJECTED registry class
NSR-REJ-010	(a, b, c) as comma operator	core.control	EXCLUDED	EXCLUDED_1_0	N1-conformance-and-consumption	PRESERVED_NON_STABLE_BOUNDARY	Explicit REJECTED registry class
NSR-REJ-011	= as equality	core.eq	EXCLUDED	EXCLUDED_1_0	N1-conformance-and-consumption	PRESERVED_NON_STABLE_BOUNDARY	Explicit REJECTED registry class
NSR-REJ-012	<>	core.eq	EXCLUDED	EXCLUDED_1_0	N1-conformance-and-consumption	PRESERVED_NON_STABLE_BOUNDARY	Explicit REJECTED registry class
NSR-REJ-013	and / or / not	core.logic	EXCLUDED	EXCLUDED_1_0	N1-conformance-and-consumption	PRESERVED_NON_STABLE_BOUNDARY	Explicit REJECTED registry class
NSR-REJ-014	!!	core.result_math	EXCLUDED	EXCLUDED_1_0	N1-conformance-and-consumption	PRESERVED_NON_STABLE_BOUNDARY	Explicit REJECTED registry class
NSR-REJ-015	// as integer division	core.numeric	EXCLUDED	EXCLUDED_1_0	N1-conformance-and-consumption	PRESERVED_NON_STABLE_BOUNDARY	Explicit REJECTED registry class
NSR-REJ-016	=>	core.match	EXCLUDED	EXCLUDED_1_0	N1-conformance-and-consumption	PRESERVED_NON_STABLE_BOUNDARY	Explicit REJECTED registry class
NSR-REJ-017	1..10	core.range	EXCLUDED	EXCLUDED_1_0	N1-conformance-and-consumption	PRESERVED_NON_STABLE_BOUNDARY	Explicit REJECTED registry class
NSR-REJ-018	ptr->field	future.unsafe	EXCLUDED	EXCLUDED_1_0	N1-conformance-and-consumption	PRESERVED_NON_STABLE_BOUNDARY	Explicit REJECTED registry class
NSR-REJ-019	100 + 10%	core.quantity	EXCLUDED	EXCLUDED_1_0	N1-conformance-and-consumption	PRESERVED_NON_STABLE_BOUNDARY	Explicit REJECTED registry class
NSR-REJ-020	a ≈ b without tolerance	std.math.approx	EXCLUDED	EXCLUDED_1_0	N1-conformance-and-consumption	PRESERVED_NON_STABLE_BOUNDARY	Explicit REJECTED registry class
NSR-REJ-021	∫ returning bare Float	std.calculus	EXCLUDED	EXCLUDED_1_0	N1-conformance-and-consumption	PRESERVED_NON_STABLE_BOUNDARY	Explicit REJECTED registry class
NSR-REJ-022	a ± b as implicit Tuple	std.measurement	EXCLUDED	EXCLUDED_1_0	N1-conformance-and-consumption	PRESERVED_NON_STABLE_BOUNDARY	Explicit REJECTED registry class
NSR-REJ-023	Text + Number	std.text	EXCLUDED	EXCLUDED_1_0	N1-conformance-and-consumption	PRESERVED_NON_STABLE_BOUNDARY	Explicit REJECTED registry class
NSR-REJ-024	user-defined new operator lexeme	language.meta	EXCLUDED	EXCLUDED_1_0	N1-conformance-and-consumption	PRESERVED_NON_STABLE_BOUNDARY	Explicit REJECTED registry class
NSR-REJ-025	fullwidth/confusable operator forms	source.security	EXCLUDED	EXCLUDED_1_0	N1-conformance-and-consumption	PRESERVED_NON_STABLE_BOUNDARY	Explicit REJECTED registry class
NSR-REJ-026	%% in expression	core.numeric_text	EXCLUDED	EXCLUDED_1_0	N1-conformance-and-consumption	PRESERVED_NON_STABLE_BOUNDARY	Explicit REJECTED registry class
NSR-RES-001	<.	future.flow	EXCLUDED	EXCLUDED_1_0	N1-conformance-and-consumption	PRESERVED_NON_STABLE_BOUNDARY	Explicit RESERVED registry class
NSR-RES-002	<.>	future.flow	EXCLUDED	EXCLUDED_1_0	N1-conformance-and-consumption	PRESERVED_NON_STABLE_BOUNDARY	Explicit RESERVED registry class
NSR-RES-003	...	future.syntax	EXCLUDED	EXCLUDED_1_0	N1-conformance-and-consumption	PRESERVED_NON_STABLE_BOUNDARY	Explicit RESERVED registry class
NSR-RES-004	::	future.modules	EXCLUDED	EXCLUDED_1_0	N1-conformance-and-consumption	PRESERVED_NON_STABLE_BOUNDARY	Explicit RESERVED registry class
NSR-RES-005	#	future.syntax	EXCLUDED	EXCLUDED_1_0	N1-conformance-and-consumption	PRESERVED_NON_STABLE_BOUNDARY	Explicit RESERVED registry class
NSR-RES-006	#RRGGBB	future.color	EXCLUDED	EXCLUDED_1_0	N1-conformance-and-consumption	PRESERVED_NON_STABLE_BOUNDARY	Explicit RESERVED registry class
NSR-RES-007	$	future.syntax	EXCLUDED	EXCLUDED_1_0	N1-conformance-and-consumption	PRESERVED_NON_STABLE_BOUNDARY	Explicit RESERVED registry class
NSR-RES-008	`...`	future.text	EXCLUDED	EXCLUDED_1_0	N1-conformance-and-consumption	PRESERVED_NON_STABLE_BOUNDARY	Explicit RESERVED registry class
NSR-RES-009	/*...*/	future.lexer	EXCLUDED	EXCLUDED_1_0	N1-conformance-and-consumption	PRESERVED_NON_STABLE_BOUNDARY	Explicit RESERVED registry class
NSR-RES-010	&	future.bits	EXCLUDED	EXCLUDED_1_0	N1-conformance-and-consumption	PRESERVED_NON_STABLE_BOUNDARY	Explicit RESERVED registry class
NSR-RES-011	|	future.bits_patterns	EXCLUDED	EXCLUDED_1_0	N1-conformance-and-consumption	PRESERVED_NON_STABLE_BOUNDARY	Explicit RESERVED registry class
NSR-RES-012	~	future.bits	EXCLUDED	EXCLUDED_1_0	N1-conformance-and-consumption	PRESERVED_NON_STABLE_BOUNDARY	Explicit RESERVED registry class
NSR-RES-013	<<	future.bits	EXCLUDED	EXCLUDED_1_0	N1-conformance-and-consumption	PRESERVED_NON_STABLE_BOUNDARY	Explicit RESERVED registry class
NSR-RES-014	>>	future.bits	EXCLUDED	EXCLUDED_1_0	N1-conformance-and-consumption	PRESERVED_NON_STABLE_BOUNDARY	Explicit RESERVED registry class
NSR-RES-015	expr[index]	future.collections	EXCLUDED	EXCLUDED_1_0	N1-conformance-and-consumption	PRESERVED_NON_STABLE_BOUNDARY	Explicit RESERVED registry class
NSR-RES-016	a:b	future.collections	EXCLUDED	EXCLUDED_1_0	N1-conformance-and-consumption	PRESERVED_NON_STABLE_BOUNDARY	Explicit RESERVED registry class
NSR-RES-017	&expr	future.unsafe	EXCLUDED	EXCLUDED_1_0	N1-conformance-and-consumption	PRESERVED_NON_STABLE_BOUNDARY	Explicit RESERVED registry class
NSR-RES-018	*expr	future.unsafe	EXCLUDED	EXCLUDED_1_0	N1-conformance-and-consumption	PRESERVED_NON_STABLE_BOUNDARY	Explicit RESERVED registry class
NSR-RES-019	λ	future.functional	EXCLUDED	EXCLUDED_1_0	N1-conformance-and-consumption	PRESERVED_NON_STABLE_BOUNDARY	Explicit RESERVED registry class
NSR-RES-020	↦	future.functional	EXCLUDED	EXCLUDED_1_0	N1-conformance-and-consumption	PRESERVED_NON_STABLE_BOUNDARY	Explicit RESERVED registry class
NSR-RES-021	|x|	future.math	EXCLUDED	EXCLUDED_1_0	N1-conformance-and-consumption	PRESERVED_NON_STABLE_BOUNDARY	Explicit RESERVED registry class
NSR-RES-022	≔	future.spec	EXCLUDED	EXCLUDED_1_0	N1-conformance-and-consumption	PRESERVED_NON_STABLE_BOUNDARY	Explicit RESERVED registry class
NSR-RES-023	∴ / ∵	future.proof	EXCLUDED	EXCLUDED_1_0	N1-conformance-and-consumption	PRESERVED_NON_STABLE_BOUNDARY	Explicit RESERVED registry class
NSR-UA-001	−	core.numeric	CORE	STABLE_1_0	N1-PUBLIC-e80b9356f92e4378c18ecd2b	NORMATIVE_STABLE_PROFILE	Exact Registry token and real Program statements; independent value/document/exit oracles, changed operands, associated negatives; Int64/Bool/binary64 or the referenced public typed profile; native checked arithmetic and complete source statement ownership.
NSR-UA-002	÷	core.numeric	CORE	STABLE_1_0	N1-PUBLIC-5089e2a54adf09edce38f95a	NORMATIVE_STABLE_PROFILE	Exact Registry token and real Program statements; independent value/document/exit oracles, changed operands, associated negatives; Int64/Bool/binary64 or the referenced public typed profile; native checked arithmetic and complete source statement ownership.
NSR-UA-003	≤	core.compare	CORE	STABLE_1_0	N1-PUBLIC-f9a0813cc78a9c23a2eea370	NORMATIVE_STABLE_PROFILE	Exact Registry token and real Program statements; independent value/document/exit oracles, changed operands, associated negatives; Int64/Bool/binary64 or the referenced public typed profile; native checked arithmetic and complete source statement ownership.
NSR-UA-004	≥	core.compare	CORE	STABLE_1_0	N1-PUBLIC-84bb1a16d53b495e3c9ebb2e	NORMATIVE_STABLE_PROFILE	Exact Registry token and real Program statements; independent value/document/exit oracles, changed operands, associated negatives; Int64/Bool/binary64 or the referenced public typed profile; native checked arithmetic and complete source statement ownership.
NSR-UA-005	≠	core.eq	CORE	STABLE_1_0	N1-PUBLIC-5c1c2e9b0038cf22b6c426b7	NORMATIVE_STABLE_PROFILE	Exact Registry token and real Program statements; independent value/document/exit oracles, changed operands, associated negatives; Int64/Bool/binary64 or the referenced public typed profile; native checked arithmetic and complete source statement ownership.
NSR-UA-006	∧	core.logic	CORE	STABLE_1_0	N1-PUBLIC-d121ee02286a0c279b1e379e	NORMATIVE_STABLE_PROFILE	Exact Registry token and real Program statements; independent value/document/exit oracles, changed operands, associated negatives; Int64/Bool/binary64 or the referenced public typed profile; native checked arithmetic and complete source statement ownership.
NSR-UA-007	∨	core.logic	CORE	STABLE_1_0	N1-PUBLIC-9e35367d55773c1c7e0069f6	NORMATIVE_STABLE_PROFILE	Exact Registry token and real Program statements; independent value/document/exit oracles, changed operands, associated negatives; Int64/Bool/binary64 or the referenced public typed profile; native checked arithmetic and complete source statement ownership.
NSR-UA-008	¬	core.logic	CORE	STABLE_1_0	N1-PUBLIC-a551aa33d87dbdba3b113a1b	NORMATIVE_STABLE_PROFILE	Exact Registry token and real Program statements; independent value/document/exit oracles, changed operands, associated negatives; Int64/Bool/binary64 or the referenced public typed profile; native checked arithmetic and complete source statement ownership.
NSR-UA-009	⊻	core.logic_bits	CORE	STABLE_1_0	N1-PUBLIC-7919ec492298850d846289fa	NORMATIVE_STABLE_PROFILE	Exact Registry token and real Program statements; independent value/document/exit oracles, changed operands, associated negatives; Int64/Bool/binary64 or the referenced public typed profile; native checked arithmetic and complete source statement ownership.
claim:013c10a6e1b8f372919c46ce	Dataset	builtin	STDLIB	STABLE_1_0	N1-PUBLIC-9093ff76f8e4ab8fbe5697cb	NORMATIVE_STABLE_PROFILE	Spelling alias for g010-public:Dataset.repartition,g010-public:Dataset.cache,g010-public:Dataset.fromTables,g010-public:Dataset.schema,g010-public:Dataset.partitionCount,g010-public:Dataset.scan,g010-public:Dataset.scan.sink,g010-public:Dataset.collect,g010-public:Dataset.collect.at,g010-public:Dataset.collect.next; no additional API counted; preserve qualified profile limits; native intrinsic identity is receiver-qualified; no serialized SymbolId or DocRecord is declared by this owner; interface metadata is verified by the separate metadata suite
claim:0165b7b80d4fe488475d0e91	zeros	builtin.Tensor	DOMAIN_PACK	EXPERIMENTAL	N1-conformance-and-consumption	PRESERVED_NON_STABLE_BOUNDARY	Actual Bool/Int64/binary64 operands and native rank/shape/stride/root descriptors; Bool storage is packed bytes; CPU rank 0..6 and 4096 elements; Int construction/arithmetic retains C12 rank 0..3, dimensions 0..8 and 64 elements; index tensors from argMax retain full result geometry. Shape inputs are constant Int Tuples or material Int Vectors. fromBuffer copies exact typed Int/Float Vector, live Int Slice or checked 0/1 Bytes for Bool. Float selection uses equal shapes or explicit broadcastTo; map uses a typed noncapturing Float function and preserves ordered effects. Float reductions reject empty/nonfinite inputs and invalid axes; first argMax tie. Structural methods compose native owners; peers are 1..6 immutable Tensor names in a Tuple, split takes 1..6 exact sizes, padding has two entries per axis. Readonly function borrows and caller-owned result copies preserve lifetimes. Every cited oracle executes real source, including negatives and bounded-domain failures.
claim:017a7d6c072f8f24e093bae7	isMissing	builtin	STDLIB	STABLE_1_0	N1-PUBLIC-c45aa1c38cd649a1f87b2882	NORMATIVE_STABLE_PROFILE	Spelling alias for g010-public:Column.isMissing; no additional API counted; preserve qualified profile limits; native intrinsic identity is receiver-qualified; no serialized SymbolId or DocRecord is declared by this owner; interface metadata is verified by the separate metadata suite
claim:018cb7c46b265bfb7263038d	lowestCommonAncestor	builtin	STDLIB	STABLE_1_0	N1-PUBLIC-7dec088466e9899389462b76	NORMATIVE_STABLE_PROFILE	Spelling alias for g009-public:Tree.lowestCommonAncestor; no additional API counted; preserve qualified profile limits; native intrinsic identity is receiver-qualified; no serialized SymbolId or DocRecord is declared by this owner; interface metadata is verified by the separate metadata suite
claim:01c8466cc14b4a8ab40b7544	slice	builtin.Matrix	DOMAIN_PACK	EXPERIMENTAL	N1-conformance-and-consumption	PRESERVED_NON_STABLE_BOUNDARY	Canonical native descriptor, actual Int64 (dimensions 0..8) / binary64 (0..64) operands; independent owned results and root-provenance views; row-major fromBuffer copies live Int Slice or typed Int/Float Vector, exact count/dtype and lexical release gates; native Float LU returns (compact factors, permutation), QR returns (thin Q, R), using existing Tuple projections; finite factorization dimensions at most 32 with singular/domain rejection; readonly Matrix parameter borrows and caller-owned hidden-result copies preserve lifetimes and ordered arguments; scalar calls reclaim temporaries; runtime-shaped axis Vectors reuse native Vector/statistics and Random consumers; checked Int axis sums publish atomically; no whole-source projection or fixed report
claim:022f5382cff4eecac77e454b	value	builtin	STDLIB	STABLE_1_0	N1-PUBLIC-d3e480310f6af2bde5cd29ab	NORMATIVE_STABLE_PROFILE	Spelling alias for g010-public:Event<Int>.value,g010-public:Flow<Int>.value; no additional API counted; preserve qualified profile limits; native intrinsic identity is receiver-qualified; no serialized SymbolId or DocRecord is declared by this owner; interface metadata is verified by the separate metadata suite
claim:031af9436a9f7d0dffe33482	variance	builtin.Vector	DOMAIN_PACK	STABLE_1_0	N1-PUBLIC-91802dd1931a682698d968f8	NORMATIVE_STABLE_PROFILE	Actual Int64/binary64 lanes, extent 1..64; checked Int sum, native compensated Float sum, explicit population/sample and linearType7 policies; 1536-byte caller workspace isolates conversion/quantile scratch; source values unchanged; native domain/overflow traps and NaN propagation are observed; no source report or synthetic aggregate
claim:03a0c75cf0c28529e1b2af67	at	builtin.Matrix	DOMAIN_PACK	EXPERIMENTAL	N1-conformance-and-consumption	PRESERVED_NON_STABLE_BOUNDARY	Canonical native descriptor, actual Int64 (dimensions 0..8) / binary64 (0..64) operands; independent owned results and root-provenance views; row-major fromBuffer copies live Int Slice or typed Int/Float Vector, exact count/dtype and lexical release gates; native Float LU returns (compact factors, permutation), QR returns (thin Q, R), using existing Tuple projections; finite factorization dimensions at most 32 with singular/domain rejection; readonly Matrix parameter borrows and caller-owned hidden-result copies preserve lifetimes and ordered arguments; scalar calls reclaim temporaries; runtime-shaped axis Vectors reuse native Vector/statistics and Random consumers; checked Int axis sums publish atomically; no whole-source projection or fixed report
claim:04d69c4db900cf6feb9e0b5d	Text.parseFloat	builtin	STDLIB	STABLE_1_0	N1-PUBLIC-e71c6cf00425f9570c038bdb	NORMATIVE_STABLE_PROFILE	parseFloat(); dot decimal f64; Result by value; actual Result value/tag/fallback; native checked output is committed only on Ok; live keyword table; native intrinsic identity is receiver-qualified; no serialized SymbolId or DocRecord is declared by this owner; interface metadata is verified by the separate metadata suite
claim:04d9cb92cf67087f56a3bfff	lu	builtin.Matrix	DOMAIN_PACK	EXPERIMENTAL	N1-conformance-and-consumption	PRESERVED_NON_STABLE_BOUNDARY	Canonical native descriptor, actual Int64 (dimensions 0..8) / binary64 (0..64) operands; independent owned results and root-provenance views; row-major fromBuffer copies live Int Slice or typed Int/Float Vector, exact count/dtype and lexical release gates; native Float LU returns (compact factors, permutation), QR returns (thin Q, R), using existing Tuple projections; finite factorization dimensions at most 32 with singular/domain rejection; readonly Matrix parameter borrows and caller-owned hidden-result copies preserve lifetimes and ordered arguments; scalar calls reclaim temporaries; runtime-shaped axis Vectors reuse native Vector/statistics and Random consumers; checked Int axis sums publish atomically; no whole-source projection or fixed report
claim:090e1636b97a7c2ba7e9dcf7	hypot	std.math	STDLIB	STABLE_1_0	N1-PUBLIC-bbc3cfe8aa8c7ad445cd5efb	NORMATIVE_STABLE_PROFILE	Literal Int64/binary64 operands; at most 128 complete statements; independent arithmetic trace and return matrix
claim:09b7c1054e741b8a444f9092	inverse	builtin.Matrix	DOMAIN_PACK	EXPERIMENTAL	N1-conformance-and-consumption	PRESERVED_NON_STABLE_BOUNDARY	Canonical native descriptor, actual Int64 (dimensions 0..8) / binary64 (0..64) operands; independent owned results and root-provenance views; row-major fromBuffer copies live Int Slice or typed Int/Float Vector, exact count/dtype and lexical release gates; native Float LU returns (compact factors, permutation), QR returns (thin Q, R), using existing Tuple projections; finite factorization dimensions at most 32 with singular/domain rejection; readonly Matrix parameter borrows and caller-owned hidden-result copies preserve lifetimes and ordered arguments; scalar calls reclaim temporaries; runtime-shaped axis Vectors reuse native Vector/statistics and Random consumers; checked Int axis sums publish atomically; no whole-source projection or fixed report
claim:0a3ee9f14f4e4ad3d004070d	directed	builtin	STDLIB	STABLE_1_0	N1-PUBLIC-3f5bfa772da4c213736beb75	NORMATIVE_STABLE_PROFILE	Spelling alias for g009-public:Graph<Int,Int>.directed; no additional API counted; preserve qualified profile limits; native intrinsic identity is receiver-qualified; no serialized SymbolId or DocRecord is declared by this owner; interface metadata is verified by the separate metadata suite
claim:0a82eaa27482b82b3576e3a9	IntoIterator	std.core	PRELUDE	STABLE_1_0	N1-PUBLIC-b51b314758ce64d348eabde3	NORMATIVE_STABLE_PROFILE	Actual edition-owned prelude SymbolId and unique stdlib owner; CLI metadata checked against the local .ni interface and independent FNV identity. Runtime profile is the cited source case family. Iterator/IntoIterator dispatch is bounded Range iteration, not a standalone cursor constructor or arbitrary iterator implementation. Ord reuses the existing comparable capability, with explicit Bool rejection. Native intrinsic profiles are not promoted to arbitrary generic APIs.
claim:0acf91593123cad6cc387a4c	slice	builtin.Tensor	DOMAIN_PACK	EXPERIMENTAL	N1-conformance-and-consumption	PRESERVED_NON_STABLE_BOUNDARY	Actual Bool/Int64/binary64 operands and native rank/shape/stride/root descriptors; Bool storage is packed bytes; CPU rank 0..6 and 4096 elements; Int construction/arithmetic retains C12 rank 0..3, dimensions 0..8 and 64 elements; index tensors from argMax retain full result geometry. Shape inputs are constant Int Tuples or material Int Vectors. fromBuffer copies exact typed Int/Float Vector, live Int Slice or checked 0/1 Bytes for Bool. Float selection uses equal shapes or explicit broadcastTo; map uses a typed noncapturing Float function and preserves ordered effects. Float reductions reject empty/nonfinite inputs and invalid axes; first argMax tie. Structural methods compose native owners; peers are 1..6 immutable Tensor names in a Tuple, split takes 1..6 exact sizes, padding has two entries per axis. Readonly function borrows and caller-owned result copies preserve lifetimes. Every cited oracle executes real source, including negatives and bounded-domain failures.
claim:0b4ad9588cd7eba6c21f0e7f	circle	builtin.visual	EXCLUDED	EXCLUDED_1_0	N1-conformance-and-consumption	PRESERVED_NON_STABLE_BOUNDARY	Spelling alias only; inspect every qualified declaration: g018-declaration:canvas.circle(center, radius, paint)
claim:0bf5769d51869fd828126901	clamp	builtin.Matrix	DOMAIN_PACK	EXPERIMENTAL	N1-conformance-and-consumption	PRESERVED_NON_STABLE_BOUNDARY	Canonical native descriptor, actual Int64 (dimensions 0..8) / binary64 (0..64) operands; independent owned results and root-provenance views; row-major fromBuffer copies live Int Slice or typed Int/Float Vector, exact count/dtype and lexical release gates; native Float LU returns (compact factors, permutation), QR returns (thin Q, R), using existing Tuple projections; finite factorization dimensions at most 32 with singular/domain rejection; readonly Matrix parameter borrows and caller-owned hidden-result copies preserve lifetimes and ordered arguments; scalar calls reclaim temporaries; runtime-shaped axis Vectors reuse native Vector/statistics and Random consumers; checked Int axis sums publish atomically; no whole-source projection or fixed report
claim:0d203488bdb684e6de9be6f5	noHistory	builtin.ScanPlan	STDLIB	STABLE_1_0	N1-PUBLIC-80d71d1f7e15dc296e909116	NORMATIVE_STABLE_PROFILE	Contextual alias for g170-scan:noHistory; public typed source proof replaces the historical seed/probe evidence. Preserve the qualified row bounds; no separate global option or live capability is claimed.
claim:0dc6e916abc643aea6522c6a	Ordering	std.core	PRELUDE	STABLE_1_0	N1-PUBLIC-692ce5ea4a141755ba9984e2	NORMATIVE_STABLE_PROFILE	Actual edition-owned prelude SymbolId and unique stdlib owner; CLI metadata checked against the local .ni interface and independent FNV identity. Runtime profile is the cited source case family. Iterator/IntoIterator dispatch is bounded Range iteration, not a standalone cursor constructor or arbitrary iterator implementation. Ord reuses the existing comparable capability, with explicit Bool rejection. Native intrinsic profiles are not promoted to arbitrary generic APIs.
claim:0e3f6200245dc2c955e72022	subtract	builtin.Matrix	DOMAIN_PACK	EXPERIMENTAL	N1-conformance-and-consumption	PRESERVED_NON_STABLE_BOUNDARY	Canonical native descriptor, actual Int64 (dimensions 0..8) / binary64 (0..64) operands; independent owned results and root-provenance views; row-major fromBuffer copies live Int Slice or typed Int/Float Vector, exact count/dtype and lexical release gates; native Float LU returns (compact factors, permutation), QR returns (thin Q, R), using existing Tuple projections; finite factorization dimensions at most 32 with singular/domain rejection; readonly Matrix parameter borrows and caller-owned hidden-result copies preserve lifetimes and ordered arguments; scalar calls reclaim temporaries; runtime-shaped axis Vectors reuse native Vector/statistics and Random consumers; checked Int axis sums publish atomically; no whole-source projection or fixed report
claim:0ef92073ff665261e0cc7410	fromColumns	builtin	STDLIB	STABLE_1_0	N1-PUBLIC-7de22db8c093d64d52f18b80	NORMATIVE_STABLE_PROFILE	Spelling alias for g010-public:Table.fromColumns; no additional API counted; preserve qualified profile limits; native intrinsic identity is receiver-qualified; no serialized SymbolId or DocRecord is declared by this owner; interface metadata is verified by the separate metadata suite
claim:0f0cb5010e3e0372225edc90	conditionEstimate	builtin.Matrix	DOMAIN_PACK	EXPERIMENTAL	N1-conformance-and-consumption	PRESERVED_NON_STABLE_BOUNDARY	Canonical native descriptor, actual Int64 (dimensions 0..8) / binary64 (0..64) operands; independent owned results and root-provenance views; row-major fromBuffer copies live Int Slice or typed Int/Float Vector, exact count/dtype and lexical release gates; native Float LU returns (compact factors, permutation), QR returns (thin Q, R), using existing Tuple projections; finite factorization dimensions at most 32 with singular/domain rejection; readonly Matrix parameter borrows and caller-owned hidden-result copies preserve lifetimes and ordered arguments; scalar calls reclaim temporaries; runtime-shaped axis Vectors reuse native Vector/statistics and Random consumers; checked Int axis sums publish atomically; no whole-source projection or fixed report
claim:0f2d69ab0b4bafa8eab96ede	TextSplit.join	builtin	STDLIB	STABLE_1_0	N1-PUBLIC-b2e983448303729487eceb83	NORMATIVE_STABLE_PROFILE	join(Text); 4096 output bytes; ; owned caller workspace; public UTF-8 descriptor bridge and distinct bounded function storage; native intrinsic identity is receiver-qualified; no serialized SymbolId or DocRecord is declared by this owner; interface metadata is verified by the separate metadata suite
claim:0fc1035de821e52a0f4589f7	isContiguous	builtin.Tensor	DOMAIN_PACK	EXPERIMENTAL	N1-conformance-and-consumption	PRESERVED_NON_STABLE_BOUNDARY	Actual Bool/Int64/binary64 operands and native rank/shape/stride/root descriptors; Bool storage is packed bytes; CPU rank 0..6 and 4096 elements; Int construction/arithmetic retains C12 rank 0..3, dimensions 0..8 and 64 elements; index tensors from argMax retain full result geometry. Shape inputs are constant Int Tuples or material Int Vectors. fromBuffer copies exact typed Int/Float Vector, live Int Slice or checked 0/1 Bytes for Bool. Float selection uses equal shapes or explicit broadcastTo; map uses a typed noncapturing Float function and preserves ordered effects. Float reductions reject empty/nonfinite inputs and invalid axes; first argMax tie. Structural methods compose native owners; peers are 1..6 immutable Tensor names in a Tuple, split takes 1..6 exact sizes, padding has two entries per axis. Readonly function borrows and caller-owned result copies preserve lifetimes. Every cited oracle executes real source, including negatives and bounded-domain failures.
claim:0ff59811257d56187017f0c2	Column	builtin	STDLIB	STABLE_1_0	N1-PUBLIC-ef1a69964d1453a3bd29b70d	NORMATIVE_STABLE_PROFILE	Spelling alias for g010-public:Column<Int>.from,g010-public:Column.sum,g010-public:Column.min,g010-public:Column.max,g010-public:Column.countMissing,g010-public:Column.get,g010-public:Column.cast<U>,g010-public:Column.isMissing,g010-public:Column.fillMissing,g010-public:Column.dropMissing,g010-public:Column.coalesce; no additional API counted; preserve qualified profile limits; native intrinsic identity is receiver-qualified; no serialized SymbolId or DocRecord is declared by this owner; interface metadata is verified by the separate metadata suite
claim:10324390ff13489f56c7db8c	validate	builtin	STDLIB	STABLE_1_0	N1-PUBLIC-db7a2eafd66aa29f3b94c384	NORMATIVE_STABLE_PROFILE	Spelling alias for g010-public:Table.validate; no additional API counted; preserve qualified profile limits; native intrinsic identity is receiver-qualified; no serialized SymbolId or DocRecord is declared by this owner; interface metadata is verified by the separate metadata suite
claim:1069f6270bef9e4c51e0eb71	hasCycle	builtin	STDLIB	STABLE_1_0	N1-PUBLIC-7d79513dade113fc721fcb96	NORMATIVE_STABLE_PROFILE	Spelling alias for g009-public:Graph.hasCycle; no additional API counted; preserve qualified profile limits; native intrinsic identity is receiver-qualified; no serialized SymbolId or DocRecord is declared by this owner; interface metadata is verified by the separate metadata suite
claim:109821e33f71ae544ad7784f	cast	builtin	STDLIB	STABLE_1_0	N1-PUBLIC-adfccb317eb3b888ea1543ed	NORMATIVE_STABLE_PROFILE	Spelling alias for g010-public:Column.cast<U>; no additional API counted; preserve qualified profile limits; native intrinsic identity is receiver-qualified; no serialized SymbolId or DocRecord is declared by this owner; interface metadata is verified by the separate metadata suite
claim:1137ab113bef489de4220313	Text.isUtf8	builtin	STDLIB	STABLE_1_0	N1-PUBLIC-bff899fca19e91371b6f6295	NORMATIVE_STABLE_PROFILE	isUtf8(); strict UTF-8; O(n); ; borrowed immutable receiver; public UTF-8 descriptor bridge and distinct bounded function storage; native intrinsic identity is receiver-qualified; no serialized SymbolId or DocRecord is declared by this owner; interface metadata is verified by the separate metadata suite
claim:122fb8070a74dd176a93a70a	max	builtin	STDLIB	STABLE_1_0	N1-PUBLIC-54f1caf39c04981bc9fcc86f	NORMATIVE_STABLE_PROFILE	Spelling alias for g010-public:Column.max; no additional API counted; preserve qualified profile limits; native intrinsic identity is receiver-qualified; no serialized SymbolId or DocRecord is declared by this owner; interface metadata is verified by the separate metadata suite
claim:123382b0fb71fb06b13e686a	Set	builtin	STDLIB	STABLE_1_0	N1-PUBLIC-398ae5dd2dee03906de89216	NORMATIVE_STABLE_PROFILE	Spelling alias for g008-public:Set<Int>.new,g008-public:Set.insert,g008-public:Set.contains,g008-public:Set.remove,g008-public:Set.union,g008-public:Set.intersection,g008-public:Set.difference,g008-public:Set.isSubsetOf; no additional API counted; preserve qualified profile limits; native intrinsic identity is receiver-qualified; no serialized SymbolId or DocRecord is declared by this owner; interface metadata is verified by the separate metadata suite
claim:128a9fa1bc34f7feff448ad9	matmul	builtin.Tensor	DOMAIN_PACK	EXPERIMENTAL	N1-conformance-and-consumption	PRESERVED_NON_STABLE_BOUNDARY	Actual Bool/Int64/binary64 operands and native rank/shape/stride/root descriptors; Bool storage is packed bytes; CPU rank 0..6 and 4096 elements; Int construction/arithmetic retains C12 rank 0..3, dimensions 0..8 and 64 elements; index tensors from argMax retain full result geometry. Shape inputs are constant Int Tuples or material Int Vectors. fromBuffer copies exact typed Int/Float Vector, live Int Slice or checked 0/1 Bytes for Bool. Float selection uses equal shapes or explicit broadcastTo; map uses a typed noncapturing Float function and preserves ordered effects. Float reductions reject empty/nonfinite inputs and invalid axes; first argMax tie. Structural methods compose native owners; peers are 1..6 immutable Tensor names in a Tuple, split takes 1..6 exact sizes, padding has two entries per axis. Readonly function borrows and caller-owned result copies preserve lifetimes. Every cited oracle executes real source, including negatives and bounded-domain failures.
claim:1454f6e17030ecf4e207a80a	Text.trim	builtin	STDLIB	STABLE_1_0	N1-PUBLIC-e2670380ae1972ac71197a3c	NORMATIVE_STABLE_PROFILE	trim(); input bytes; ; borrowed view; public UTF-8 descriptor bridge and distinct bounded function storage; native intrinsic identity is receiver-qualified; no serialized SymbolId or DocRecord is declared by this owner; interface metadata is verified by the separate metadata suite
claim:150a35dd2d599313968e7fce	Text.sliceGraphemes	builtin	STDLIB	STABLE_1_0	N1-PUBLIC-414d0e9c20a5dff758a9270a	NORMATIVE_STABLE_PROFILE	Text.(Int, Int) -> Text; 1048576 input bytes; 15.1 Latin Extend/CRLF/ZWJ; immutable borrowed view; public UTF-8 descriptor bridge and distinct bounded function storage; native intrinsic identity is receiver-qualified; no serialized SymbolId or DocRecord is declared by this owner; interface metadata is verified by the separate metadata suite
claim:15e63ce2f0951bd57d62916a	filter	builtin	STDLIB	STABLE_1_0	N1-PUBLIC-73c44cdda8ea3d1509708eb6	NORMATIVE_STABLE_PROFILE	Spelling alias for g010-public:Table.filter,g010-public:Stream.filter; no additional API counted; preserve qualified profile limits; native intrinsic identity is receiver-qualified; no serialized SymbolId or DocRecord is declared by this owner; interface metadata is verified by the separate metadata suite
claim:168c50f5ccc961a52c2ffdbe	value	builtin	STDLIB	STABLE_1_0	N1-PUBLIC-e52d30ba892be2606ecabe7c	NORMATIVE_STABLE_PROFILE	Spelling alias for g009-public:Node.value; no additional API counted; preserve qualified profile limits; native intrinsic identity is receiver-qualified; no serialized SymbolId or DocRecord is declared by this owner; interface metadata is verified by the separate metadata suite
claim:17b82eb83aa749dea6ea6d54	Iterator	std.core	PRELUDE	STABLE_1_0	N1-PUBLIC-a6f49bea034b1067b6d983ff	NORMATIVE_STABLE_PROFILE	Actual edition-owned prelude SymbolId and unique stdlib owner; CLI metadata checked against the local .ni interface and independent FNV identity. Runtime profile is the cited source case family. Iterator/IntoIterator dispatch is bounded Range iteration, not a standalone cursor constructor or arbitrary iterator implementation. Ord reuses the existing comparable capability, with explicit Bool rejection. Native intrinsic profiles are not promoted to arbitrary generic APIs.
claim:17cad357c790a900c955f40f	transposeView	builtin.Matrix	DOMAIN_PACK	EXPERIMENTAL	N1-conformance-and-consumption	PRESERVED_NON_STABLE_BOUNDARY	Canonical native descriptor, actual Int64 (dimensions 0..8) / binary64 (0..64) operands; independent owned results and root-provenance views; row-major fromBuffer copies live Int Slice or typed Int/Float Vector, exact count/dtype and lexical release gates; native Float LU returns (compact factors, permutation), QR returns (thin Q, R), using existing Tuple projections; finite factorization dimensions at most 32 with singular/domain rejection; readonly Matrix parameter borrows and caller-owned hidden-result copies preserve lifetimes and ordered arguments; scalar calls reclaim temporaries; runtime-shaped axis Vectors reuse native Vector/statistics and Random consumers; checked Int axis sums publish atomically; no whole-source projection or fixed report
claim:185374eead963ba352652e1c	close	builtin.visual	DOMAIN_PACK	STABLE_1_0	N1-PUBLIC-5058ff1218b3d4ffdddbf29a	NORMATIVE_STABLE_PROFILE	Spelling alias only; inspect every qualified declaration: g018-declaration:console.close(); g018-declaration:window.close()
claim:188aa5c147fc23ce87bf8589	collect	builtin	STDLIB	STABLE_1_0	N1-PUBLIC-30b75e131f9195a344ca772a	NORMATIVE_STABLE_PROFILE	Spelling alias for g010-public:Dataset.collect,g010-public:Dataset.collect.at,g010-public:Dataset.collect.next; no additional API counted; preserve qualified profile limits; native intrinsic identity is receiver-qualified; no serialized SymbolId or DocRecord is declared by this owner; interface metadata is verified by the separate metadata suite
claim:18ffc2806b33703f78e1d402	Text.parseBool	builtin	STDLIB	STABLE_1_0	N1-PUBLIC-794942df0a6f89565f084a3e	NORMATIVE_STABLE_PROFILE	parseBool(); exact true or false; Result by value; actual Result value/tag/fallback; native checked output is committed only on Ok; live keyword table; native intrinsic identity is receiver-qualified; no serialized SymbolId or DocRecord is declared by this owner; interface metadata is verified by the separate metadata suite
claim:196f6628e44b25ab3e4eb406	sum	builtin.Matrix	DOMAIN_PACK	EXPERIMENTAL	N1-conformance-and-consumption	PRESERVED_NON_STABLE_BOUNDARY	Canonical native descriptor, actual Int64 (dimensions 0..8) / binary64 (0..64) operands; independent owned results and root-provenance views; row-major fromBuffer copies live Int Slice or typed Int/Float Vector, exact count/dtype and lexical release gates; native Float LU returns (compact factors, permutation), QR returns (thin Q, R), using existing Tuple projections; finite factorization dimensions at most 32 with singular/domain rejection; readonly Matrix parameter borrows and caller-owned hidden-result copies preserve lifetimes and ordered arguments; scalar calls reclaim temporaries; runtime-shaped axis Vectors reuse native Vector/statistics and Random consumers; checked Int axis sums publish atomically; no whole-source projection or fixed report
claim:1a9373a3a7fa502dc2f48298	scan	builtin.visual	DOMAIN_PACK	STABLE_1_0	N1-PUBLIC-0eef9a853406035b9fe6cf90	NORMATIVE_STABLE_PROFILE	Spelling alias only; inspect every qualified declaration: g018-declaration:Text.scan(); g018-declaration:Console.scan()
claim:1b37363fcba1b2168aabd798	topologicalSort	builtin	STDLIB	STABLE_1_0	N1-PUBLIC-e147d48ca5649e0abca10108	NORMATIVE_STABLE_PROFILE	Spelling alias for g009-public:Graph.topologicalSort; no additional API counted; preserve qualified profile limits; native intrinsic identity is receiver-qualified; no serialized SymbolId or DocRecord is declared by this owner; interface metadata is verified by the separate metadata suite
claim:1b39fcd025c453fa8357a32a	noEcho	builtin.ScanPlan	STDLIB	STABLE_1_0	N1-PUBLIC-7a4ae8a100b1917bcb436394	NORMATIVE_STABLE_PROFILE	Contextual alias for g170-scan:noEcho; public typed source proof replaces the historical seed/probe evidence. Preserve the qualified row bounds; no separate global option or live capability is claimed.
claim:1bc7ef48f216aacfd9f9d058	sqrt	std.math	STDLIB	STABLE_1_0	N1-PUBLIC-1ab0c6490e7b6e2ba4c8284a	NORMATIVE_STABLE_PROFILE	Literal Int64/binary64 operands; at most 128 complete statements; independent arithmetic trace and return matrix
claim:1c0b6d07949f6c3902798b1c	narrow	builtin.Tensor	DOMAIN_PACK	EXPERIMENTAL	N1-conformance-and-consumption	PRESERVED_NON_STABLE_BOUNDARY	Actual Bool/Int64/binary64 operands and native rank/shape/stride/root descriptors; Bool storage is packed bytes; CPU rank 0..6 and 4096 elements; Int construction/arithmetic retains C12 rank 0..3, dimensions 0..8 and 64 elements; index tensors from argMax retain full result geometry. Shape inputs are constant Int Tuples or material Int Vectors. fromBuffer copies exact typed Int/Float Vector, live Int Slice or checked 0/1 Bytes for Bool. Float selection uses equal shapes or explicit broadcastTo; map uses a typed noncapturing Float function and preserves ordered effects. Float reductions reject empty/nonfinite inputs and invalid axes; first argMax tie. Structural methods compose native owners; peers are 1..6 immutable Tensor names in a Tuple, split takes 1..6 exact sizes, padding has two entries per axis. Readonly function borrows and caller-owned result copies preserve lifetimes. Every cited oracle executes real source, including negatives and bounded-domain failures.
claim:1dee75379199bd3b461864b6	Text.codepointCount	builtin	STDLIB	STABLE_1_0	N1-PUBLIC-6133167d6d487215e809f5ba	NORMATIVE_STABLE_PROFILE	Text.() -> Int; 1048576 input bytes; UTF-8 scalar boundaries; borrow receiver; public UTF-8 descriptor bridge and distinct bounded function storage; native intrinsic identity is receiver-qualified; no serialized SymbolId or DocRecord is declared by this owner; interface metadata is verified by the separate metadata suite
claim:1e2ceb2abb0cfcdb3c0f6970	reshape	builtin.Tensor	DOMAIN_PACK	EXPERIMENTAL	N1-conformance-and-consumption	PRESERVED_NON_STABLE_BOUNDARY	Actual Bool/Int64/binary64 operands and native rank/shape/stride/root descriptors; Bool storage is packed bytes; CPU rank 0..6 and 4096 elements; Int construction/arithmetic retains C12 rank 0..3, dimensions 0..8 and 64 elements; index tensors from argMax retain full result geometry. Shape inputs are constant Int Tuples or material Int Vectors. fromBuffer copies exact typed Int/Float Vector, live Int Slice or checked 0/1 Bytes for Bool. Float selection uses equal shapes or explicit broadcastTo; map uses a typed noncapturing Float function and preserves ordered effects. Float reductions reject empty/nonfinite inputs and invalid axes; first argMax tie. Structural methods compose native owners; peers are 1..6 immutable Tensor names in a Tuple, split takes 1..6 exact sizes, padding has two entries per axis. Readonly function borrows and caller-owned result copies preserve lifetimes. Every cited oracle executes real source, including negatives and bounded-domain failures.
claim:1edb2d6fba6d2069d8ecb1b2	norm	builtin.Vector	DOMAIN_PACK	STABLE_1_0	N1-PUBLIC-682041d3d28e41042a927465	NORMATIVE_STABLE_PROFILE	Actual Int64/binary64 vector lanes; extent 1..64; typed filled/literal constructors; native vector algorithms and separate owned frames; exact shape/type checks; constant index bounds and dynamic native checks; linked scalar spills preserve RHS allocations; no whole-source report; native registry identity and runtime profile are explicit; serialized interface metadata is verified by the separate metadata suite
claim:1ef963e0024e9ad27f329bd9	batchedMatmul	builtin.Matrix	EXCLUDED	POST_1_0	N1-conformance-and-consumption	PRESERVED_NON_STABLE_BOUNDARY	Current corrected G015 explicitly reserves matrix.batchedMatmul(other) for the later Tensor phase; internal native entry is not counted as public source proof. Contract SHA256=aa1557fa0dc47a0e55b16aa4fc1e1b3c50832ad40a2cbe3f9af459fad51822df
claim:1f646618c206bc4091b49782	dot	builtin.Vector	DOMAIN_PACK	STABLE_1_0	N1-PUBLIC-4f0bdc8bdcf65398b4370674	NORMATIVE_STABLE_PROFILE	Actual Int64/binary64 vector lanes; extent 1..64; typed filled/literal constructors; native vector algorithms and separate owned frames; exact shape/type checks; constant index bounds and dynamic native checks; linked scalar spills preserve RHS allocations; no whole-source report; native registry identity and runtime profile are explicit; serialized interface metadata is verified by the separate metadata suite
claim:1f712c919eafba30e5481135	columns	builtin.Matrix	DOMAIN_PACK	EXPERIMENTAL	N1-conformance-and-consumption	PRESERVED_NON_STABLE_BOUNDARY	Canonical native descriptor, actual Int64 (dimensions 0..8) / binary64 (0..64) operands; independent owned results and root-provenance views; row-major fromBuffer copies live Int Slice or typed Int/Float Vector, exact count/dtype and lexical release gates; native Float LU returns (compact factors, permutation), QR returns (thin Q, R), using existing Tuple projections; finite factorization dimensions at most 32 with singular/domain rejection; readonly Matrix parameter borrows and caller-owned hidden-result copies preserve lifetimes and ordered arguments; scalar calls reclaim temporaries; runtime-shaped axis Vectors reuse native Vector/statistics and Random consumers; checked Int axis sums publish atomically; no whole-source projection or fixed report
claim:20202d70d4eddbe581997909	Text.byteSlice	builtin	STDLIB	STABLE_1_0	N1-PUBLIC-56ef4153c055364c344aa480	NORMATIVE_STABLE_PROFILE	byteSlice(Int,Int); 0 <= start <= end <= byte length; ; borrowed view; public UTF-8 descriptor bridge and distinct bounded function storage; native intrinsic identity is receiver-qualified; no serialized SymbolId or DocRecord is declared by this owner; interface metadata is verified by the separate metadata suite
claim:2164926bff38e7744328017c	maxProbeLength	builtin	STDLIB	STABLE_1_0	N1-PUBLIC-cd9b0571a813bf85e34e53e4	NORMATIVE_STABLE_PROFILE	Spelling alias for g008-public:Dict.maxProbeLength; no additional API counted; preserve qualified profile limits; native intrinsic identity is receiver-qualified; no serialized SymbolId or DocRecord is declared by this owner; interface metadata is verified by the separate metadata suite
claim:21825c3b97051c5e515a0567	IntoIterator	std.core	PRELUDE	STABLE_1_0	N1-PUBLIC-8ceb91caeb4ad17ecf86edf6	NORMATIVE_STABLE_PROFILE	Actual edition-owned prelude SymbolId and unique stdlib owner; CLI metadata checked against the local .ni interface and independent FNV identity. Runtime profile is the cited source case family. Iterator/IntoIterator dispatch is bounded Range iteration, not a standalone cursor constructor or arbitrary iterator implementation. Ord reuses the existing comparable capability, with explicit Bool rejection. Native intrinsic profiles are not promoted to arbitrary generic APIs.
claim:2222ce9586c7f405cb99ba1f	hide	builtin.visual	EXCLUDED	EXCLUDED_1_0	N1-conformance-and-consumption	PRESERVED_NON_STABLE_BOUNDARY	Spelling alias only; inspect every qualified declaration: g018-declaration:window.hide()
claim:225c70277ef249bd5b21dbbc	Schema	builtin	STDLIB	STABLE_1_0	N1-PUBLIC-90c97c5ede9de437f959305a	NORMATIVE_STABLE_PROFILE	Spelling alias for g010-public:Schema.new,g010-public:Schema.indexOf,g010-public:Schema.field; no additional API counted; preserve qualified profile limits; native intrinsic identity is receiver-qualified; no serialized SymbolId or DocRecord is declared by this owner; interface metadata is verified by the separate metadata suite
claim:2415624b2b6b0a01673cac30	select	builtin.ScanPlan	STDLIB	STABLE_1_0	N1-PUBLIC-874a55f26a1231181e62c7a3	NORMATIVE_STABLE_PROFILE	Contextual alias for g170-scan:select; public typed source proof replaces the historical seed/probe evidence. Preserve the qualified row bounds; no separate global option or live capability is claimed.
claim:245ff9bfa5103aeef018ffbf	keys	builtin	STDLIB	STABLE_1_0	N1-PUBLIC-6a015eb4cc50f9f585ea2d70	NORMATIVE_STABLE_PROFILE	Spelling alias for g008-public:Dict.keys; no additional API counted; preserve qualified profile limits; native intrinsic identity is receiver-qualified; no serialized SymbolId or DocRecord is declared by this owner; interface metadata is verified by the separate metadata suite
claim:246b4088ae9157f21a5429bb	map	builtin.Matrix	DOMAIN_PACK	EXPERIMENTAL	N1-conformance-and-consumption	PRESERVED_NON_STABLE_BOUNDARY	Canonical native descriptor, actual Int64 (dimensions 0..8) / binary64 (0..64) operands; independent owned results and root-provenance views; row-major fromBuffer copies live Int Slice or typed Int/Float Vector, exact count/dtype and lexical release gates; native Float LU returns (compact factors, permutation), QR returns (thin Q, R), using existing Tuple projections; finite factorization dimensions at most 32 with singular/domain rejection; readonly Matrix parameter borrows and caller-owned hidden-result copies preserve lifetimes and ordered arguments; scalar calls reclaim temporaries; runtime-shaped axis Vectors reuse native Vector/statistics and Random consumers; checked Int axis sums publish atomically; no whole-source projection or fixed report
claim:24f727cf6a4134a5df77bbde	Text.splitChecked	builtin	STDLIB	STABLE_1_0	N1-PUBLIC-6ce9d917f53887fe3c600efc	NORMATIVE_STABLE_PROFILE	splitChecked(Text); 254 generated item slots; borrowed split items; actual Result value/tag/fallback; native checked output is committed only on Ok; live keyword table; native intrinsic identity is receiver-qualified; no serialized SymbolId or DocRecord is declared by this owner; interface metadata is verified by the separate metadata suite
claim:261d0a7a79e4a669138f207d	Text.isAlnumAscii	builtin	STDLIB	STABLE_1_0	N1-PUBLIC-462a1ba45e1da082fcfd2a13	NORMATIVE_STABLE_PROFILE	isAlnumAscii(); nonempty ASCII letters/digits; O(n); ; borrowed immutable receiver; public UTF-8 descriptor bridge and distinct bounded function storage; native intrinsic identity is receiver-qualified; no serialized SymbolId or DocRecord is declared by this owner; interface metadata is verified by the separate metadata suite
claim:262485e4560591a88e23d0f6	removeEdge	builtin	STDLIB	STABLE_1_0	N1-PUBLIC-1b921d98f6145b31622a3986	NORMATIVE_STABLE_PROFILE	Spelling alias for g009-public:Graph.removeEdge; no additional API counted; preserve qualified profile limits; native intrinsic identity is receiver-qualified; no serialized SymbolId or DocRecord is declared by this owner; interface metadata is verified by the separate metadata suite
claim:26f684ed60b8d7c9c648a2d4	new	builtin	STDLIB	STABLE_1_0	N1-PUBLIC-e4755d3a45e8a62e4a0eb72d	NORMATIVE_STABLE_PROFILE	Spelling alias for g010-public:Schema.new; no additional API counted; preserve qualified profile limits; native intrinsic identity is receiver-qualified; no serialized SymbolId or DocRecord is declared by this owner; interface metadata is verified by the separate metadata suite
claim:28520f06cc389966c57b1350	Text.replaceOnce	builtin	STDLIB	STABLE_1_0	N1-PUBLIC-7f46554c731bfda3e5bc286e	NORMATIVE_STABLE_PROFILE	replaceOnce(Text,Text); 4096 output bytes; non-overlapping; ; owned caller workspace; public UTF-8 descriptor bridge and distinct bounded function storage; native intrinsic identity is receiver-qualified; no serialized SymbolId or DocRecord is declared by this owner; interface metadata is verified by the separate metadata suite
claim:29096ccbb1c2cfd910ea519a	Iterator	std.core	PRELUDE	STABLE_1_0	N1-PUBLIC-dd5ef6267c63b3b9bf93f5f6	NORMATIVE_STABLE_PROFILE	Actual edition-owned prelude SymbolId and unique stdlib owner; CLI metadata checked against the local .ni interface and independent FNV identity. Runtime profile is the cited source case family. Iterator/IntoIterator dispatch is bounded Range iteration, not a standalone cursor constructor or arbitrary iterator implementation. Ord reuses the existing comparable capability, with explicit Bool rejection. Native intrinsic profiles are not promoted to arbitrary generic APIs.
claim:2a0587c33f76f50b748c2541	Text.endsWith	builtin	STDLIB	STABLE_1_0	N1-PUBLIC-2a7ee809dde83a4867201560	NORMATIVE_STABLE_PROFILE	endsWith(Text); literal bytes; O(m); ; borrowed immutable receiver and argument; public UTF-8 descriptor bridge and distinct bounded function storage; native intrinsic identity is receiver-qualified; no serialized SymbolId or DocRecord is declared by this owner; interface metadata is verified by the separate metadata suite
claim:2a60d49452cf9bfd1fdba334	invalidRows	builtin	STDLIB	STABLE_1_0	N1-PUBLIC-b0a4e42ee1ed6cca605eab64	NORMATIVE_STABLE_PROFILE	Spelling alias for g010-public:Table.invalidRows; no additional API counted; preserve qualified profile limits; native intrinsic identity is receiver-qualified; no serialized SymbolId or DocRecord is declared by this owner; interface metadata is verified by the separate metadata suite
claim:2a77e90f89d14ab3a1134646	oneOf	builtin.ScanPlan	STDLIB	STABLE_1_0	N1-PUBLIC-2704849dbeadaf3f169cc0dd	NORMATIVE_STABLE_PROFILE	Contextual alias for g170-scan:oneOf; public typed source proof replaces the historical seed/probe evidence. Preserve the qualified row bounds; no separate global option or live capability is claimed.
claim:2ba6d1655b5c1271a86e346e	getMutable	builtin	STDLIB	STABLE_1_0	N1-PUBLIC-e192846407f93f1b2af3d43e	NORMATIVE_STABLE_PROFILE	Spelling alias for g008-public:Dict.getMutable; no additional API counted; preserve qualified profile limits; native intrinsic identity is receiver-qualified; no serialized SymbolId or DocRecord is declared by this owner; interface metadata is verified by the separate metadata suite
claim:2bfd213e6c20704403b90651	Text.normalizeNfc	builtin	STDLIB	STABLE_1_0	N1-PUBLIC-de3a7e8e70520dee80f5d2ad	NORMATIVE_STABLE_PROFILE	Text.() -> Text; 4096 public workspace; 15.1 Latin acute canonical pair; caller-owned result; public UTF-8 descriptor bridge and distinct bounded function storage; native intrinsic identity is receiver-qualified; no serialized SymbolId or DocRecord is declared by this owner; interface metadata is verified by the separate metadata suite
claim:2c46bd41771626d1704b8e86	Text.caseFold	builtin	STDLIB	STABLE_1_0	N1-PUBLIC-a1d95bb5e9ff0e18e0e9b769	NORMATIVE_STABLE_PROFILE	Text.() -> Text; 4096 public workspace; root ASCII/Latin-1 simple fold; caller-owned result; public UTF-8 descriptor bridge and distinct bounded function storage; native intrinsic identity is receiver-qualified; no serialized SymbolId or DocRecord is declared by this owner; interface metadata is verified by the separate metadata suite
claim:2c81c1a8cf531346ba5699b2	style	builtin.ScanPlan	STDLIB	STABLE_1_0	N1-PUBLIC-ab3eb31f8796d326630e5306	NORMATIVE_STABLE_PROFILE	Contextual alias for g170-scan:style; public typed source proof replaces the historical seed/probe evidence. Preserve the qualified row bounds; no separate global option or live capability is claimed.
claim:2d0c75419eb6a8f32bec0892	Ord	std.core	PRELUDE	STABLE_1_0	N1-PUBLIC-ef8ba62f197eee380400aa1e	NORMATIVE_STABLE_PROFILE	Actual edition-owned prelude SymbolId and unique stdlib owner; CLI metadata checked against the local .ni interface and independent FNV identity. Runtime profile is the cited source case family. Iterator/IntoIterator dispatch is bounded Range iteration, not a standalone cursor constructor or arbitrary iterator implementation. Ord reuses the existing comparable capability, with explicit Bool rejection. Native intrinsic profiles are not promoted to arbitrary generic APIs.
claim:2d3c798ac72cb131a3a47321	hashStable	builtin	STDLIB	STABLE_1_0	N1-PUBLIC-01cf67b9da68b3920e5578aa	NORMATIVE_STABLE_PROFILE	Spelling alias for g008-public:Int.hashStable; no additional API counted; preserve qualified profile limits; native intrinsic identity is receiver-qualified; no serialized SymbolId or DocRecord is declared by this owner; interface metadata is verified by the separate metadata suite
claim:2e196c37538b73525f2527d2	Text.isAlphaAscii	builtin	STDLIB	STABLE_1_0	N1-PUBLIC-7d3680fec3e84bb844d1dcad	NORMATIVE_STABLE_PROFILE	isAlphaAscii(); nonempty ASCII letters; O(n); ; borrowed immutable receiver; public UTF-8 descriptor bridge and distinct bounded function storage; native intrinsic identity is receiver-qualified; no serialized SymbolId or DocRecord is declared by this owner; interface metadata is verified by the separate metadata suite
claim:2e1c93122fc13d6d34df1b59	groupBy	builtin	STDLIB	STABLE_1_0	N1-PUBLIC-b12800e15e613cac4c9ff3c0	NORMATIVE_STABLE_PROFILE	Spelling alias for g010-public:Table.groupBy,g010-public:Table.groupBy.next,g010-public:Table.groupBy.sink; no additional API counted; preserve qualified profile limits; native intrinsic identity is receiver-qualified; no serialized SymbolId or DocRecord is declared by this owner; interface metadata is verified by the separate metadata suite
claim:2e251f062ef34fad18023122	toSortedEntries	builtin	STDLIB	STABLE_1_0	N1-PUBLIC-86f101d18b555d46135a7fe8	NORMATIVE_STABLE_PROFILE	Spelling alias for g008-public:Dict.toSortedEntries; no additional API counted; preserve qualified profile limits; native intrinsic identity is receiver-qualified; no serialized SymbolId or DocRecord is declared by this owner; interface metadata is verified by the separate metadata suite
claim:2e75bab938b02a3dd8167eb9	get	builtin	STDLIB	STABLE_1_0	N1-PUBLIC-e6a7c60dc18c50fa6f5dd7bb	NORMATIVE_STABLE_PROFILE	Spelling alias for g010-public:Row.get,g010-public:Column.get; no additional API counted; preserve qualified profile limits; native intrinsic identity is receiver-qualified; no serialized SymbolId or DocRecord is declared by this owner; interface metadata is verified by the separate metadata suite
claim:308db77473c4a1d1ce671a47	einsum	builtin.Tensor	EXCLUDED	POST_1_0	N1-conformance-and-consumption	PRESERVED_NON_STABLE_BOUNDARY	Corrected G016 conditions this advanced operation on a stable einsum planner; the current native owner explicitly rejects it and no stable planner is declared. The conditional operation is not counted as an executed public API. Contract SHA256=2729003e7dc1b5c7c39ab2d1e1eaeef54b85fbda5da2935309f3aa7877ac0f6d
claim:30ab41839ccd12d5db3e40b8	mean	builtin.Tensor	DOMAIN_PACK	EXPERIMENTAL	N1-conformance-and-consumption	PRESERVED_NON_STABLE_BOUNDARY	Actual Bool/Int64/binary64 operands and native rank/shape/stride/root descriptors; Bool storage is packed bytes; CPU rank 0..6 and 4096 elements; Int construction/arithmetic retains C12 rank 0..3, dimensions 0..8 and 64 elements; index tensors from argMax retain full result geometry. Shape inputs are constant Int Tuples or material Int Vectors. fromBuffer copies exact typed Int/Float Vector, live Int Slice or checked 0/1 Bytes for Bool. Float selection uses equal shapes or explicit broadcastTo; map uses a typed noncapturing Float function and preserves ordered effects. Float reductions reject empty/nonfinite inputs and invalid axes; first argMax tie. Structural methods compose native owners; peers are 1..6 immutable Tensor names in a Tuple, split takes 1..6 exact sizes, padding has two entries per axis. Readonly function borrows and caller-owned result copies preserve lifetimes. Every cited oracle executes real source, including negatives and bounded-domain failures.
claim:311685a7a02236989d47900a	forgetAfterUse	builtin.ScanPlan	STDLIB	STABLE_1_0	N1-PUBLIC-1027d819a3ef06ce23aa1e43	NORMATIVE_STABLE_PROFILE	Contextual alias for g170-scan:forgetAfterUse; public typed source proof replaces the historical seed/probe evidence. Preserve the qualified row bounds; no separate global option or live capability is claimed.
claim:327d71b504a1fea3c8407863	Dict	builtin	STDLIB	STABLE_1_0	N1-PUBLIC-5ce37de3e31367e3ef74ac7b	NORMATIVE_STABLE_PROFILE	Spelling alias for g008-public:Dict<Int,Int>.new,g008-public:Dict<Int,Int>.withCapacity,g008-public:Dict.length,g008-public:Dict.capacity,g008-public:Dict.reserve,g008-public:Dict.loadFactor,g008-public:Dict.insert,g008-public:Dict.get,g008-public:Dict.containsKey,g008-public:Dict.remove,g008-public:Dict.clear,g008-public:Dict.keys,g008-public:Dict.values,g008-public:Dict.entries,g008-public:Dict.reseed,g008-public:Dict.maxProbeLength,g008-public:Dict.validateInvariants,g008-public:Dict.getMutable,g008-public:Dict.entry,g008-public:Dict.iterationOrder,g008-public:Dict.toSortedEntries,g008-public:Dict.retain,g008-public:Dict.collisionCount; no additional API counted; preserve qualified profile limits; native intrinsic identity is receiver-qualified; no serialized SymbolId or DocRecord is declared by this owner; interface metadata is verified by the separate metadata suite
claim:328b5470276534ad3c491fd7	device	builtin.Tensor	DOMAIN_PACK	EXPERIMENTAL	N1-conformance-and-consumption	PRESERVED_NON_STABLE_BOUNDARY	Actual Bool/Int64/binary64 operands and native rank/shape/stride/root descriptors; Bool storage is packed bytes; CPU rank 0..6 and 4096 elements; Int construction/arithmetic retains C12 rank 0..3, dimensions 0..8 and 64 elements; index tensors from argMax retain full result geometry. Shape inputs are constant Int Tuples or material Int Vectors. fromBuffer copies exact typed Int/Float Vector, live Int Slice or checked 0/1 Bytes for Bool. Float selection uses equal shapes or explicit broadcastTo; map uses a typed noncapturing Float function and preserves ordered effects. Float reductions reject empty/nonfinite inputs and invalid axes; first argMax tie. Structural methods compose native owners; peers are 1..6 immutable Tensor names in a Tuple, split takes 1..6 exact sizes, padding has two entries per axis. Readonly function borrows and caller-owned result copies preserve lifetimes. Every cited oracle executes real source, including negatives and bounded-domain failures.
claim:33b5bff070ad391908bba2f9	Text.isNeboIdentifier	builtin	STDLIB	STABLE_1_0	N1-PUBLIC-5b4f409c40a8d86a5424f743	NORMATIVE_STABLE_PROFILE	isNeboIdentifier(); ASCII lexer profile plus 27 live keywords; borrowed read only; actual Result value/tag/fallback; native checked output is committed only on Ok; live keyword table; native intrinsic identity is receiver-qualified; no serialized SymbolId or DocRecord is declared by this owner; interface metadata is verified by the separate metadata suite
claim:33db5857b437f41d4535fef3	contiguous	builtin.Matrix	DOMAIN_PACK	EXPERIMENTAL	N1-conformance-and-consumption	PRESERVED_NON_STABLE_BOUNDARY	Canonical native descriptor, actual Int64 (dimensions 0..8) / binary64 (0..64) operands; independent owned results and root-provenance views; row-major fromBuffer copies live Int Slice or typed Int/Float Vector, exact count/dtype and lexical release gates; native Float LU returns (compact factors, permutation), QR returns (thin Q, R), using existing Tuple projections; finite factorization dimensions at most 32 with singular/domain rejection; readonly Matrix parameter borrows and caller-owned hidden-result copies preserve lifetimes and ordered arguments; scalar calls reclaim temporaries; runtime-shaped axis Vectors reuse native Vector/statistics and Random consumers; checked Int axis sums publish atomically; no whole-source projection or fixed report
claim:352f3cee7bab13693d1213fb	difference	builtin	STDLIB	STABLE_1_0	N1-PUBLIC-64822f62cf3c66f815766072	NORMATIVE_STABLE_PROFILE	Spelling alias for g008-public:Set.difference; no additional API counted; preserve qualified profile limits; native intrinsic identity is receiver-qualified; no serialized SymbolId or DocRecord is declared by this owner; interface metadata is verified by the separate metadata suite
claim:35879b9ed477bfa66506f0aa	max	builtin.Matrix	DOMAIN_PACK	EXPERIMENTAL	N1-conformance-and-consumption	PRESERVED_NON_STABLE_BOUNDARY	Canonical native descriptor, actual Int64 (dimensions 0..8) / binary64 (0..64) operands; independent owned results and root-provenance views; row-major fromBuffer copies live Int Slice or typed Int/Float Vector, exact count/dtype and lexical release gates; native Float LU returns (compact factors, permutation), QR returns (thin Q, R), using existing Tuple projections; finite factorization dimensions at most 32 with singular/domain rejection; readonly Matrix parameter borrows and caller-owned hidden-result copies preserve lifetimes and ordered arguments; scalar calls reclaim temporaries; runtime-shaped axis Vectors reuse native Vector/statistics and Random consumers; checked Int axis sums publish atomically; no whole-source projection or fixed report
claim:35cb3abf9982aba1b63daa35	Text.replaceAllChecked	builtin	STDLIB	STABLE_1_0	N1-PUBLIC-91874561b9c40c46496c2a04	NORMATIVE_STABLE_PROFILE	replaceAllChecked(Text,Text); 4096 generated output bytes; caller-owned Text; actual Result value/tag/fallback; native checked output is committed only on Ok; live keyword table; native intrinsic identity is receiver-qualified; no serialized SymbolId or DocRecord is declared by this owner; interface metadata is verified by the separate metadata suite
claim:3610c3c4724f161aa6c933d1	scale	builtin.Matrix	DOMAIN_PACK	EXPERIMENTAL	N1-conformance-and-consumption	PRESERVED_NON_STABLE_BOUNDARY	Canonical native descriptor, actual Int64 (dimensions 0..8) / binary64 (0..64) operands; independent owned results and root-provenance views; row-major fromBuffer copies live Int Slice or typed Int/Float Vector, exact count/dtype and lexical release gates; native Float LU returns (compact factors, permutation), QR returns (thin Q, R), using existing Tuple projections; finite factorization dimensions at most 32 with singular/domain rejection; readonly Matrix parameter borrows and caller-owned hidden-result copies preserve lifetimes and ordered arguments; scalar calls reclaim temporaries; runtime-shaped axis Vectors reuse native Vector/statistics and Random consumers; checked Int axis sums publish atomically; no whole-source projection or fixed report
claim:3643ddeae3432f2b2f9139f8	addNode	builtin	STDLIB	STABLE_1_0	N1-PUBLIC-bc8fd6c9543faf67cd135566	NORMATIVE_STABLE_PROFILE	Spelling alias for g009-public:Graph.addNode; no additional API counted; preserve qualified profile limits; native intrinsic identity is receiver-qualified; no serialized SymbolId or DocRecord is declared by this owner; interface metadata is verified by the separate metadata suite
claim:391a3b0abc5fcfaa25f32931	TextInput	builtin.visual	EXCLUDED	EXCLUDED_1_0	N1-conformance-and-consumption	PRESERVED_NON_STABLE_BOUNDARY	Spelling alias only; inspect every qualified declaration: g018-declaration:TextInput.new(value)
claim:396c5d91694f7d7b4554b190	row	builtin.Matrix	DOMAIN_PACK	EXPERIMENTAL	N1-conformance-and-consumption	PRESERVED_NON_STABLE_BOUNDARY	Canonical native descriptor, actual Int64 (dimensions 0..8) / binary64 (0..64) operands; independent owned results and root-provenance views; row-major fromBuffer copies live Int Slice or typed Int/Float Vector, exact count/dtype and lexical release gates; native Float LU returns (compact factors, permutation), QR returns (thin Q, R), using existing Tuple projections; finite factorization dimensions at most 32 with singular/domain rejection; readonly Matrix parameter borrows and caller-owned hidden-result copies preserve lifetimes and ordered arguments; scalar calls reclaim temporaries; runtime-shaped axis Vectors reuse native Vector/statistics and Random consumers; checked Int axis sums publish atomically; no whole-source projection or fixed report
claim:39dce5a057a05eb6474a8f3e	bar	builtin.visual	EXCLUDED	EXCLUDED_1_0	N1-conformance-and-consumption	PRESERVED_NON_STABLE_BOUNDARY	Spelling alias only; inspect every qualified declaration: g018-declaration:Chart.bar(categories, values)
claim:3a1a5191c43d6c42cae03ceb	retain	builtin	STDLIB	STABLE_1_0	N1-PUBLIC-fca07f29469cc5ec5b933eeb	NORMATIVE_STABLE_PROFILE	Spelling alias for g008-public:Dict.retain; no additional API counted; preserve qualified profile limits; native intrinsic identity is receiver-qualified; no serialized SymbolId or DocRecord is declared by this owner; interface metadata is verified by the separate metadata suite
claim:3af5a07d7b408107b32b19a0	quantile	builtin.Vector	DOMAIN_PACK	STABLE_1_0	N1-PUBLIC-6d13a737e25fa02dd191d484	NORMATIVE_STABLE_PROFILE	Actual Int64/binary64 lanes, extent 1..64; checked Int sum, native compensated Float sum, explicit population/sample and linearType7 policies; 1536-byte caller workspace isolates conversion/quantile scratch; source values unchanged; native domain/overflow traps and NaN propagation are observed; no source report or synthetic aggregate
claim:3b661f2f1f7b1c8dde06f306	Option	std.core	PRELUDE	STABLE_1_0	N1-PUBLIC-14d4696d05d68d4045c8ddcd	NORMATIVE_STABLE_PROFILE	Actual edition-owned prelude SymbolId and unique stdlib owner; CLI metadata checked against the local .ni interface and independent FNV identity. Runtime profile is the cited source case family. Iterator/IntoIterator dispatch is bounded Range iteration, not a standalone cursor constructor or arbitrary iterator implementation. Ord reuses the existing comparable capability, with explicit Bool rejection. Native intrinsic profiles are not promoted to arbitrary generic APIs.
claim:3b877d773a41ebfce31e2a56	sortBy	builtin	STDLIB	STABLE_1_0	N1-PUBLIC-aa8e8a8727f77f00dd2b234e	NORMATIVE_STABLE_PROFILE	Spelling alias for g010-public:Table.sortBy; no additional API counted; preserve qualified profile limits; native intrinsic identity is receiver-qualified; no serialized SymbolId or DocRecord is declared by this owner; interface metadata is verified by the separate metadata suite
claim:3b924b1bec519c3e9195ddeb	create	builtin.visual	EXCLUDED	EXCLUDED_1_0	N1-conformance-and-consumption	PRESERVED_NON_STABLE_BOUNDARY	Spelling alias only; inspect every qualified declaration: g018-declaration:Window.create(options); g018-declaration:Canvas.create(width, height)
claim:3bba4d389da20f40e643e706	Tensor	std.scientific	DOMAIN_PACK	EXPERIMENTAL	N1-conformance-and-consumption	PRESERVED_NON_STABLE_BOUNDARY	Authenticated selective std.scientific import reaches the current typed native constructor and method owner in default and no-prelude compilation. Exact shape/value/native boundaries remain those of the receiver-qualified Matrix/Tensor rows. The visibility host consumes import declarations only; native code compiles and executes all remaining statements and the explicit return.
claim:3be127c3cbd95d126f09179b	requestRedraw	builtin.visual	EXCLUDED	EXCLUDED_1_0	N1-conformance-and-consumption	PRESERVED_NON_STABLE_BOUNDARY	Spelling alias only; inspect every qualified declaration: g018-declaration:window.requestRedraw()
claim:3be8074ed4adc596274a600f	size	builtin.visual	DOMAIN_PACK	STABLE_1_0	N1-PUBLIC-4e9bc0c50f7cfb91367658d3	NORMATIVE_STABLE_PROFILE	Spelling alias only; inspect every qualified declaration: g018-declaration:console.size()
claim:3c2eb81e414ed36cc23ec4b2	yesNo	builtin.ScanPlan	STDLIB	STABLE_1_0	N1-PUBLIC-e6a69429d0c7cd573f781087	NORMATIVE_STABLE_PROFILE	Contextual alias for g170-scan:yesNo; public typed source proof replaces the historical seed/probe evidence. Preserve the qualified row bounds; no separate global option or live capability is claimed.
claim:3d361b1b7b6ad0b26d30620c	cache	builtin	STDLIB	STABLE_1_0	N1-PUBLIC-a1c62d228113d98361a066a7	NORMATIVE_STABLE_PROFILE	Spelling alias for g010-public:Dataset.cache; no additional API counted; preserve qualified profile limits; native intrinsic identity is receiver-qualified; no serialized SymbolId or DocRecord is declared by this owner; interface metadata is verified by the separate metadata suite
claim:3d68dc5fd9e828e756c26f2d	categorical	builtin.Random	STDLIB	STABLE_1_0	N1-PUBLIC-6f8edce072d8a856a31deee5	NORMATIVE_STABLE_PROFILE	Explicit SplitMix64 v1 state, no entropy capability; native finite-domain distributions and categorical Float Vector weights; nonnegative Int uniform; shuffle of unique local mutable Int Slice at most 64 lanes; lexical creation/release provenance, separate descriptor/payload frames; sample of Int Vector/local Slice returns canonical List with 0..16 entries; independent seed/value/order oracles and rejected effectful interpolation; no whole-source report
claim:3d700a5a1897ad69b07b69c2	Text.indexOf	builtin	STDLIB	STABLE_1_0	N1-PUBLIC-2ae552ea6a1f19be2300e2d9	NORMATIVE_STABLE_PROFILE	indexOf(Text); byte index; O((n-m+1)m); ; borrowed inputs; caller-owned Option slot; public UTF-8 descriptor bridge and distinct bounded function storage; native intrinsic identity is receiver-qualified; no serialized SymbolId or DocRecord is declared by this owner; interface metadata is verified by the separate metadata suite
claim:3dc7f795239e6002434501e3	any	builtin.Tensor	DOMAIN_PACK	EXPERIMENTAL	N1-conformance-and-consumption	PRESERVED_NON_STABLE_BOUNDARY	Actual Bool/Int64/binary64 operands and native rank/shape/stride/root descriptors; Bool storage is packed bytes; CPU rank 0..6 and 4096 elements; Int construction/arithmetic retains C12 rank 0..3, dimensions 0..8 and 64 elements; index tensors from argMax retain full result geometry. Shape inputs are constant Int Tuples or material Int Vectors. fromBuffer copies exact typed Int/Float Vector, live Int Slice or checked 0/1 Bytes for Bool. Float selection uses equal shapes or explicit broadcastTo; map uses a typed noncapturing Float function and preserves ordered effects. Float reductions reject empty/nonfinite inputs and invalid axes; first argMax tie. Structural methods compose native owners; peers are 1..6 immutable Tensor names in a Tuple, split takes 1..6 exact sizes, padding has two entries per axis. Readonly function borrows and caller-owned result copies preserve lifetimes. Every cited oracle executes real source, including negatives and bounded-domain failures.
claim:3e4e1dcddb7062bd03f35941	atan2	std.math	STDLIB	STABLE_1_0	N1-PUBLIC-81e7897fc284f0f65896c8c4	NORMATIVE_STABLE_PROFILE	Literal Int64/binary64 operands; at most 128 complete statements; independent arithmetic trace and return matrix
claim:3ed1febf7e80ca9a7ed359a5	undirected	builtin	STDLIB	STABLE_1_0	N1-PUBLIC-20e3ab9862a286aeddbb718a	NORMATIVE_STABLE_PROFILE	Spelling alias for g009-public:Graph<Int,Int>.undirected; no additional API counted; preserve qualified profile limits; native intrinsic identity is receiver-qualified; no serialized SymbolId or DocRecord is declared by this owner; interface metadata is verified by the separate metadata suite
claim:3f36ddd9d2242fe671e83752	maxLines	builtin.ScanPlan	STDLIB	STABLE_1_0	N1-PUBLIC-f5450de8b36cb338a53e06b7	NORMATIVE_STABLE_PROFILE	Contextual alias for g170-scan:maxLines; public typed source proof replaces the historical seed/probe evidence. Preserve the qualified row bounds; no separate global option or live capability is claimed.
claim:3faba2f8f65262fab1216bf7	columnCount	builtin	STDLIB	STABLE_1_0	N1-PUBLIC-d47f9fd43222c8c3964c6116	NORMATIVE_STABLE_PROFILE	Spelling alias for g010-public:Table.columnCount; no additional API counted; preserve qualified profile limits; native intrinsic identity is receiver-qualified; no serialized SymbolId or DocRecord is declared by this owner; interface metadata is verified by the separate metadata suite
claim:40a755e1065b71062d2a0963	filled	builtin.Tensor	DOMAIN_PACK	EXPERIMENTAL	N1-conformance-and-consumption	PRESERVED_NON_STABLE_BOUNDARY	Actual Bool/Int64/binary64 operands and native rank/shape/stride/root descriptors; Bool storage is packed bytes; CPU rank 0..6 and 4096 elements; Int construction/arithmetic retains C12 rank 0..3, dimensions 0..8 and 64 elements; index tensors from argMax retain full result geometry. Shape inputs are constant Int Tuples or material Int Vectors. fromBuffer copies exact typed Int/Float Vector, live Int Slice or checked 0/1 Bytes for Bool. Float selection uses equal shapes or explicit broadcastTo; map uses a typed noncapturing Float function and preserves ordered effects. Float reductions reject empty/nonfinite inputs and invalid axes; first argMax tie. Structural methods compose native owners; peers are 1..6 immutable Tensor names in a Tuple, split takes 1..6 exact sizes, padding has two entries per axis. Readonly function borrows and caller-owned result copies preserve lifetimes. Every cited oracle executes real source, including negatives and bounded-domain failures.
claim:40c477c7a1ba40dffe257647	Window	builtin.visual	EXCLUDED	EXCLUDED_1_0	N1-conformance-and-consumption	PRESERVED_NON_STABLE_BOUNDARY	Spelling alias only; inspect every qualified declaration: g018-declaration:Window.create(options)
claim:40d488fe4490fa05e7e02d26	approxEquals	builtin.Float	CORE	STABLE_1_0	N1-PUBLIC-7553bed3482874196ccb2874	NORMATIVE_STABLE_PROFILE	Binary64 actual receiver and once-evaluated arguments; classifiers include IEEE subnormal/NaN/infinity/signed zero; explicit rounding modes restore caller control word; finite round magnitude <2^63; approxEquals preserves two source arguments with Vector<Float> tolerance [absolute,relative], exactly two lanes (runtime shape checked); nonnegative/non-NaN tolerances, identical infinities equal and distinct infinities unequal; Uncertain methods claim only exact typed operands; native registry identity and runtime profile are explicit; serialized interface metadata is verified by the separate metadata suite
claim:415c71c28c43aff4440b2800	postorder	builtin	STDLIB	STABLE_1_0	N1-PUBLIC-39147880c0d05a5086d3765f	NORMATIVE_STABLE_PROFILE	Spelling alias for g009-public:Tree.postorder; no additional API counted; preserve qualified profile limits; native intrinsic identity is receiver-qualified; no serialized SymbolId or DocRecord is declared by this owner; interface metadata is verified by the separate metadata suite
claim:424bb83996a3e38a68dcf3e9	jsonBlock	builtin.ScanPlan	STDLIB	STABLE_1_0	N1-PUBLIC-7fe5a647a1e542dfbcb9aabd	NORMATIVE_STABLE_PROFILE	Contextual alias for g170-scan:jsonBlock; public typed source proof replaces the historical seed/probe evidence. Preserve the qualified row bounds; no separate global option or live capability is claimed.
claim:457f6ba87c85808174445e46	rawBlock	builtin.ScanPlan	STDLIB	STABLE_1_0	N1-PUBLIC-12b293a4364652b69299a5b8	NORMATIVE_STABLE_PROFILE	Contextual alias for g170-scan:rawBlock; public typed source proof replaces the historical seed/probe evidence. Preserve the qualified row bounds; no separate global option or live capability is claimed.
claim:45ec8d7b2a67419031f67091	preorder	builtin	STDLIB	STABLE_1_0	N1-PUBLIC-84461c36c5e22820bf46b8b8	NORMATIVE_STABLE_PROFILE	Spelling alias for g009-public:Tree.preorder; no additional API counted; preserve qualified profile limits; native intrinsic identity is receiver-qualified; no serialized SymbolId or DocRecord is declared by this owner; interface metadata is verified by the separate metadata suite
claim:4745617a708b26eef70d1b3f	grid	builtin.visual	EXCLUDED	EXCLUDED_1_0	N1-conformance-and-consumption	PRESERVED_NON_STABLE_BOUNDARY	Spelling alias only; inspect every qualified declaration: g018-declaration:Layout.grid(spec, children)
claim:4752f69a488b14ba42ab6346	Flow	builtin	STDLIB	STABLE_1_0	N1-PUBLIC-2016ff72dacddc64a661ae74	NORMATIVE_STABLE_PROFILE	Spelling alias for g010-public:Flow<Int>.value; no additional API counted; preserve qualified profile limits; native intrinsic identity is receiver-qualified; no serialized SymbolId or DocRecord is declared by this owner; interface metadata is verified by the separate metadata suite
claim:47990c872fdd06e04b656591	Text.isEmpty	builtin	STDLIB	STABLE_1_0	N1-PUBLIC-d0b3b94ba0e51f990639f0bc	NORMATIVE_STABLE_PROFILE	isEmpty(); O(1); ; borrowed immutable receiver; public UTF-8 descriptor bridge and distinct bounded function storage; native intrinsic identity is receiver-qualified; no serialized SymbolId or DocRecord is declared by this owner; interface metadata is verified by the separate metadata suite
claim:48e811dda1824a827cb5f5eb	intersection	builtin	STDLIB	STABLE_1_0	N1-PUBLIC-6103709c2fe221841630947f	NORMATIVE_STABLE_PROFILE	Spelling alias for g008-public:Set.intersection; no additional API counted; preserve qualified profile limits; native intrinsic identity is receiver-qualified; no serialized SymbolId or DocRecord is declared by this owner; interface metadata is verified by the separate metadata suite
claim:492add4012b8533e7ead4cb6	correlation	builtin.Vector	DOMAIN_PACK	STABLE_1_0	N1-PUBLIC-0ff6d650342d556ed537edfd	NORMATIVE_STABLE_PROFILE	Actual Int64/binary64 lanes, extent 1..64; checked Int sum, native compensated Float sum, explicit population/sample and linearType7 policies; 1536-byte caller workspace isolates conversion/quantile scratch; source values unchanged; native domain/overflow traps and NaN propagation are observed; no source report or synthetic aggregate
claim:494131e4d2c9cc53391e7e16	determinant	builtin.Matrix	DOMAIN_PACK	EXPERIMENTAL	N1-conformance-and-consumption	PRESERVED_NON_STABLE_BOUNDARY	Canonical native descriptor, actual Int64 (dimensions 0..8) / binary64 (0..64) operands; independent owned results and root-provenance views; row-major fromBuffer copies live Int Slice or typed Int/Float Vector, exact count/dtype and lexical release gates; native Float LU returns (compact factors, permutation), QR returns (thin Q, R), using existing Tuple projections; finite factorization dimensions at most 32 with singular/domain rejection; readonly Matrix parameter borrows and caller-owned hidden-result copies preserve lifetimes and ordered arguments; scalar calls reclaim temporaries; runtime-shaped axis Vectors reuse native Vector/statistics and Random consumers; checked Int axis sums publish atomically; no whole-source projection or fixed report
claim:49faf7047d69177900e8fe96	Random	builtin.Random	STDLIB	STABLE_1_0	N1-PUBLIC-ece7bc8a1e5c9f72845a0d88	NORMATIVE_STABLE_PROFILE	Explicit SplitMix64 v1 state, no entropy capability; native finite-domain distributions and categorical Float Vector weights; nonnegative Int uniform; shuffle of unique local mutable Int Slice at most 64 lanes; lexical creation/release provenance, separate descriptor/payload frames; sample of Int Vector/local Slice returns canonical List with 0..16 entries; independent seed/value/order oracles and rejected effectful interpolation; no whole-source report
claim:4c4cb795ffcabd4d37c8a850	secret	builtin.ScanPlan	STDLIB	STABLE_1_0	N1-PUBLIC-63a49f2feccaa533a1472bf6	NORMATIVE_STABLE_PROFILE	Contextual alias for g170-scan:secret; public typed source proof replaces the historical seed/probe evidence. Preserve the qualified row bounds; no separate global option or live capability is claimed.
claim:4c814abc5cf5237a2bd5d2d2	reserve	builtin	STDLIB	STABLE_1_0	N1-PUBLIC-c060cc0a686efb2f0b7c6dcb	NORMATIVE_STABLE_PROFILE	Spelling alias for g008-public:Dict.reserve; no additional API counted; preserve qualified profile limits; native intrinsic identity is receiver-qualified; no serialized SymbolId or DocRecord is declared by this owner; interface metadata is verified by the separate metadata suite
claim:4e804ddf984a1313d447907c	outer	builtin.Matrix	DOMAIN_PACK	EXPERIMENTAL	N1-conformance-and-consumption	PRESERVED_NON_STABLE_BOUNDARY	Canonical native descriptor, actual Int64 (dimensions 0..8) / binary64 (0..64) operands; independent owned results and root-provenance views; row-major fromBuffer copies live Int Slice or typed Int/Float Vector, exact count/dtype and lexical release gates; native Float LU returns (compact factors, permutation), QR returns (thin Q, R), using existing Tuple projections; finite factorization dimensions at most 32 with singular/domain rejection; readonly Matrix parameter borrows and caller-owned hidden-result copies preserve lifetimes and ordered arguments; scalar calls reclaim temporaries; runtime-shaped axis Vectors reuse native Vector/statistics and Random consumers; checked Int axis sums publish atomically; no whole-source projection or fixed report
claim:4ec899a194e61c8e4122d838	feedback	builtin.ScanPlan	STDLIB	STABLE_1_0	N1-PUBLIC-e33b58ea5ae86e0bd30cc862	NORMATIVE_STABLE_PROFILE	Contextual alias for g170-scan:feedback; public typed source proof replaces the historical seed/probe evidence. Preserve the qualified row bounds; no separate global option or live capability is claimed.
claim:4f51bce75a774f5cc3aeb531	isNaN	builtin.Float	CORE	STABLE_1_0	N1-PUBLIC-d598a0c4500e4f14f2a03e9e	NORMATIVE_STABLE_PROFILE	Binary64 actual receiver and once-evaluated arguments; classifiers include IEEE subnormal/NaN/infinity/signed zero; explicit rounding modes restore caller control word; finite round magnitude <2^63; approxEquals preserves two source arguments with Vector<Float> tolerance [absolute,relative], exactly two lanes (runtime shape checked); nonnegative/non-NaN tolerances, identical infinities equal and distinct infinities unequal; Uncertain methods claim only exact typed operands; native registry identity and runtime profile are explicit; serialized interface metadata is verified by the separate metadata suite
claim:4fe4393e76342243fa2d88bf	Event	builtin	STDLIB	STABLE_1_0	N1-PUBLIC-ac1f8d1c51ef4556e59a2228	NORMATIVE_STABLE_PROFILE	Spelling alias for g010-public:Event<Int>.value; no additional API counted; preserve qualified profile limits; native intrinsic identity is receiver-qualified; no serialized SymbolId or DocRecord is declared by this owner; interface metadata is verified by the separate metadata suite
claim:510923a7355e17893064b946	resize	builtin.visual	EXCLUDED	EXCLUDED_1_0	N1-conformance-and-consumption	PRESERVED_NON_STABLE_BOUNDARY	Spelling alias only; inspect every qualified declaration: g018-declaration:window.resize(width, height); g018-declaration:event.resize()
claim:52a41f4c247955848764e413	console	builtin.visual	DOMAIN_PACK	STABLE_1_0	N1-PUBLIC-f5e85dbfeb8a87ab432a1908	NORMATIVE_STABLE_PROFILE	Spelling alias only; inspect every qualified declaration: g018-declaration:Text.console(); g018-declaration:Int.console(); g018-declaration:Bool.console(); g018-declaration:console.title(text); g018-declaration:console.clear(); g018-declaration:console.append(value, style); g018-declaration:console.style(range, style); g018-declaration:console.scrollToEnd(); g018-declaration:console.size(); g018-declaration:console.close()
claim:5347bdcdb00f42f1c3a42a72	get	builtin	STDLIB	STABLE_1_0	N1-PUBLIC-271b8265c2e7389dbf9fabe8	NORMATIVE_STABLE_PROFILE	Spelling alias for g008-public:Dict.get; no additional API counted; preserve qualified profile limits; native intrinsic identity is receiver-qualified; no serialized SymbolId or DocRecord is declared by this owner; interface metadata is verified by the separate metadata suite
claim:53b7c6e2a6265fa7564fb599	Text or Int or Bool.toText	builtin	STDLIB	STABLE_1_0	N1-PUBLIC-169b1f1c9d76fc8eced344ec	NORMATIVE_STABLE_PROFILE	toText(); 4096 generated output bytes; owned for Text/Int static for Bool; actual Result value/tag/fallback; native checked output is committed only on Ok; live keyword table; native intrinsic identity is receiver-qualified; no serialized SymbolId or DocRecord is declared by this owner; interface metadata is verified by the separate metadata suite
claim:53cf67a22ac4477f89f4005b	partitionCount	builtin	STDLIB	STABLE_1_0	N1-PUBLIC-98974fddf31cc59237225fe3	NORMATIVE_STABLE_PROFILE	Spelling alias for g010-public:Dataset.partitionCount; no additional API counted; preserve qualified profile limits; native intrinsic identity is receiver-qualified; no serialized SymbolId or DocRecord is declared by this owner; interface metadata is verified by the separate metadata suite
claim:547467641629e92203b10bf1	Text.isAscii	builtin	STDLIB	STABLE_1_0	N1-PUBLIC-b287bb3f31eac4f239678a7b	NORMATIVE_STABLE_PROFILE	isAscii(); whole input; O(n); ; borrowed immutable receiver; public UTF-8 descriptor bridge and distinct bounded function storage; native intrinsic identity is receiver-qualified; no serialized SymbolId or DocRecord is declared by this owner; interface metadata is verified by the separate metadata suite
claim:549e7059025a971fcc365dc9	scrollToEnd	builtin.visual	DOMAIN_PACK	STABLE_1_0	N1-PUBLIC-023d9005404c03ac632aa198	NORMATIVE_STABLE_PROFILE	Spelling alias only; inspect every qualified declaration: g018-declaration:console.scrollToEnd()
claim:54ad79f5f8bd26f18fe4bb4d	autocomplete	builtin.ScanPlan	STDLIB	STABLE_1_0	N1-PUBLIC-1dc1670b5bea2c3c7410aaa9	NORMATIVE_STABLE_PROFILE	Contextual alias for g170-scan:autocomplete; public typed source proof replaces the historical seed/probe evidence. Preserve the qualified row bounds; no separate global option or live capability is claimed.
claim:55290ab94bb4dfe62eb3d860	abs	std.math	STDLIB	STABLE_1_0	N1-PUBLIC-33127c562f762ad4fa435362	NORMATIVE_STABLE_PROFILE	Literal Int64/binary64 operands; at most 128 complete statements; independent arithmetic trace and return matrix
claim:556c54b8ded54df938b60ba8	Canvas	builtin.visual	EXCLUDED	EXCLUDED_1_0	N1-conformance-and-consumption	PRESERVED_NON_STABLE_BOUNDARY	Spelling alias only; inspect every qualified declaration: g018-declaration:Canvas.create(width, height)
claim:55dee89308056e33be8c40fb	rowCount	builtin	STDLIB	STABLE_1_0	N1-PUBLIC-a30347bd0f2bd3936d2c5085	NORMATIVE_STABLE_PROFILE	Spelling alias for g010-public:Table.rowCount; no additional API counted; preserve qualified profile limits; native intrinsic identity is receiver-qualified; no serialized SymbolId or DocRecord is declared by this owner; interface metadata is verified by the separate metadata suite
claim:5627492c9ec2cab409b18eaf	Tree	builtin	STDLIB	STABLE_1_0	N1-PUBLIC-f3aaf3cb3fa0806bf1d62928	NORMATIVE_STABLE_PROFILE	Spelling alias for g009-public:Tree<Int>.new,g009-public:Tree.root,g009-public:Tree.addChild,g009-public:Tree.removeSubtree,g009-public:Tree.parent,g009-public:Tree.children,g009-public:Tree.height,g009-public:Tree.preorder,g009-public:Tree.postorder,g009-public:Tree.lowestCommonAncestor; no additional API counted; preserve qualified profile limits; native intrinsic identity is receiver-qualified; no serialized SymbolId or DocRecord is declared by this owner; interface metadata is verified by the separate metadata suite
claim:5633d6573c2350c7aa43c6cb	add	builtin.Matrix	DOMAIN_PACK	EXPERIMENTAL	N1-conformance-and-consumption	PRESERVED_NON_STABLE_BOUNDARY	Canonical native descriptor, actual Int64 (dimensions 0..8) / binary64 (0..64) operands; independent owned results and root-provenance views; row-major fromBuffer copies live Int Slice or typed Int/Float Vector, exact count/dtype and lexical release gates; native Float LU returns (compact factors, permutation), QR returns (thin Q, R), using existing Tuple projections; finite factorization dimensions at most 32 with singular/domain rejection; readonly Matrix parameter borrows and caller-owned hidden-result copies preserve lifetimes and ordered arguments; scalar calls reclaim temporaries; runtime-shaped axis Vectors reuse native Vector/statistics and Random consumers; checked Int axis sums publish atomically; no whole-source projection or fixed report
claim:5650d741e3336cb96ad15195	Result	std.core	PRELUDE	STABLE_1_0	N1-PUBLIC-6d7662eca39c5ce1f30d25cc	NORMATIVE_STABLE_PROFILE	Actual edition-owned prelude SymbolId and unique stdlib owner; CLI metadata checked against the local .ni interface and independent FNV identity. Runtime profile is the cited source case family. Iterator/IntoIterator dispatch is bounded Range iteration, not a standalone cursor constructor or arbitrary iterator implementation. Ord reuses the existing comparable capability, with explicit Bool rejection. Native intrinsic profiles are not promoted to arbitrary generic APIs.
claim:56697641d57dfe7da951c074	image	builtin.visual	EXCLUDED	EXCLUDED_1_0	N1-conformance-and-consumption	PRESERVED_NON_STABLE_BOUNDARY	Spelling alias only; inspect every qualified declaration: g018-declaration:canvas.image(image, destination)
claim:579eeed18af4e5b64384372f	batch	builtin	STDLIB	STABLE_1_0	N1-PUBLIC-5c65d20213197f992d0cbd6e	NORMATIVE_STABLE_PROFILE	Spelling alias for g010-public:Stream.batch,g010-public:Stream.batch.next,g010-public:Stream.batch.sink; no additional API counted; preserve qualified profile limits; native intrinsic identity is receiver-qualified; no serialized SymbolId or DocRecord is declared by this owner; interface metadata is verified by the separate metadata suite
claim:57b9a3fd10dc01e0aea508b1	children	builtin	STDLIB	STABLE_1_0	N1-PUBLIC-82f97a7e4d73431fdee7a4b8	NORMATIVE_STABLE_PROFILE	Spelling alias for g009-public:Tree.children; no additional API counted; preserve qualified profile limits; native intrinsic identity is receiver-qualified; no serialized SymbolId or DocRecord is declared by this owner; interface metadata is verified by the separate metadata suite
claim:587e6f8343e0bd64c09b5952	Text.lower	builtin	STDLIB	STABLE_1_0	N1-PUBLIC-8ebb9d97077ef50229540b5c	NORMATIVE_STABLE_PROFILE	lower(); 4096 output bytes; ASCII root profile; ; owned caller workspace; public UTF-8 descriptor bridge and distinct bounded function storage; native intrinsic identity is receiver-qualified; no serialized SymbolId or DocRecord is declared by this owner; interface metadata is verified by the separate metadata suite
claim:596c8f79dd98c9f8afc299ff	mean	builtin.Vector	DOMAIN_PACK	STABLE_1_0	N1-PUBLIC-8ee94d4d42e618380ad4c450	NORMATIVE_STABLE_PROFILE	Actual Int64/binary64 lanes, extent 1..64; checked Int sum, native compensated Float sum, explicit population/sample and linearType7 policies; 1536-byte caller workspace isolates conversion/quantile scratch; source values unchanged; native domain/overflow traps and NaN propagation are observed; no source report or synthetic aggregate
claim:59a22aacdf82300702c5de58	histogram	builtin.visual	EXCLUDED	EXCLUDED_1_0	N1-conformance-and-consumption	PRESERVED_NON_STABLE_BOUNDARY	Spelling alias only; inspect every qualified declaration: g018-declaration:Chart.histogram(values, bins)
claim:59ccdea5ea58f7a8dd068f63	filled	builtin.Matrix	DOMAIN_PACK	EXPERIMENTAL	N1-conformance-and-consumption	PRESERVED_NON_STABLE_BOUNDARY	Canonical native descriptor, actual Int64 (dimensions 0..8) / binary64 (0..64) operands; independent owned results and root-provenance views; row-major fromBuffer copies live Int Slice or typed Int/Float Vector, exact count/dtype and lexical release gates; native Float LU returns (compact factors, permutation), QR returns (thin Q, R), using existing Tuple projections; finite factorization dimensions at most 32 with singular/domain rejection; readonly Matrix parameter borrows and caller-owned hidden-result copies preserve lifetimes and ordered arguments; scalar calls reclaim temporaries; runtime-shaped axis Vectors reuse native Vector/statistics and Random consumers; checked Int axis sums publish atomically; no whole-source projection or fixed report
claim:5bc5f510dfda3d787fe58416	summarize	builtin.visual	DOMAIN_PACK	STABLE_1_0	N1-PUBLIC-963e013d1175f24b88584bbb	NORMATIVE_STABLE_PROFILE	Spelling alias only; inspect every qualified declaration: g018-declaration:visual.summarize(value)
claim:5bcdf84b44551d9af2a795db	where	builtin.Tensor	DOMAIN_PACK	EXPERIMENTAL	N1-conformance-and-consumption	PRESERVED_NON_STABLE_BOUNDARY	Actual Bool/Int64/binary64 operands and native rank/shape/stride/root descriptors; Bool storage is packed bytes; CPU rank 0..6 and 4096 elements; Int construction/arithmetic retains C12 rank 0..3, dimensions 0..8 and 64 elements; index tensors from argMax retain full result geometry. Shape inputs are constant Int Tuples or material Int Vectors. fromBuffer copies exact typed Int/Float Vector, live Int Slice or checked 0/1 Bytes for Bool. Float selection uses equal shapes or explicit broadcastTo; map uses a typed noncapturing Float function and preserves ordered effects. Float reductions reject empty/nonfinite inputs and invalid axes; first argMax tie. Structural methods compose native owners; peers are 1..6 immutable Tensor names in a Tuple, split takes 1..6 exact sizes, padding has two entries per axis. Readonly function borrows and caller-owned result copies preserve lifetimes. Every cited oracle executes real source, including negatives and bounded-domain failures.
claim:5c4067090d3eb3b35c41ae27	redact	builtin.ScanPlan	STDLIB	STABLE_1_0	N1-PUBLIC-3fa273ccb3fdeb1b9b11a23f	NORMATIVE_STABLE_PROFILE	Contextual alias for g170-scan:redact; public typed source proof replaces the historical seed/probe evidence. Preserve the qualified row bounds; no separate global option or live capability is claimed.
claim:5c562dd249bf5aac06fc39e8	degree	builtin	STDLIB	STABLE_1_0	N1-PUBLIC-f1d834ae79a0a8e24706b4f5	NORMATIVE_STABLE_PROFILE	Spelling alias for g009-public:Node.degree; no additional API counted; preserve qualified profile limits; native intrinsic identity is receiver-qualified; no serialized SymbolId or DocRecord is declared by this owner; interface metadata is verified by the separate metadata suite
claim:5d47e5dcd877ab58dedc8c74	File	std.fs	STDLIB	STABLE_1_0	N1-PUBLIC-ee34fc1c7cf0f7230c943917	NORMATIVE_STABLE_PROFILE	Actual nominal immutable Path, canonical native normalize/join/isAbsolute/fileName owners; 4096-byte paths, 64 components, 255-byte components. File.readText/writeText consume typed Path and Text, explicit utf8 and truncate/append/atomic policies, at most 4096 bytes. Native File capability is restricted to the execution directory through openat2 beneath/no-symlink resolution. Every file and root descriptor closes; private filesystem byte effects and 512 repeated reads are independent observations. This is the material convenience profile, not a claim for arbitrary live handle or directory APIs.
claim:5d68b86e20730e28aa956938	validateInvariants	builtin	STDLIB	STABLE_1_0	N1-PUBLIC-a993882ea7b0ca9ed43b4710	NORMATIVE_STABLE_PROFILE	Spelling alias for g008-public:Dict.validateInvariants; no additional API counted; preserve qualified profile limits; native intrinsic identity is receiver-qualified; no serialized SymbolId or DocRecord is declared by this owner; interface metadata is verified by the separate metadata suite
claim:5e73e28d4202b9aaa2f0b803	insert	builtin	STDLIB	STABLE_1_0	N1-PUBLIC-ecb07597fbd1754d0ae1815e	NORMATIVE_STABLE_PROFILE	Spelling alias for g008-public:Dict.insert,g008-public:Set.insert; no additional API counted; preserve qualified profile limits; native intrinsic identity is receiver-qualified; no serialized SymbolId or DocRecord is declared by this owner; interface metadata is verified by the separate metadata suite
claim:5eff28a6e44e3a21a5fe4063	Text.lastIndexOf	builtin	STDLIB	STABLE_1_0	N1-PUBLIC-3a84598915cd5e6f4f87bdc0	NORMATIVE_STABLE_PROFILE	lastIndexOf(Text); byte index; O((n-m+1)m); ; borrowed inputs; caller-owned Option slot; public UTF-8 descriptor bridge and distinct bounded function storage; native intrinsic identity is receiver-qualified; no serialized SymbolId or DocRecord is declared by this owner; interface metadata is verified by the separate metadata suite
claim:605839f798b2d5e2acbe2ece	from	builtin	STDLIB	STABLE_1_0	N1-PUBLIC-679e881a761824b35f3603ef	NORMATIVE_STABLE_PROFILE	Spelling alias for g010-public:Row.from,g010-public:Stream<Int>.from,g010-public:Column<Int>.from; no additional API counted; preserve qualified profile limits; native intrinsic identity is receiver-qualified; no serialized SymbolId or DocRecord is declared by this owner; interface metadata is verified by the separate metadata suite
claim:60d1fd8b101110462a0f41f7	Text.parseInt	builtin	STDLIB	STABLE_1_0	N1-PUBLIC-3e0796a025fbd47cc6cbfc2e	NORMATIVE_STABLE_PROFILE	parseInt(); decimal signed i64; Result by value; actual Result value/tag/fallback; native checked output is committed only on Ok; live keyword table; native intrinsic identity is receiver-qualified; no serialized SymbolId or DocRecord is declared by this owner; interface metadata is verified by the separate metadata suite
claim:6164f7e068b79f1e4385edbf	select	builtin.Tensor	DOMAIN_PACK	EXPERIMENTAL	N1-conformance-and-consumption	PRESERVED_NON_STABLE_BOUNDARY	Actual Bool/Int64/binary64 operands and native rank/shape/stride/root descriptors; Bool storage is packed bytes; CPU rank 0..6 and 4096 elements; Int construction/arithmetic retains C12 rank 0..3, dimensions 0..8 and 64 elements; index tensors from argMax retain full result geometry. Shape inputs are constant Int Tuples or material Int Vectors. fromBuffer copies exact typed Int/Float Vector, live Int Slice or checked 0/1 Bytes for Bool. Float selection uses equal shapes or explicit broadcastTo; map uses a typed noncapturing Float function and preserves ordered effects. Float reductions reject empty/nonfinite inputs and invalid axes; first argMax tie. Structural methods compose native owners; peers are 1..6 immutable Tensor names in a Tuple, split takes 1..6 exact sizes, padding has two entries per axis. Readonly function borrows and caller-owned result copies preserve lifetimes. Every cited oracle executes real source, including negatives and bounded-domain failures.
claim:6173cc5395595d52edab0b9e	sensitive	builtin.ScanPlan	STDLIB	STABLE_1_0	N1-PUBLIC-66b9d9ac06f0460993548a66	NORMATIVE_STABLE_PROFILE	Contextual alias for g170-scan:sensitive; public typed source proof replaces the historical seed/probe evidence. Preserve the qualified row bounds; no separate global option or live capability is claimed.
claim:61aa7b5cbbbb8c070ae1ba1e	schema	builtin	STDLIB	STABLE_1_0	N1-PUBLIC-579962318f79a610db4a866e	NORMATIVE_STABLE_PROFILE	Spelling alias for g010-public:Dataset.schema; no additional API counted; preserve qualified profile limits; native intrinsic identity is receiver-qualified; no serialized SymbolId or DocRecord is declared by this owner; interface metadata is verified by the separate metadata suite
claim:620b2733fc66bb9048954ffb	paragraph	builtin.ScanPlan	STDLIB	STABLE_1_0	N1-PUBLIC-14988a44444079ac4565d2f7	NORMATIVE_STABLE_PROFILE	Contextual alias for g170-scan:paragraph; public typed source proof replaces the historical seed/probe evidence. Preserve the qualified row bounds; no separate global option or live capability is claimed.
claim:622ac741502c1a3d2d330126	Button	builtin.visual	EXCLUDED	EXCLUDED_1_0	N1-conformance-and-consumption	PRESERVED_NON_STABLE_BOUNDARY	Spelling alias only; inspect every qualified declaration: g018-declaration:Button.new(label)
claim:639b827943cf93320a390064	Layout	builtin.visual	EXCLUDED	EXCLUDED_1_0	N1-conformance-and-consumption	PRESERVED_NON_STABLE_BOUNDARY	Spelling alias only; inspect every qualified declaration: g018-declaration:Layout.row(children); g018-declaration:Layout.column(children); g018-declaration:Layout.grid(spec, children)
claim:641aec17a589f5dddf4bd6d8	union	builtin	STDLIB	STABLE_1_0	N1-PUBLIC-e0df3a8038fb75b7e454bf03	NORMATIVE_STABLE_PROFILE	Spelling alias for g008-public:Set.union; no additional API counted; preserve qualified profile limits; native intrinsic identity is receiver-qualified; no serialized SymbolId or DocRecord is declared by this owner; interface metadata is verified by the separate metadata suite
claim:65ff22ffc645e9075bbcb75b	ScanPlan	builtin.ScanPlan	INTERNAL_TOOLING	EXCLUDED_1_0	N1-conformance-and-consumption	PRESERVED_NON_STABLE_BOUNDARY	The actual corrected G105 public surface table lists contextual methods, not a ScanPlan value constructor or print alias. The old internal plan marker/seed program is rejected; real source values reach the typed plan through Text.scan. No public API is inferred from this parser atom.
claim:66f55df88e329e6f7b3845b5	removeNode	builtin	STDLIB	STABLE_1_0	N1-PUBLIC-2876582f7dca766c71d27669	NORMATIVE_STABLE_PROFILE	Spelling alias for g009-public:Graph.removeNode; no additional API counted; preserve qualified profile limits; native intrinsic identity is receiver-qualified; no serialized SymbolId or DocRecord is declared by this owner; interface metadata is verified by the separate metadata suite
claim:672cbc44e1fd06f50a7411eb	shuffle	builtin.Random	STDLIB	STABLE_1_0	N1-PUBLIC-d5f1c90194a9dc923b306063	NORMATIVE_STABLE_PROFILE	Explicit SplitMix64 v1 state, no entropy capability; native finite-domain distributions and categorical Float Vector weights; nonnegative Int uniform; shuffle of unique local mutable Int Slice at most 64 lanes; lexical creation/release provenance, separate descriptor/payload frames; sample of Int Vector/local Slice returns canonical List with 0..16 entries; independent seed/value/order oracles and rejected effectful interpolation; no whole-source report
claim:67b6d4ca4484c9e25d4b86e1	hash	builtin	STDLIB	STABLE_1_0	N1-PUBLIC-6843eaebd37589bf5e2560ab	NORMATIVE_STABLE_PROFILE	Spelling alias for g008-public:Int.hash,g008-public:hash.randomized,g008-public:hash.deterministic; no additional API counted; preserve qualified profile limits; native intrinsic identity is receiver-qualified; no serialized SymbolId or DocRecord is declared by this owner; interface metadata is verified by the separate metadata suite
claim:6937d35c35869eaea1bf0bc4	scan	std.console	PRELUDE	STABLE_1_0	N1-PUBLIC-caf77c8e6e8117844a79d841	NORMATIVE_STABLE_PROFILE	Actual edition-owned prelude SymbolId and unique stdlib owner; CLI metadata checked against the local .ni interface and independent FNV identity. Runtime profile is the cited source case family. Iterator/IntoIterator dispatch is bounded Range iteration, not a standalone cursor constructor or arbitrary iterator implementation. Ord reuses the existing comparable capability, with explicit Bool rejection. Native intrinsic profiles are not promoted to arbitrary generic APIs.
claim:6a2d6ca2a076aba49e66d2b6	confirm	builtin.ScanPlan	STDLIB	STABLE_1_0	N1-PUBLIC-2c42a88c8b361773a3874b38	NORMATIVE_STABLE_PROFILE	Contextual alias for g170-scan:confirm; public typed source proof replaces the historical seed/probe evidence. Preserve the qualified row bounds; no separate global option or live capability is claimed.
claim:6a7b70ff03a3ba66ed67a7bf	print	builtin.ScanPlan	EXCLUDED	EXCLUDED_1_0	N1-conformance-and-consumption	PRESERVED_NON_STABLE_BOUNDARY	The actual corrected G105 public surface table lists contextual methods, not a ScanPlan value constructor or print alias. The old internal plan marker/seed program is rejected; real source values reach the typed plan through Text.scan. No public API is inferred from this parser atom.
claim:6b2570ce2d55e0ff653836c1	divide	builtin.Tensor	DOMAIN_PACK	EXPERIMENTAL	N1-conformance-and-consumption	PRESERVED_NON_STABLE_BOUNDARY	Actual Bool/Int64/binary64 operands and native rank/shape/stride/root descriptors; Bool storage is packed bytes; CPU rank 0..6 and 4096 elements; Int construction/arithmetic retains C12 rank 0..3, dimensions 0..8 and 64 elements; index tensors from argMax retain full result geometry. Shape inputs are constant Int Tuples or material Int Vectors. fromBuffer copies exact typed Int/Float Vector, live Int Slice or checked 0/1 Bytes for Bool. Float selection uses equal shapes or explicit broadcastTo; map uses a typed noncapturing Float function and preserves ordered effects. Float reductions reject empty/nonfinite inputs and invalid axes; first argMax tie. Structural methods compose native owners; peers are 1..6 immutable Tensor names in a Tuple, split takes 1..6 exact sizes, padding has two entries per axis. Readonly function borrows and caller-owned result copies preserve lifetimes. Every cited oracle executes real source, including negatives and bounded-domain failures.
claim:6bb554d0f4e59db5aeb18326	shortestPathUnweighted	builtin	STDLIB	STABLE_1_0	N1-PUBLIC-716e664c3f26d15b80031b9c	NORMATIVE_STABLE_PROFILE	Spelling alias for g009-public:Graph.shortestPathUnweighted; no additional API counted; preserve qualified profile limits; native intrinsic identity is receiver-qualified; no serialized SymbolId or DocRecord is declared by this owner; interface metadata is verified by the separate metadata suite
claim:6c23175d9d55314ba5b93297	menu	builtin.ScanPlan	STDLIB	STABLE_1_0	N1-PUBLIC-5bd4b12beb9cc592c26eb575	NORMATIVE_STABLE_PROFILE	Contextual alias for g170-scan:menu; public typed source proof replaces the historical seed/probe evidence. Preserve the qualified row bounds; no separate global option or live capability is claimed.
claim:6d58fe076f0a92fb0f968d5d	replay	builtin.ScanPlan	STDLIB	STABLE_1_0	N1-PUBLIC-84157922a137a64815393b36	NORMATIVE_STABLE_PROFILE	Contextual alias for g170-scan:replay; public typed source proof replaces the historical seed/probe evidence. Preserve the qualified row bounds; no separate global option or live capability is claimed.
claim:6e9ee62093071ea7bc7fc4b4	pointer	builtin.visual	EXCLUDED	EXCLUDED_1_0	N1-conformance-and-consumption	PRESERVED_NON_STABLE_BOUNDARY	Spelling alias only; inspect every qualified declaration: g018-declaration:event.pointer()
claim:6ef45fa5e187a095aa4bb988	new	builtin	STDLIB	STABLE_1_0	N1-PUBLIC-f3bcc765e83cfaa8e60ae4f9	NORMATIVE_STABLE_PROFILE	Spelling alias for g009-public:Node<Int>.new,g009-public:Tree<Int>.new; no additional API counted; preserve qualified profile limits; native intrinsic identity is receiver-qualified; no serialized SymbolId or DocRecord is declared by this owner; interface metadata is verified by the separate metadata suite
claim:6f82e8fa7619ca993905dee9	Text.concat	builtin	STDLIB	STABLE_1_0	N1-PUBLIC-718c26bd293965982ab6c1cb	NORMATIVE_STABLE_PROFILE	concat(Text); 4096 output bytes; ; owned caller workspace; public UTF-8 descriptor bridge and distinct bounded function storage; native intrinsic identity is receiver-qualified; no serialized SymbolId or DocRecord is declared by this owner; interface metadata is verified by the separate metadata suite
claim:6f8f7fcb6bf03e2546e42615	cholesky	builtin.Matrix	DOMAIN_PACK	EXPERIMENTAL	N1-conformance-and-consumption	PRESERVED_NON_STABLE_BOUNDARY	Canonical native descriptor, actual Int64 (dimensions 0..8) / binary64 (0..64) operands; independent owned results and root-provenance views; row-major fromBuffer copies live Int Slice or typed Int/Float Vector, exact count/dtype and lexical release gates; native Float LU returns (compact factors, permutation), QR returns (thin Q, R), using existing Tuple projections; finite factorization dimensions at most 32 with singular/domain rejection; readonly Matrix parameter borrows and caller-owned hidden-result copies preserve lifetimes and ordered arguments; scalar calls reclaim temporaries; runtime-shaped axis Vectors reuse native Vector/statistics and Random consumers; checked Int axis sums publish atomically; no whole-source projection or fixed report
claim:6fb6caef89fc6a429f8ac647	pow	std.math	STDLIB	STABLE_1_0	N1-PUBLIC-bf252df6a37e3beb55785d24	NORMATIVE_STABLE_PROFILE	Literal Int64/binary64 operands; at most 128 complete statements; independent arithmetic trace and return matrix
claim:6fc9b39228aa1659ef6c3eb3	setTitle	builtin.visual	EXCLUDED	EXCLUDED_1_0	N1-conformance-and-consumption	PRESERVED_NON_STABLE_BOUNDARY	Spelling alias only; inspect every qualified declaration: g018-declaration:window.setTitle(text)
claim:70a32b2332904c991acd74a9	Text.graphemeCount	builtin	STDLIB	STABLE_1_0	N1-PUBLIC-103212de3c1ef619531f3322	NORMATIVE_STABLE_PROFILE	Text.() -> Int; 1048576 input bytes; 15.1 Latin Extend/CRLF/ZWJ; borrow receiver; public UTF-8 descriptor bridge and distinct bounded function storage; native intrinsic identity is receiver-qualified; no serialized SymbolId or DocRecord is declared by this owner; interface metadata is verified by the separate metadata suite
claim:70e6cace1143cc733604c11d	permute	builtin.Tensor	DOMAIN_PACK	EXPERIMENTAL	N1-conformance-and-consumption	PRESERVED_NON_STABLE_BOUNDARY	Actual Bool/Int64/binary64 operands and native rank/shape/stride/root descriptors; Bool storage is packed bytes; CPU rank 0..6 and 4096 elements; Int construction/arithmetic retains C12 rank 0..3, dimensions 0..8 and 64 elements; index tensors from argMax retain full result geometry. Shape inputs are constant Int Tuples or material Int Vectors. fromBuffer copies exact typed Int/Float Vector, live Int Slice or checked 0/1 Bytes for Bool. Float selection uses equal shapes or explicit broadcastTo; map uses a typed noncapturing Float function and preserves ordered effects. Float reductions reject empty/nonfinite inputs and invalid axes; first argMax tie. Structural methods compose native owners; peers are 1..6 immutable Tensor names in a Tuple, split takes 1..6 exact sizes, padding has two entries per axis. Readonly function borrows and caller-owned result copies preserve lifetimes. Every cited oracle executes real source, including negatives and bounded-domain failures.
claim:71f1aaac0442431cfea63328	column	builtin.visual	EXCLUDED	EXCLUDED_1_0	N1-conformance-and-consumption	PRESERVED_NON_STABLE_BOUNDARY	Spelling alias only; inspect every qualified declaration: g018-declaration:Layout.column(children)
claim:72f3482aa6e2821e3e7eab21	preventDefault	builtin.visual	EXCLUDED	EXCLUDED_1_0	N1-conformance-and-consumption	PRESERVED_NON_STABLE_BOUNDARY	Spelling alias only; inspect every qualified declaration: g018-declaration:event.preventDefault()
claim:73678e7a57b1ccfbeadb9513	min	builtin	STDLIB	STABLE_1_0	N1-PUBLIC-ab531825130b3b0ff88fac45	NORMATIVE_STABLE_PROFILE	Spelling alias for g010-public:Column.min; no additional API counted; preserve qualified profile limits; native intrinsic identity is receiver-qualified; no serialized SymbolId or DocRecord is declared by this owner; interface metadata is verified by the separate metadata suite
claim:73d2cc57c1e6c24f7d38330d	Graph	builtin	STDLIB	STABLE_1_0	N1-PUBLIC-dcd5942664ca728377c426b6	NORMATIVE_STABLE_PROFILE	Spelling alias for g009-public:Graph<Int,Int>.directed,g009-public:Graph<Int,Int>.undirected,g009-public:Graph.addNode,g009-public:Graph.addEdge,g009-public:Graph.removeNode,g009-public:Graph.removeEdge,g009-public:Graph.neighbors,g009-public:Graph.breadthFirst,g009-public:Graph.depthFirst,g009-public:Graph.hasCycle,g009-public:Graph.topologicalSort,g009-public:Graph.shortestPathUnweighted,g009-public:Graph.dijkstra,g009-public:Graph.connectedComponents; no additional API counted; preserve qualified profile limits; native intrinsic identity is receiver-qualified; no serialized SymbolId or DocRecord is declared by this owner; interface metadata is verified by the separate metadata suite
claim:73edaeee7af8fba821251f30	fromRows	builtin.Matrix	DOMAIN_PACK	EXPERIMENTAL	N1-conformance-and-consumption	PRESERVED_NON_STABLE_BOUNDARY	Canonical native descriptor, actual Int64 (dimensions 0..8) / binary64 (0..64) operands; independent owned results and root-provenance views; row-major fromBuffer copies live Int Slice or typed Int/Float Vector, exact count/dtype and lexical release gates; native Float LU returns (compact factors, permutation), QR returns (thin Q, R), using existing Tuple projections; finite factorization dimensions at most 32 with singular/domain rejection; readonly Matrix parameter borrows and caller-owned hidden-result copies preserve lifetimes and ordered arguments; scalar calls reclaim temporaries; runtime-shaped axis Vectors reuse native Vector/statistics and Random consumers; checked Int axis sums publish atomically; no whole-source projection or fixed report
claim:744b5bfb1b31f9747ca28d51	at	builtin.Tensor	DOMAIN_PACK	EXPERIMENTAL	N1-conformance-and-consumption	PRESERVED_NON_STABLE_BOUNDARY	Actual Bool/Int64/binary64 operands and native rank/shape/stride/root descriptors; Bool storage is packed bytes; CPU rank 0..6 and 4096 elements; Int construction/arithmetic retains C12 rank 0..3, dimensions 0..8 and 64 elements; index tensors from argMax retain full result geometry. Shape inputs are constant Int Tuples or material Int Vectors. fromBuffer copies exact typed Int/Float Vector, live Int Slice or checked 0/1 Bytes for Bool. Float selection uses equal shapes or explicit broadcastTo; map uses a typed noncapturing Float function and preserves ordered effects. Float reductions reject empty/nonfinite inputs and invalid axes; first argMax tie. Structural methods compose native owners; peers are 1..6 immutable Tensor names in a Tuple, split takes 1..6 exact sizes, padding has two entries per axis. Readonly function borrows and caller-owned result copies preserve lifetimes. Every cited oracle executes real source, including negatives and bounded-domain failures.
claim:744c77a8fc81f2e310d00d07	normalize	builtin.Vector	DOMAIN_PACK	STABLE_1_0	N1-PUBLIC-19aed3ad00c267a613c0084d	NORMATIVE_STABLE_PROFILE	Actual Int64/binary64 vector lanes; extent 1..64; typed filled/literal constructors; native vector algorithms and separate owned frames; exact shape/type checks; constant index bounds and dynamic native checks; linked scalar spills preserve RHS allocations; no whole-source report; native registry identity and runtime profile are explicit; serialized interface metadata is verified by the separate metadata suite
claim:7469642aa07e1e30b24b32d0	multiSelect	builtin.ScanPlan	STDLIB	STABLE_1_0	N1-PUBLIC-53efa9737b317a4e1a72c251	NORMATIVE_STABLE_PROFILE	Contextual alias for g170-scan:multiSelect; public typed source proof replaces the historical seed/probe evidence. Preserve the qualified row bounds; no separate global option or live capability is claimed.
claim:746fe6635d32db7df7847bf0	RED	builtin.visual	EXCLUDED	EXCLUDED_1_0	N1-conformance-and-consumption	PRESERVED_NON_STABLE_BOUNDARY	Spelling alias only; inspect every qualified declaration: g018-declaration:RED.color()
claim:753c611ed4727aad062c86e9	rank	builtin.Tensor	DOMAIN_PACK	EXPERIMENTAL	N1-conformance-and-consumption	PRESERVED_NON_STABLE_BOUNDARY	Actual Bool/Int64/binary64 operands and native rank/shape/stride/root descriptors; Bool storage is packed bytes; CPU rank 0..6 and 4096 elements; Int construction/arithmetic retains C12 rank 0..3, dimensions 0..8 and 64 elements; index tensors from argMax retain full result geometry. Shape inputs are constant Int Tuples or material Int Vectors. fromBuffer copies exact typed Int/Float Vector, live Int Slice or checked 0/1 Bytes for Bool. Float selection uses equal shapes or explicit broadcastTo; map uses a typed noncapturing Float function and preserves ordered effects. Float reductions reject empty/nonfinite inputs and invalid axes; first argMax tie. Structural methods compose native owners; peers are 1..6 immutable Tensor names in a Tuple, split takes 1..6 exact sizes, padding has two entries per axis. Readonly function borrows and caller-owned result copies preserve lifetimes. Every cited oracle executes real source, including negatives and bounded-domain failures.
claim:75a6787eaf379c6879a069c7	Hasher	builtin	STDLIB	STABLE_1_0	N1-PUBLIC-8c40335b6ff57e6d8923051e	NORMATIVE_STABLE_PROFILE	Spelling alias for g008-public:Hasher.new,g008-public:Hasher.writeBytes,g008-public:Hasher.finish; no additional API counted; preserve qualified profile limits; native intrinsic identity is receiver-qualified; no serialized SymbolId or DocRecord is declared by this owner; interface metadata is verified by the separate metadata suite
claim:766d1ec0b8bced8b0d79fbb6	containsKey	builtin	STDLIB	STABLE_1_0	N1-PUBLIC-cd5c42d82a0490e8ad38e069	NORMATIVE_STABLE_PROFILE	Spelling alias for g008-public:Dict.containsKey; no additional API counted; preserve qualified profile limits; native intrinsic identity is receiver-qualified; no serialized SymbolId or DocRecord is declared by this owner; interface metadata is verified by the separate metadata suite
claim:76c12b03f3d49b8de281cb2c	isSubsetOf	builtin	STDLIB	STABLE_1_0	N1-PUBLIC-06977a2ca4dbc99b60b67322	NORMATIVE_STABLE_PROFILE	Spelling alias for g008-public:Set.isSubsetOf; no additional API counted; preserve qualified profile limits; native intrinsic identity is receiver-qualified; no serialized SymbolId or DocRecord is declared by this owner; interface metadata is verified by the separate metadata suite
claim:776ba84a7a9af90a944f77da	visual	builtin.visual	DOMAIN_PACK	STABLE_1_0	N1-PUBLIC-3323568b9e05d5562a515ee9	NORMATIVE_STABLE_PROFILE	Spelling alias only; inspect every qualified declaration: g018-declaration:visual.summarize(value)
claim:792cb04d29a9070ae6b61069	removeSubtree	builtin	STDLIB	STABLE_1_0	N1-PUBLIC-49d62e8411e01eb78eff031d	NORMATIVE_STABLE_PROFILE	Spelling alias for g009-public:Tree.removeSubtree; no additional API counted; preserve qualified profile limits; native intrinsic identity is receiver-qualified; no serialized SymbolId or DocRecord is declared by this owner; interface metadata is verified by the separate metadata suite
claim:79eadfe5d0e112c7b8276900	root	builtin	STDLIB	STABLE_1_0	N1-PUBLIC-6e71d864dd306bb8d6d4c2e6	NORMATIVE_STABLE_PROFILE	Spelling alias for g009-public:Tree.root; no additional API counted; preserve qualified profile limits; native intrinsic identity is receiver-qualified; no serialized SymbolId or DocRecord is declared by this owner; interface metadata is verified by the separate metadata suite
claim:7ab2abd0d6b4b87d828f0c32	argMax	builtin.Tensor	DOMAIN_PACK	EXPERIMENTAL	N1-conformance-and-consumption	PRESERVED_NON_STABLE_BOUNDARY	Actual Bool/Int64/binary64 operands and native rank/shape/stride/root descriptors; Bool storage is packed bytes; CPU rank 0..6 and 4096 elements; Int construction/arithmetic retains C12 rank 0..3, dimensions 0..8 and 64 elements; index tensors from argMax retain full result geometry. Shape inputs are constant Int Tuples or material Int Vectors. fromBuffer copies exact typed Int/Float Vector, live Int Slice or checked 0/1 Bytes for Bool. Float selection uses equal shapes or explicit broadcastTo; map uses a typed noncapturing Float function and preserves ordered effects. Float reductions reject empty/nonfinite inputs and invalid axes; first argMax tie. Structural methods compose native owners; peers are 1..6 immutable Tensor names in a Tuple, split takes 1..6 exact sizes, padding has two entries per axis. Readonly function borrows and caller-owned result copies preserve lifetimes. Every cited oracle executes real source, including negatives and bounded-domain failures.
claim:7af40ce94be0b71e6cf6264b	Text.padEnd	builtin	STDLIB	STABLE_1_0	N1-PUBLIC-7b004136553b4fd15114fec3	NORMATIVE_STABLE_PROFILE	padEnd(Int,Text); 4096 output bytes; byte width; ; owned caller workspace; public UTF-8 descriptor bridge and distinct bounded function storage; native intrinsic identity is receiver-qualified; no serialized SymbolId or DocRecord is declared by this owner; interface metadata is verified by the separate metadata suite
claim:7bb7b1a3b31bc9f2c3cb51d2	broadcastTo	builtin.Tensor	DOMAIN_PACK	EXPERIMENTAL	N1-conformance-and-consumption	PRESERVED_NON_STABLE_BOUNDARY	Actual Bool/Int64/binary64 operands and native rank/shape/stride/root descriptors; Bool storage is packed bytes; CPU rank 0..6 and 4096 elements; Int construction/arithmetic retains C12 rank 0..3, dimensions 0..8 and 64 elements; index tensors from argMax retain full result geometry. Shape inputs are constant Int Tuples or material Int Vectors. fromBuffer copies exact typed Int/Float Vector, live Int Slice or checked 0/1 Bytes for Bool. Float selection uses equal shapes or explicit broadcastTo; map uses a typed noncapturing Float function and preserves ordered effects. Float reductions reject empty/nonfinite inputs and invalid axes; first argMax tie. Structural methods compose native owners; peers are 1..6 immutable Tensor names in a Tuple, split takes 1..6 exact sizes, padding has two entries per axis. Readonly function borrows and caller-owned result copies preserve lifetimes. Every cited oracle executes real source, including negatives and bounded-domain failures.
claim:7bc96fbdc7f152bceaa72fce	key	builtin.visual	EXCLUDED	EXCLUDED_1_0	N1-conformance-and-consumption	PRESERVED_NON_STABLE_BOUNDARY	Spelling alias only; inspect every qualified declaration: g018-declaration:event.key()
claim:7be67c7bdff47d9033e1e889	Matrix	builtin.Matrix	DOMAIN_PACK	EXPERIMENTAL	N1-conformance-and-consumption	PRESERVED_NON_STABLE_BOUNDARY	Canonical native descriptor, actual Int64 (dimensions 0..8) / binary64 (0..64) operands; independent owned results and root-provenance views; row-major fromBuffer copies live Int Slice or typed Int/Float Vector, exact count/dtype and lexical release gates; native Float LU returns (compact factors, permutation), QR returns (thin Q, R), using existing Tuple projections; finite factorization dimensions at most 32 with singular/domain rejection; readonly Matrix parameter borrows and caller-owned hidden-result copies preserve lifetimes and ordered arguments; scalar calls reclaim temporaries; runtime-shaped axis Vectors reuse native Vector/statistics and Random consumers; checked Int axis sums publish atomically; no whole-source projection or fixed report
claim:7be836b65074404a981f6ec3	Socket	std.net	STDLIB	TARGET_GATED	N1-conformance-and-consumption	PRESERVED_NON_STABLE_BOUNDARY	Network access explicitly forbidden in this mission; no socket or external service is opened
claim:7c1ab2ba4cfefb2b57984628	Console	builtin.visual	DOMAIN_PACK	TARGET_GATED	N1-conformance-and-consumption	PRESERVED_NON_STABLE_BOUNDARY	Spelling alias only; inspect every qualified declaration: g018-declaration:Console.scan()
claim:7ca242ad78c0757e4c01f045	until	builtin.ScanPlan	STDLIB	STABLE_1_0	N1-PUBLIC-353a847643d5ae5132a27ee9	NORMATIVE_STABLE_PROFILE	Contextual alias for g170-scan:until; public typed source proof replaces the historical seed/probe evidence. Preserve the qualified row bounds; no separate global option or live capability is claimed.
claim:7ca8c7c0b07be6c44e825420	Error	std.core	PRELUDE	STABLE_1_0	N1-PUBLIC-c0fd8e11a851f7e48de58044	NORMATIVE_STABLE_PROFILE	Actual edition-owned prelude SymbolId and unique stdlib owner; CLI metadata checked against the local .ni interface and independent FNV identity. Runtime profile is the cited source case family. Iterator/IntoIterator dispatch is bounded Range iteration, not a standalone cursor constructor or arbitrary iterator implementation. Ord reuses the existing comparable capability, with explicit Bool rejection. Native intrinsic profiles are not promoted to arbitrary generic APIs.
claim:7d801be18c4ca393da223ca0	Text.startsWith	builtin	STDLIB	STABLE_1_0	N1-PUBLIC-e8d1adf3b3ca4771ac5fba71	NORMATIVE_STABLE_PROFILE	startsWith(Text); literal bytes; O(m); ; borrowed immutable receiver and argument; public UTF-8 descriptor bridge and distinct bounded function storage; native intrinsic identity is receiver-qualified; no serialized SymbolId or DocRecord is declared by this owner; interface metadata is verified by the separate metadata suite
claim:7ebb2d214cae3bf41e5d5c02	Chart	std.visual	EXCLUDED	EXCLUDED_1_0	N1-conformance-and-consumption	PRESERVED_NON_STABLE_BOUNDARY	The experimental std.visual export is reconciled to the corrected G018 receiver-qualified Chart declarations (P, general GUI unavailable). Existing internal chart models are not a public Chart value constructor or a runtime positive. Inspect the separate g018-declaration:Chart.* rows. Current authority SHA256=0944468ee395ee0c83aa6697baf52d111053327405fafd499e3cf08d57031718
claim:7f24f3ab7bde1402db6a4ab0	view	builtin.ScanPlan	STDLIB	STABLE_1_0	N1-PUBLIC-f9e6e3541ec347bc816c587a	NORMATIVE_STABLE_PROFILE	Contextual alias for g170-scan:view; public typed source proof replaces the historical seed/probe evidence. Preserve the qualified row bounds; no separate global option or live capability is claimed.
claim:7fe154d8b77af9baa35135bb	form	builtin.ScanPlan	STDLIB	STABLE_1_0	N1-PUBLIC-308eba156d67e25ef6d347a7	NORMATIVE_STABLE_PROFILE	Contextual alias for g170-scan:form; public typed source proof replaces the historical seed/probe evidence. Preserve the qualified row bounds; no separate global option or live capability is claimed.
claim:7fe225c46198adab3c4282f7	Text.normalizeNfd	builtin	STDLIB	STABLE_1_0	N1-PUBLIC-bfc2602b2e5254ccf305f007	NORMATIVE_STABLE_PROFILE	Text.() -> Text; 4096 public workspace; 15.1 Latin acute canonical pair; caller-owned result; public UTF-8 descriptor bridge and distinct bounded function storage; native intrinsic identity is receiver-qualified; no serialized SymbolId or DocRecord is declared by this owner; interface metadata is verified by the separate metadata suite
claim:8077650a5870b943da633456	Ordering	std.core	PRELUDE	STABLE_1_0	N1-PUBLIC-f4c958f0f099364764b96169	NORMATIVE_STABLE_PROFILE	Actual edition-owned prelude SymbolId and unique stdlib owner; CLI metadata checked against the local .ni interface and independent FNV identity. Runtime profile is the cited source case family. Iterator/IntoIterator dispatch is bounded Range iteration, not a standalone cursor constructor or arbitrary iterator implementation. Ord reuses the existing comparable capability, with explicit Bool rejection. Native intrinsic profiles are not promoted to arbitrary generic APIs.
claim:814a06fd95b3f3717e0e707b	scan	builtin	STDLIB	STABLE_1_0	N1-PUBLIC-0641af1159d81e10ba789d6f	NORMATIVE_STABLE_PROFILE	Spelling alias for g010-public:Dataset.scan,g010-public:Dataset.scan.sink; no additional API counted; preserve qualified profile limits; native intrinsic identity is receiver-qualified; no serialized SymbolId or DocRecord is declared by this owner; interface metadata is verified by the separate metadata suite
claim:81f88d5ea73328af2efaa0de	append	builtin.visual	DOMAIN_PACK	STABLE_1_0	N1-PUBLIC-7b6bc71b31bf58265cd3580f	NORMATIVE_STABLE_PROFILE	Spelling alias only; inspect every qualified declaration: g018-declaration:console.append(value, style)
claim:830fe6789739f469536e27a5	Label	builtin.visual	EXCLUDED	EXCLUDED_1_0	N1-conformance-and-consumption	PRESERVED_NON_STABLE_BOUNDARY	Spelling alias only; inspect every qualified declaration: g018-declaration:Label.new(text)
claim:83e9dc5a668458ad9f7c7ad2	get	builtin.Matrix	DOMAIN_PACK	EXPERIMENTAL	N1-conformance-and-consumption	PRESERVED_NON_STABLE_BOUNDARY	Canonical native descriptor, actual Int64 (dimensions 0..8) / binary64 (0..64) operands; independent owned results and root-provenance views; row-major fromBuffer copies live Int Slice or typed Int/Float Vector, exact count/dtype and lexical release gates; native Float LU returns (compact factors, permutation), QR returns (thin Q, R), using existing Tuple projections; finite factorization dimensions at most 32 with singular/domain rejection; readonly Matrix parameter borrows and caller-owned hidden-result copies preserve lifetimes and ordered arguments; scalar calls reclaim temporaries; runtime-shaped axis Vectors reuse native Vector/statistics and Random consumers; checked Int axis sums publish atomically; no whole-source projection or fixed report
claim:8425036f3bb061a9469c15d6	sink	builtin	STDLIB	STABLE_1_0	N1-PUBLIC-e5274be2905f0b648b382a6b	NORMATIVE_STABLE_PROFILE	Spelling alias for g010-public:Table.groupBy.sink,g010-public:Dataset.scan.sink,g010-public:Stream.sink,g010-public:Stream.batch.sink; no additional API counted; preserve qualified profile limits; native intrinsic identity is receiver-qualified; no serialized SymbolId or DocRecord is declared by this owner; interface metadata is verified by the separate metadata suite
claim:84e9b83734d1bfaa6cd28a75	show	builtin.visual	EXCLUDED	EXCLUDED_1_0	N1-conformance-and-consumption	PRESERVED_NON_STABLE_BOUNDARY	Spelling alias only; inspect every qualified declaration: g018-declaration:window.show()
claim:84eaf42ec815a87a5f2c75d7	Matrix	std.scientific	DOMAIN_PACK	EXPERIMENTAL	N1-conformance-and-consumption	PRESERVED_NON_STABLE_BOUNDARY	Authenticated selective std.scientific import reaches the current typed native constructor and method owner in default and no-prelude compilation. Exact shape/value/native boundaries remain those of the receiver-qualified Matrix/Tensor rows. The visibility host consumes import declarations only; native code compiles and executes all remaining statements and the explicit return.
claim:850b86728cdc67cead69c7dd	addEdge	builtin	STDLIB	STABLE_1_0	N1-PUBLIC-7c238573baf91d98a6fb21b3	NORMATIVE_STABLE_PROFILE	Spelling alias for g009-public:Graph.addEdge; no additional API counted; preserve qualified profile limits; native intrinsic identity is receiver-qualified; no serialized SymbolId or DocRecord is declared by this owner; interface metadata is verified by the separate metadata suite
claim:85b7b475a9f317b026a7b687	add	builtin.Vector	DOMAIN_PACK	STABLE_1_0	N1-PUBLIC-a96d657e6c44d1412553774e	NORMATIVE_STABLE_PROFILE	Actual Int64/binary64 vector lanes; extent 1..64; typed filled/literal constructors; native vector algorithms and separate owned frames; exact shape/type checks; constant index bounds and dynamic native checks; linked scalar spills preserve RHS allocations; no whole-source report; native registry identity and runtime profile are explicit; serialized interface metadata is verified by the separate metadata suite
claim:85e6a241d1d7461f4f73b5d2	height	builtin	STDLIB	STABLE_1_0	N1-PUBLIC-600b535d381e184c5acedbff	NORMATIVE_STABLE_PROFILE	Spelling alias for g009-public:Tree.height; no additional API counted; preserve qualified profile limits; native intrinsic identity is receiver-qualified; no serialized SymbolId or DocRecord is declared by this owner; interface metadata is verified by the separate metadata suite
claim:86e52c9f8f121bb50e591b94	Row	builtin	STDLIB	STABLE_1_0	N1-PUBLIC-a6ac15acb37a294718fb3f66	NORMATIVE_STABLE_PROFILE	Spelling alias for g010-public:Row.from,g010-public:Row.get,g010-public:Row.project,g010-public:Row.toTuple; no additional API counted; preserve qualified profile limits; native intrinsic identity is receiver-qualified; no serialized SymbolId or DocRecord is declared by this owner; interface metadata is verified by the separate metadata suite
claim:872db359c13358ce35543c68	scale	builtin.Vector	DOMAIN_PACK	STABLE_1_0	N1-PUBLIC-3e97e225acc4e85bd7d053b6	NORMATIVE_STABLE_PROFILE	Actual Int64/binary64 vector lanes; extent 1..64; typed filled/literal constructors; native vector algorithms and separate owned frames; exact shape/type checks; constant index bounds and dynamic native checks; linked scalar spills preserve RHS allocations; no whole-source report; native registry identity and runtime profile are explicit; serialized interface metadata is verified by the separate metadata suite
claim:873d46ff74862ba8df902efd	Text.sliceCodepoints	builtin	STDLIB	STABLE_1_0	N1-PUBLIC-ed361329470619374eb75a58	NORMATIVE_STABLE_PROFILE	Text.(Int, Int) -> Text; 1048576 input bytes; UTF-8 scalar boundaries; immutable borrowed view; public UTF-8 descriptor bridge and distinct bounded function storage; native intrinsic identity is receiver-qualified; no serialized SymbolId or DocRecord is declared by this owner; interface metadata is verified by the separate metadata suite
claim:875916d78ba5e72544abf539	block	builtin.ScanPlan	STDLIB	STABLE_1_0	N1-PUBLIC-fb5b1228f0b98d91904674a4	NORMATIVE_STABLE_PROFILE	Contextual alias for g170-scan:block; public typed source proof replaces the historical seed/probe evidence. Preserve the qualified row bounds; no separate global option or live capability is claimed.
claim:88f657a205f8ac766d97907b	Text.upper	builtin	STDLIB	STABLE_1_0	N1-PUBLIC-665734f8f10c284a8420d45f	NORMATIVE_STABLE_PROFILE	upper(); 4096 output bytes; ASCII root profile; ; owned caller workspace; public UTF-8 descriptor bridge and distinct bounded function storage; native intrinsic identity is receiver-qualified; no serialized SymbolId or DocRecord is declared by this owner; interface metadata is verified by the separate metadata suite
claim:892c2cb159efe2f607813a51	neighbors	builtin	STDLIB	STABLE_1_0	N1-PUBLIC-694424c54b7fcaef6aff98ad	NORMATIVE_STABLE_PROFILE	Spelling alias for g009-public:Graph.neighbors; no additional API counted; preserve qualified profile limits; native intrinsic identity is receiver-qualified; no serialized SymbolId or DocRecord is declared by this owner; interface metadata is verified by the separate metadata suite
claim:89dfddd5c928ea764b8de89d	stopWhen	builtin	STDLIB	STABLE_1_0	N1-PUBLIC-d75bdbd0ebdb03120dd93ad2	NORMATIVE_STABLE_PROFILE	Spelling alias for g009-public:traversal.stopWhen; no additional API counted; preserve qualified profile limits; native intrinsic identity is receiver-qualified; no serialized SymbolId or DocRecord is declared by this owner; interface metadata is verified by the separate metadata suite
claim:8a391605f4e96a02e9fde741	markdown	builtin.ScanPlan	STDLIB	STABLE_1_0	N1-PUBLIC-1596b49048777a5e19d70147	NORMATIVE_STABLE_PROFILE	Contextual alias for g170-scan:markdown; public typed source proof replaces the historical seed/probe evidence. Preserve the qualified row bounds; no separate global option or live capability is claimed.
claim:8a75e51d03aef913884b07a4	Stream	builtin	STDLIB	STABLE_1_0	N1-PUBLIC-bc950ecd3384ca0c2b4f9a95	NORMATIVE_STABLE_PROFILE	Spelling alias for g010-public:Stream.window,g010-public:Stream<Int>.from,g010-public:Stream.next,g010-public:Stream.map,g010-public:Stream.filter,g010-public:Stream.sink,g010-public:Stream.batch,g010-public:Stream.batch.next,g010-public:Stream.batch.sink; no additional API counted; preserve qualified profile limits; native intrinsic identity is receiver-qualified; no serialized SymbolId or DocRecord is declared by this owner; interface metadata is verified by the separate metadata suite
claim:8b8385699a2cdf43411b8cfe	zeros	builtin.Matrix	DOMAIN_PACK	EXPERIMENTAL	N1-conformance-and-consumption	PRESERVED_NON_STABLE_BOUNDARY	Canonical native descriptor, actual Int64 (dimensions 0..8) / binary64 (0..64) operands; independent owned results and root-provenance views; row-major fromBuffer copies live Int Slice or typed Int/Float Vector, exact count/dtype and lexical release gates; native Float LU returns (compact factors, permutation), QR returns (thin Q, R), using existing Tuple projections; finite factorization dimensions at most 32 with singular/domain rejection; readonly Matrix parameter borrows and caller-owned hidden-result copies preserve lifetimes and ordered arguments; scalar calls reclaim temporaries; runtime-shaped axis Vectors reuse native Vector/statistics and Random consumers; checked Int axis sums publish atomically; no whole-source projection or fixed report
claim:8d4785a4a08eba9369775a99	finish	builtin	STDLIB	STABLE_1_0	N1-PUBLIC-39f7570cce0e37a1fc702db1	NORMATIVE_STABLE_PROFILE	Spelling alias for g008-public:Hasher.finish; no additional API counted; preserve qualified profile limits; native intrinsic identity is receiver-qualified; no serialized SymbolId or DocRecord is declared by this owner; interface metadata is verified by the separate metadata suite
claim:8e15a8f4a8f5afb584c5a969	ceil	builtin.Float	CORE	STABLE_1_0	N1-PUBLIC-1b332233bc71368ba8a46c19	NORMATIVE_STABLE_PROFILE	Binary64 actual receiver and once-evaluated arguments; classifiers include IEEE subnormal/NaN/infinity/signed zero; explicit rounding modes restore caller control word; finite round magnitude <2^63; approxEquals preserves two source arguments with Vector<Float> tolerance [absolute,relative], exactly two lanes (runtime shape checked); nonnegative/non-NaN tolerances, identical infinities equal and distinct infinities unequal; Uncertain methods claim only exact typed operands; native registry identity and runtime profile are explicit; serialized interface metadata is verified by the separate metadata suite
claim:901c30352afccac5ea13f641	all	builtin.Tensor	DOMAIN_PACK	EXPERIMENTAL	N1-conformance-and-consumption	PRESERVED_NON_STABLE_BOUNDARY	Actual Bool/Int64/binary64 operands and native rank/shape/stride/root descriptors; Bool storage is packed bytes; CPU rank 0..6 and 4096 elements; Int construction/arithmetic retains C12 rank 0..3, dimensions 0..8 and 64 elements; index tensors from argMax retain full result geometry. Shape inputs are constant Int Tuples or material Int Vectors. fromBuffer copies exact typed Int/Float Vector, live Int Slice or checked 0/1 Bytes for Bool. Float selection uses equal shapes or explicit broadcastTo; map uses a typed noncapturing Float function and preserves ordered effects. Float reductions reject empty/nonfinite inputs and invalid axes; first argMax tie. Structural methods compose native owners; peers are 1..6 immutable Tensor names in a Tuple, split takes 1..6 exact sizes, padding has two entries per axis. Readonly function borrows and caller-owned result copies preserve lifetimes. Every cited oracle executes real source, including negatives and bounded-domain failures.
claim:906cf79438abd7c0f42d0f42	Path	std.fs	STDLIB	STABLE_1_0	N1-PUBLIC-3ad41c8042aa7e9afbab4fd5	NORMATIVE_STABLE_PROFILE	Actual nominal immutable Path, canonical native normalize/join/isAbsolute/fileName owners; 4096-byte paths, 64 components, 255-byte components. File.readText/writeText consume typed Path and Text, explicit utf8 and truncate/append/atomic policies, at most 4096 bytes. Native File capability is restricted to the execution directory through openat2 beneath/no-symlink resolution. Every file and root descriptor closes; private filesystem byte effects and 512 repeated reads are independent observations. This is the material convenience profile, not a claim for arbitrary live handle or directory APIs.
claim:90f616b7d80dfdd6aefa604c	id	builtin	STDLIB	STABLE_1_0	N1-PUBLIC-dc15ba91b1e0a98c288b3fda	NORMATIVE_STABLE_PROFILE	Spelling alias for g009-public:Node.id; no additional API counted; preserve qualified profile limits; native intrinsic identity is receiver-qualified; no serialized SymbolId or DocRecord is declared by this owner; interface metadata is verified by the separate metadata suite
claim:9272814e1720f0635d3f8fd1	rectangle	builtin.visual	EXCLUDED	EXCLUDED_1_0	N1-conformance-and-consumption	PRESERVED_NON_STABLE_BOUNDARY	Spelling alias only; inspect every qualified declaration: g018-declaration:canvas.rectangle(rect, paint)
claim:93d1c9445e431ff7c4c14a9f	Range	std.core	PRELUDE	STABLE_1_0	N1-PUBLIC-89a4ee94929fd2849999dc3c	NORMATIVE_STABLE_PROFILE	Actual edition-owned prelude SymbolId and unique stdlib owner; CLI metadata checked against the local .ni interface and independent FNV identity. Runtime profile is the cited source case family. Iterator/IntoIterator dispatch is bounded Range iteration, not a standalone cursor constructor or arbitrary iterator implementation. Ord reuses the existing comparable capability, with explicit Bool rejection. Native intrinsic profiles are not promoted to arbitrary generic APIs.
claim:94b167d878a551d712b57f41	column	builtin.Matrix	DOMAIN_PACK	EXPERIMENTAL	N1-conformance-and-consumption	PRESERVED_NON_STABLE_BOUNDARY	Canonical native descriptor, actual Int64 (dimensions 0..8) / binary64 (0..64) operands; independent owned results and root-provenance views; row-major fromBuffer copies live Int Slice or typed Int/Float Vector, exact count/dtype and lexical release gates; native Float LU returns (compact factors, permutation), QR returns (thin Q, R), using existing Tuple projections; finite factorization dimensions at most 32 with singular/domain rejection; readonly Matrix parameter borrows and caller-owned hidden-result copies preserve lifetimes and ordered arguments; scalar calls reclaim temporaries; runtime-shaped axis Vectors reuse native Vector/statistics and Random consumers; checked Int axis sums publish atomically; no whole-source projection or fixed report
claim:95a0f338bc6a3fb59609a016	color	builtin.visual	EXCLUDED	EXCLUDED_1_0	N1-conformance-and-consumption	PRESERVED_NON_STABLE_BOUNDARY	Spelling alias only; inspect every qualified declaration: g018-declaration:RED.color()
claim:96cf60e02658947cd1ea3349	Eq	std.core	PRELUDE	STABLE_1_0	N1-PUBLIC-815ed3890b68d9af6428ef05	NORMATIVE_STABLE_PROFILE	Actual edition-owned prelude SymbolId and unique stdlib owner; CLI metadata checked against the local .ni interface and independent FNV identity. Runtime profile is the cited source case family. Iterator/IntoIterator dispatch is bounded Range iteration, not a standalone cursor constructor or arbitrary iterator implementation. Ord reuses the existing comparable capability, with explicit Bool rejection. Native intrinsic profiles are not promoted to arbitrary generic APIs.
claim:97876e7515f5a2663ca12f98	collisionCount	builtin	STDLIB	STABLE_1_0	N1-PUBLIC-002283e611c995a9b8028525	NORMATIVE_STABLE_PROFILE	Spelling alias for g008-public:Dict.collisionCount; no additional API counted; preserve qualified profile limits; native intrinsic identity is receiver-qualified; no serialized SymbolId or DocRecord is declared by this owner; interface metadata is verified by the separate metadata suite
claim:980d2266a234a171cc0c5407	clear	builtin	STDLIB	STABLE_1_0	N1-PUBLIC-496041f69f3a7eaca92ac26e	NORMATIVE_STABLE_PROFILE	Spelling alias for g008-public:Dict.clear; no additional API counted; preserve qualified profile limits; native intrinsic identity is receiver-qualified; no serialized SymbolId or DocRecord is declared by this owner; interface metadata is verified by the separate metadata suite
claim:9817044e18a110e36db56434	repartition	builtin	STDLIB	STABLE_1_0	N1-PUBLIC-11bcc6f4ff41840c84c0b636	NORMATIVE_STABLE_PROFILE	Spelling alias for g010-public:Dataset.repartition; no additional API counted; preserve qualified profile limits; native intrinsic identity is receiver-qualified; no serialized SymbolId or DocRecord is declared by this owner; interface metadata is verified by the separate metadata suite
claim:98c84ae23bad8170c6869b62	Text.dropBytes	builtin	STDLIB	STABLE_1_0	N1-PUBLIC-080b2a9593d9c97f2242538d	NORMATIVE_STABLE_PROFILE	dropBytes(Int); non-negative; saturates at byte length; ; borrowed view; public UTF-8 descriptor bridge and distinct bounded function storage; native intrinsic identity is receiver-qualified; no serialized SymbolId or DocRecord is declared by this owner; interface metadata is verified by the separate metadata suite
claim:991e691f7a47f76e2bb4033d	events	builtin.visual	EXCLUDED	EXCLUDED_1_0	N1-conformance-and-consumption	PRESERVED_NON_STABLE_BOUNDARY	Spelling alias only; inspect every qualified declaration: g018-declaration:window.events()
claim:992d32bcce649fc5aa92fd76	console	std.console	PRELUDE	STABLE_1_0	N1-PUBLIC-50b0d3897a4a35b3feffd4d9	NORMATIVE_STABLE_PROFILE	Actual edition-owned prelude SymbolId and unique stdlib owner; CLI metadata checked against the local .ni interface and independent FNV identity. Runtime profile is the cited source case family. Iterator/IntoIterator dispatch is bounded Range iteration, not a standalone cursor constructor or arbitrary iterator implementation. Ord reuses the existing comparable capability, with explicit Bool rejection. Native intrinsic profiles are not promoted to arbitrary generic APIs.
claim:9bc5d8b5bdfbbe552d21a9db	split	builtin.Tensor	DOMAIN_PACK	EXPERIMENTAL	N1-conformance-and-consumption	PRESERVED_NON_STABLE_BOUNDARY	Actual Bool/Int64/binary64 operands and native rank/shape/stride/root descriptors; Bool storage is packed bytes; CPU rank 0..6 and 4096 elements; Int construction/arithmetic retains C12 rank 0..3, dimensions 0..8 and 64 elements; index tensors from argMax retain full result geometry. Shape inputs are constant Int Tuples or material Int Vectors. fromBuffer copies exact typed Int/Float Vector, live Int Slice or checked 0/1 Bytes for Bool. Float selection uses equal shapes or explicit broadcastTo; map uses a typed noncapturing Float function and preserves ordered effects. Float reductions reject empty/nonfinite inputs and invalid axes; first argMax tie. Structural methods compose native owners; peers are 1..6 immutable Tensor names in a Tuple, split takes 1..6 exact sizes, padding has two entries per axis. Readonly function borrows and caller-owned result copies preserve lifetimes. Every cited oracle executes real source, including negatives and bounded-domain failures.
claim:9c7d133565d37ffa1f0d008c	code	builtin.ScanPlan	STDLIB	STABLE_1_0	N1-PUBLIC-092e2e8a3fa7fbea5a3a4f81	NORMATIVE_STABLE_PROFILE	Contextual alias for g170-scan:code; public typed source proof replaces the historical seed/probe evidence. Preserve the qualified row bounds; no separate global option or live capability is claimed.
claim:9c9df93d2fe2ff17ca8439de	Text.padStart	builtin	STDLIB	STABLE_1_0	N1-PUBLIC-23425fdcbd7a517d6baddaea	NORMATIVE_STABLE_PROFILE	padStart(Int,Text); 4096 output bytes; byte width; ; owned caller workspace; public UTF-8 descriptor bridge and distinct bounded function storage; native intrinsic identity is receiver-qualified; no serialized SymbolId or DocRecord is declared by this owner; interface metadata is verified by the separate metadata suite
claim:9cee08f100ca91b8a6ab3c48	render	builtin.visual	EXCLUDED	EXCLUDED_1_0	N1-conformance-and-consumption	PRESERVED_NON_STABLE_BOUNDARY	Spelling alias only; inspect every qualified declaration: g018-declaration:chart.render(canvas)
claim:9ee15351fa05f2d506a50679	legend	builtin.visual	EXCLUDED	EXCLUDED_1_0	N1-conformance-and-consumption	PRESERVED_NON_STABLE_BOUNDARY	Spelling alias only; inspect every qualified declaration: g018-declaration:chart.legend(options)
claim:9eee2d656736e2dba5df8228	multiline	builtin.ScanPlan	STDLIB	STABLE_1_0	N1-PUBLIC-e72d27be933ae789137ec624	NORMATIVE_STABLE_PROFILE	Contextual alias for g170-scan:multiline; public typed source proof replaces the historical seed/probe evidence. Preserve the qualified row bounds; no separate global option or live capability is claimed.
claim:a04f7c67ac62f3dffd7e2d2d	bernoulli	builtin.Random	STDLIB	STABLE_1_0	N1-PUBLIC-d0be8b7a7db3a24dcafc0886	NORMATIVE_STABLE_PROFILE	Explicit SplitMix64 v1 state, no entropy capability; native finite-domain distributions and categorical Float Vector weights; nonnegative Int uniform; shuffle of unique local mutable Int Slice at most 64 lanes; lexical creation/release provenance, separate descriptor/payload frames; sample of Int Vector/local Slice returns canonical List with 0..16 entries; independent seed/value/order oracles and rejected effectful interpolation; no whole-source report
claim:a0ba8f4fcae691e3c03a109f	matvec	builtin.Matrix	DOMAIN_PACK	EXPERIMENTAL	N1-conformance-and-consumption	PRESERVED_NON_STABLE_BOUNDARY	Canonical native descriptor, actual Int64 (dimensions 0..8) / binary64 (0..64) operands; independent owned results and root-provenance views; row-major fromBuffer copies live Int Slice or typed Int/Float Vector, exact count/dtype and lexical release gates; native Float LU returns (compact factors, permutation), QR returns (thin Q, R), using existing Tuple projections; finite factorization dimensions at most 32 with singular/domain rejection; readonly Matrix parameter borrows and caller-owned hidden-result copies preserve lifetimes and ordered arguments; scalar calls reclaim temporaries; runtime-shaped axis Vectors reuse native Vector/statistics and Random consumers; checked Int axis sums publish atomically; no whole-source projection or fixed report
claim:a123e52af2631ff4b4505176	depthFirst	builtin	STDLIB	STABLE_1_0	N1-PUBLIC-b79073a00cd11e70f45a043d	NORMATIVE_STABLE_PROFILE	Spelling alias for g009-public:Graph.depthFirst; no additional API counted; preserve qualified profile limits; native intrinsic identity is receiver-qualified; no serialized SymbolId or DocRecord is declared by this owner; interface metadata is verified by the separate metadata suite
claim:a267f38e196b6c330761b457	mean	builtin.Matrix	DOMAIN_PACK	EXPERIMENTAL	N1-conformance-and-consumption	PRESERVED_NON_STABLE_BOUNDARY	Canonical native descriptor, actual Int64 (dimensions 0..8) / binary64 (0..64) operands; independent owned results and root-provenance views; row-major fromBuffer copies live Int Slice or typed Int/Float Vector, exact count/dtype and lexical release gates; native Float LU returns (compact factors, permutation), QR returns (thin Q, R), using existing Tuple projections; finite factorization dimensions at most 32 with singular/domain rejection; readonly Matrix parameter borrows and caller-owned hidden-result copies preserve lifetimes and ordered arguments; scalar calls reclaim temporaries; runtime-shaped axis Vectors reuse native Vector/statistics and Random consumers; checked Int axis sums publish atomically; no whole-source projection or fixed report
claim:a3bc1e9e18ededf09763bc5a	Text.isDigits	builtin	STDLIB	STABLE_1_0	N1-PUBLIC-db9a1b4eda984c2e64edc909	NORMATIVE_STABLE_PROFILE	isDigits(); nonempty ASCII digits; O(n); ; borrowed immutable receiver; public UTF-8 descriptor bridge and distinct bounded function storage; native intrinsic identity is receiver-qualified; no serialized SymbolId or DocRecord is declared by this owner; interface metadata is verified by the separate metadata suite
claim:a4d646f6ab5654f4270c69e7	Option	std.core	PRELUDE	STABLE_1_0	N1-PUBLIC-33c5b74dc64180a0af674dda	NORMATIVE_STABLE_PROFILE	Actual edition-owned prelude SymbolId and unique stdlib owner; CLI metadata checked against the local .ni interface and independent FNV identity. Runtime profile is the cited source case family. Iterator/IntoIterator dispatch is bounded Range iteration, not a standalone cursor constructor or arbitrary iterator implementation. Ord reuses the existing comparable capability, with explicit Bool rejection. Native intrinsic profiles are not promoted to arbitrary generic APIs.
claim:a7d39a6257bb772bb07c730e	writeBytes	builtin	STDLIB	STABLE_1_0	N1-PUBLIC-07616ab959dc592fad9e969c	NORMATIVE_STABLE_PROFILE	Spelling alias for g008-public:Hasher.writeBytes; no additional API counted; preserve qualified profile limits; native intrinsic identity is receiver-qualified; no serialized SymbolId or DocRecord is declared by this owner; interface metadata is verified by the separate metadata suite
claim:a96b53c0f26eba1dc0ace438	multiplyElements	builtin.Matrix	DOMAIN_PACK	EXPERIMENTAL	N1-conformance-and-consumption	PRESERVED_NON_STABLE_BOUNDARY	Canonical native descriptor, actual Int64 (dimensions 0..8) / binary64 (0..64) operands; independent owned results and root-provenance views; row-major fromBuffer copies live Int Slice or typed Int/Float Vector, exact count/dtype and lexical release gates; native Float LU returns (compact factors, permutation), QR returns (thin Q, R), using existing Tuple projections; finite factorization dimensions at most 32 with singular/domain rejection; readonly Matrix parameter borrows and caller-owned hidden-result copies preserve lifetimes and ordered arguments; scalar calls reclaim temporaries; runtime-shaped axis Vectors reuse native Vector/statistics and Random consumers; checked Int axis sums publish atomically; no whole-source projection or fixed report
claim:a96ccfa4f367e8384c8c7100	min	builtin.Tensor	DOMAIN_PACK	EXPERIMENTAL	N1-conformance-and-consumption	PRESERVED_NON_STABLE_BOUNDARY	Actual Bool/Int64/binary64 operands and native rank/shape/stride/root descriptors; Bool storage is packed bytes; CPU rank 0..6 and 4096 elements; Int construction/arithmetic retains C12 rank 0..3, dimensions 0..8 and 64 elements; index tensors from argMax retain full result geometry. Shape inputs are constant Int Tuples or material Int Vectors. fromBuffer copies exact typed Int/Float Vector, live Int Slice or checked 0/1 Bytes for Bool. Float selection uses equal shapes or explicit broadcastTo; map uses a typed noncapturing Float function and preserves ordered effects. Float reductions reject empty/nonfinite inputs and invalid axes; first argMax tie. Structural methods compose native owners; peers are 1..6 immutable Tensor names in a Tuple, split takes 1..6 exact sizes, padding has two entries per axis. Readonly function borrows and caller-owned result copies preserve lifetimes. Every cited oracle executes real source, including negatives and bounded-domain failures.
claim:aa108d62ea5c02d471c7e874	Result	std.core	PRELUDE	STABLE_1_0	N1-PUBLIC-41860d8ea730c7d07b420b0d	NORMATIVE_STABLE_PROFILE	Actual edition-owned prelude SymbolId and unique stdlib owner; CLI metadata checked against the local .ni interface and independent FNV identity. Runtime profile is the cited source case family. Iterator/IntoIterator dispatch is bounded Range iteration, not a standalone cursor constructor or arbitrary iterator implementation. Ord reuses the existing comparable capability, with explicit Bool rejection. Native intrinsic profiles are not promoted to arbitrary generic APIs.
claim:aacbb3d11cf90b4d90c7dd3e	stack	builtin.Tensor	DOMAIN_PACK	EXPERIMENTAL	N1-conformance-and-consumption	PRESERVED_NON_STABLE_BOUNDARY	Actual Bool/Int64/binary64 operands and native rank/shape/stride/root descriptors; Bool storage is packed bytes; CPU rank 0..6 and 4096 elements; Int construction/arithmetic retains C12 rank 0..3, dimensions 0..8 and 64 elements; index tensors from argMax retain full result geometry. Shape inputs are constant Int Tuples or material Int Vectors. fromBuffer copies exact typed Int/Float Vector, live Int Slice or checked 0/1 Bytes for Bool. Float selection uses equal shapes or explicit broadcastTo; map uses a typed noncapturing Float function and preserves ordered effects. Float reductions reject empty/nonfinite inputs and invalid axes; first argMax tie. Structural methods compose native owners; peers are 1..6 immutable Tensor names in a Tuple, split takes 1..6 exact sizes, padding has two entries per axis. Readonly function borrows and caller-owned result copies preserve lifetimes. Every cited oracle executes real source, including negatives and bounded-domain failures.
claim:aad326d5fef4be450a5f0239	length	builtin	STDLIB	STABLE_1_0	N1-PUBLIC-c3c8fe18ec44ae846168b12e	NORMATIVE_STABLE_PROFILE	Spelling alias for g008-public:Dict.length; no additional API counted; preserve qualified profile limits; native intrinsic identity is receiver-qualified; no serialized SymbolId or DocRecord is declared by this owner; interface metadata is verified by the separate metadata suite
claim:aadede83eaf8200b2dce8bd1	maximum	builtin.Tensor	DOMAIN_PACK	EXPERIMENTAL	N1-conformance-and-consumption	PRESERVED_NON_STABLE_BOUNDARY	Actual Bool/Int64/binary64 operands and native rank/shape/stride/root descriptors; Bool storage is packed bytes; CPU rank 0..6 and 4096 elements; Int construction/arithmetic retains C12 rank 0..3, dimensions 0..8 and 64 elements; index tensors from argMax retain full result geometry. Shape inputs are constant Int Tuples or material Int Vectors. fromBuffer copies exact typed Int/Float Vector, live Int Slice or checked 0/1 Bytes for Bool. Float selection uses equal shapes or explicit broadcastTo; map uses a typed noncapturing Float function and preserves ordered effects. Float reductions reject empty/nonfinite inputs and invalid axes; first argMax tie. Structural methods compose native owners; peers are 1..6 immutable Tensor names in a Tuple, split takes 1..6 exact sizes, padding has two entries per axis. Readonly function borrows and caller-owned result copies preserve lifetimes. Every cited oracle executes real source, including negatives and bounded-domain failures.
claim:abad9ccaf4dae20d4328fccf	floor	builtin.Float	CORE	STABLE_1_0	N1-PUBLIC-75947e30b6c1c895874d333f	NORMATIVE_STABLE_PROFILE	Binary64 actual receiver and once-evaluated arguments; classifiers include IEEE subnormal/NaN/infinity/signed zero; explicit rounding modes restore caller control word; finite round magnitude <2^63; approxEquals preserves two source arguments with Vector<Float> tolerance [absolute,relative], exactly two lanes (runtime shape checked); nonnegative/non-NaN tolerances, identical infinities equal and distinct infinities unequal; Uncertain methods claim only exact typed operands; native registry identity and runtime profile are explicit; serialized interface metadata is verified by the separate metadata suite
claim:abec9cca114540021e52bc8c	reseed	builtin	STDLIB	STABLE_1_0	N1-PUBLIC-793aa11917ed9fa2e0325f44	NORMATIVE_STABLE_PROFILE	Spelling alias for g008-public:Dict.reseed; no additional API counted; preserve qualified profile limits; native intrinsic identity is receiver-qualified; no serialized SymbolId or DocRecord is declared by this owner; interface metadata is verified by the separate metadata suite
claim:ac60dc5c0711b39f0c57310e	path	builtin	STDLIB	STABLE_1_0	N1-PUBLIC-7a1363cb677fd0d000f21a95	NORMATIVE_STABLE_PROFILE	Spelling alias for g009-public:traversal.path; no additional API counted; preserve qualified profile limits; native intrinsic identity is receiver-qualified; no serialized SymbolId or DocRecord is declared by this owner; interface metadata is verified by the separate metadata suite
claim:acdc4fddba7db7198a72c471	rows	builtin.Matrix	DOMAIN_PACK	EXPERIMENTAL	N1-conformance-and-consumption	PRESERVED_NON_STABLE_BOUNDARY	Canonical native descriptor, actual Int64 (dimensions 0..8) / binary64 (0..64) operands; independent owned results and root-provenance views; row-major fromBuffer copies live Int Slice or typed Int/Float Vector, exact count/dtype and lexical release gates; native Float LU returns (compact factors, permutation), QR returns (thin Q, R), using existing Tuple projections; finite factorization dimensions at most 32 with singular/domain rejection; readonly Matrix parameter borrows and caller-owned hidden-result copies preserve lifetimes and ordered arguments; scalar calls reclaim temporaries; runtime-shaped axis Vectors reuse native Vector/statistics and Random consumers; checked Int axis sums publish atomically; no whole-source projection or fixed report
claim:ad816d7944c5e03ba68aa4d3	fromBuffer	builtin.Tensor	DOMAIN_PACK	EXPERIMENTAL	N1-conformance-and-consumption	PRESERVED_NON_STABLE_BOUNDARY	Actual Bool/Int64/binary64 operands and native rank/shape/stride/root descriptors; Bool storage is packed bytes; CPU rank 0..6 and 4096 elements; Int construction/arithmetic retains C12 rank 0..3, dimensions 0..8 and 64 elements; index tensors from argMax retain full result geometry. Shape inputs are constant Int Tuples or material Int Vectors. fromBuffer copies exact typed Int/Float Vector, live Int Slice or checked 0/1 Bytes for Bool. Float selection uses equal shapes or explicit broadcastTo; map uses a typed noncapturing Float function and preserves ordered effects. Float reductions reject empty/nonfinite inputs and invalid axes; first argMax tie. Structural methods compose native owners; peers are 1..6 immutable Tensor names in a Tuple, split takes 1..6 exact sizes, padding has two entries per axis. Readonly function borrows and caller-owned result copies preserve lifetimes. Every cited oracle executes real source, including negatives and bounded-domain failures.
claim:ae39db657afe152aa210ab2f	withCapacity	builtin	STDLIB	STABLE_1_0	N1-PUBLIC-a87951f3e8f4409cdd5e086b	NORMATIVE_STABLE_PROFILE	Spelling alias for g008-public:Dict<Int,Int>.withCapacity; no additional API counted; preserve qualified profile limits; native intrinsic identity is receiver-qualified; no serialized SymbolId or DocRecord is declared by this owner; interface metadata is verified by the separate metadata suite
claim:ae8d22912c1a770129779c49	entry	builtin	STDLIB	STABLE_1_0	N1-PUBLIC-f4adfeb8d75014b11a7430b7	NORMATIVE_STABLE_PROFILE	Spelling alias for g008-public:Dict.entry; no additional API counted; preserve qualified profile limits; native intrinsic identity is receiver-qualified; no serialized SymbolId or DocRecord is declared by this owner; interface metadata is verified by the separate metadata suite
claim:af1e211ae36a1ecb0c79ed3c	Text.split	builtin	STDLIB	STABLE_1_0	N1-PUBLIC-2d694b1185ae07672bbedf75	NORMATIVE_STABLE_PROFILE	split(Text); 254 items; ; borrowed items in caller workspace; public UTF-8 descriptor bridge and distinct bounded function storage; native intrinsic identity is receiver-qualified; no serialized SymbolId or DocRecord is declared by this owner; interface metadata is verified by the separate metadata suite
claim:b0a714c04094f35b25d89ad4	untrusted	builtin.ScanPlan	STDLIB	STABLE_1_0	N1-PUBLIC-26c8f987ba9838edde5073e6	NORMATIVE_STABLE_PROFILE	Contextual alias for g170-scan:untrusted; public typed source proof replaces the historical seed/probe evidence. Preserve the qualified row bounds; no separate global option or live capability is claimed.
claim:b1968febf742b83dac424b01	console	builtin.ScanPlan	STDLIB	STABLE_1_0	N1-PUBLIC-a33f48945e202da73ab6b970	NORMATIVE_STABLE_PROFILE	Contextual alias for g170-scan:console; public typed source proof replaces the historical seed/probe evidence. Preserve the qualified row bounds; no separate global option or live capability is claimed.
claim:b46bc81bef2288d80c55f06c	cos	std.math	STDLIB	STABLE_1_0	N1-PUBLIC-231ef9d1a34523f620a36a89	NORMATIVE_STABLE_PROFILE	Literal Int64/binary64 operands; at most 128 complete statements; independent arithmetic trace and return matrix
claim:b4e6c473be922721f8308fa8	Text.isBlank	builtin	STDLIB	STABLE_1_0	N1-PUBLIC-16f5a0e1860a5880c5110f54	NORMATIVE_STABLE_PROFILE	isBlank(); ASCII SP/TAB/LF/CR; O(n); ; borrowed immutable receiver; public UTF-8 descriptor bridge and distinct bounded function storage; native intrinsic identity is receiver-qualified; no serialized SymbolId or DocRecord is declared by this owner; interface metadata is verified by the separate metadata suite
claim:b4ef49137abb98c4399ea805	sample	builtin.Random	STDLIB	STABLE_1_0	N1-PUBLIC-9c7602f695d64398d22e8609	NORMATIVE_STABLE_PROFILE	Explicit SplitMix64 v1 state, no entropy capability; native finite-domain distributions and categorical Float Vector weights; nonnegative Int uniform; shuffle of unique local mutable Int Slice at most 64 lanes; lexical creation/release provenance, separate descriptor/payload frames; sample of Int Vector/local Slice returns canonical List with 0..16 entries; independent seed/value/order oracles and rejected effectful interpolation; no whole-source report
claim:b527988140b16cb2b195d6ab	contains	builtin	STDLIB	STABLE_1_0	N1-PUBLIC-43237c4c379ae34367e4d199	NORMATIVE_STABLE_PROFILE	Spelling alias for g008-public:Set.contains; no additional API counted; preserve qualified profile limits; native intrinsic identity is receiver-qualified; no serialized SymbolId or DocRecord is declared by this owner; interface metadata is verified by the separate metadata suite
claim:b5565503717f69d120550102	layout	builtin.Matrix	DOMAIN_PACK	EXPERIMENTAL	N1-conformance-and-consumption	PRESERVED_NON_STABLE_BOUNDARY	Canonical native descriptor, actual Int64 (dimensions 0..8) / binary64 (0..64) operands; independent owned results and root-provenance views; row-major fromBuffer copies live Int Slice or typed Int/Float Vector, exact count/dtype and lexical release gates; native Float LU returns (compact factors, permutation), QR returns (thin Q, R), using existing Tuple projections; finite factorization dimensions at most 32 with singular/domain rejection; readonly Matrix parameter borrows and caller-owned hidden-result copies preserve lifetimes and ordered arguments; scalar calls reclaim temporaries; runtime-shaped axis Vectors reuse native Vector/statistics and Random consumers; checked Int axis sums publish atomically; no whole-source projection or fixed report
claim:b6afa9cf081896cc3c2a5f0c	map	builtin	STDLIB	STABLE_1_0	N1-PUBLIC-362457379411c48a6cc7c288	NORMATIVE_STABLE_PROFILE	Spelling alias for g010-public:Stream.map; no additional API counted; preserve qualified profile limits; native intrinsic identity is receiver-qualified; no serialized SymbolId or DocRecord is declared by this owner; interface metadata is verified by the separate metadata suite
claim:b77dcb3a1673a00fe5bbc4e9	matmulInto	builtin.Matrix	DOMAIN_PACK	EXPERIMENTAL	N1-conformance-and-consumption	PRESERVED_NON_STABLE_BOUNDARY	Canonical native descriptor, actual Int64 (dimensions 0..8) / binary64 (0..64) operands; independent owned results and root-provenance views; row-major fromBuffer copies live Int Slice or typed Int/Float Vector, exact count/dtype and lexical release gates; native Float LU returns (compact factors, permutation), QR returns (thin Q, R), using existing Tuple projections; finite factorization dimensions at most 32 with singular/domain rejection; readonly Matrix parameter borrows and caller-owned hidden-result copies preserve lifetimes and ordered arguments; scalar calls reclaim temporaries; runtime-shaped axis Vectors reuse native Vector/statistics and Random consumers; checked Int axis sums publish atomically; no whole-source projection or fixed report
claim:b7aeab092dbacdd8def161e7	remove	builtin	STDLIB	STABLE_1_0	N1-PUBLIC-8977ea462583633b6a05719a	NORMATIVE_STABLE_PROFILE	Spelling alias for g008-public:Dict.remove,g008-public:Set.remove; no additional API counted; preserve qualified profile limits; native intrinsic identity is receiver-qualified; no serialized SymbolId or DocRecord is declared by this owner; interface metadata is verified by the separate metadata suite
claim:b7d025f424a1282604832494	log2	std.math	STDLIB	STABLE_1_0	N1-PUBLIC-78387918d9e5f523c5ebfdbf	NORMATIVE_STABLE_PROFILE	Literal Int64/binary64 operands; at most 128 complete statements; independent arithmetic trace and return matrix
claim:b7ffcdf5e25b3713c3415c6c	panel	builtin.ScanPlan	STDLIB	STABLE_1_0	N1-PUBLIC-bf6c74bf427979b29b81eb35	NORMATIVE_STABLE_PROFILE	Contextual alias for g170-scan:panel; public typed source proof replaces the historical seed/probe evidence. Preserve the qualified row bounds; no separate global option or live capability is claimed.
claim:b957ab698507988fdc54a458	max	builtin.Tensor	DOMAIN_PACK	EXPERIMENTAL	N1-conformance-and-consumption	PRESERVED_NON_STABLE_BOUNDARY	Actual Bool/Int64/binary64 operands and native rank/shape/stride/root descriptors; Bool storage is packed bytes; CPU rank 0..6 and 4096 elements; Int construction/arithmetic retains C12 rank 0..3, dimensions 0..8 and 64 elements; index tensors from argMax retain full result geometry. Shape inputs are constant Int Tuples or material Int Vectors. fromBuffer copies exact typed Int/Float Vector, live Int Slice or checked 0/1 Bytes for Bool. Float selection uses equal shapes or explicit broadcastTo; map uses a typed noncapturing Float function and preserves ordered effects. Float reductions reject empty/nonfinite inputs and invalid axes; first argMax tie. Structural methods compose native owners; peers are 1..6 immutable Tensor names in a Tuple, split takes 1..6 exact sizes, padding has two entries per axis. Readonly function borrows and caller-owned result copies preserve lifetimes. Every cited oracle executes real source, including negatives and bounded-domain failures.
claim:b9f0160b7b952ba5f91ef585	divideElements	builtin.Matrix	DOMAIN_PACK	EXPERIMENTAL	N1-conformance-and-consumption	PRESERVED_NON_STABLE_BOUNDARY	Canonical native descriptor, actual Int64 (dimensions 0..8) / binary64 (0..64) operands; independent owned results and root-provenance views; row-major fromBuffer copies live Int Slice or typed Int/Float Vector, exact count/dtype and lexical release gates; native Float LU returns (compact factors, permutation), QR returns (thin Q, R), using existing Tuple projections; finite factorization dimensions at most 32 with singular/domain rejection; readonly Matrix parameter borrows and caller-owned hidden-result copies preserve lifetimes and ordered arguments; scalar calls reclaim temporaries; runtime-shaped axis Vectors reuse native Vector/statistics and Random consumers; checked Int axis sums publish atomically; no whole-source projection or fixed report
claim:bc28c557c108e7ae083d19ef	select	builtin	STDLIB	STABLE_1_0	N1-PUBLIC-99040e145ca43ea5adf03737	NORMATIVE_STABLE_PROFILE	Spelling alias for g010-public:Table.select; no additional API counted; preserve qualified profile limits; native intrinsic identity is receiver-qualified; no serialized SymbolId or DocRecord is declared by this owner; interface metadata is verified by the separate metadata suite
claim:bcaffdb822955a437c82c671	Node	builtin	STDLIB	STABLE_1_0	N1-PUBLIC-ed1840d04dc47dfc35455d53	NORMATIVE_STABLE_PROFILE	Spelling alias for g009-public:Node<Int>.new,g009-public:Node.id,g009-public:Node.value,g009-public:Node.replaceValue,g009-public:Node.degree; no additional API counted; preserve qualified profile limits; native intrinsic identity is receiver-qualified; no serialized SymbolId or DocRecord is declared by this owner; interface metadata is verified by the separate metadata suite
claim:bd045a133b9568b595a4fb67	concatenate	builtin.Tensor	DOMAIN_PACK	EXPERIMENTAL	N1-conformance-and-consumption	PRESERVED_NON_STABLE_BOUNDARY	Actual Bool/Int64/binary64 operands and native rank/shape/stride/root descriptors; Bool storage is packed bytes; CPU rank 0..6 and 4096 elements; Int construction/arithmetic retains C12 rank 0..3, dimensions 0..8 and 64 elements; index tensors from argMax retain full result geometry. Shape inputs are constant Int Tuples or material Int Vectors. fromBuffer copies exact typed Int/Float Vector, live Int Slice or checked 0/1 Bytes for Bool. Float selection uses equal shapes or explicit broadcastTo; map uses a typed noncapturing Float function and preserves ordered effects. Float reductions reject empty/nonfinite inputs and invalid axes; first argMax tie. Structural methods compose native owners; peers are 1..6 immutable Tensor names in a Tuple, split takes 1..6 exact sizes, padding has two entries per axis. Readonly function borrows and caller-owned result copies preserve lifetimes. Every cited oracle executes real source, including negatives and bounded-domain failures.
claim:bd5234c735e3dc9003535c2a	accessibility	builtin.visual	EXCLUDED	EXCLUDED_1_0	N1-conformance-and-consumption	PRESERVED_NON_STABLE_BOUNDARY	Spelling alias only; inspect every qualified declaration: g018-declaration:widget.accessibility()
claim:be1e782a2d56e77dcd88269d	scan	std.console	PRELUDE	STABLE_1_0	N1-PUBLIC-714d7fd1cc8448ac519d6f3a	NORMATIVE_STABLE_PROFILE	Actual edition-owned prelude SymbolId and unique stdlib owner; CLI metadata checked against the local .ni interface and independent FNV identity. Runtime profile is the cited source case family. Iterator/IntoIterator dispatch is bounded Range iteration, not a standalone cursor constructor or arbitrary iterator implementation. Ord reuses the existing comparable capability, with explicit Bool rejection. Native intrinsic profiles are not promoted to arbitrary generic APIs.
claim:bfcf950a97aeec5198bb857d	map	builtin.Tensor	DOMAIN_PACK	EXPERIMENTAL	N1-conformance-and-consumption	PRESERVED_NON_STABLE_BOUNDARY	Actual Bool/Int64/binary64 operands and native rank/shape/stride/root descriptors; Bool storage is packed bytes; CPU rank 0..6 and 4096 elements; Int construction/arithmetic retains C12 rank 0..3, dimensions 0..8 and 64 elements; index tensors from argMax retain full result geometry. Shape inputs are constant Int Tuples or material Int Vectors. fromBuffer copies exact typed Int/Float Vector, live Int Slice or checked 0/1 Bytes for Bool. Float selection uses equal shapes or explicit broadcastTo; map uses a typed noncapturing Float function and preserves ordered effects. Float reductions reject empty/nonfinite inputs and invalid axes; first argMax tie. Structural methods compose native owners; peers are 1..6 immutable Tensor names in a Tuple, split takes 1..6 exact sizes, padding has two entries per axis. Readonly function borrows and caller-owned result copies preserve lifetimes. Every cited oracle executes real source, including negatives and bounded-domain failures.
claim:c01376d8eaedb654340c8593	Text.trimStart	builtin	STDLIB	STABLE_1_0	N1-PUBLIC-2a8db99bd27a75bedb8c2922	NORMATIVE_STABLE_PROFILE	trimStart(); input bytes; ; borrowed view; public UTF-8 descriptor bridge and distinct bounded function storage; native intrinsic identity is receiver-qualified; no serialized SymbolId or DocRecord is declared by this owner; interface metadata is verified by the separate metadata suite
claim:c0739f72efe3896918ce9731	standardDeviation	builtin.Vector	DOMAIN_PACK	STABLE_1_0	N1-PUBLIC-8f49aebc4e16dd787479d81a	NORMATIVE_STABLE_PROFILE	Actual Int64/binary64 lanes, extent 1..64; checked Int sum, native compensated Float sum, explicit population/sample and linearType7 policies; 1536-byte caller workspace isolates conversion/quantile scratch; source values unchanged; native domain/overflow traps and NaN propagation are observed; no source report or synthetic aggregate
claim:c0998ab6b8fbaf1f877a4314	uniform	builtin.Random	STDLIB	STABLE_1_0	N1-PUBLIC-65fa9e940b44ce607f6669b4	NORMATIVE_STABLE_PROFILE	Explicit SplitMix64 v1 state, no entropy capability; native finite-domain distributions and categorical Float Vector weights; nonnegative Int uniform; shuffle of unique local mutable Int Slice at most 64 lanes; lexical creation/release provenance, separate descriptor/payload frames; sample of Int Vector/local Slice returns canonical List with 0..16 entries; independent seed/value/order oracles and rejected effectful interpolation; no whole-source report
claim:c1e8c36540cf3bee9f79998e	TcpStream	std.net	STDLIB	TARGET_GATED	N1-conformance-and-consumption	PRESERVED_NON_STABLE_BOUNDARY	Network access explicitly forbidden in this mission; no socket or external service is opened
claim:c23da4ce0992b047ec8afe30	deterministic	builtin	STDLIB	STABLE_1_0	N1-PUBLIC-a5f30ff7801115c2db29360d	NORMATIVE_STABLE_PROFILE	Spelling alias for g008-public:hash.deterministic; no additional API counted; preserve qualified profile limits; native intrinsic identity is receiver-qualified; no serialized SymbolId or DocRecord is declared by this owner; interface metadata is verified by the separate metadata suite
claim:c555e83e61df06e38b15a258	join	builtin	STDLIB	STABLE_1_0	N1-PUBLIC-5aa84be47c8efde969c90b33	NORMATIVE_STABLE_PROFILE	Spelling alias for g010-public:Table.join; no additional API counted; preserve qualified profile limits; native intrinsic identity is receiver-qualified; no serialized SymbolId or DocRecord is declared by this owner; interface metadata is verified by the separate metadata suite
claim:c5b1151c2ef4cdd12eca18fe	choice	builtin.ScanPlan	STDLIB	STABLE_1_0	N1-PUBLIC-169cec7a3384a79124fdc778	NORMATIVE_STABLE_PROFILE	Contextual alias for g170-scan:choice; public typed source proof replaces the historical seed/probe evidence. Preserve the qualified row bounds; no separate global option or live capability is claimed.
claim:c5f600d8f08de68f0db6e718	loadFactor	builtin	STDLIB	STABLE_1_0	N1-PUBLIC-9b868e4cbdec09ae8c762432	NORMATIVE_STABLE_PROFILE	Spelling alias for g008-public:Dict.loadFactor; no additional API counted; preserve qualified profile limits; native intrinsic identity is receiver-qualified; no serialized SymbolId or DocRecord is declared by this owner; interface metadata is verified by the separate metadata suite
claim:c6fcab493c85eccb852feab7	fillMissing	builtin	STDLIB	STABLE_1_0	N1-PUBLIC-462d6b4e054945f771182900	NORMATIVE_STABLE_PROFILE	Spelling alias for g010-public:Column.fillMissing; no additional API counted; preserve qualified profile limits; native intrinsic identity is receiver-qualified; no serialized SymbolId or DocRecord is declared by this owner; interface metadata is verified by the separate metadata suite
claim:c76165af03df20e5abaf51e2	normal	builtin.Random	STDLIB	STABLE_1_0	N1-PUBLIC-6f9e7800d1752681a405ea0d	NORMATIVE_STABLE_PROFILE	Explicit SplitMix64 v1 state, no entropy capability; native finite-domain distributions and categorical Float Vector weights; nonnegative Int uniform; shuffle of unique local mutable Int Slice at most 64 lanes; lexical creation/release provenance, separate descriptor/payload frames; sample of Int Vector/local Slice returns canonical List with 0..16 entries; independent seed/value/order oracles and rejected effectful interpolation; no whole-source report
claim:c8b14da9317fa2ae62e9ca17	Error	std.core	PRELUDE	STABLE_1_0	N1-PUBLIC-2979ce3ee94170040c455274	NORMATIVE_STABLE_PROFILE	Actual edition-owned prelude SymbolId and unique stdlib owner; CLI metadata checked against the local .ni interface and independent FNV identity. Runtime profile is the cited source case family. Iterator/IntoIterator dispatch is bounded Range iteration, not a standalone cursor constructor or arbitrary iterator implementation. Ord reuses the existing comparable capability, with explicit Bool rejection. Native intrinsic profiles are not promoted to arbitrary generic APIs.
claim:c9361e0220afeeb004edb241	Chart	builtin.visual	EXCLUDED	EXCLUDED_1_0	N1-conformance-and-consumption	PRESERVED_NON_STABLE_BOUNDARY	Spelling alias only; inspect every qualified declaration: g018-declaration:Chart.line(series); g018-declaration:Chart.scatter(points); g018-declaration:Chart.bar(categories, values); g018-declaration:Chart.histogram(values, bins)
claim:ca00b7de3e6e77425c82a097	randomized	builtin	STDLIB	STABLE_1_0	N1-PUBLIC-f5dcaa5196ad30af4c30b6c1	NORMATIVE_STABLE_PROFILE	Spelling alias for g008-public:hash.randomized; no additional API counted; preserve qualified profile limits; native intrinsic identity is receiver-qualified; no serialized SymbolId or DocRecord is declared by this owner; interface metadata is verified by the separate metadata suite
claim:cb16a44ffa95d8c361d0c0c8	at	builtin.Vector	DOMAIN_PACK	STABLE_1_0	N1-PUBLIC-e7cfbd6f9e922f0365b4ede0	NORMATIVE_STABLE_PROFILE	Actual Int64/binary64 vector lanes; extent 1..64; typed filled/literal constructors; native vector algorithms and separate owned frames; exact shape/type checks; constant index bounds and dynamic native checks; linked scalar spills preserve RHS allocations; no whole-source report; native registry identity and runtime profile are explicit; serialized interface metadata is verified by the separate metadata suite
claim:cc1d47dce2d484b84f04478a	Text.equals	builtin	STDLIB	STABLE_1_0	N1-PUBLIC-8353a2449d1aa350d2730694	NORMATIVE_STABLE_PROFILE	equals(Text); byte-exact; O(n); ; borrowed immutable receiver and argument; public UTF-8 descriptor bridge and distinct bounded function storage; native intrinsic identity is receiver-qualified; no serialized SymbolId or DocRecord is declared by this owner; interface metadata is verified by the separate metadata suite
claim:cdd6f35f0cce52bc9393194b	contiguous	builtin.Tensor	DOMAIN_PACK	EXPERIMENTAL	N1-conformance-and-consumption	PRESERVED_NON_STABLE_BOUNDARY	Actual Bool/Int64/binary64 operands and native rank/shape/stride/root descriptors; Bool storage is packed bytes; CPU rank 0..6 and 4096 elements; Int construction/arithmetic retains C12 rank 0..3, dimensions 0..8 and 64 elements; index tensors from argMax retain full result geometry. Shape inputs are constant Int Tuples or material Int Vectors. fromBuffer copies exact typed Int/Float Vector, live Int Slice or checked 0/1 Bytes for Bool. Float selection uses equal shapes or explicit broadcastTo; map uses a typed noncapturing Float function and preserves ordered effects. Float reductions reject empty/nonfinite inputs and invalid axes; first argMax tie. Structural methods compose native owners; peers are 1..6 immutable Tensor names in a Tuple, split takes 1..6 exact sizes, padding has two entries per axis. Readonly function borrows and caller-owned result copies preserve lifetimes. Every cited oracle executes real source, including negatives and bounded-domain failures.
claim:cdf7651cb0c39fe2c1c7041e	field	builtin	STDLIB	STABLE_1_0	N1-PUBLIC-d5bb97103e50a88690593e95	NORMATIVE_STABLE_PROFILE	Spelling alias for g010-public:Schema.field; no additional API counted; preserve qualified profile limits; native intrinsic identity is receiver-qualified; no serialized SymbolId or DocRecord is declared by this owner; interface metadata is verified by the separate metadata suite
claim:ce545f606b61e12a4dfa91de	iterationOrder	builtin	STDLIB	STABLE_1_0	N1-PUBLIC-59a6da4f63eddad53b340835	NORMATIVE_STABLE_PROFILE	Spelling alias for g008-public:Dict.iterationOrder; no additional API counted; preserve qualified profile limits; native intrinsic identity is receiver-qualified; no serialized SymbolId or DocRecord is declared by this owner; interface metadata is verified by the separate metadata suite
claim:ce58a02fc4cc1d6cdeeaf444	title	builtin.visual	DOMAIN_PACK	STABLE_1_0	N1-PUBLIC-578ca400f6ab7dd4317b3f7b	NORMATIVE_STABLE_PROFILE	Spelling alias only; inspect every qualified declaration: g018-declaration:console.title(text); g018-declaration:chart.title(text)
claim:cea73b106af8283c756c7888	on	builtin.visual	EXCLUDED	EXCLUDED_1_0	N1-conformance-and-consumption	PRESERVED_NON_STABLE_BOUNDARY	Spelling alias only; inspect every qualified declaration: g018-declaration:widget.on(event, handler)
claim:cf0163f1d9536e519c18869b	sum	builtin.Vector	DOMAIN_PACK	STABLE_1_0	N1-PUBLIC-7ae7a24b25ad4bac171a9b3a	NORMATIVE_STABLE_PROFILE	Actual Int64/binary64 lanes, extent 1..64; checked Int sum, native compensated Float sum, explicit population/sample and linearType7 policies; 1536-byte caller workspace isolates conversion/quantile scratch; source values unchanged; native domain/overflow traps and NaN propagation are observed; no source report or synthetic aggregate
claim:cfee2ec777861fbb23525021	shape	builtin.Tensor	DOMAIN_PACK	EXPERIMENTAL	N1-conformance-and-consumption	PRESERVED_NON_STABLE_BOUNDARY	Actual Bool/Int64/binary64 operands and native rank/shape/stride/root descriptors; Bool storage is packed bytes; CPU rank 0..6 and 4096 elements; Int construction/arithmetic retains C12 rank 0..3, dimensions 0..8 and 64 elements; index tensors from argMax retain full result geometry. Shape inputs are constant Int Tuples or material Int Vectors. fromBuffer copies exact typed Int/Float Vector, live Int Slice or checked 0/1 Bytes for Bool. Float selection uses equal shapes or explicit broadcastTo; map uses a typed noncapturing Float function and preserves ordered effects. Float reductions reject empty/nonfinite inputs and invalid axes; first argMax tie. Structural methods compose native owners; peers are 1..6 immutable Tensor names in a Tuple, split takes 1..6 exact sizes, padding has two entries per axis. Readonly function borrows and caller-owned result copies preserve lifetimes. Every cited oracle executes real source, including negatives and bounded-domain failures.
claim:d007c078c2c3e323f5cf3605	indexChoice	builtin.ScanPlan	STDLIB	STABLE_1_0	N1-PUBLIC-2368d39f043b7711f260ef56	NORMATIVE_STABLE_PROFILE	Contextual alias for g170-scan:indexChoice; public typed source proof replaces the historical seed/probe evidence. Preserve the qualified row bounds; no separate global option or live capability is claimed.
claim:d04c96e1652ec9dcbde68102	sum	builtin.Tensor	DOMAIN_PACK	EXPERIMENTAL	N1-conformance-and-consumption	PRESERVED_NON_STABLE_BOUNDARY	Actual Bool/Int64/binary64 operands and native rank/shape/stride/root descriptors; Bool storage is packed bytes; CPU rank 0..6 and 4096 elements; Int construction/arithmetic retains C12 rank 0..3, dimensions 0..8 and 64 elements; index tensors from argMax retain full result geometry. Shape inputs are constant Int Tuples or material Int Vectors. fromBuffer copies exact typed Int/Float Vector, live Int Slice or checked 0/1 Bytes for Bool. Float selection uses equal shapes or explicit broadcastTo; map uses a typed noncapturing Float function and preserves ordered effects. Float reductions reject empty/nonfinite inputs and invalid axes; first argMax tie. Structural methods compose native owners; peers are 1..6 immutable Tensor names in a Tuple, split takes 1..6 exact sizes, padding has two entries per axis. Readonly function borrows and caller-owned result copies preserve lifetimes. Every cited oracle executes real source, including negatives and bounded-domain failures.
claim:d0b6a8b8b001e330f31420ef	dotFlattened	builtin.Matrix	DOMAIN_PACK	EXPERIMENTAL	N1-conformance-and-consumption	PRESERVED_NON_STABLE_BOUNDARY	Canonical native descriptor, actual Int64 (dimensions 0..8) / binary64 (0..64) operands; independent owned results and root-provenance views; row-major fromBuffer copies live Int Slice or typed Int/Float Vector, exact count/dtype and lexical release gates; native Float LU returns (compact factors, permutation), QR returns (thin Q, R), using existing Tuple projections; finite factorization dimensions at most 32 with singular/domain rejection; readonly Matrix parameter borrows and caller-owned hidden-result copies preserve lifetimes and ordered arguments; scalar calls reclaim temporaries; runtime-shaped axis Vectors reuse native Vector/statistics and Random consumers; checked Int axis sums publish atomically; no whole-source projection or fixed report
claim:d1068a15c3e074dda9a61dec	kind	builtin.visual	EXCLUDED	EXCLUDED_1_0	N1-conformance-and-consumption	PRESERVED_NON_STABLE_BOUNDARY	Spelling alias only; inspect every qualified declaration: g018-declaration:event.kind()
claim:d15089e6425bfd58b2ee1e3b	add	builtin.Tensor	DOMAIN_PACK	EXPERIMENTAL	N1-conformance-and-consumption	PRESERVED_NON_STABLE_BOUNDARY	Actual Bool/Int64/binary64 operands and native rank/shape/stride/root descriptors; Bool storage is packed bytes; CPU rank 0..6 and 4096 elements; Int construction/arithmetic retains C12 rank 0..3, dimensions 0..8 and 64 elements; index tensors from argMax retain full result geometry. Shape inputs are constant Int Tuples or material Int Vectors. fromBuffer copies exact typed Int/Float Vector, live Int Slice or checked 0/1 Bytes for Bool. Float selection uses equal shapes or explicit broadcastTo; map uses a typed noncapturing Float function and preserves ordered effects. Float reductions reject empty/nonfinite inputs and invalid axes; first argMax tie. Structural methods compose native owners; peers are 1..6 immutable Tensor names in a Tuple, split takes 1..6 exact sizes, padding has two entries per axis. Readonly function borrows and caller-owned result copies preserve lifetimes. Every cited oracle executes real source, including negatives and bounded-domain failures.
claim:d1d386364763385ed98ce935	fromTables	builtin	STDLIB	STABLE_1_0	N1-PUBLIC-dedfdc0c797ca0b1f64d38b8	NORMATIVE_STABLE_PROFILE	Spelling alias for g010-public:Dataset.fromTables; no additional API counted; preserve qualified profile limits; native intrinsic identity is receiver-qualified; no serialized SymbolId or DocRecord is declared by this owner; interface metadata is verified by the separate metadata suite
claim:d2f39b129b1dd314fc858bd1	seed	builtin.Random	STDLIB	STABLE_1_0	N1-PUBLIC-01dbaf023fbcf45cc6e77545	NORMATIVE_STABLE_PROFILE	Explicit SplitMix64 v1 state, no entropy capability; native finite-domain distributions and categorical Float Vector weights; nonnegative Int uniform; shuffle of unique local mutable Int Slice at most 64 lanes; lexical creation/release provenance, separate descriptor/payload frames; sample of Int Vector/local Slice returns canonical List with 0..16 entries; independent seed/value/order oracles and rejected effectful interpolation; no whole-source report
claim:d31b675b1c30ee373abc69a1	style	builtin.visual	DOMAIN_PACK	STABLE_1_0	N1-PUBLIC-adf753b3bb206b47615cab2f	NORMATIVE_STABLE_PROFILE	Spelling alias only; inspect every qualified declaration: g018-declaration:console.style(range, style)
claim:d3c24d021fc9a718e02fe636	axis	builtin.visual	EXCLUDED	EXCLUDED_1_0	N1-conformance-and-consumption	PRESERVED_NON_STABLE_BOUNDARY	Spelling alias only; inspect every qualified declaration: g018-declaration:chart.axis(axis, options)
claim:d3d8d6de73194afe74a0a8de	window	builtin	STDLIB	STABLE_1_0	N1-PUBLIC-ffc869c515073d32e7e42575	NORMATIVE_STABLE_PROFILE	Spelling alias for g010-public:Stream.window; no additional API counted; preserve qualified profile limits; native intrinsic identity is receiver-qualified; no serialized SymbolId or DocRecord is declared by this owner; interface metadata is verified by the separate metadata suite
claim:d41dbfa820ee0843f5ee5bd4	Text.byteLength	builtin	STDLIB	STABLE_1_0	N1-PUBLIC-7d03e465f5660a0a97738b69	NORMATIVE_STABLE_PROFILE	byteLength(); O(1); MAX_TEXT_BYTES; ; borrowed immutable receiver; public UTF-8 descriptor bridge and distinct bounded function storage; native intrinsic identity is receiver-qualified; no serialized SymbolId or DocRecord is declared by this owner; interface metadata is verified by the separate metadata suite
claim:d44687ceab8f796e02bc5310	coalesce	builtin	STDLIB	STABLE_1_0	N1-PUBLIC-9ac895c95f6ac097ef275144	NORMATIVE_STABLE_PROFILE	Spelling alias for g010-public:Column.coalesce; no additional API counted; preserve qualified profile limits; native intrinsic identity is receiver-qualified; no serialized SymbolId or DocRecord is declared by this owner; interface metadata is verified by the separate metadata suite
claim:d4664ef38ce331e2e10af535	solve	builtin.Matrix	DOMAIN_PACK	EXPERIMENTAL	N1-conformance-and-consumption	PRESERVED_NON_STABLE_BOUNDARY	Canonical native descriptor, actual Int64 (dimensions 0..8) / binary64 (0..64) operands; independent owned results and root-provenance views; row-major fromBuffer copies live Int Slice or typed Int/Float Vector, exact count/dtype and lexical release gates; native Float LU returns (compact factors, permutation), QR returns (thin Q, R), using existing Tuple projections; finite factorization dimensions at most 32 with singular/domain rejection; readonly Matrix parameter borrows and caller-owned hidden-result copies preserve lifetimes and ordered arguments; scalar calls reclaim temporaries; runtime-shaped axis Vectors reuse native Vector/statistics and Random consumers; checked Int axis sums publish atomically; no whole-source projection or fixed report
claim:d57dab5c6bd296989b402a05	minStrength	builtin.ScanPlan	STDLIB	STABLE_1_0	N1-PUBLIC-78f145ab1b2f9e0bd35ab69e	NORMATIVE_STABLE_PROFILE	Contextual alias for g170-scan:minStrength; public typed source proof replaces the historical seed/probe evidence. Preserve the qualified row bounds; no separate global option or live capability is claimed.
claim:d5944006021423146a51ff73	Vector	builtin.Vector	DOMAIN_PACK	STABLE_1_0	N1-PUBLIC-6e3c5b75f2db947efa904d58	NORMATIVE_STABLE_PROFILE	Actual Int64/binary64 vector lanes; extent 1..64; typed filled/literal constructors; native vector algorithms and separate owned frames; exact shape/type checks; constant index bounds and dynamic native checks; linked scalar spills preserve RHS allocations; no whole-source report; native registry identity and runtime profile are explicit; serialized interface metadata is verified by the separate metadata suite
claim:d625462cb98de7afd1913ea7	indexOf	builtin	STDLIB	STABLE_1_0	N1-PUBLIC-2c73ebde79aec3e38d822b5c	NORMATIVE_STABLE_PROFILE	Spelling alias for g010-public:Schema.indexOf; no additional API counted; preserve qualified profile limits; native intrinsic identity is receiver-qualified; no serialized SymbolId or DocRecord is declared by this owner; interface metadata is verified by the separate metadata suite
claim:d785dbc264a12187d3df24c4	max	std.math	STDLIB	STABLE_1_0	N1-PUBLIC-4d4eab46ee0b948a613e430d	NORMATIVE_STABLE_PROFILE	Literal Int64/binary64 operands; at most 128 complete statements; independent arithmetic trace and return matrix
claim:d7e3b4d2a0621f233366f3a4	tan	std.math	STDLIB	STABLE_1_0	N1-PUBLIC-53984f432ac8dfe617d349c3	NORMATIVE_STABLE_PROFILE	Literal Int64/binary64 operands; at most 128 complete statements; independent arithmetic trace and return matrix
claim:d7f17cd593636cf4d2f40efc	Device	std.devices	DOMAIN_PACK	TARGET_GATED	N1-conformance-and-consumption	PRESERVED_NON_STABLE_BOUNDARY	The actual native GPU backend is NONE/UNAVAILABLE and context creation fails with BACKEND_UNSUPPORTED; compiler/sdk/g022_gpu.py explicitly has no authenticated physical GPU/driver. The experimental Device export does not promise a CPU-reference device as physical hardware. No physical device is opened or claimed as runtime coverage. Native owner SHA256=9e29cefae606e8e345393de2d648fb882cff620a5e7dc4f3891b3fe6a37d426c
claim:d868cfc43c050cbac67070fb	Text.equalsAsciiIgnoreCase	builtin	STDLIB	STABLE_1_0	N1-PUBLIC-58522659b358f29d4f405df6	NORMATIVE_STABLE_PROFILE	equalsAsciiIgnoreCase(Text); ASCII only; O(n); ; borrowed immutable receiver and argument; public UTF-8 descriptor bridge and distinct bounded function storage; native intrinsic identity is receiver-qualified; no serialized SymbolId or DocRecord is declared by this owner; interface metadata is verified by the separate metadata suite
claim:d87e5aa71b4e98274d214d47	median	builtin.Vector	DOMAIN_PACK	STABLE_1_0	N1-PUBLIC-78440ca81515bc72149ab339	NORMATIVE_STABLE_PROFILE	Actual Int64/binary64 lanes, extent 1..64; checked Int sum, native compensated Float sum, explicit population/sample and linearType7 policies; 1536-byte caller workspace isolates conversion/quantile scratch; source values unchanged; native domain/overflow traps and NaN propagation are observed; no source report or synthetic aggregate
claim:d9af5dbe5cd58b17c26c06a6	capacity	builtin	STDLIB	STABLE_1_0	N1-PUBLIC-1a11e4e0ce7103e12a5017ad	NORMATIVE_STABLE_PROFILE	Spelling alias for g008-public:Dict.capacity; no additional API counted; preserve qualified profile limits; native intrinsic identity is receiver-qualified; no serialized SymbolId or DocRecord is declared by this owner; interface metadata is verified by the separate metadata suite
claim:da20bfa83f48811c625e1146	clear	builtin.visual	DOMAIN_PACK	STABLE_1_0	N1-PUBLIC-f5ba79b0421e9cbf01dbff2a	NORMATIVE_STABLE_PROFILE	Spelling alias only; inspect every qualified declaration: g018-declaration:console.clear(); g018-declaration:canvas.clear(color)
claim:dab9d08c0346a6a395720dae	mock	builtin.ScanPlan	STDLIB	STABLE_1_0	N1-PUBLIC-c68afd5b8129ed1d60d05c86	NORMATIVE_STABLE_PROFILE	Contextual alias for g170-scan:mock; public typed source proof replaces the historical seed/probe evidence. Preserve the qualified row bounds; no separate global option or live capability is claimed.
claim:dca093f988973a0a07cdd72b	dijkstra	builtin	STDLIB	STABLE_1_0	N1-PUBLIC-459647e7a64c9eb25c96f6e5	NORMATIVE_STABLE_PROFILE	Spelling alias for g009-public:Graph.dijkstra; no additional API counted; preserve qualified profile limits; native intrinsic identity is receiver-qualified; no serialized SymbolId or DocRecord is declared by this owner; interface metadata is verified by the separate metadata suite
claim:dcf575bdd5c2a2b8f3a8eb1c	scatter	builtin.visual	EXCLUDED	EXCLUDED_1_0	N1-conformance-and-consumption	PRESERVED_NON_STABLE_BOUNDARY	Spelling alias only; inspect every qualified declaration: g018-declaration:Chart.scatter(points)
claim:ddd75188695701aa50db12fa	clamp	std.math	STDLIB	STABLE_1_0	N1-PUBLIC-030d65af32c91587755ef389	NORMATIVE_STABLE_PROFILE	Literal Int64/binary64 operands; at most 128 complete statements; independent arithmetic trace and return matrix
claim:de9488198c88a7f95371751a	Text.replaceAll	builtin	STDLIB	STABLE_1_0	N1-PUBLIC-08bb98b2e6a42bc992dd4ef3	NORMATIVE_STABLE_PROFILE	replaceAll(Text,Text); 4096 output bytes; non-overlapping; ; owned caller workspace; public UTF-8 descriptor bridge and distinct bounded function storage; native intrinsic identity is receiver-qualified; no serialized SymbolId or DocRecord is declared by this owner; interface metadata is verified by the separate metadata suite
claim:df4f0148b2440ecd656bf01f	connectedComponents	builtin	STDLIB	STABLE_1_0	N1-PUBLIC-473713f3e73483e249a1049a	NORMATIVE_STABLE_PROFILE	Spelling alias for g009-public:Graph.connectedComponents; no additional API counted; preserve qualified profile limits; native intrinsic identity is receiver-qualified; no serialized SymbolId or DocRecord is declared by this owner; interface metadata is verified by the separate metadata suite
claim:e1043152c29f090c6eeb1943	equals	builtin	STDLIB	STABLE_1_0	N1-PUBLIC-1316009d4034edcfd974d140	NORMATIVE_STABLE_PROFILE	Spelling alias for g008-public:Int.equals; no additional API counted; preserve qualified profile limits; native intrinsic identity is receiver-qualified; no serialized SymbolId or DocRecord is declared by this owner; interface metadata is verified by the separate metadata suite
claim:e1282f512e9258c2f1e099b7	addChild	builtin	STDLIB	STABLE_1_0	N1-PUBLIC-968454974d28c8031c5e693f	NORMATIVE_STABLE_PROFILE	Spelling alias for g009-public:Tree.addChild; no additional API counted; preserve qualified profile limits; native intrinsic identity is receiver-qualified; no serialized SymbolId or DocRecord is declared by this owner; interface metadata is verified by the separate metadata suite
claim:e15da49ba928c94d5643b708	min	std.math	STDLIB	STABLE_1_0	N1-PUBLIC-1d86b587e2f8948f466bd888	NORMATIVE_STABLE_PROFILE	Literal Int64/binary64 operands; at most 128 complete statements; independent arithmetic trace and return matrix
claim:e1694ab28375fdf523789369	Table	builtin	STDLIB	STABLE_1_0	N1-PUBLIC-c2c276f46656f941ebb10145	NORMATIVE_STABLE_PROFILE	Spelling alias for g010-public:Table.join,g010-public:Table.validate,g010-public:Table.invalidRows,g010-public:Table.groupBy,g010-public:Table.groupBy.next,g010-public:Table.groupBy.sink,g010-public:Table.fromColumns,g010-public:Table.rowCount,g010-public:Table.columnCount,g010-public:Table.select,g010-public:Table.filter,g010-public:Table.sortBy; no additional API counted; preserve qualified profile limits; native intrinsic identity is receiver-qualified; no serialized SymbolId or DocRecord is declared by this owner; interface metadata is verified by the separate metadata suite
claim:e1e12033665161272e214426	toTuple	builtin	STDLIB	STABLE_1_0	N1-PUBLIC-5f9b505e82a4a22e2ff794c9	NORMATIVE_STABLE_PROFILE	Spelling alias for g010-public:Row.toTuple; no additional API counted; preserve qualified profile limits; native intrinsic identity is receiver-qualified; no serialized SymbolId or DocRecord is declared by this owner; interface metadata is verified by the separate metadata suite
claim:e21a03c4a4d252ce269a85bb	Text.normalizeWhitespace	builtin	STDLIB	STABLE_1_0	N1-PUBLIC-d5e2955054baf67c3f99c080	NORMATIVE_STABLE_PROFILE	normalizeWhitespace(); 4096 output bytes; ASCII whitespace; ; owned caller workspace; public UTF-8 descriptor bridge and distinct bounded function storage; native intrinsic identity is receiver-qualified; no serialized SymbolId or DocRecord is declared by this owner; interface metadata is verified by the separate metadata suite
claim:e28c6ed1f7608e0e538cd4e2	Text.normalizeNewlines	builtin	STDLIB	STABLE_1_0	N1-PUBLIC-0648b347872db6e4cc9b3897	NORMATIVE_STABLE_PROFILE	normalizeNewlines(); 4096 output bytes; CRLF/CR to LF; ; owned caller workspace; public UTF-8 descriptor bridge and distinct bounded function storage; native intrinsic identity is receiver-qualified; no serialized SymbolId or DocRecord is declared by this owner; interface metadata is verified by the separate metadata suite
claim:e2f8aa80437d021072f2d498	entries	builtin	STDLIB	STABLE_1_0	N1-PUBLIC-8ac1423d16bf585ff10a9e40	NORMATIVE_STABLE_PROFILE	Spelling alias for g008-public:Dict.entries; no additional API counted; preserve qualified profile limits; native intrinsic identity is receiver-qualified; no serialized SymbolId or DocRecord is declared by this owner; interface metadata is verified by the separate metadata suite
claim:e373f34ea6d115dc9edf77b3	confirmSecret	builtin.ScanPlan	STDLIB	STABLE_1_0	N1-PUBLIC-f13140bbd87f00f9721ee8db	NORMATIVE_STABLE_PROFILE	Contextual alias for g170-scan:confirmSecret; public typed source proof replaces the historical seed/probe evidence. Preserve the qualified row bounds; no separate global option or live capability is claimed.
claim:e3a8de44c8db1736ddaf18ce	isSquare	builtin.Matrix	DOMAIN_PACK	EXPERIMENTAL	N1-conformance-and-consumption	PRESERVED_NON_STABLE_BOUNDARY	Canonical native descriptor, actual Int64 (dimensions 0..8) / binary64 (0..64) operands; independent owned results and root-provenance views; row-major fromBuffer copies live Int Slice or typed Int/Float Vector, exact count/dtype and lexical release gates; native Float LU returns (compact factors, permutation), QR returns (thin Q, R), using existing Tuple projections; finite factorization dimensions at most 32 with singular/domain rejection; readonly Matrix parameter borrows and caller-owned hidden-result copies preserve lifetimes and ordered arguments; scalar calls reclaim temporaries; runtime-shaped axis Vectors reuse native Vector/statistics and Random consumers; checked Int axis sums publish atomically; no whole-source projection or fixed report
claim:e51b046dbfa30b7291fbad28	isInfinite	builtin.Float	CORE	STABLE_1_0	N1-PUBLIC-ebbb5cbaa9128cf282edd620	NORMATIVE_STABLE_PROFILE	Binary64 actual receiver and once-evaluated arguments; classifiers include IEEE subnormal/NaN/infinity/signed zero; explicit rounding modes restore caller control word; finite round magnitude <2^63; approxEquals preserves two source arguments with Vector<Float> tolerance [absolute,relative], exactly two lanes (runtime shape checked); nonnegative/non-NaN tolerances, identical infinities equal and distinct infinities unequal; Uncertain methods claim only exact typed operands; native registry identity and runtime profile are explicit; serialized interface metadata is verified by the separate metadata suite
claim:e664b92dda5c99ae936f11a7	round	builtin.Float	CORE	STABLE_1_0	N1-PUBLIC-18f0ec86930d0a201dc36535	NORMATIVE_STABLE_PROFILE	Binary64 actual receiver and once-evaluated arguments; classifiers include IEEE subnormal/NaN/infinity/signed zero; explicit rounding modes restore caller control word; finite round magnitude <2^63; approxEquals preserves two source arguments with Vector<Float> tolerance [absolute,relative], exactly two lanes (runtime shape checked); nonnegative/non-NaN tolerances, identical infinities equal and distinct infinities unequal; Uncertain methods claim only exact typed operands; native registry identity and runtime profile are explicit; serialized interface metadata is verified by the separate metadata suite
claim:e6f03d9025ad1fba7a3c50c7	storageId	builtin.Tensor	DOMAIN_PACK	EXPERIMENTAL	N1-conformance-and-consumption	PRESERVED_NON_STABLE_BOUNDARY	Actual Bool/Int64/binary64 operands and native rank/shape/stride/root descriptors; Bool storage is packed bytes; CPU rank 0..6 and 4096 elements; Int construction/arithmetic retains C12 rank 0..3, dimensions 0..8 and 64 elements; index tensors from argMax retain full result geometry. Shape inputs are constant Int Tuples or material Int Vectors. fromBuffer copies exact typed Int/Float Vector, live Int Slice or checked 0/1 Bytes for Bool. Float selection uses equal shapes or explicit broadcastTo; map uses a typed noncapturing Float function and preserves ordered effects. Float reductions reject empty/nonfinite inputs and invalid axes; first argMax tie. Structural methods compose native owners; peers are 1..6 immutable Tensor names in a Tuple, split takes 1..6 exact sizes, padding has two entries per axis. Readonly function borrows and caller-owned result copies preserve lifetimes. Every cited oracle executes real source, including negatives and bounded-domain failures.
claim:e7f93db4bceb04c0ad2147b4	breadthFirst	builtin	STDLIB	STABLE_1_0	N1-PUBLIC-1b3348c920fb0f7fb2c1569e	NORMATIVE_STABLE_PROFILE	Spelling alias for g009-public:Graph.breadthFirst; no additional API counted; preserve qualified profile limits; native intrinsic identity is receiver-qualified; no serialized SymbolId or DocRecord is declared by this owner; interface metadata is verified by the separate metadata suite
claim:e8149ff28098a7f2e0908db7	mask	builtin.ScanPlan	STDLIB	STABLE_1_0	N1-PUBLIC-b6f9e3ee885433daa0757966	NORMATIVE_STABLE_PROFILE	Contextual alias for g170-scan:mask; public typed source proof replaces the historical seed/probe evidence. Preserve the qualified row bounds; no separate global option or live capability is claimed.
claim:e9be758e3cbeade32a42f841	row	builtin.visual	EXCLUDED	EXCLUDED_1_0	N1-conformance-and-consumption	PRESERVED_NON_STABLE_BOUNDARY	Spelling alias only; inspect every qualified declaration: g018-declaration:Layout.row(children)
claim:ea1c3af532dae0be53acddcd	sin	std.math	STDLIB	STABLE_1_0	N1-PUBLIC-e6cffe71f40e9581e11cc286	NORMATIVE_STABLE_PROFILE	Literal Int64/binary64 operands; at most 128 complete statements; independent arithmetic trace and return matrix
claim:ea7a3a79b3cc7c4a89f71f6e	elementCount	builtin.Tensor	DOMAIN_PACK	EXPERIMENTAL	N1-conformance-and-consumption	PRESERVED_NON_STABLE_BOUNDARY	Actual Bool/Int64/binary64 operands and native rank/shape/stride/root descriptors; Bool storage is packed bytes; CPU rank 0..6 and 4096 elements; Int construction/arithmetic retains C12 rank 0..3, dimensions 0..8 and 64 elements; index tensors from argMax retain full result geometry. Shape inputs are constant Int Tuples or material Int Vectors. fromBuffer copies exact typed Int/Float Vector, live Int Slice or checked 0/1 Bytes for Bool. Float selection uses equal shapes or explicit broadcastTo; map uses a typed noncapturing Float function and preserves ordered effects. Float reductions reject empty/nonfinite inputs and invalid axes; first argMax tie. Structural methods compose native owners; peers are 1..6 immutable Tensor names in a Tuple, split takes 1..6 exact sizes, padding has two entries per axis. Readonly function borrows and caller-owned result copies preserve lifetimes. Every cited oracle executes real source, including negatives and bounded-domain failures.
claim:eac52e4a95d35b1330df17ef	new	builtin	STDLIB	STABLE_1_0	N1-PUBLIC-4839382e0102155bb8c0ab91	NORMATIVE_STABLE_PROFILE	Spelling alias for g008-public:Dict<Int,Int>.new,g008-public:Set<Int>.new,g008-public:Hasher.new; no additional API counted; preserve qualified profile limits; native intrinsic identity is receiver-qualified; no serialized SymbolId or DocRecord is declared by this owner; interface metadata is verified by the separate metadata suite
claim:ebc047cacea7df56097706f2	Regex	std.regex	STDLIB	STABLE_1_0	N1-PUBLIC-1377584979be2e237ceced3d	NORMATIVE_STABLE_PROFILE	Actual owned typed Regex.compile(pattern) with the current default options, Regex.escape(Text), and isMatch(Text), reusing native pattern_find rather than a Python runtime or fixed report. Initial public native profile is Unicode literal patterns and escaped punctuation only: 256 pattern bytes, 4096 text bytes, 65536 search steps. Regex metacharacter operators/captures and custom options are explicitly rejected in this source profile; the wider SDK model is not counted as native source coverage. Independent Python re search/escape oracles, two live values and explicit return variations are executed.
claim:ebc56343af6bbadff156dda5	project	builtin	STDLIB	STABLE_1_0	N1-PUBLIC-62077b509cce17098e5acb63	NORMATIVE_STABLE_PROFILE	Spelling alias for g010-public:Row.project; no additional API counted; preserve qualified profile limits; native intrinsic identity is receiver-qualified; no serialized SymbolId or DocRecord is declared by this owner; interface metadata is verified by the separate metadata suite
claim:ebca1d83f744c097e92b7ec3	textInput	builtin.visual	EXCLUDED	EXCLUDED_1_0	N1-conformance-and-consumption	PRESERVED_NON_STABLE_BOUNDARY	Spelling alias only; inspect every qualified declaration: g018-declaration:event.textInput()
claim:ec314620f2a192265d5e39d2	new	builtin.visual	EXCLUDED	EXCLUDED_1_0	N1-conformance-and-consumption	PRESERVED_NON_STABLE_BOUNDARY	Spelling alias only; inspect every qualified declaration: g018-declaration:Button.new(label); g018-declaration:TextInput.new(value); g018-declaration:Label.new(text)
claim:ec6979e772820bedad52b29f	Text.trimEnd	builtin	STDLIB	STABLE_1_0	N1-PUBLIC-6c82b3440ffac59c78afff4d	NORMATIVE_STABLE_PROFILE	trimEnd(); input bytes; ; borrowed view; public UTF-8 descriptor bridge and distinct bounded function storage; native intrinsic identity is receiver-qualified; no serialized SymbolId or DocRecord is declared by this owner; interface metadata is verified by the separate metadata suite
claim:ecf1a19f6e84236aeb8d2d52	dtype	builtin.Tensor	DOMAIN_PACK	EXPERIMENTAL	N1-conformance-and-consumption	PRESERVED_NON_STABLE_BOUNDARY	Actual Bool/Int64/binary64 operands and native rank/shape/stride/root descriptors; Bool storage is packed bytes; CPU rank 0..6 and 4096 elements; Int construction/arithmetic retains C12 rank 0..3, dimensions 0..8 and 64 elements; index tensors from argMax retain full result geometry. Shape inputs are constant Int Tuples or material Int Vectors. fromBuffer copies exact typed Int/Float Vector, live Int Slice or checked 0/1 Bytes for Bool. Float selection uses equal shapes or explicit broadcastTo; map uses a typed noncapturing Float function and preserves ordered effects. Float reductions reject empty/nonfinite inputs and invalid axes; first argMax tie. Structural methods compose native owners; peers are 1..6 immutable Tensor names in a Tuple, split takes 1..6 exact sizes, padding has two entries per axis. Readonly function borrows and caller-owned result copies preserve lifetimes. Every cited oracle executes real source, including negatives and bounded-domain failures.
claim:ed6761c74b27ad1b60f145eb	password	builtin.ScanPlan	STDLIB	STABLE_1_0	N1-PUBLIC-bb4ac35bd94c4e151f4e7f32	NORMATIVE_STABLE_PROFILE	Contextual alias for g170-scan:password; public typed source proof replaces the historical seed/probe evidence. Preserve the qualified row bounds; no separate global option or live capability is claimed.
claim:edba8deaca5346c91645f9ed	Range	std.core	PRELUDE	STABLE_1_0	N1-PUBLIC-6fb9d867fc6efd5c752f9c3b	NORMATIVE_STABLE_PROFILE	Actual edition-owned prelude SymbolId and unique stdlib owner; CLI metadata checked against the local .ni interface and independent FNV identity. Runtime profile is the cited source case family. Iterator/IntoIterator dispatch is bounded Range iteration, not a standalone cursor constructor or arbitrary iterator implementation. Ord reuses the existing comparable capability, with explicit Bool rejection. Native intrinsic profiles are not promoted to arbitrary generic APIs.
claim:edcd2d3b21e0c8e9efaef92d	Tensor	builtin.Tensor	DOMAIN_PACK	EXPERIMENTAL	N1-conformance-and-consumption	PRESERVED_NON_STABLE_BOUNDARY	Actual Bool/Int64/binary64 operands and native rank/shape/stride/root descriptors; Bool storage is packed bytes; CPU rank 0..6 and 4096 elements; Int construction/arithmetic retains C12 rank 0..3, dimensions 0..8 and 64 elements; index tensors from argMax retain full result geometry. Shape inputs are constant Int Tuples or material Int Vectors. fromBuffer copies exact typed Int/Float Vector, live Int Slice or checked 0/1 Bytes for Bool. Float selection uses equal shapes or explicit broadcastTo; map uses a typed noncapturing Float function and preserves ordered effects. Float reductions reject empty/nonfinite inputs and invalid axes; first argMax tie. Structural methods compose native owners; peers are 1..6 immutable Tensor names in a Tuple, split takes 1..6 exact sizes, padding has two entries per axis. Readonly function borrows and caller-owned result copies preserve lifetimes. Every cited oracle executes real source, including negatives and bounded-domain failures.
claim:ee65c8536fe60039f4a5f212	log	std.math	STDLIB	STABLE_1_0	N1-PUBLIC-882f4f2141230553560dd599	NORMATIVE_STABLE_PROFILE	Literal Int64/binary64 operands; at most 128 complete statements; independent arithmetic trace and return matrix
claim:ef117fcc0e9f03791231e0cf	sum	builtin	STDLIB	STABLE_1_0	N1-PUBLIC-428618ddadb1f897873f83fa	NORMATIVE_STABLE_PROFILE	Spelling alias for g010-public:Column.sum; no additional API counted; preserve qualified profile limits; native intrinsic identity is receiver-qualified; no serialized SymbolId or DocRecord is declared by this owner; interface metadata is verified by the separate metadata suite
claim:efa3beb45cb68277b395a2a8	exp	std.math	STDLIB	STABLE_1_0	N1-PUBLIC-65250a15ef24fdc8dd0ec4b9	NORMATIVE_STABLE_PROFILE	Literal Int64/binary64 operands; at most 128 complete statements; independent arithmetic trace and return matrix
claim:f0469eb8a7664220265b2c49	fromBuffer	builtin.Matrix	DOMAIN_PACK	EXPERIMENTAL	N1-conformance-and-consumption	PRESERVED_NON_STABLE_BOUNDARY	Canonical native descriptor, actual Int64 (dimensions 0..8) / binary64 (0..64) operands; independent owned results and root-provenance views; row-major fromBuffer copies live Int Slice or typed Int/Float Vector, exact count/dtype and lexical release gates; native Float LU returns (compact factors, permutation), QR returns (thin Q, R), using existing Tuple projections; finite factorization dimensions at most 32 with singular/domain rejection; readonly Matrix parameter borrows and caller-owned hidden-result copies preserve lifetimes and ordered arguments; scalar calls reclaim temporaries; runtime-shaped axis Vectors reuse native Vector/statistics and Random consumers; checked Int axis sums publish atomically; no whole-source projection or fixed report
claim:f0534e0199a23ffff138f91f	pad	builtin.Tensor	DOMAIN_PACK	EXPERIMENTAL	N1-conformance-and-consumption	PRESERVED_NON_STABLE_BOUNDARY	Actual Bool/Int64/binary64 operands and native rank/shape/stride/root descriptors; Bool storage is packed bytes; CPU rank 0..6 and 4096 elements; Int construction/arithmetic retains C12 rank 0..3, dimensions 0..8 and 64 elements; index tensors from argMax retain full result geometry. Shape inputs are constant Int Tuples or material Int Vectors. fromBuffer copies exact typed Int/Float Vector, live Int Slice or checked 0/1 Bytes for Bool. Float selection uses equal shapes or explicit broadcastTo; map uses a typed noncapturing Float function and preserves ordered effects. Float reductions reject empty/nonfinite inputs and invalid axes; first argMax tie. Structural methods compose native owners; peers are 1..6 immutable Tensor names in a Tuple, split takes 1..6 exact sizes, padding has two entries per axis. Readonly function borrows and caller-owned result copies preserve lifetimes. Every cited oracle executes real source, including negatives and bounded-domain failures.
claim:f0579b177e3fb61a2d0cdd03	replaceValue	builtin	STDLIB	STABLE_1_0	N1-PUBLIC-c3a57b408dda9dfac6dfa730	NORMATIVE_STABLE_PROFILE	Spelling alias for g009-public:Node.replaceValue; no additional API counted; preserve qualified profile limits; native intrinsic identity is receiver-qualified; no serialized SymbolId or DocRecord is declared by this owner; interface metadata is verified by the separate metadata suite
claim:f1e007d7a52ffd680296d966	matmul	builtin.Matrix	DOMAIN_PACK	EXPERIMENTAL	N1-conformance-and-consumption	PRESERVED_NON_STABLE_BOUNDARY	Canonical native descriptor, actual Int64 (dimensions 0..8) / binary64 (0..64) operands; independent owned results and root-provenance views; row-major fromBuffer copies live Int Slice or typed Int/Float Vector, exact count/dtype and lexical release gates; native Float LU returns (compact factors, permutation), QR returns (thin Q, R), using existing Tuple projections; finite factorization dimensions at most 32 with singular/domain rejection; readonly Matrix parameter borrows and caller-owned hidden-result copies preserve lifetimes and ordered arguments; scalar calls reclaim temporaries; runtime-shaped axis Vectors reuse native Vector/statistics and Random consumers; checked Int axis sums publish atomically; no whole-source projection or fixed report
claim:f1e533923a303ee5330a9950	axisSize	builtin.Tensor	DOMAIN_PACK	EXPERIMENTAL	N1-conformance-and-consumption	PRESERVED_NON_STABLE_BOUNDARY	Actual Bool/Int64/binary64 operands and native rank/shape/stride/root descriptors; Bool storage is packed bytes; CPU rank 0..6 and 4096 elements; Int construction/arithmetic retains C12 rank 0..3, dimensions 0..8 and 64 elements; index tensors from argMax retain full result geometry. Shape inputs are constant Int Tuples or material Int Vectors. fromBuffer copies exact typed Int/Float Vector, live Int Slice or checked 0/1 Bytes for Bool. Float selection uses equal shapes or explicit broadcastTo; map uses a typed noncapturing Float function and preserves ordered effects. Float reductions reject empty/nonfinite inputs and invalid axes; first argMax tie. Structural methods compose native owners; peers are 1..6 immutable Tensor names in a Tuple, split takes 1..6 exact sizes, padding has two entries per axis. Readonly function borrows and caller-owned result copies preserve lifetimes. Every cited oracle executes real source, including negatives and bounded-domain failures.
claim:f1f3aa4cde215a622900f030	filled	builtin.Vector	DOMAIN_PACK	STABLE_1_0	N1-PUBLIC-51d61e84ef84d142e5ed2f71	NORMATIVE_STABLE_PROFILE	Actual Int64/binary64 vector lanes; extent 1..64; typed filled/literal constructors; native vector algorithms and separate owned frames; exact shape/type checks; constant index bounds and dynamic native checks; linked scalar spills preserve RHS allocations; no whole-source report; native registry identity and runtime profile are explicit; serialized interface metadata is verified by the separate metadata suite
claim:f21e8f40ed63519f770b9251	field	builtin.ScanPlan	STDLIB	STABLE_1_0	N1-PUBLIC-85019085043659ddc57a58fd	NORMATIVE_STABLE_PROFILE	Contextual alias for g170-scan:field; public typed source proof replaces the historical seed/probe evidence. Preserve the qualified row bounds; no separate global option or live capability is claimed.
claim:f425eab0428f11f66e951d15	trace	builtin.Matrix	DOMAIN_PACK	EXPERIMENTAL	N1-conformance-and-consumption	PRESERVED_NON_STABLE_BOUNDARY	Canonical native descriptor, actual Int64 (dimensions 0..8) / binary64 (0..64) operands; independent owned results and root-provenance views; row-major fromBuffer copies live Int Slice or typed Int/Float Vector, exact count/dtype and lexical release gates; native Float LU returns (compact factors, permutation), QR returns (thin Q, R), using existing Tuple projections; finite factorization dimensions at most 32 with singular/domain rejection; readonly Matrix parameter borrows and caller-owned hidden-result copies preserve lifetimes and ordered arguments; scalar calls reclaim temporaries; runtime-shaped axis Vectors reuse native Vector/statistics and Random consumers; checked Int axis sums publish atomically; no whole-source projection or fixed report
claim:f575ae00aea7095cf6a87558	strides	builtin.Tensor	DOMAIN_PACK	EXPERIMENTAL	N1-conformance-and-consumption	PRESERVED_NON_STABLE_BOUNDARY	Actual Bool/Int64/binary64 operands and native rank/shape/stride/root descriptors; Bool storage is packed bytes; CPU rank 0..6 and 4096 elements; Int construction/arithmetic retains C12 rank 0..3, dimensions 0..8 and 64 elements; index tensors from argMax retain full result geometry. Shape inputs are constant Int Tuples or material Int Vectors. fromBuffer copies exact typed Int/Float Vector, live Int Slice or checked 0/1 Bytes for Bool. Float selection uses equal shapes or explicit broadcastTo; map uses a typed noncapturing Float function and preserves ordered effects. Float reductions reject empty/nonfinite inputs and invalid axes; first argMax tie. Structural methods compose native owners; peers are 1..6 immutable Tensor names in a Tuple, split takes 1..6 exact sizes, padding has two entries per axis. Readonly function borrows and caller-owned result copies preserve lifetimes. Every cited oracle executes real source, including negatives and bounded-domain failures.
claim:f59f6ee74909ea6781e03705	line	builtin.visual	EXCLUDED	EXCLUDED_1_0	N1-conformance-and-consumption	PRESERVED_NON_STABLE_BOUNDARY	Spelling alias only; inspect every qualified declaration: g018-declaration:canvas.line(from, to, paint); g018-declaration:Chart.line(series)
claim:f5e7ec639e82011bf56bb6ab	isFinite	builtin.Float	CORE	STABLE_1_0	N1-PUBLIC-452a283c0611d3a49de68df5	NORMATIVE_STABLE_PROFILE	Binary64 actual receiver and once-evaluated arguments; classifiers include IEEE subnormal/NaN/infinity/signed zero; explicit rounding modes restore caller control word; finite round magnitude <2^63; approxEquals preserves two source arguments with Vector<Float> tolerance [absolute,relative], exactly two lanes (runtime shape checked); nonnegative/non-NaN tolerances, identical infinities equal and distinct infinities unequal; Uncertain methods claim only exact typed operands; native registry identity and runtime profile are explicit; serialized interface metadata is verified by the separate metadata suite
claim:f63e75ad5095ebabf67198ad	Eq	std.core	PRELUDE	STABLE_1_0	N1-PUBLIC-48f497839164f3ad1ccb7250	NORMATIVE_STABLE_PROFILE	Actual edition-owned prelude SymbolId and unique stdlib owner; CLI metadata checked against the local .ni interface and independent FNV identity. Runtime profile is the cited source case family. Iterator/IntoIterator dispatch is bounded Range iteration, not a standalone cursor constructor or arbitrary iterator implementation. Ord reuses the existing comparable capability, with explicit Bool rejection. Native intrinsic profiles are not promoted to arbitrary generic APIs.
claim:f6db667ad6eb8d84d0a4c098	Ord	std.core	PRELUDE	STABLE_1_0	N1-PUBLIC-468139543624eabcffa6fdee	NORMATIVE_STABLE_PROFILE	Actual edition-owned prelude SymbolId and unique stdlib owner; CLI metadata checked against the local .ni interface and independent FNV identity. Runtime profile is the cited source case family. Iterator/IntoIterator dispatch is bounded Range iteration, not a standalone cursor constructor or arbitrary iterator implementation. Ord reuses the existing comparable capability, with explicit Bool rejection. Native intrinsic profiles are not promoted to arbitrary generic APIs.
claim:f6f3bdc4481d28e97276b5ee	parent	builtin	STDLIB	STABLE_1_0	N1-PUBLIC-63534d12481bd6ede534c8e0	NORMATIVE_STABLE_PROFILE	Spelling alias for g009-public:Tree.parent; no additional API counted; preserve qualified profile limits; native intrinsic identity is receiver-qualified; no serialized SymbolId or DocRecord is declared by this owner; interface metadata is verified by the separate metadata suite
claim:f751b8dd7f981c318eea9a3b	qr	builtin.Matrix	DOMAIN_PACK	EXPERIMENTAL	N1-conformance-and-consumption	PRESERVED_NON_STABLE_BOUNDARY	Canonical native descriptor, actual Int64 (dimensions 0..8) / binary64 (0..64) operands; independent owned results and root-provenance views; row-major fromBuffer copies live Int Slice or typed Int/Float Vector, exact count/dtype and lexical release gates; native Float LU returns (compact factors, permutation), QR returns (thin Q, R), using existing Tuple projections; finite factorization dimensions at most 32 with singular/domain rejection; readonly Matrix parameter borrows and caller-owned hidden-result copies preserve lifetimes and ordered arguments; scalar calls reclaim temporaries; runtime-shaped axis Vectors reuse native Vector/statistics and Random consumers; checked Int axis sums publish atomically; no whole-source projection or fixed report
claim:f7adc0185da65a7014d9fd8e	scan	builtin.ScanPlan	STDLIB	STABLE_1_0	N1-PUBLIC-1f1ac8e1c63e04699fb8a8b1	NORMATIVE_STABLE_PROFILE	Contextual alias for g170-scan:scan; public typed source proof replaces the historical seed/probe evidence. Preserve the qualified row bounds; no separate global option or live capability is claimed.
claim:f91d2749cc5cf8e1dd67cba1	present	builtin.visual	EXCLUDED	EXCLUDED_1_0	N1-conformance-and-consumption	PRESERVED_NON_STABLE_BOUNDARY	Spelling alias only; inspect every qualified declaration: g018-declaration:window.present(canvas)
claim:f9395df25b9ce0ac684c6a66	multiply	builtin.Tensor	DOMAIN_PACK	EXPERIMENTAL	N1-conformance-and-consumption	PRESERVED_NON_STABLE_BOUNDARY	Actual Bool/Int64/binary64 operands and native rank/shape/stride/root descriptors; Bool storage is packed bytes; CPU rank 0..6 and 4096 elements; Int construction/arithmetic retains C12 rank 0..3, dimensions 0..8 and 64 elements; index tensors from argMax retain full result geometry. Shape inputs are constant Int Tuples or material Int Vectors. fromBuffer copies exact typed Int/Float Vector, live Int Slice or checked 0/1 Bytes for Bool. Float selection uses equal shapes or explicit broadcastTo; map uses a typed noncapturing Float function and preserves ordered effects. Float reductions reject empty/nonfinite inputs and invalid axes; first argMax tie. Structural methods compose native owners; peers are 1..6 immutable Tensor names in a Tuple, split takes 1..6 exact sizes, padding has two entries per axis. Readonly function borrows and caller-owned result copies preserve lifetimes. Every cited oracle executes real source, including negatives and bounded-domain failures.
claim:f964af5f37200ef063a4f559	dropMissing	builtin	STDLIB	STABLE_1_0	N1-PUBLIC-d228915ff623266cf4ff328d	NORMATIVE_STABLE_PROFILE	Spelling alias for g010-public:Column.dropMissing; no additional API counted; preserve qualified profile limits; native intrinsic identity is receiver-qualified; no serialized SymbolId or DocRecord is declared by this owner; interface metadata is verified by the separate metadata suite
claim:f9aa11780a5d6e2053cc2d1f	enum	builtin.ScanPlan	STDLIB	STABLE_1_0	N1-PUBLIC-d62468f7262f939db2caa8b3	NORMATIVE_STABLE_PROFILE	Contextual alias for g170-scan:enum; public typed source proof replaces the historical seed/probe evidence. Preserve the qualified row bounds; no separate global option or live capability is claimed.
claim:f9b3d318db7f2dcf739e26fa	text	builtin.visual	EXCLUDED	EXCLUDED_1_0	N1-conformance-and-consumption	PRESERVED_NON_STABLE_BOUNDARY	Spelling alias only; inspect every qualified declaration: g018-declaration:canvas.text(text, position, font, paint)
claim:f9d361b4f62271e8a2dd6e6d	countMissing	builtin	STDLIB	STABLE_1_0	N1-PUBLIC-666132fa5bcc33bf183722ed	NORMATIVE_STABLE_PROFILE	Spelling alias for g010-public:Column.countMissing; no additional API counted; preserve qualified profile limits; native intrinsic identity is receiver-qualified; no serialized SymbolId or DocRecord is declared by this owner; interface metadata is verified by the separate metadata suite
claim:fb586a453cf389e6ca5ed7ed	console	std.console	PRELUDE	STABLE_1_0	N1-PUBLIC-6f6fe376d363a8d469dc7541	NORMATIVE_STABLE_PROFILE	Actual edition-owned prelude SymbolId and unique stdlib owner; CLI metadata checked against the local .ni interface and independent FNV identity. Runtime profile is the cited source case family. Iterator/IntoIterator dispatch is bounded Range iteration, not a standalone cursor constructor or arbitrary iterator implementation. Ord reuses the existing comparable capability, with explicit Bool rejection. Native intrinsic profiles are not promoted to arbitrary generic APIs.
claim:fdc16e93d3b89cd08b34b44b	values	builtin	STDLIB	STABLE_1_0	N1-PUBLIC-eed3021c201d93e268042832	NORMATIVE_STABLE_PROFILE	Spelling alias for g008-public:Dict.values; no additional API counted; preserve qualified profile limits; native intrinsic identity is receiver-qualified; no serialized SymbolId or DocRecord is declared by this owner; interface metadata is verified by the separate metadata suite
claim:fe3e9e19a3b6697bf30c3745	min	builtin.Matrix	DOMAIN_PACK	EXPERIMENTAL	N1-conformance-and-consumption	PRESERVED_NON_STABLE_BOUNDARY	Canonical native descriptor, actual Int64 (dimensions 0..8) / binary64 (0..64) operands; independent owned results and root-provenance views; row-major fromBuffer copies live Int Slice or typed Int/Float Vector, exact count/dtype and lexical release gates; native Float LU returns (compact factors, permutation), QR returns (thin Q, R), using existing Tuple projections; finite factorization dimensions at most 32 with singular/domain rejection; readonly Matrix parameter borrows and caller-owned hidden-result copies preserve lifetimes and ordered arguments; scalar calls reclaim temporaries; runtime-shaped axis Vectors reuse native Vector/statistics and Random consumers; checked Int axis sums publish atomically; no whole-source projection or fixed report
claim:fe608d3195a9d10f99232fc9	Text.takeBytes	builtin	STDLIB	STABLE_1_0	N1-PUBLIC-9483bfcc14982b8f9a280c9c	NORMATIVE_STABLE_PROFILE	takeBytes(Int); non-negative; saturates at byte length; ; borrowed view; public UTF-8 descriptor bridge and distinct bounded function storage; native intrinsic identity is receiver-qualified; no serialized SymbolId or DocRecord is declared by this owner; interface metadata is verified by the separate metadata suite
claim:feb47573c015bf6f3f8c20fb	Text.contains	builtin	STDLIB	STABLE_1_0	N1-PUBLIC-cae12dd8a398fd9388f6c492	NORMATIVE_STABLE_PROFILE	contains(Text); literal bytes; O((n-m+1)m); ; borrowed immutable receiver and argument; public UTF-8 descriptor bridge and distinct bounded function storage; native intrinsic identity is receiver-qualified; no serialized SymbolId or DocRecord is declared by this owner; interface metadata is verified by the separate metadata suite
completion:Array:asSlice	asSlice	sdk.completion	INTERNAL_TOOLING	EXCLUDED_1_0	N1-conformance-and-consumption	PRESERVED_NON_STABLE_BOUNDARY	Array<T,N>.asSlice() -> Slice<T>
completion:Array:length	length	sdk.completion	INTERNAL_TOOLING	EXCLUDED_1_0	N1-conformance-and-consumption	PRESERVED_NON_STABLE_BOUNDARY	Array<T,N>.length() -> Int
completion:Dict:clear	clear	sdk.completion	INTERNAL_TOOLING	EXCLUDED_1_0	N1-conformance-and-consumption	PRESERVED_NON_STABLE_BOUNDARY	Dict<K,V>.clear() -> Unit
completion:Dict:containsKey	containsKey	sdk.completion	INTERNAL_TOOLING	EXCLUDED_1_0	N1-conformance-and-consumption	PRESERVED_NON_STABLE_BOUNDARY	Dict<K,V>.containsKey(key: K) -> Bool
completion:Dict:get	get	sdk.completion	INTERNAL_TOOLING	EXCLUDED_1_0	N1-conformance-and-consumption	PRESERVED_NON_STABLE_BOUNDARY	Dict<K,V>.get(key: K) -> Option<V>
completion:Dict:getMutable	getMutable	sdk.completion	INTERNAL_TOOLING	EXCLUDED_1_0	N1-conformance-and-consumption	PRESERVED_NON_STABLE_BOUNDARY	Dict<K,V>.getMutable(key: K) -> Option<&mut V>
completion:Dict:insert	insert	sdk.completion	INTERNAL_TOOLING	EXCLUDED_1_0	N1-conformance-and-consumption	PRESERVED_NON_STABLE_BOUNDARY	Dict<K,V>.insert(key: K, value: V) -> Option<V>
completion:Dict:length	length	sdk.completion	INTERNAL_TOOLING	EXCLUDED_1_0	N1-conformance-and-consumption	PRESERVED_NON_STABLE_BOUNDARY	Dict<K,V>.length() -> Int
completion:Dict:remove	remove	sdk.completion	INTERNAL_TOOLING	EXCLUDED_1_0	N1-conformance-and-consumption	PRESERVED_NON_STABLE_BOUNDARY	Dict<K,V>.remove(key: K) -> Option<V>
completion:Global:break	break	sdk.completion	INTERNAL_TOOLING	EXCLUDED_1_0	N1-conformance-and-consumption	PRESERVED_NON_STABLE_BOUNDARY	break
completion:Global:console	console	sdk.completion	INTERNAL_TOOLING	EXCLUDED_1_0	N1-conformance-and-consumption	PRESERVED_NON_STABLE_BOUNDARY	console(value)
completion:Global:continue	continue	sdk.completion	INTERNAL_TOOLING	EXCLUDED_1_0	N1-conformance-and-consumption	PRESERVED_NON_STABLE_BOUNDARY	continue
completion:Global:else	else	sdk.completion	INTERNAL_TOOLING	EXCLUDED_1_0	N1-conformance-and-consumption	PRESERVED_NON_STABLE_BOUNDARY	else
completion:Global:false	false	sdk.completion	INTERNAL_TOOLING	EXCLUDED_1_0	N1-conformance-and-consumption	PRESERVED_NON_STABLE_BOUNDARY	Bool.false
completion:Global:for	for	sdk.completion	INTERNAL_TOOLING	EXCLUDED_1_0	N1-conformance-and-consumption	PRESERVED_NON_STABLE_BOUNDARY	for item in values
completion:Global:if	if	sdk.completion	INTERNAL_TOOLING	EXCLUDED_1_0	N1-conformance-and-consumption	PRESERVED_NON_STABLE_BOUNDARY	if condition
completion:Global:in	in	sdk.completion	INTERNAL_TOOLING	EXCLUDED_1_0	N1-conformance-and-consumption	PRESERVED_NON_STABLE_BOUNDARY	in
completion:Global:loop	loop	sdk.completion	INTERNAL_TOOLING	EXCLUDED_1_0	N1-conformance-and-consumption	PRESERVED_NON_STABLE_BOUNDARY	loop
completion:Global:return	return	sdk.completion	INTERNAL_TOOLING	EXCLUDED_1_0	N1-conformance-and-consumption	PRESERVED_NON_STABLE_BOUNDARY	return
completion:Global:scan	scan	sdk.completion	INTERNAL_TOOLING	EXCLUDED_1_0	N1-conformance-and-consumption	PRESERVED_NON_STABLE_BOUNDARY	scan() -> Text
completion:Global:start	start	sdk.completion	INTERNAL_TOOLING	EXCLUDED_1_0	N1-conformance-and-consumption	PRESERVED_NON_STABLE_BOUNDARY	start()
completion:Global:true	true	sdk.completion	INTERNAL_TOOLING	EXCLUDED_1_0	N1-conformance-and-consumption	PRESERVED_NON_STABLE_BOUNDARY	Bool.true
completion:Global:while	while	sdk.completion	INTERNAL_TOOLING	EXCLUDED_1_0	N1-conformance-and-consumption	PRESERVED_NON_STABLE_BOUNDARY	while condition
completion:List:clear	clear	sdk.completion	INTERNAL_TOOLING	EXCLUDED_1_0	N1-conformance-and-consumption	PRESERVED_NON_STABLE_BOUNDARY	List<T>.clear() -> Unit
completion:List:get	get	sdk.completion	INTERNAL_TOOLING	EXCLUDED_1_0	N1-conformance-and-consumption	PRESERVED_NON_STABLE_BOUNDARY	List<T>.get(index: Int) -> Option<T>
completion:List:length	length	sdk.completion	INTERNAL_TOOLING	EXCLUDED_1_0	N1-conformance-and-consumption	PRESERVED_NON_STABLE_BOUNDARY	List<T>.length() -> Int
completion:List:pop	pop	sdk.completion	INTERNAL_TOOLING	EXCLUDED_1_0	N1-conformance-and-consumption	PRESERVED_NON_STABLE_BOUNDARY	List<T>.pop() -> Option<T>
completion:List:push	push	sdk.completion	INTERNAL_TOOLING	EXCLUDED_1_0	N1-conformance-and-consumption	PRESERVED_NON_STABLE_BOUNDARY	List<T>.push(value: T) -> Unit
completion:List:swapRemove	swapRemove	sdk.completion	INTERNAL_TOOLING	EXCLUDED_1_0	N1-conformance-and-consumption	PRESERVED_NON_STABLE_BOUNDARY	List<T>.swapRemove(index: Int) -> T
completion:Matrix:add	add	sdk.completion	INTERNAL_TOOLING	EXCLUDED_1_0	N1-conformance-and-consumption	PRESERVED_NON_STABLE_BOUNDARY	Matrix<T>.add(other: Matrix<T>) -> Matrix<T>
completion:Matrix:at	at	sdk.completion	INTERNAL_TOOLING	EXCLUDED_1_0	N1-conformance-and-consumption	PRESERVED_NON_STABLE_BOUNDARY	Matrix<T>.at(row: Int, column: Int) -> T
completion:Matrix:column	column	sdk.completion	INTERNAL_TOOLING	EXCLUDED_1_0	N1-conformance-and-consumption	PRESERVED_NON_STABLE_BOUNDARY	Matrix<T>.column(index: Int) -> VectorView<T>
completion:Matrix:columns	columns	sdk.completion	INTERNAL_TOOLING	EXCLUDED_1_0	N1-conformance-and-consumption	PRESERVED_NON_STABLE_BOUNDARY	Matrix<T>.columns() -> Int
completion:Matrix:contiguous	contiguous	sdk.completion	INTERNAL_TOOLING	EXCLUDED_1_0	N1-conformance-and-consumption	PRESERVED_NON_STABLE_BOUNDARY	MatrixView<T>.contiguous() -> Matrix<T>
completion:Matrix:matmul	matmul	sdk.completion	INTERNAL_TOOLING	EXCLUDED_1_0	N1-conformance-and-consumption	PRESERVED_NON_STABLE_BOUNDARY	Matrix<T>.matmul(other: Matrix<T>) -> Matrix<T>
completion:Matrix:max	max	sdk.completion	INTERNAL_TOOLING	EXCLUDED_1_0	N1-conformance-and-consumption	PRESERVED_NON_STABLE_BOUNDARY	Matrix<T>.max() -> T
completion:Matrix:min	min	sdk.completion	INTERNAL_TOOLING	EXCLUDED_1_0	N1-conformance-and-consumption	PRESERVED_NON_STABLE_BOUNDARY	Matrix<T>.min() -> T
completion:Matrix:row	row	sdk.completion	INTERNAL_TOOLING	EXCLUDED_1_0	N1-conformance-and-consumption	PRESERVED_NON_STABLE_BOUNDARY	Matrix<T>.row(index: Int) -> VectorView<T>
completion:Matrix:rows	rows	sdk.completion	INTERNAL_TOOLING	EXCLUDED_1_0	N1-conformance-and-consumption	PRESERVED_NON_STABLE_BOUNDARY	Matrix<T>.rows() -> Int
completion:Matrix:set	set	sdk.completion	INTERNAL_TOOLING	EXCLUDED_1_0	N1-conformance-and-consumption	PRESERVED_NON_STABLE_BOUNDARY	Matrix<T>.set(row: Int, column: Int, value: T) -> Matrix<T>
completion:Matrix:sum	sum	sdk.completion	INTERNAL_TOOLING	EXCLUDED_1_0	N1-conformance-and-consumption	PRESERVED_NON_STABLE_BOUNDARY	Matrix<T>.sum() -> T
completion:Matrix:transposeView	transposeView	sdk.completion	INTERNAL_TOOLING	EXCLUDED_1_0	N1-conformance-and-consumption	PRESERVED_NON_STABLE_BOUNDARY	Matrix<T>.transposeView() -> MatrixView<T>
completion:Text:byteLength	byteLength	sdk.completion	INTERNAL_TOOLING	EXCLUDED_1_0	N1-conformance-and-consumption	PRESERVED_NON_STABLE_BOUNDARY	Text.byteLength() -> Int
completion:Text:codepointCount	codepointCount	sdk.completion	INTERNAL_TOOLING	EXCLUDED_1_0	N1-conformance-and-consumption	PRESERVED_NON_STABLE_BOUNDARY	Text.codepointCount() -> Int
completion:Text:contains	contains	sdk.completion	INTERNAL_TOOLING	EXCLUDED_1_0	N1-conformance-and-consumption	PRESERVED_NON_STABLE_BOUNDARY	Text.contains(needle: Text) -> Bool
completion:Text:endsWith	endsWith	sdk.completion	INTERNAL_TOOLING	EXCLUDED_1_0	N1-conformance-and-consumption	PRESERVED_NON_STABLE_BOUNDARY	Text.endsWith(suffix: Text) -> Bool
completion:Text:isEmpty	isEmpty	sdk.completion	INTERNAL_TOOLING	EXCLUDED_1_0	N1-conformance-and-consumption	PRESERVED_NON_STABLE_BOUNDARY	Text.isEmpty() -> Bool
completion:Text:lower	lower	sdk.completion	INTERNAL_TOOLING	EXCLUDED_1_0	N1-conformance-and-consumption	PRESERVED_NON_STABLE_BOUNDARY	Text.lower() -> Text
completion:Text:split	split	sdk.completion	INTERNAL_TOOLING	EXCLUDED_1_0	N1-conformance-and-consumption	PRESERVED_NON_STABLE_BOUNDARY	Text.split(separator: Text) -> List<Text>
completion:Text:startsWith	startsWith	sdk.completion	INTERNAL_TOOLING	EXCLUDED_1_0	N1-conformance-and-consumption	PRESERVED_NON_STABLE_BOUNDARY	Text.startsWith(prefix: Text) -> Bool
completion:Text:trim	trim	sdk.completion	INTERNAL_TOOLING	EXCLUDED_1_0	N1-conformance-and-consumption	PRESERVED_NON_STABLE_BOUNDARY	Text.trim() -> Text
completion:Text:upper	upper	sdk.completion	INTERNAL_TOOLING	EXCLUDED_1_0	N1-conformance-and-consumption	PRESERVED_NON_STABLE_BOUNDARY	Text.upper() -> Text
g007-public:Deque.popBack	Deque.popBack	builtin	STDLIB	STABLE_1_0	N1-PUBLIC-3195e1f92eeabe0cb021c8c5	NORMATIVE_STABLE_PROFILE	Int64 elements; 16 live values; native List/Stack/ring storage and algorithms; typed callback bridges; native intrinsic identity is receiver-qualified; no serialized SymbolId or DocRecord is declared by this owner; interface metadata is verified by the separate metadata suite
g007-public:Deque.popFront	Deque.popFront	builtin	STDLIB	STABLE_1_0	N1-PUBLIC-78fdfbb807ab24237c3d6a79	NORMATIVE_STABLE_PROFILE	Int64 elements; 16 live values; native List/Stack/ring storage and algorithms; typed callback bridges; native intrinsic identity is receiver-qualified; no serialized SymbolId or DocRecord is declared by this owner; interface metadata is verified by the separate metadata suite
g007-public:Deque.pushBack	Deque.pushBack	builtin	STDLIB	STABLE_1_0	N1-PUBLIC-65c5d253ca0b922744fcfcc8	NORMATIVE_STABLE_PROFILE	Int64 elements; 16 live values; native List/Stack/ring storage and algorithms; typed callback bridges; native intrinsic identity is receiver-qualified; no serialized SymbolId or DocRecord is declared by this owner; interface metadata is verified by the separate metadata suite
g007-public:Deque.pushFront	Deque.pushFront	builtin	STDLIB	STABLE_1_0	N1-PUBLIC-beb9c62916e0f4b2d2b42904	NORMATIVE_STABLE_PROFILE	Int64 elements; 16 live values; native List/Stack/ring storage and algorithms; typed callback bridges; native intrinsic identity is receiver-qualified; no serialized SymbolId or DocRecord is declared by this owner; interface metadata is verified by the separate metadata suite
g007-public:List.at	List.at	builtin	STDLIB	STABLE_1_0	N1-PUBLIC-8b88ab6ed31ec0042835fdd9	NORMATIVE_STABLE_PROFILE	Int64 elements; 16 live values; native List/Stack/ring storage and algorithms; typed callback bridges; native intrinsic identity is receiver-qualified; no serialized SymbolId or DocRecord is declared by this owner; interface metadata is verified by the separate metadata suite
g007-public:List.capacity	List.capacity	builtin	STDLIB	STABLE_1_0	N1-PUBLIC-33dbc05a44f0ab6d4d45cf5f	NORMATIVE_STABLE_PROFILE	Int64 elements; 16 live values; native List/Stack/ring storage and algorithms; typed callback bridges; native intrinsic identity is receiver-qualified; no serialized SymbolId or DocRecord is declared by this owner; interface metadata is verified by the separate metadata suite
g007-public:List.contains	List.contains	builtin	STDLIB	STABLE_1_0	N1-PUBLIC-5f611fd51134cf40e6c57846	NORMATIVE_STABLE_PROFILE	Int64 elements; 16 live values; native List/Stack/ring storage and algorithms; typed callback bridges; native intrinsic identity is receiver-qualified; no serialized SymbolId or DocRecord is declared by this owner; interface metadata is verified by the separate metadata suite
g007-public:List.deduplicate	List.deduplicate	builtin	STDLIB	STABLE_1_0	N1-PUBLIC-243ffcaabe801f9a1280687e	NORMATIVE_STABLE_PROFILE	Int64 elements; 16 live values; native List/Stack/ring storage and algorithms; typed callback bridges; native intrinsic identity is receiver-qualified; no serialized SymbolId or DocRecord is declared by this owner; interface metadata is verified by the separate metadata suite
g007-public:List.filter	List.filter	builtin	STDLIB	STABLE_1_0	N1-PUBLIC-0388e2a11c6f951dd687cf72	NORMATIVE_STABLE_PROFILE	Int64 elements; 16 live values; native List/Stack/ring storage and algorithms; typed callback bridges; native intrinsic identity is receiver-qualified; no serialized SymbolId or DocRecord is declared by this owner; interface metadata is verified by the separate metadata suite
g007-public:List.find	List.find	builtin	STDLIB	STABLE_1_0	N1-PUBLIC-dd91862edc8ffdba537eec22	NORMATIVE_STABLE_PROFILE	Int64 elements; 16 live values; native List/Stack/ring storage and algorithms; typed callback bridges; native intrinsic identity is receiver-qualified; no serialized SymbolId or DocRecord is declared by this owner; interface metadata is verified by the separate metadata suite
g007-public:List.get	List.get	builtin	STDLIB	STABLE_1_0	N1-PUBLIC-6b2ee2fdbf8cd8a5d5413b71	NORMATIVE_STABLE_PROFILE	Int64 elements; 16 live values; native List/Stack/ring storage and algorithms; typed callback bridges; native intrinsic identity is receiver-qualified; no serialized SymbolId or DocRecord is declared by this owner; interface metadata is verified by the separate metadata suite
g007-public:List.insert	List.insert	builtin	STDLIB	STABLE_1_0	N1-PUBLIC-b41f11e0475cee0903cfbb78	NORMATIVE_STABLE_PROFILE	Int64 elements; 16 live values; native List/Stack/ring storage and algorithms; typed callback bridges; native intrinsic identity is receiver-qualified; no serialized SymbolId or DocRecord is declared by this owner; interface metadata is verified by the separate metadata suite
g007-public:List.length	List.length	builtin	STDLIB	STABLE_1_0	N1-PUBLIC-df17821a547b870f8a0f75ad	NORMATIVE_STABLE_PROFILE	Int64 elements; 16 live values; native List/Stack/ring storage and algorithms; typed callback bridges; native intrinsic identity is receiver-qualified; no serialized SymbolId or DocRecord is declared by this owner; interface metadata is verified by the separate metadata suite
g007-public:List.map	List.map	builtin	STDLIB	STABLE_1_0	N1-PUBLIC-bedc2c9777a4565efc643bd1	NORMATIVE_STABLE_PROFILE	Int64 elements; 16 live values; native List/Stack/ring storage and algorithms; typed callback bridges; native intrinsic identity is receiver-qualified; no serialized SymbolId or DocRecord is declared by this owner; interface metadata is verified by the separate metadata suite
g007-public:List.pop	List.pop	builtin	STDLIB	STABLE_1_0	N1-PUBLIC-b9eb39d9d696126fd64a5aa7	NORMATIVE_STABLE_PROFILE	Int64 elements; 16 live values; native List/Stack/ring storage and algorithms; typed callback bridges; native intrinsic identity is receiver-qualified; no serialized SymbolId or DocRecord is declared by this owner; interface metadata is verified by the separate metadata suite
g007-public:List.push	List.push	builtin	STDLIB	STABLE_1_0	N1-PUBLIC-d3ed66cd6cce48b3bcfbc78c	NORMATIVE_STABLE_PROFILE	Int64 elements; 16 live values; native List/Stack/ring storage and algorithms; typed callback bridges; native intrinsic identity is receiver-qualified; no serialized SymbolId or DocRecord is declared by this owner; interface metadata is verified by the separate metadata suite
g007-public:List.remove	List.remove	builtin	STDLIB	STABLE_1_0	N1-PUBLIC-86624278bd1a0a3c49919414	NORMATIVE_STABLE_PROFILE	Int64 elements; 16 live values; native List/Stack/ring storage and algorithms; typed callback bridges; native intrinsic identity is receiver-qualified; no serialized SymbolId or DocRecord is declared by this owner; interface metadata is verified by the separate metadata suite
g007-public:List.reserve	List.reserve	builtin	STDLIB	STABLE_1_0	N1-PUBLIC-916e02627334129511e48c11	NORMATIVE_STABLE_PROFILE	Int64 elements; 16 live values; native List/Stack/ring storage and algorithms; typed callback bridges; native intrinsic identity is receiver-qualified; no serialized SymbolId or DocRecord is declared by this owner; interface metadata is verified by the separate metadata suite
g007-public:List.retain	List.retain	builtin	STDLIB	STABLE_1_0	N1-PUBLIC-f2b90f2005cad2ffa41f6868	NORMATIVE_STABLE_PROFILE	Int64 elements; 16 live values; native List/Stack/ring storage and algorithms; typed callback bridges; native intrinsic identity is receiver-qualified; no serialized SymbolId or DocRecord is declared by this owner; interface metadata is verified by the separate metadata suite
g007-public:List.sort	List.sort	builtin	STDLIB	STABLE_1_0	N1-PUBLIC-be66105d554eff3c457bb2ca	NORMATIVE_STABLE_PROFILE	Int64 elements; 16 live values; native List/Stack/ring storage and algorithms; typed callback bridges; native intrinsic identity is receiver-qualified; no serialized SymbolId or DocRecord is declared by this owner; interface metadata is verified by the separate metadata suite
g007-public:List.swapRemove	List.swapRemove	builtin	STDLIB	STABLE_1_0	N1-PUBLIC-296c990dd884ab2b1f7a42ba	NORMATIVE_STABLE_PROFILE	Int64 elements; 16 live values; native List/Stack/ring storage and algorithms; typed callback bridges; native intrinsic identity is receiver-qualified; no serialized SymbolId or DocRecord is declared by this owner; interface metadata is verified by the separate metadata suite
g007-public:List<Int>.from	List<Int>.from	builtin	STDLIB	STABLE_1_0	N1-PUBLIC-7ebb967c64d89b597f57cea0	NORMATIVE_STABLE_PROFILE	Int64 elements; 16 live values; native List/Stack/ring storage and algorithms; typed callback bridges; native intrinsic identity is receiver-qualified; no serialized SymbolId or DocRecord is declared by this owner; interface metadata is verified by the separate metadata suite
g007-public:List<Int>.new	List<Int>.new	builtin	STDLIB	STABLE_1_0	N1-PUBLIC-0e836a172b1745477386f78f	NORMATIVE_STABLE_PROFILE	Int64 elements; 16 live values; native List/Stack/ring storage and algorithms; typed callback bridges; native intrinsic identity is receiver-qualified; no serialized SymbolId or DocRecord is declared by this owner; interface metadata is verified by the separate metadata suite
g007-public:List<Int>.withCapacity	List<Int>.withCapacity	builtin	STDLIB	STABLE_1_0	N1-PUBLIC-7d07b6ada16f4a03f54684c6	NORMATIVE_STABLE_PROFILE	Int64 elements; 16 live values; native List/Stack/ring storage and algorithms; typed callback bridges; native intrinsic identity is receiver-qualified; no serialized SymbolId or DocRecord is declared by this owner; interface metadata is verified by the separate metadata suite
g007-public:Queue.dequeue	Queue.dequeue	builtin	STDLIB	STABLE_1_0	N1-PUBLIC-efd62834a54e0a858ce5b3c2	NORMATIVE_STABLE_PROFILE	Int64 elements; 16 live values; native List/Stack/ring storage and algorithms; typed callback bridges; native intrinsic identity is receiver-qualified; no serialized SymbolId or DocRecord is declared by this owner; interface metadata is verified by the separate metadata suite
g007-public:Queue.enqueue	Queue.enqueue	builtin	STDLIB	STABLE_1_0	N1-PUBLIC-dc58e72924e36dd2b1738251	NORMATIVE_STABLE_PROFILE	Int64 elements; 16 live values; native List/Stack/ring storage and algorithms; typed callback bridges; native intrinsic identity is receiver-qualified; no serialized SymbolId or DocRecord is declared by this owner; interface metadata is verified by the separate metadata suite
g007-public:Queue.peek	Queue.peek	builtin	STDLIB	STABLE_1_0	N1-PUBLIC-e142be7cba630e00f0b9b055	NORMATIVE_STABLE_PROFILE	Int64 elements; 16 live values; native List/Stack/ring storage and algorithms; typed callback bridges; native intrinsic identity is receiver-qualified; no serialized SymbolId or DocRecord is declared by this owner; interface metadata is verified by the separate metadata suite
g007-public:Queue<Int>.new	Queue<Int>.new	builtin	STDLIB	STABLE_1_0	N1-PUBLIC-73f9dca55c1ab3d8adfd9bbf	NORMATIVE_STABLE_PROFILE	Int64 elements; 16 live values; native List/Stack/ring storage and algorithms; typed callback bridges; native intrinsic identity is receiver-qualified; no serialized SymbolId or DocRecord is declared by this owner; interface metadata is verified by the separate metadata suite
g007-public:Stack.clear	Stack.clear	builtin	STDLIB	STABLE_1_0	N1-PUBLIC-deec9384021e7826b31f1ac4	NORMATIVE_STABLE_PROFILE	Int64 elements; 16 live values; native List/Stack/ring storage and algorithms; typed callback bridges; native intrinsic identity is receiver-qualified; no serialized SymbolId or DocRecord is declared by this owner; interface metadata is verified by the separate metadata suite
g007-public:Stack.length	Stack.length	builtin	STDLIB	STABLE_1_0	N1-PUBLIC-b9941cab3c6941cffb7f29ab	NORMATIVE_STABLE_PROFILE	Int64 elements; 16 live values; native List/Stack/ring storage and algorithms; typed callback bridges; native intrinsic identity is receiver-qualified; no serialized SymbolId or DocRecord is declared by this owner; interface metadata is verified by the separate metadata suite
g007-public:Stack.peek	Stack.peek	builtin	STDLIB	STABLE_1_0	N1-PUBLIC-06ada69c06810341e8ba43da	NORMATIVE_STABLE_PROFILE	Int64 elements; 16 live values; native List/Stack/ring storage and algorithms; typed callback bridges; native intrinsic identity is receiver-qualified; no serialized SymbolId or DocRecord is declared by this owner; interface metadata is verified by the separate metadata suite
g007-public:Stack.pop	Stack.pop	builtin	STDLIB	STABLE_1_0	N1-PUBLIC-f9f5ec3fc590d508d2641a67	NORMATIVE_STABLE_PROFILE	Int64 elements; 16 live values; native List/Stack/ring storage and algorithms; typed callback bridges; native intrinsic identity is receiver-qualified; no serialized SymbolId or DocRecord is declared by this owner; interface metadata is verified by the separate metadata suite
g007-public:Stack.push	Stack.push	builtin	STDLIB	STABLE_1_0	N1-PUBLIC-fc1f062fa0b95383b7d09f7a	NORMATIVE_STABLE_PROFILE	Int64 elements; 16 live values; native List/Stack/ring storage and algorithms; typed callback bridges; native intrinsic identity is receiver-qualified; no serialized SymbolId or DocRecord is declared by this owner; interface metadata is verified by the separate metadata suite
g007-public:Stack<Int>.new	Stack<Int>.new	builtin	STDLIB	STABLE_1_0	N1-PUBLIC-b1d9963ae635e1bb4d1cc112	NORMATIVE_STABLE_PROFILE	Int64 elements; 16 live values; native List/Stack/ring storage and algorithms; typed callback bridges; native intrinsic identity is receiver-qualified; no serialized SymbolId or DocRecord is declared by this owner; interface metadata is verified by the separate metadata suite
g007-public:collection.iterator	collection.iterator	builtin	STDLIB	STABLE_1_0	N1-PUBLIC-446e680a45c939e03c4b7a56	NORMATIVE_STABLE_PROFILE	Int64 elements; 16 live values; native List/Stack/ring storage and algorithms; typed callback bridges; native intrinsic identity is receiver-qualified; no serialized SymbolId or DocRecord is declared by this owner; interface metadata is verified by the separate metadata suite
g007-public:collection.iteratorMutable	collection.iteratorMutable	builtin	STDLIB	STABLE_1_0	N1-PUBLIC-3b2deeec00f5f300a96b52fa	NORMATIVE_STABLE_PROFILE	Int64 elements; 16 live values; native List/Stack/ring storage and algorithms; typed callback bridges; native intrinsic identity is receiver-qualified; no serialized SymbolId or DocRecord is declared by this owner; interface metadata is verified by the separate metadata suite
g007-public:iterator.collect<List<Int>>	iterator.collect<List<Int>>	builtin	STDLIB	STABLE_1_0	N1-PUBLIC-4d14c3cf31d9e9acc959c51c	NORMATIVE_STABLE_PROFILE	Int64 elements; 16 live values; native List/Stack/ring storage and algorithms; typed callback bridges; native intrinsic identity is receiver-qualified; no serialized SymbolId or DocRecord is declared by this owner; interface metadata is verified by the separate metadata suite
g007-public:iterator.enumerate	iterator.enumerate	builtin	STDLIB	STABLE_1_0	N1-PUBLIC-4aa110c496a4cd76af2bc747	NORMATIVE_STABLE_PROFILE	Int64 elements; 16 live values; native List/Stack/ring storage and algorithms; typed callback bridges; native intrinsic identity is receiver-qualified; no serialized SymbolId or DocRecord is declared by this owner; interface metadata is verified by the separate metadata suite
g007-public:iterator.next	iterator.next	builtin	STDLIB	STABLE_1_0	N1-PUBLIC-7479bff2d658f450d778fa8a	NORMATIVE_STABLE_PROFILE	Int64 elements; 16 live values; native List/Stack/ring storage and algorithms; typed callback bridges; native intrinsic identity is receiver-qualified; no serialized SymbolId or DocRecord is declared by this owner; interface metadata is verified by the separate metadata suite
g007-public:iterator.skip	iterator.skip	builtin	STDLIB	STABLE_1_0	N1-PUBLIC-b9d8fe4689b5c1355d715d3f	NORMATIVE_STABLE_PROFILE	Int64 elements; 16 live values; native List/Stack/ring storage and algorithms; typed callback bridges; native intrinsic identity is receiver-qualified; no serialized SymbolId or DocRecord is declared by this owner; interface metadata is verified by the separate metadata suite
g007-public:iterator.take	iterator.take	builtin	STDLIB	STABLE_1_0	N1-PUBLIC-b493eed971b018964c44bc09	NORMATIVE_STABLE_PROFILE	Int64 elements; 16 live values; native List/Stack/ring storage and algorithms; typed callback bridges; native intrinsic identity is receiver-qualified; no serialized SymbolId or DocRecord is declared by this owner; interface metadata is verified by the separate metadata suite
g008-public:Dict.capacity	Dict.capacity	builtin	STDLIB	STABLE_1_0	N1-PUBLIC-0b172cc506be187a988e0398	NORMATIVE_STABLE_PROFILE	Int64 key/value; native capacity 8..64; caller storage; source runtime observations; native intrinsic identity is receiver-qualified; no serialized SymbolId or DocRecord is declared by this owner; interface metadata is verified by the separate metadata suite
g008-public:Dict.clear	Dict.clear	builtin	STDLIB	STABLE_1_0	N1-PUBLIC-e4856572206931e1dd14ec98	NORMATIVE_STABLE_PROFILE	Int64 key/value; native capacity 8..64; caller storage; source runtime observations; native intrinsic identity is receiver-qualified; no serialized SymbolId or DocRecord is declared by this owner; interface metadata is verified by the separate metadata suite
g008-public:Dict.collisionCount	Dict.collisionCount	builtin	STDLIB	STABLE_1_0	N1-PUBLIC-bc5996943bc2d948ac02c53d	NORMATIVE_STABLE_PROFILE	Int64 key/value; native capacity 8..64; caller storage; source runtime observations; native intrinsic identity is receiver-qualified; no serialized SymbolId or DocRecord is declared by this owner; interface metadata is verified by the separate metadata suite
g008-public:Dict.containsKey	Dict.containsKey	builtin	STDLIB	STABLE_1_0	N1-PUBLIC-e3f46ad907a7d21ccdec654b	NORMATIVE_STABLE_PROFILE	Int64 key/value; native capacity 8..64; caller storage; source runtime observations; native intrinsic identity is receiver-qualified; no serialized SymbolId or DocRecord is declared by this owner; interface metadata is verified by the separate metadata suite
g008-public:Dict.entries	Dict.entries	builtin	STDLIB	STABLE_1_0	N1-PUBLIC-d91ac71dbe85402cdfb3c34d	NORMATIVE_STABLE_PROFILE	Int64 key/value; native capacity 8..64; caller storage; source runtime observations; native intrinsic identity is receiver-qualified; no serialized SymbolId or DocRecord is declared by this owner; interface metadata is verified by the separate metadata suite
g008-public:Dict.entry	Dict.entry	builtin	STDLIB	STABLE_1_0	N1-PUBLIC-5e39a92105beb70fcefe5669	NORMATIVE_STABLE_PROFILE	Int64 key/value; native capacity 8..64; caller storage; source runtime observations; native intrinsic identity is receiver-qualified; no serialized SymbolId or DocRecord is declared by this owner; interface metadata is verified by the separate metadata suite
g008-public:Dict.get	Dict.get	builtin	STDLIB	STABLE_1_0	N1-PUBLIC-c0583e4e12c0f637111c907d	NORMATIVE_STABLE_PROFILE	Int64 key/value; native capacity 8..64; caller storage; source runtime observations; native intrinsic identity is receiver-qualified; no serialized SymbolId or DocRecord is declared by this owner; interface metadata is verified by the separate metadata suite
g008-public:Dict.getMutable	Dict.getMutable	builtin	STDLIB	STABLE_1_0	N1-PUBLIC-c1bf792cacecc014391e641f	NORMATIVE_STABLE_PROFILE	Int64 key/value; native capacity 8..64; caller storage; source runtime observations; native intrinsic identity is receiver-qualified; no serialized SymbolId or DocRecord is declared by this owner; interface metadata is verified by the separate metadata suite
g008-public:Dict.insert	Dict.insert	builtin	STDLIB	STABLE_1_0	N1-PUBLIC-07a2e8c5252334b5ef572282	NORMATIVE_STABLE_PROFILE	Int64 key/value; native capacity 8..64; caller storage; source runtime observations; native intrinsic identity is receiver-qualified; no serialized SymbolId or DocRecord is declared by this owner; interface metadata is verified by the separate metadata suite
g008-public:Dict.iterationOrder	Dict.iterationOrder	builtin	STDLIB	STABLE_1_0	N1-PUBLIC-df3de84a3a3d23a5cfa7da62	NORMATIVE_STABLE_PROFILE	Int64 key/value; native capacity 8..64; caller storage; source runtime observations; native intrinsic identity is receiver-qualified; no serialized SymbolId or DocRecord is declared by this owner; interface metadata is verified by the separate metadata suite
g008-public:Dict.keys	Dict.keys	builtin	STDLIB	STABLE_1_0	N1-PUBLIC-96babd6bf45c82871120132a	NORMATIVE_STABLE_PROFILE	Int64 key/value; native capacity 8..64; caller storage; source runtime observations; native intrinsic identity is receiver-qualified; no serialized SymbolId or DocRecord is declared by this owner; interface metadata is verified by the separate metadata suite
g008-public:Dict.length	Dict.length	builtin	STDLIB	STABLE_1_0	N1-PUBLIC-5396cc85d6d7f3ef73cae875	NORMATIVE_STABLE_PROFILE	Int64 key/value; native capacity 8..64; caller storage; source runtime observations; native intrinsic identity is receiver-qualified; no serialized SymbolId or DocRecord is declared by this owner; interface metadata is verified by the separate metadata suite
g008-public:Dict.loadFactor	Dict.loadFactor	builtin	STDLIB	STABLE_1_0	N1-PUBLIC-e48b0e3cdd2fdeaea6043c54	NORMATIVE_STABLE_PROFILE	Int64 key/value; native capacity 8..64; caller storage; source runtime observations; native intrinsic identity is receiver-qualified; no serialized SymbolId or DocRecord is declared by this owner; interface metadata is verified by the separate metadata suite
g008-public:Dict.maxProbeLength	Dict.maxProbeLength	builtin	STDLIB	STABLE_1_0	N1-PUBLIC-6681c04ce38dedc69249550f	NORMATIVE_STABLE_PROFILE	Int64 key/value; native capacity 8..64; caller storage; source runtime observations; native intrinsic identity is receiver-qualified; no serialized SymbolId or DocRecord is declared by this owner; interface metadata is verified by the separate metadata suite
g008-public:Dict.remove	Dict.remove	builtin	STDLIB	STABLE_1_0	N1-PUBLIC-d04e6e464b427aee7f5065c1	NORMATIVE_STABLE_PROFILE	Int64 key/value; native capacity 8..64; caller storage; source runtime observations; native intrinsic identity is receiver-qualified; no serialized SymbolId or DocRecord is declared by this owner; interface metadata is verified by the separate metadata suite
g008-public:Dict.reseed	Dict.reseed	builtin	STDLIB	STABLE_1_0	N1-PUBLIC-6327e55297394153cd76379e	NORMATIVE_STABLE_PROFILE	Int64 key/value; native capacity 8..64; caller storage; source runtime observations; native intrinsic identity is receiver-qualified; no serialized SymbolId or DocRecord is declared by this owner; interface metadata is verified by the separate metadata suite
g008-public:Dict.reserve	Dict.reserve	builtin	STDLIB	STABLE_1_0	N1-PUBLIC-15b6a63e1461f09463bac2e9	NORMATIVE_STABLE_PROFILE	Int64 key/value; native capacity 8..64; caller storage; source runtime observations; native intrinsic identity is receiver-qualified; no serialized SymbolId or DocRecord is declared by this owner; interface metadata is verified by the separate metadata suite
g008-public:Dict.retain	Dict.retain	builtin	STDLIB	STABLE_1_0	N1-PUBLIC-799a2c5ccfdb149433e21c2f	NORMATIVE_STABLE_PROFILE	Int64 key/value; native capacity 8..64; caller storage; source runtime observations; native intrinsic identity is receiver-qualified; no serialized SymbolId or DocRecord is declared by this owner; interface metadata is verified by the separate metadata suite
g008-public:Dict.toSortedEntries	Dict.toSortedEntries	builtin	STDLIB	STABLE_1_0	N1-PUBLIC-7422295afca6ba0c5834065e	NORMATIVE_STABLE_PROFILE	Int64 key/value; native capacity 8..64; caller storage; source runtime observations; native intrinsic identity is receiver-qualified; no serialized SymbolId or DocRecord is declared by this owner; interface metadata is verified by the separate metadata suite
g008-public:Dict.validateInvariants	Dict.validateInvariants	builtin	STDLIB	STABLE_1_0	N1-PUBLIC-3b38a310aa3a6d812a3902d5	NORMATIVE_STABLE_PROFILE	Int64 key/value; native capacity 8..64; caller storage; source runtime observations; native intrinsic identity is receiver-qualified; no serialized SymbolId or DocRecord is declared by this owner; interface metadata is verified by the separate metadata suite
g008-public:Dict.values	Dict.values	builtin	STDLIB	STABLE_1_0	N1-PUBLIC-55f27d8a87215540d4225403	NORMATIVE_STABLE_PROFILE	Int64 key/value; native capacity 8..64; caller storage; source runtime observations; native intrinsic identity is receiver-qualified; no serialized SymbolId or DocRecord is declared by this owner; interface metadata is verified by the separate metadata suite
g008-public:Dict<Int,Int>.new	Dict<Int,Int>.new	builtin	STDLIB	STABLE_1_0	N1-PUBLIC-603494af5d58473fdc76369d	NORMATIVE_STABLE_PROFILE	Int64 key/value; native capacity 8..64; caller storage; source runtime observations; native intrinsic identity is receiver-qualified; no serialized SymbolId or DocRecord is declared by this owner; interface metadata is verified by the separate metadata suite
g008-public:Dict<Int,Int>.withCapacity	Dict<Int,Int>.withCapacity	builtin	STDLIB	STABLE_1_0	N1-PUBLIC-8a2a8b49b8eaf77c6a1db689	NORMATIVE_STABLE_PROFILE	Int64 key/value; native capacity 8..64; caller storage; source runtime observations; native intrinsic identity is receiver-qualified; no serialized SymbolId or DocRecord is declared by this owner; interface metadata is verified by the separate metadata suite
g008-public:Hasher.finish	Hasher.finish	builtin	STDLIB	STABLE_1_0	N1-PUBLIC-230cc4e71e18a0a6386b1307	NORMATIVE_STABLE_PROFILE	Int64 key/value; native capacity 8..64; caller storage; source runtime observations; native intrinsic identity is receiver-qualified; no serialized SymbolId or DocRecord is declared by this owner; interface metadata is verified by the separate metadata suite
g008-public:Hasher.new	Hasher.new	builtin	STDLIB	STABLE_1_0	N1-PUBLIC-cddbd3b08b3ef3f276b6f38c	NORMATIVE_STABLE_PROFILE	Int64 key/value; native capacity 8..64; caller storage; source runtime observations; native intrinsic identity is receiver-qualified; no serialized SymbolId or DocRecord is declared by this owner; interface metadata is verified by the separate metadata suite
g008-public:Hasher.writeBytes	Hasher.writeBytes	builtin	STDLIB	STABLE_1_0	N1-PUBLIC-58db520ee7b3924e69488682	NORMATIVE_STABLE_PROFILE	Int64 key/value; native capacity 8..64; caller storage; source runtime observations; native intrinsic identity is receiver-qualified; no serialized SymbolId or DocRecord is declared by this owner; interface metadata is verified by the separate metadata suite
g008-public:Int.equals	Int.equals	builtin	STDLIB	STABLE_1_0	N1-PUBLIC-730c15e966731ce109936a30	NORMATIVE_STABLE_PROFILE	Int64 key/value; native capacity 8..64; caller storage; source runtime observations; native intrinsic identity is receiver-qualified; no serialized SymbolId or DocRecord is declared by this owner; interface metadata is verified by the separate metadata suite
g008-public:Int.hash	Int.hash	builtin	STDLIB	STABLE_1_0	N1-PUBLIC-b77376294ca182ab200a8ad2	NORMATIVE_STABLE_PROFILE	Int64 key/value; native capacity 8..64; caller storage; source runtime observations; native intrinsic identity is receiver-qualified; no serialized SymbolId or DocRecord is declared by this owner; interface metadata is verified by the separate metadata suite
g008-public:Int.hashStable	Int.hashStable	builtin	STDLIB	STABLE_1_0	N1-PUBLIC-c1c667684c1346c0d6a75eb6	NORMATIVE_STABLE_PROFILE	Int64 key/value; native capacity 8..64; caller storage; source runtime observations; native intrinsic identity is receiver-qualified; no serialized SymbolId or DocRecord is declared by this owner; interface metadata is verified by the separate metadata suite
g008-public:Set.contains	Set.contains	builtin	STDLIB	STABLE_1_0	N1-PUBLIC-a7e1c23a5af0cc96cc0f4a6a	NORMATIVE_STABLE_PROFILE	Int64 key/value; native capacity 8..64; caller storage; source runtime observations; native intrinsic identity is receiver-qualified; no serialized SymbolId or DocRecord is declared by this owner; interface metadata is verified by the separate metadata suite
g008-public:Set.difference	Set.difference	builtin	STDLIB	STABLE_1_0	N1-PUBLIC-3e85e8c7ace0e376e4aab492	NORMATIVE_STABLE_PROFILE	Int64 key/value; native capacity 8..64; caller storage; source runtime observations; native intrinsic identity is receiver-qualified; no serialized SymbolId or DocRecord is declared by this owner; interface metadata is verified by the separate metadata suite
g008-public:Set.insert	Set.insert	builtin	STDLIB	STABLE_1_0	N1-PUBLIC-47540907dbb79561376cc311	NORMATIVE_STABLE_PROFILE	Int64 key/value; native capacity 8..64; caller storage; source runtime observations; native intrinsic identity is receiver-qualified; no serialized SymbolId or DocRecord is declared by this owner; interface metadata is verified by the separate metadata suite
g008-public:Set.intersection	Set.intersection	builtin	STDLIB	STABLE_1_0	N1-PUBLIC-de767b0d43b0bd3655e3eb0c	NORMATIVE_STABLE_PROFILE	Int64 key/value; native capacity 8..64; caller storage; source runtime observations; native intrinsic identity is receiver-qualified; no serialized SymbolId or DocRecord is declared by this owner; interface metadata is verified by the separate metadata suite
g008-public:Set.isSubsetOf	Set.isSubsetOf	builtin	STDLIB	STABLE_1_0	N1-PUBLIC-4c221817cc635be360af71a7	NORMATIVE_STABLE_PROFILE	Int64 key/value; native capacity 8..64; caller storage; source runtime observations; native intrinsic identity is receiver-qualified; no serialized SymbolId or DocRecord is declared by this owner; interface metadata is verified by the separate metadata suite
g008-public:Set.remove	Set.remove	builtin	STDLIB	STABLE_1_0	N1-PUBLIC-e642d14d9a849b1d5c715e83	NORMATIVE_STABLE_PROFILE	Int64 key/value; native capacity 8..64; caller storage; source runtime observations; native intrinsic identity is receiver-qualified; no serialized SymbolId or DocRecord is declared by this owner; interface metadata is verified by the separate metadata suite
g008-public:Set.union	Set.union	builtin	STDLIB	STABLE_1_0	N1-PUBLIC-2c992f2068d51f5af9328d1e	NORMATIVE_STABLE_PROFILE	Int64 key/value; native capacity 8..64; caller storage; source runtime observations; native intrinsic identity is receiver-qualified; no serialized SymbolId or DocRecord is declared by this owner; interface metadata is verified by the separate metadata suite
g008-public:Set<Int>.new	Set<Int>.new	builtin	STDLIB	STABLE_1_0	N1-PUBLIC-14a8a2fc23f033d87ca9be07	NORMATIVE_STABLE_PROFILE	Int64 key/value; native capacity 8..64; caller storage; source runtime observations; native intrinsic identity is receiver-qualified; no serialized SymbolId or DocRecord is declared by this owner; interface metadata is verified by the separate metadata suite
g008-public:hash.deterministic	hash.deterministic	builtin	STDLIB	STABLE_1_0	N1-PUBLIC-45f084e323c5a1c62bcfaef3	NORMATIVE_STABLE_PROFILE	Int64 key/value; native capacity 8..64; caller storage; source runtime observations; native intrinsic identity is receiver-qualified; no serialized SymbolId or DocRecord is declared by this owner; interface metadata is verified by the separate metadata suite
g008-public:hash.randomized	hash.randomized	builtin	STDLIB	STABLE_1_0	N1-PUBLIC-2cc86c0d896391dc341c095d	NORMATIVE_STABLE_PROFILE	Int64 key/value; native capacity 8..64; caller storage; source runtime observations; native intrinsic identity is receiver-qualified; no serialized SymbolId or DocRecord is declared by this owner; interface metadata is verified by the separate metadata suite
g009-public:Graph.addEdge	Graph.addEdge	builtin	STDLIB	STABLE_1_0	N1-PUBLIC-f1b14455e7e7b0b81097011d	NORMATIVE_STABLE_PROFILE	Int64 payloads/nonnegative weights; 32 nodes/256 edges; authenticated owner/handle pairs; native paths/partitions; BFS current path; native intrinsic identity is receiver-qualified; no serialized SymbolId or DocRecord is declared by this owner; interface metadata is verified by the separate metadata suite
g009-public:Graph.addNode	Graph.addNode	builtin	STDLIB	STABLE_1_0	N1-PUBLIC-9cb5b3ab8911d122652a7efa	NORMATIVE_STABLE_PROFILE	Int64 payloads/nonnegative weights; 32 nodes/256 edges; authenticated owner/handle pairs; native paths/partitions; BFS current path; native intrinsic identity is receiver-qualified; no serialized SymbolId or DocRecord is declared by this owner; interface metadata is verified by the separate metadata suite
g009-public:Graph.breadthFirst	Graph.breadthFirst	builtin	STDLIB	STABLE_1_0	N1-PUBLIC-89dc142c4c00532a55701d2d	NORMATIVE_STABLE_PROFILE	Int64 payloads/nonnegative weights; 32 nodes/256 edges; authenticated owner/handle pairs; native paths/partitions; BFS current path; native intrinsic identity is receiver-qualified; no serialized SymbolId or DocRecord is declared by this owner; interface metadata is verified by the separate metadata suite
g009-public:Graph.connectedComponents	Graph.connectedComponents	builtin	STDLIB	STABLE_1_0	N1-PUBLIC-f48a7ba32c3fb5984420d535	NORMATIVE_STABLE_PROFILE	Int64 payloads/nonnegative weights; 32 nodes/256 edges; authenticated owner/handle pairs; native paths/partitions; BFS current path; native intrinsic identity is receiver-qualified; no serialized SymbolId or DocRecord is declared by this owner; interface metadata is verified by the separate metadata suite
g009-public:Graph.depthFirst	Graph.depthFirst	builtin	STDLIB	STABLE_1_0	N1-PUBLIC-c437dbd146bdcb27472c01b2	NORMATIVE_STABLE_PROFILE	Int64 payloads/nonnegative weights; 32 nodes/256 edges; authenticated owner/handle pairs; native paths/partitions; BFS current path; native intrinsic identity is receiver-qualified; no serialized SymbolId or DocRecord is declared by this owner; interface metadata is verified by the separate metadata suite
g009-public:Graph.dijkstra	Graph.dijkstra	builtin	STDLIB	STABLE_1_0	N1-PUBLIC-c791e88b45f189f27edd4c46	NORMATIVE_STABLE_PROFILE	Int64 payloads/nonnegative weights; 32 nodes/256 edges; authenticated owner/handle pairs; native paths/partitions; BFS current path; native intrinsic identity is receiver-qualified; no serialized SymbolId or DocRecord is declared by this owner; interface metadata is verified by the separate metadata suite
g009-public:Graph.hasCycle	Graph.hasCycle	builtin	STDLIB	STABLE_1_0	N1-PUBLIC-f681efbf1b9fbc4d891fdd8f	NORMATIVE_STABLE_PROFILE	Int64 payloads/nonnegative weights; 32 nodes/256 edges; authenticated owner/handle pairs; native paths/partitions; BFS current path; native intrinsic identity is receiver-qualified; no serialized SymbolId or DocRecord is declared by this owner; interface metadata is verified by the separate metadata suite
g009-public:Graph.neighbors	Graph.neighbors	builtin	STDLIB	STABLE_1_0	N1-PUBLIC-bcc2d357799fd3ad191f6292	NORMATIVE_STABLE_PROFILE	Int64 payloads/nonnegative weights; 32 nodes/256 edges; authenticated owner/handle pairs; native paths/partitions; BFS current path; native intrinsic identity is receiver-qualified; no serialized SymbolId or DocRecord is declared by this owner; interface metadata is verified by the separate metadata suite
g009-public:Graph.removeEdge	Graph.removeEdge	builtin	STDLIB	STABLE_1_0	N1-PUBLIC-61af8b242b7fa8bd1cf90863	NORMATIVE_STABLE_PROFILE	Int64 payloads/nonnegative weights; 32 nodes/256 edges; authenticated owner/handle pairs; native paths/partitions; BFS current path; native intrinsic identity is receiver-qualified; no serialized SymbolId or DocRecord is declared by this owner; interface metadata is verified by the separate metadata suite
g009-public:Graph.removeNode	Graph.removeNode	builtin	STDLIB	STABLE_1_0	N1-PUBLIC-ccac446cf8d79c40de0790df	NORMATIVE_STABLE_PROFILE	Int64 payloads/nonnegative weights; 32 nodes/256 edges; authenticated owner/handle pairs; native paths/partitions; BFS current path; native intrinsic identity is receiver-qualified; no serialized SymbolId or DocRecord is declared by this owner; interface metadata is verified by the separate metadata suite
g009-public:Graph.shortestPathUnweighted	Graph.shortestPathUnweighted	builtin	STDLIB	STABLE_1_0	N1-PUBLIC-4e490510f870d2bf7d42814b	NORMATIVE_STABLE_PROFILE	Int64 payloads/nonnegative weights; 32 nodes/256 edges; authenticated owner/handle pairs; native paths/partitions; BFS current path; native intrinsic identity is receiver-qualified; no serialized SymbolId or DocRecord is declared by this owner; interface metadata is verified by the separate metadata suite
g009-public:Graph.topologicalSort	Graph.topologicalSort	builtin	STDLIB	STABLE_1_0	N1-PUBLIC-5a05900d78acb3e524d2d7f8	NORMATIVE_STABLE_PROFILE	Int64 payloads/nonnegative weights; 32 nodes/256 edges; authenticated owner/handle pairs; native paths/partitions; BFS current path; native intrinsic identity is receiver-qualified; no serialized SymbolId or DocRecord is declared by this owner; interface metadata is verified by the separate metadata suite
g009-public:Graph<Int,Int>.directed	Graph<Int,Int>.directed	builtin	STDLIB	STABLE_1_0	N1-PUBLIC-ae9ebac1b97713a632985c1e	NORMATIVE_STABLE_PROFILE	Int64 payloads/nonnegative weights; 32 nodes/256 edges; authenticated owner/handle pairs; native paths/partitions; BFS current path; native intrinsic identity is receiver-qualified; no serialized SymbolId or DocRecord is declared by this owner; interface metadata is verified by the separate metadata suite
g009-public:Graph<Int,Int>.undirected	Graph<Int,Int>.undirected	builtin	STDLIB	STABLE_1_0	N1-PUBLIC-4aa0f06493e86adb56c8079a	NORMATIVE_STABLE_PROFILE	Int64 payloads/nonnegative weights; 32 nodes/256 edges; authenticated owner/handle pairs; native paths/partitions; BFS current path; native intrinsic identity is receiver-qualified; no serialized SymbolId or DocRecord is declared by this owner; interface metadata is verified by the separate metadata suite
g009-public:Node.degree	Node.degree	builtin	STDLIB	STABLE_1_0	N1-PUBLIC-22c26982cc1432545fc1c1d5	NORMATIVE_STABLE_PROFILE	Int64 payloads/nonnegative weights; 32 nodes/256 edges; authenticated owner/handle pairs; native paths/partitions; BFS current path; native intrinsic identity is receiver-qualified; no serialized SymbolId or DocRecord is declared by this owner; interface metadata is verified by the separate metadata suite
g009-public:Node.id	Node.id	builtin	STDLIB	STABLE_1_0	N1-PUBLIC-bf7dceb1586fe5c114befe86	NORMATIVE_STABLE_PROFILE	Int64 payloads/nonnegative weights; 32 nodes/256 edges; authenticated owner/handle pairs; native paths/partitions; BFS current path; native intrinsic identity is receiver-qualified; no serialized SymbolId or DocRecord is declared by this owner; interface metadata is verified by the separate metadata suite
g009-public:Node.replaceValue	Node.replaceValue	builtin	STDLIB	STABLE_1_0	N1-PUBLIC-615c5b83be5a795a0ded4c64	NORMATIVE_STABLE_PROFILE	Int64 payloads/nonnegative weights; 32 nodes/256 edges; authenticated owner/handle pairs; native paths/partitions; BFS current path; native intrinsic identity is receiver-qualified; no serialized SymbolId or DocRecord is declared by this owner; interface metadata is verified by the separate metadata suite
g009-public:Node.value	Node.value	builtin	STDLIB	STABLE_1_0	N1-PUBLIC-838dd9ce9c7d4802561be4fb	NORMATIVE_STABLE_PROFILE	Int64 payloads/nonnegative weights; 32 nodes/256 edges; authenticated owner/handle pairs; native paths/partitions; BFS current path; native intrinsic identity is receiver-qualified; no serialized SymbolId or DocRecord is declared by this owner; interface metadata is verified by the separate metadata suite
g009-public:Node<Int> value	Node<Int> value	builtin	STDLIB	STABLE_1_0	N1-PUBLIC-4c7f47db36995c4f4372eff9	NORMATIVE_STABLE_PROFILE	Int64 payloads/nonnegative weights; 32 nodes/256 edges; authenticated owner/handle pairs; native paths/partitions; BFS current path; native intrinsic identity is receiver-qualified; no serialized SymbolId or DocRecord is declared by this owner; interface metadata is verified by the separate metadata suite
g009-public:Node<Int>.new	Node<Int>.new	builtin	STDLIB	STABLE_1_0	N1-PUBLIC-b488fadf0a52959be7770d95	NORMATIVE_STABLE_PROFILE	Int64 payloads/nonnegative weights; 32 nodes/256 edges; authenticated owner/handle pairs; native paths/partitions; BFS current path; native intrinsic identity is receiver-qualified; no serialized SymbolId or DocRecord is declared by this owner; interface metadata is verified by the separate metadata suite
g009-public:Tree.addChild	Tree.addChild	builtin	STDLIB	STABLE_1_0	N1-PUBLIC-ec717beab3dbca61a1657d5c	NORMATIVE_STABLE_PROFILE	Int64 payloads/nonnegative weights; 32 nodes/256 edges; authenticated owner/handle pairs; native paths/partitions; BFS current path; native intrinsic identity is receiver-qualified; no serialized SymbolId or DocRecord is declared by this owner; interface metadata is verified by the separate metadata suite
g009-public:Tree.children	Tree.children	builtin	STDLIB	STABLE_1_0	N1-PUBLIC-9588e42be61d58972a70fbba	NORMATIVE_STABLE_PROFILE	Int64 payloads/nonnegative weights; 32 nodes/256 edges; authenticated owner/handle pairs; native paths/partitions; BFS current path; native intrinsic identity is receiver-qualified; no serialized SymbolId or DocRecord is declared by this owner; interface metadata is verified by the separate metadata suite
g009-public:Tree.height	Tree.height	builtin	STDLIB	STABLE_1_0	N1-PUBLIC-fb201d3d1bd10e90d34b341f	NORMATIVE_STABLE_PROFILE	Int64 payloads/nonnegative weights; 32 nodes/256 edges; authenticated owner/handle pairs; native paths/partitions; BFS current path; native intrinsic identity is receiver-qualified; no serialized SymbolId or DocRecord is declared by this owner; interface metadata is verified by the separate metadata suite
g009-public:Tree.lowestCommonAncestor	Tree.lowestCommonAncestor	builtin	STDLIB	STABLE_1_0	N1-PUBLIC-19582261bb422cee630b767f	NORMATIVE_STABLE_PROFILE	Int64 payloads/nonnegative weights; 32 nodes/256 edges; authenticated owner/handle pairs; native paths/partitions; BFS current path; native intrinsic identity is receiver-qualified; no serialized SymbolId or DocRecord is declared by this owner; interface metadata is verified by the separate metadata suite
g009-public:Tree.parent	Tree.parent	builtin	STDLIB	STABLE_1_0	N1-PUBLIC-6e2da7382d988f56e9c009c0	NORMATIVE_STABLE_PROFILE	Int64 payloads/nonnegative weights; 32 nodes/256 edges; authenticated owner/handle pairs; native paths/partitions; BFS current path; native intrinsic identity is receiver-qualified; no serialized SymbolId or DocRecord is declared by this owner; interface metadata is verified by the separate metadata suite
g009-public:Tree.postorder	Tree.postorder	builtin	STDLIB	STABLE_1_0	N1-PUBLIC-72b7863d5a47b0e47659bc3a	NORMATIVE_STABLE_PROFILE	Int64 payloads/nonnegative weights; 32 nodes/256 edges; authenticated owner/handle pairs; native paths/partitions; BFS current path; native intrinsic identity is receiver-qualified; no serialized SymbolId or DocRecord is declared by this owner; interface metadata is verified by the separate metadata suite
g009-public:Tree.preorder	Tree.preorder	builtin	STDLIB	STABLE_1_0	N1-PUBLIC-e5f35dd077e4899a6323b14e	NORMATIVE_STABLE_PROFILE	Int64 payloads/nonnegative weights; 32 nodes/256 edges; authenticated owner/handle pairs; native paths/partitions; BFS current path; native intrinsic identity is receiver-qualified; no serialized SymbolId or DocRecord is declared by this owner; interface metadata is verified by the separate metadata suite
g009-public:Tree.removeSubtree	Tree.removeSubtree	builtin	STDLIB	STABLE_1_0	N1-PUBLIC-d16f6ec474cbbd38f2e40f74	NORMATIVE_STABLE_PROFILE	Int64 payloads/nonnegative weights; 32 nodes/256 edges; authenticated owner/handle pairs; native paths/partitions; BFS current path; native intrinsic identity is receiver-qualified; no serialized SymbolId or DocRecord is declared by this owner; interface metadata is verified by the separate metadata suite
g009-public:Tree.root	Tree.root	builtin	STDLIB	STABLE_1_0	N1-PUBLIC-9c76bf0717f15420c9a784b9	NORMATIVE_STABLE_PROFILE	Int64 payloads/nonnegative weights; 32 nodes/256 edges; authenticated owner/handle pairs; native paths/partitions; BFS current path; native intrinsic identity is receiver-qualified; no serialized SymbolId or DocRecord is declared by this owner; interface metadata is verified by the separate metadata suite
g009-public:Tree<Int>.new	Tree<Int>.new	builtin	STDLIB	STABLE_1_0	N1-PUBLIC-b1d52d883f3f1206e43aa512	NORMATIVE_STABLE_PROFILE	Int64 payloads/nonnegative weights; 32 nodes/256 edges; authenticated owner/handle pairs; native paths/partitions; BFS current path; native intrinsic identity is receiver-qualified; no serialized SymbolId or DocRecord is declared by this owner; interface metadata is verified by the separate metadata suite
g009-public:traversal.next	traversal.next	builtin	STDLIB	STABLE_1_0	N1-PUBLIC-b2423ad54a32edc62a3009e6	NORMATIVE_STABLE_PROFILE	Int64 payloads/nonnegative weights; 32 nodes/256 edges; authenticated owner/handle pairs; native paths/partitions; BFS current path; native intrinsic identity is receiver-qualified; no serialized SymbolId or DocRecord is declared by this owner; interface metadata is verified by the separate metadata suite
g009-public:traversal.path	traversal.path	builtin	STDLIB	STABLE_1_0	N1-PUBLIC-f47dcba1e8fbf643efaa4c29	NORMATIVE_STABLE_PROFILE	Int64 payloads/nonnegative weights; 32 nodes/256 edges; authenticated owner/handle pairs; native paths/partitions; BFS current path; native intrinsic identity is receiver-qualified; no serialized SymbolId or DocRecord is declared by this owner; interface metadata is verified by the separate metadata suite
g009-public:traversal.stopWhen	traversal.stopWhen	builtin	STDLIB	STABLE_1_0	N1-PUBLIC-f8c50f21637bd87a9019e55d	NORMATIVE_STABLE_PROFILE	Int64 payloads/nonnegative weights; 32 nodes/256 edges; authenticated owner/handle pairs; native paths/partitions; BFS current path; native intrinsic identity is receiver-qualified; no serialized SymbolId or DocRecord is declared by this owner; interface metadata is verified by the separate metadata suite
g010-public:Column.cast<U>	Column.cast<U>	builtin	STDLIB	STABLE_1_0	N1-PUBLIC-17b6b41d3a028625d300847e	NORMATIVE_STABLE_PROFILE	Up to 32 nullable Int cells; native missing bitmap, checked aggregates and Int/UInt cast storage; UInt is not an implicit process status; native registry identity and runtime profile are explicit; serialized interface metadata is verified by the separate metadata suite
g010-public:Column.coalesce	Column.coalesce	builtin	STDLIB	STABLE_1_0	N1-PUBLIC-130e8b684b988477fe00460a	NORMATIVE_STABLE_PROFILE	Up to 32 nullable Int cells; native missing bitmap, checked aggregates and Int/UInt cast storage; UInt is not an implicit process status; native registry identity and runtime profile are explicit; serialized interface metadata is verified by the separate metadata suite
g010-public:Column.countMissing	Column.countMissing	builtin	STDLIB	STABLE_1_0	N1-PUBLIC-8249f7a41f335589fbe8963a	NORMATIVE_STABLE_PROFILE	Up to 32 nullable Int cells; native missing bitmap, checked aggregates and Int/UInt cast storage; UInt is not an implicit process status; native registry identity and runtime profile are explicit; serialized interface metadata is verified by the separate metadata suite
g010-public:Column.dropMissing	Column.dropMissing	builtin	STDLIB	STABLE_1_0	N1-PUBLIC-2910a8d852bd564dcaeb3353	NORMATIVE_STABLE_PROFILE	Up to 32 nullable Int cells; native missing bitmap, checked aggregates and Int/UInt cast storage; UInt is not an implicit process status; native registry identity and runtime profile are explicit; serialized interface metadata is verified by the separate metadata suite
g010-public:Column.fillMissing	Column.fillMissing	builtin	STDLIB	STABLE_1_0	N1-PUBLIC-f1cea047423691aa0e0c23f3	NORMATIVE_STABLE_PROFILE	Up to 32 nullable Int cells; native missing bitmap, checked aggregates and Int/UInt cast storage; UInt is not an implicit process status; native registry identity and runtime profile are explicit; serialized interface metadata is verified by the separate metadata suite
g010-public:Column.get	Column.get	builtin	STDLIB	STABLE_1_0	N1-PUBLIC-3e3c77fdb6e659bd953855f0	NORMATIVE_STABLE_PROFILE	Up to 32 nullable Int cells; native missing bitmap, checked aggregates and Int/UInt cast storage; UInt is not an implicit process status; native registry identity and runtime profile are explicit; serialized interface metadata is verified by the separate metadata suite
g010-public:Column.isMissing	Column.isMissing	builtin	STDLIB	STABLE_1_0	N1-PUBLIC-b113b225bd8dee3643a8c388	NORMATIVE_STABLE_PROFILE	Up to 32 nullable Int cells; native missing bitmap, checked aggregates and Int/UInt cast storage; UInt is not an implicit process status; native registry identity and runtime profile are explicit; serialized interface metadata is verified by the separate metadata suite
g010-public:Column.max	Column.max	builtin	STDLIB	STABLE_1_0	N1-PUBLIC-199805699ef010d04938cb16	NORMATIVE_STABLE_PROFILE	Up to 32 nullable Int cells; native missing bitmap, checked aggregates and Int/UInt cast storage; UInt is not an implicit process status; native registry identity and runtime profile are explicit; serialized interface metadata is verified by the separate metadata suite
g010-public:Column.min	Column.min	builtin	STDLIB	STABLE_1_0	N1-PUBLIC-1217dff9ae16a72dddbe44cb	NORMATIVE_STABLE_PROFILE	Up to 32 nullable Int cells; native missing bitmap, checked aggregates and Int/UInt cast storage; UInt is not an implicit process status; native registry identity and runtime profile are explicit; serialized interface metadata is verified by the separate metadata suite
g010-public:Column.sum	Column.sum	builtin	STDLIB	STABLE_1_0	N1-PUBLIC-44defff977ea10360fc2eeae	NORMATIVE_STABLE_PROFILE	Up to 32 nullable Int cells; native missing bitmap, checked aggregates and Int/UInt cast storage; UInt is not an implicit process status; native registry identity and runtime profile are explicit; serialized interface metadata is verified by the separate metadata suite
g010-public:Column<Int> [values]	Column<Int> [values]	builtin	STDLIB	STABLE_1_0	N1-PUBLIC-b7f819c8d49f98ed943d6987	NORMATIVE_STABLE_PROFILE	Up to 32 nullable Int cells; native missing bitmap, checked aggregates and Int/UInt cast storage; UInt is not an implicit process status; native registry identity and runtime profile are explicit; serialized interface metadata is verified by the separate metadata suite
g010-public:Column<Int>.from	Column<Int>.from	builtin	STDLIB	STABLE_1_0	N1-PUBLIC-62bafe0118796dbd29e8ad97	NORMATIVE_STABLE_PROFILE	Up to 32 nullable Int cells; native missing bitmap, checked aggregates and Int/UInt cast storage; UInt is not an implicit process status; native registry identity and runtime profile are explicit; serialized interface metadata is verified by the separate metadata suite
g010-public:Dataset.cache	Dataset.cache	builtin	STDLIB	STABLE_1_0	N1-PUBLIC-2961cb8885e4455d56395403	NORMATIVE_STABLE_PROFILE	Up to 8 owned tables/256 rows/16384 value bytes; by-size repartition accepts 1..32 rows and preserves order; local cache policy 0/1; scan and collect preserve independent values/schema/missing; native registry identity and runtime profile are explicit; serialized interface metadata is verified by the separate metadata suite
g010-public:Dataset.collect	Dataset.collect	builtin	STDLIB	STABLE_1_0	N1-PUBLIC-1ad61b1e349c92129d036713	NORMATIVE_STABLE_PROFILE	Up to 8 owned tables/256 rows/16384 value bytes; by-size repartition accepts 1..32 rows and preserves order; local cache policy 0/1; scan and collect preserve independent values/schema/missing; native registry identity and runtime profile are explicit; serialized interface metadata is verified by the separate metadata suite
g010-public:Dataset.collect.at	Dataset.collect.at	builtin	STDLIB	STABLE_1_0	N1-PUBLIC-353665876ddbd85db886df20	NORMATIVE_STABLE_PROFILE	Up to 8 owned tables/256 rows/16384 value bytes; by-size repartition accepts 1..32 rows and preserves order; local cache policy 0/1; scan and collect preserve independent values/schema/missing; native registry identity and runtime profile are explicit; serialized interface metadata is verified by the separate metadata suite
g010-public:Dataset.collect.next	Dataset.collect.next	builtin	STDLIB	STABLE_1_0	N1-PUBLIC-e2317630166337e22ee832ef	NORMATIVE_STABLE_PROFILE	Up to 8 owned tables/256 rows/16384 value bytes; by-size repartition accepts 1..32 rows and preserves order; local cache policy 0/1; scan and collect preserve independent values/schema/missing; native registry identity and runtime profile are explicit; serialized interface metadata is verified by the separate metadata suite
g010-public:Dataset.fromTables	Dataset.fromTables	builtin	STDLIB	STABLE_1_0	N1-PUBLIC-0327dc72eece2fd8aeabb111	NORMATIVE_STABLE_PROFILE	Up to 8 owned tables/256 rows/16384 value bytes; by-size repartition accepts 1..32 rows and preserves order; local cache policy 0/1; scan and collect preserve independent values/schema/missing; native registry identity and runtime profile are explicit; serialized interface metadata is verified by the separate metadata suite
g010-public:Dataset.partitionCount	Dataset.partitionCount	builtin	STDLIB	STABLE_1_0	N1-PUBLIC-15a8375542024766df07f615	NORMATIVE_STABLE_PROFILE	Up to 8 owned tables/256 rows/16384 value bytes; by-size repartition accepts 1..32 rows and preserves order; local cache policy 0/1; scan and collect preserve independent values/schema/missing; native registry identity and runtime profile are explicit; serialized interface metadata is verified by the separate metadata suite
g010-public:Dataset.repartition	Dataset.repartition	builtin	STDLIB	STABLE_1_0	N1-PUBLIC-6565d0aa93f9ccfceb42c261	NORMATIVE_STABLE_PROFILE	Up to 8 owned tables/256 rows/16384 value bytes; by-size repartition accepts 1..32 rows and preserves order; local cache policy 0/1; scan and collect preserve independent values/schema/missing; native registry identity and runtime profile are explicit; serialized interface metadata is verified by the separate metadata suite
g010-public:Dataset.scan	Dataset.scan	builtin	STDLIB	STABLE_1_0	N1-PUBLIC-bac5b9d9eb2395cd2a666bf5	NORMATIVE_STABLE_PROFILE	Up to 8 owned tables/256 rows/16384 value bytes; by-size repartition accepts 1..32 rows and preserves order; local cache policy 0/1; scan and collect preserve independent values/schema/missing; native registry identity and runtime profile are explicit; serialized interface metadata is verified by the separate metadata suite
g010-public:Dataset.scan.sink	Dataset.scan.sink	builtin	STDLIB	STABLE_1_0	N1-PUBLIC-00aec7292cc08eaf40afc2dc	NORMATIVE_STABLE_PROFILE	Up to 8 owned tables/256 rows/16384 value bytes; by-size repartition accepts 1..32 rows and preserves order; local cache policy 0/1; scan and collect preserve independent values/schema/missing; native registry identity and runtime profile are explicit; serialized interface metadata is verified by the separate metadata suite
g010-public:Dataset.schema	Dataset.schema	builtin	STDLIB	STABLE_1_0	N1-PUBLIC-0f333bd6f07e5e8987340e56	NORMATIVE_STABLE_PROFILE	Up to 8 owned tables/256 rows/16384 value bytes; by-size repartition accepts 1..32 rows and preserves order; local cache policy 0/1; scan and collect preserve independent values/schema/missing; native registry identity and runtime profile are explicit; serialized interface metadata is verified by the separate metadata suite
g010-public:Event<Int>.value	Event<Int>.value	builtin	STDLIB	STABLE_1_0	N1-PUBLIC-f47466b0cf162e204b85583c	NORMATIVE_STABLE_PROFILE	Finite 64-event Int profile; 16 ordered lazy stages; native cursor, typed callbacks and owned List batches; logical-timestamp windows are separately exercised; native registry identity and runtime profile are explicit; serialized interface metadata is verified by the separate metadata suite
g010-public:Flow<Int>.value	Flow<Int>.value	builtin	STDLIB	STABLE_1_0	N1-PUBLIC-748014ce294985c79c93f196	NORMATIVE_STABLE_PROFILE	Finite 64-event Int profile; 16 ordered lazy stages; native cursor, typed callbacks and owned List batches; logical-timestamp windows are separately exercised; native registry identity and runtime profile are explicit; serialized interface metadata is verified by the separate metadata suite
g010-public:Row.from	Row.from	builtin	STDLIB	STABLE_1_0	N1-PUBLIC-f3218a0b1ee3283292adeca8	NORMATIVE_STABLE_PROFILE	Int cells; up to 8 ordered fields and 32 rows; owned UTF-8 names/type/nullability and missing bits; native schema/row/table owners; stable ascending single-key sort with missing last; native registry identity and runtime profile are explicit; serialized interface metadata is verified by the separate metadata suite
g010-public:Row.get	Row.get	builtin	STDLIB	STABLE_1_0	N1-PUBLIC-d8d0066fd58966d55f6a1a7e	NORMATIVE_STABLE_PROFILE	Int cells; up to 8 ordered fields and 32 rows; owned UTF-8 names/type/nullability and missing bits; native schema/row/table owners; stable ascending single-key sort with missing last; native registry identity and runtime profile are explicit; serialized interface metadata is verified by the separate metadata suite
g010-public:Row.project	Row.project	builtin	STDLIB	STABLE_1_0	N1-PUBLIC-46aac3b96d85f8ef37ffd9b3	NORMATIVE_STABLE_PROFILE	Int cells; up to 8 ordered fields and 32 rows; owned UTF-8 names/type/nullability and missing bits; native schema/row/table owners; stable ascending single-key sort with missing last; native registry identity and runtime profile are explicit; serialized interface metadata is verified by the separate metadata suite
g010-public:Row.toTuple	Row.toTuple	builtin	STDLIB	STABLE_1_0	N1-PUBLIC-06b334b9242e04ed292d4d41	NORMATIVE_STABLE_PROFILE	Int cells; up to 8 ordered fields and 32 rows; owned UTF-8 names/type/nullability and missing bits; native schema/row/table owners; stable ascending single-key sort with missing last; native registry identity and runtime profile are explicit; serialized interface metadata is verified by the separate metadata suite
g010-public:Schema.field	Schema.field	builtin	STDLIB	STABLE_1_0	N1-PUBLIC-9b92eb109484fad44542320d	NORMATIVE_STABLE_PROFILE	Int cells; up to 8 ordered fields and 32 rows; owned UTF-8 names/type/nullability and missing bits; native schema/row/table owners; stable ascending single-key sort with missing last; native registry identity and runtime profile are explicit; serialized interface metadata is verified by the separate metadata suite
g010-public:Schema.indexOf	Schema.indexOf	builtin	STDLIB	STABLE_1_0	N1-PUBLIC-b6f38784c9719b74fa30cfe1	NORMATIVE_STABLE_PROFILE	Int cells; up to 8 ordered fields and 32 rows; owned UTF-8 names/type/nullability and missing bits; native schema/row/table owners; stable ascending single-key sort with missing last; native registry identity and runtime profile are explicit; serialized interface metadata is verified by the separate metadata suite
g010-public:Schema.new	Schema.new	builtin	STDLIB	STABLE_1_0	N1-PUBLIC-554a87f51bf1ae5d99dcb4c1	NORMATIVE_STABLE_PROFILE	Int cells; up to 8 ordered fields and 32 rows; owned UTF-8 names/type/nullability and missing bits; native schema/row/table owners; stable ascending single-key sort with missing last; native registry identity and runtime profile are explicit; serialized interface metadata is verified by the separate metadata suite
g010-public:Stream.batch	Stream.batch	builtin	STDLIB	STABLE_1_0	N1-PUBLIC-eed0b3a8b76e4ca7d31fe1f8	NORMATIVE_STABLE_PROFILE	Finite 64-event Int profile; 16 ordered lazy stages; native cursor, typed callbacks and owned List batches; logical-timestamp windows are separately exercised; native registry identity and runtime profile are explicit; serialized interface metadata is verified by the separate metadata suite
g010-public:Stream.batch.next	Stream.batch.next	builtin	STDLIB	STABLE_1_0	N1-PUBLIC-163d5be92b054da37866f4ee	NORMATIVE_STABLE_PROFILE	Finite 64-event Int profile; 16 ordered lazy stages; native cursor, typed callbacks and owned List batches; logical-timestamp windows are separately exercised; native registry identity and runtime profile are explicit; serialized interface metadata is verified by the separate metadata suite
g010-public:Stream.batch.sink	Stream.batch.sink	builtin	STDLIB	STABLE_1_0	N1-PUBLIC-a96f2f0d0690955a22be02c2	NORMATIVE_STABLE_PROFILE	Finite 64-event Int profile; 16 ordered lazy stages; native cursor, typed callbacks and owned List batches; logical-timestamp windows are separately exercised; native registry identity and runtime profile are explicit; serialized interface metadata is verified by the separate metadata suite
g010-public:Stream.filter	Stream.filter	builtin	STDLIB	STABLE_1_0	N1-PUBLIC-94741ec1780be3ffd94dfabe	NORMATIVE_STABLE_PROFILE	Finite 64-event Int profile; 16 ordered lazy stages; native cursor, typed callbacks and owned List batches; logical-timestamp windows are separately exercised; native registry identity and runtime profile are explicit; serialized interface metadata is verified by the separate metadata suite
g010-public:Stream.map	Stream.map	builtin	STDLIB	STABLE_1_0	N1-PUBLIC-996c2a97ce8a54e3a66a3bc5	NORMATIVE_STABLE_PROFILE	Finite 64-event Int profile; 16 ordered lazy stages; native cursor, typed callbacks and owned List batches; logical-timestamp windows are separately exercised; native registry identity and runtime profile are explicit; serialized interface metadata is verified by the separate metadata suite
g010-public:Stream.next	Stream.next	builtin	STDLIB	STABLE_1_0	N1-PUBLIC-f5b265f53544e5687e731b94	NORMATIVE_STABLE_PROFILE	Finite 64-event Int profile; 16 ordered lazy stages; native cursor, typed callbacks and owned List batches; logical-timestamp windows are separately exercised; native registry identity and runtime profile are explicit; serialized interface metadata is verified by the separate metadata suite
g010-public:Stream.sink	Stream.sink	builtin	STDLIB	STABLE_1_0	N1-PUBLIC-42d7706bab58be68345d73dd	NORMATIVE_STABLE_PROFILE	Finite 64-event Int profile; 16 ordered lazy stages; native cursor, typed callbacks and owned List batches; logical-timestamp windows are separately exercised; native registry identity and runtime profile are explicit; serialized interface metadata is verified by the separate metadata suite
g010-public:Stream.window	Stream.window	builtin	STDLIB	STABLE_1_0	N1-PUBLIC-addd635b67b412b4fced368a	NORMATIVE_STABLE_PROFILE	Finite 64-event profile; Event.sequence supplies monotonic logical timestamps; positive Int duration; lazy nonempty windows yield independent owned Lists; no next-window callback executes early; native registry identity and runtime profile are explicit; serialized interface metadata is verified by the separate metadata suite
g010-public:Stream<Int>.from	Stream<Int>.from	builtin	STDLIB	STABLE_1_0	N1-PUBLIC-84f19c8b4e75c2816a673bcd	NORMATIVE_STABLE_PROFILE	Finite 64-event Int profile; 16 ordered lazy stages; native cursor, typed callbacks and owned List batches; logical-timestamp windows are separately exercised; native registry identity and runtime profile are explicit; serialized interface metadata is verified by the separate metadata suite
g010-public:Table.columnCount	Table.columnCount	builtin	STDLIB	STABLE_1_0	N1-PUBLIC-f999de190f119ad551ce09ce	NORMATIVE_STABLE_PROFILE	Int cells; up to 8 ordered fields and 32 rows; owned UTF-8 names/type/nullability and missing bits; native schema/row/table owners; stable ascending single-key sort with missing last; native registry identity and runtime profile are explicit; serialized interface metadata is verified by the separate metadata suite
g010-public:Table.filter	Table.filter	builtin	STDLIB	STABLE_1_0	N1-PUBLIC-3187925856b7438493303a89	NORMATIVE_STABLE_PROFILE	Int cells; up to 8 ordered fields and 32 rows; owned UTF-8 names/type/nullability and missing bits; native schema/row/table owners; stable ascending single-key sort with missing last; native registry identity and runtime profile are explicit; serialized interface metadata is verified by the separate metadata suite
g010-public:Table.fromColumns	Table.fromColumns	builtin	STDLIB	STABLE_1_0	N1-PUBLIC-aba89953474081d837369e4a	NORMATIVE_STABLE_PROFILE	Int cells; up to 8 ordered fields and 32 rows; owned UTF-8 names/type/nullability and missing bits; native schema/row/table owners; stable ascending single-key sort with missing last; native registry identity and runtime profile are explicit; serialized interface metadata is verified by the separate metadata suite
g010-public:Table.groupBy	Table.groupBy	builtin	STDLIB	STABLE_1_0	N1-PUBLIC-a673c34806fa36f239d35cc2	NORMATIVE_STABLE_PROFILE	Up to 32 materialized native Table groups; one Int key; first-seen key and source row order; missing keys excluded by native policy; owned tables and independent cursor; native registry identity and runtime profile are explicit; serialized interface metadata is verified by the separate metadata suite
g010-public:Table.groupBy.next	Table.groupBy.next	builtin	STDLIB	STABLE_1_0	N1-PUBLIC-1af79934c567945f5c611419	NORMATIVE_STABLE_PROFILE	Up to 32 materialized native Table groups; one Int key; first-seen key and source row order; missing keys excluded by native policy; owned tables and independent cursor; native registry identity and runtime profile are explicit; serialized interface metadata is verified by the separate metadata suite
g010-public:Table.groupBy.sink	Table.groupBy.sink	builtin	STDLIB	STABLE_1_0	N1-PUBLIC-51439e57dc17842263a25118	NORMATIVE_STABLE_PROFILE	Up to 32 materialized native Table groups; one Int key; first-seen key and source row order; missing keys excluded by native policy; owned tables and independent cursor; native registry identity and runtime profile are explicit; serialized interface metadata is verified by the separate metadata suite
g010-public:Table.invalidRows	Table.invalidRows	builtin	STDLIB	STABLE_1_0	N1-PUBLIC-1cf52dfb680fc62690f0f9a6	NORMATIVE_STABLE_PROFILE	Schema constraints preserve field name/type/order; nullability quality produces Bool and an independent invalid-row Table; source cells remain unchanged; native registry identity and runtime profile are explicit; serialized interface metadata is verified by the separate metadata suite
g010-public:Table.join	Table.join	builtin	STDLIB	STABLE_1_0	N1-PUBLIC-f1d9ee7db3ee2fe5bd11fb56	NORMATIVE_STABLE_PROFILE	Single shared Int key; native kind 1 inner/2 left; <=32 rows/8 output fields; key emitted once, distinct non-key names; left-then-right order; missing never matches; native registry identity and runtime profile are explicit; serialized interface metadata is verified by the separate metadata suite
g010-public:Table.rowCount	Table.rowCount	builtin	STDLIB	STABLE_1_0	N1-PUBLIC-7dba26d3850a189b45fa822a	NORMATIVE_STABLE_PROFILE	Int cells; up to 8 ordered fields and 32 rows; owned UTF-8 names/type/nullability and missing bits; native schema/row/table owners; stable ascending single-key sort with missing last; native registry identity and runtime profile are explicit; serialized interface metadata is verified by the separate metadata suite
g010-public:Table.select	Table.select	builtin	STDLIB	STABLE_1_0	N1-PUBLIC-f4a6193bacbf7e92da44e2e2	NORMATIVE_STABLE_PROFILE	Int cells; up to 8 ordered fields and 32 rows; owned UTF-8 names/type/nullability and missing bits; native schema/row/table owners; stable ascending single-key sort with missing last; native registry identity and runtime profile are explicit; serialized interface metadata is verified by the separate metadata suite
g010-public:Table.sortBy	Table.sortBy	builtin	STDLIB	STABLE_1_0	N1-PUBLIC-c6b4fc20008aa236a26eb3c7	NORMATIVE_STABLE_PROFILE	Int cells; up to 8 ordered fields and 32 rows; owned UTF-8 names/type/nullability and missing bits; native schema/row/table owners; stable ascending single-key sort with missing last; native registry identity and runtime profile are explicit; serialized interface metadata is verified by the separate metadata suite
g010-public:Table.validate	Table.validate	builtin	STDLIB	STABLE_1_0	N1-PUBLIC-4a0b552487a7f1cb181d19b0	NORMATIVE_STABLE_PROFILE	Schema constraints preserve field name/type/order; nullability quality produces Bool and an independent invalid-row Table; source cells remain unchanged; native registry identity and runtime profile are explicit; serialized interface metadata is verified by the separate metadata suite
g018-declaration:Bool.console()	Bool.console()	builtin.Bool	CORE	STABLE_1_0	N1-PUBLIC-324d4e7d6058e9a5f8346fa7	NORMATIVE_STABLE_PROFILE	Current typed source proof g170-console:Bool.console. Retained source values plus opt-in pointer-free document/RenderTree/software observation; 256x128 BGRA8 synthetic glyphs; linear document 4096 bytes and title 256 bytes; size is UTF-8 bytes/lines; style selects zero-based payload nodes; Position is logical software pixels; typed Color RGBA8 and native Result; structured Table<Int> 32x8, Tree<Int> 32 nodes/depth16, named products 8 fields/declarations; 4096 rendered bytes and 64 structured publications. Every effect executes once; no window/backend capability inferred. See G170 checklist for narrower method bounds; metadata joins remain in F01. Corrected G018 SHA256=0944468ee395ee0c83aa6697baf52d111053327405fafd499e3cf08d57031718
g018-declaration:Button.new(label)	Button.new(label)	builtin.Button	EXCLUDED	EXCLUDED_1_0	N1-conformance-and-consumption	PRESERVED_NON_STABLE_BOUNDARY	Corrected G018 explicitly says general GUI is not available and marks this high-level declaration P. Internal native/seed probes do not establish a source-visible implementation. It is not reclassified as a tested public API or as live evidence. Cria botão com estado e eventos. Corrected G018 SHA256=0944468ee395ee0c83aa6697baf52d111053327405fafd499e3cf08d57031718
g018-declaration:Canvas.create(width, height)	Canvas.create(width, height)	builtin.Canvas	EXCLUDED	EXCLUDED_1_0	N1-conformance-and-consumption	PRESERVED_NON_STABLE_BOUNDARY	Corrected G018 explicitly says general GUI is not available and marks this high-level declaration P. Internal native/seed probes do not establish a source-visible implementation. It is not reclassified as a tested public API or as live evidence. Cria superfície de desenho. Corrected G018 SHA256=0944468ee395ee0c83aa6697baf52d111053327405fafd499e3cf08d57031718
g018-declaration:Chart.bar(categories, values)	Chart.bar(categories, values)	builtin.Chart	EXCLUDED	EXCLUDED_1_0	N1-conformance-and-consumption	PRESERVED_NON_STABLE_BOUNDARY	Corrected G018 explicitly says general GUI is not available and marks this high-level declaration P. Internal native/seed probes do not establish a source-visible implementation. It is not reclassified as a tested public API or as live evidence. Cria barras. Corrected G018 SHA256=0944468ee395ee0c83aa6697baf52d111053327405fafd499e3cf08d57031718
g018-declaration:Chart.histogram(values, bins)	Chart.histogram(values, bins)	builtin.Chart	EXCLUDED	EXCLUDED_1_0	N1-conformance-and-consumption	PRESERVED_NON_STABLE_BOUNDARY	Corrected G018 explicitly says general GUI is not available and marks this high-level declaration P. Internal native/seed probes do not establish a source-visible implementation. It is not reclassified as a tested public API or as live evidence. Cria histograma. Corrected G018 SHA256=0944468ee395ee0c83aa6697baf52d111053327405fafd499e3cf08d57031718
g018-declaration:Chart.line(series)	Chart.line(series)	builtin.Chart	EXCLUDED	EXCLUDED_1_0	N1-conformance-and-consumption	PRESERVED_NON_STABLE_BOUNDARY	Corrected G018 explicitly says general GUI is not available and marks this high-level declaration P. Internal native/seed probes do not establish a source-visible implementation. It is not reclassified as a tested public API or as live evidence. Cria gráfico de linhas. Corrected G018 SHA256=0944468ee395ee0c83aa6697baf52d111053327405fafd499e3cf08d57031718
g018-declaration:Chart.scatter(points)	Chart.scatter(points)	builtin.Chart	EXCLUDED	EXCLUDED_1_0	N1-conformance-and-consumption	PRESERVED_NON_STABLE_BOUNDARY	Corrected G018 explicitly says general GUI is not available and marks this high-level declaration P. Internal native/seed probes do not establish a source-visible implementation. It is not reclassified as a tested public API or as live evidence. Cria scatter plot. Corrected G018 SHA256=0944468ee395ee0c83aa6697baf52d111053327405fafd499e3cf08d57031718
g018-declaration:Console.scan()	Console.scan()	builtin.Console	STDLIB	TARGET_GATED	N1-conformance-and-consumption	PRESERVED_NON_STABLE_BOUNDARY	The admitted immediate Console-result chain Text.console().scan() emits the canonical live Console input owner with binding/pending identity. Runtime requires a registered live frontend and normalized input events; this headless mission cannot count it as executed. Text.scan mock/replay is proved separately. Named Console binding calls are outside the existing immediate-chain profile. Corrected G018 SHA256=0944468ee395ee0c83aa6697baf52d111053327405fafd499e3cf08d57031718
g018-declaration:Int.console()	Int.console()	builtin.Int	CORE	STABLE_1_0	N1-PUBLIC-09ed5264a594d4d19b153c73	NORMATIVE_STABLE_PROFILE	Current typed source proof g170-console:Int.console. Retained source values plus opt-in pointer-free document/RenderTree/software observation; 256x128 BGRA8 synthetic glyphs; linear document 4096 bytes and title 256 bytes; size is UTF-8 bytes/lines; style selects zero-based payload nodes; Position is logical software pixels; typed Color RGBA8 and native Result; structured Table<Int> 32x8, Tree<Int> 32 nodes/depth16, named products 8 fields/declarations; 4096 rendered bytes and 64 structured publications. Every effect executes once; no window/backend capability inferred. See G170 checklist for narrower method bounds; metadata joins remain in F01. Corrected G018 SHA256=0944468ee395ee0c83aa6697baf52d111053327405fafd499e3cf08d57031718
g018-declaration:Label.new(text)	Label.new(text)	builtin.Label	EXCLUDED	EXCLUDED_1_0	N1-conformance-and-consumption	PRESERVED_NON_STABLE_BOUNDARY	Corrected G018 explicitly says general GUI is not available and marks this high-level declaration P. Internal native/seed probes do not establish a source-visible implementation. It is not reclassified as a tested public API or as live evidence. Cria texto estático. Corrected G018 SHA256=0944468ee395ee0c83aa6697baf52d111053327405fafd499e3cf08d57031718
g018-declaration:Layout.column(children)	Layout.column(children)	builtin.Layout	EXCLUDED	EXCLUDED_1_0	N1-conformance-and-consumption	PRESERVED_NON_STABLE_BOUNDARY	Corrected G018 explicitly says general GUI is not available and marks this high-level declaration P. Internal native/seed probes do not establish a source-visible implementation. It is not reclassified as a tested public API or as live evidence. Organiza verticalmente. Corrected G018 SHA256=0944468ee395ee0c83aa6697baf52d111053327405fafd499e3cf08d57031718
g018-declaration:Layout.grid(spec, children)	Layout.grid(spec, children)	builtin.Layout	EXCLUDED	EXCLUDED_1_0	N1-conformance-and-consumption	PRESERVED_NON_STABLE_BOUNDARY	Corrected G018 explicitly says general GUI is not available and marks this high-level declaration P. Internal native/seed probes do not establish a source-visible implementation. It is not reclassified as a tested public API or as live evidence. Organiza em grelha. Corrected G018 SHA256=0944468ee395ee0c83aa6697baf52d111053327405fafd499e3cf08d57031718
g018-declaration:Layout.row(children)	Layout.row(children)	builtin.Layout	EXCLUDED	EXCLUDED_1_0	N1-conformance-and-consumption	PRESERVED_NON_STABLE_BOUNDARY	Corrected G018 explicitly says general GUI is not available and marks this high-level declaration P. Internal native/seed probes do not establish a source-visible implementation. It is not reclassified as a tested public API or as live evidence. Organiza horizontalmente. Corrected G018 SHA256=0944468ee395ee0c83aa6697baf52d111053327405fafd499e3cf08d57031718
g018-declaration:RED.color()	RED.color()	builtin.RED	EXCLUDED	EXCLUDED_1_0	N1-conformance-and-consumption	PRESERVED_NON_STABLE_BOUNDARY	The corrected G018 explicitly identifies RED.color as a fixture/contract rather than a complete style system. The nominal public Color constructors/roles have separate executed rows; no RED value constructor is invented. Corrected G018 SHA256=0944468ee395ee0c83aa6697baf52d111053327405fafd499e3cf08d57031718
g018-declaration:Text.console()	Text.console()	builtin.Text	STDLIB	STABLE_1_0	N1-PUBLIC-c6fa99fb80637b9aa5af89e5	NORMATIVE_STABLE_PROFILE	Current typed source proof g170-console:Text.console. Retained source values plus opt-in pointer-free document/RenderTree/software observation; 256x128 BGRA8 synthetic glyphs; linear document 4096 bytes and title 256 bytes; size is UTF-8 bytes/lines; style selects zero-based payload nodes; Position is logical software pixels; typed Color RGBA8 and native Result; structured Table<Int> 32x8, Tree<Int> 32 nodes/depth16, named products 8 fields/declarations; 4096 rendered bytes and 64 structured publications. Every effect executes once; no window/backend capability inferred. See G170 checklist for narrower method bounds; metadata joins remain in F01. Corrected G018 SHA256=0944468ee395ee0c83aa6697baf52d111053327405fafd499e3cf08d57031718
g018-declaration:Text.scan()	Text.scan()	builtin.Text	STDLIB	STABLE_1_0	N1-PUBLIC-491b97a5699c0f3de7bbbffe	NORMATIVE_STABLE_PROFILE	Current typed source proof g170-scan:scan. Real contextual option AST children, lexical operands and native ScanPlan owners. Text UTF-8 <=4096 bytes; Int64; Bool true/false; Char one-byte profile; 1..32 choices; finite retries <=8; readonly relative replay file <=4096 bytes/path<=256; typed Option<Int>/Result<T,ScanError>; headless Console metadata and pointer-free native events. Public secret events hide input bytes/length/digest. No live backend claim. Multiline/paragraph/block/Markdown/code/JSON/raw modes use native G078/G080 owners with at most 256 lines; finite Console enum choices are not nominal enum reflection; multiSelect exposes the native unique 32-bit mask; confirmSecret consumes a second input; forgetAfterUse zeroizes consumed private bytes and preserves the owned result. At most 32 total options. SymbolId/DocRecord reconciliation stays in F01. Corrected G018 SHA256=0944468ee395ee0c83aa6697baf52d111053327405fafd499e3cf08d57031718
g018-declaration:TextInput.new(value)	TextInput.new(value)	builtin.TextInput	EXCLUDED	EXCLUDED_1_0	N1-conformance-and-consumption	PRESERVED_NON_STABLE_BOUNDARY	Corrected G018 explicitly says general GUI is not available and marks this high-level declaration P. Internal native/seed probes do not establish a source-visible implementation. It is not reclassified as a tested public API or as live evidence. Cria campo editável com Unicode/input. Corrected G018 SHA256=0944468ee395ee0c83aa6697baf52d111053327405fafd499e3cf08d57031718
g018-declaration:Window.create(options)	Window.create(options)	builtin.Window	EXCLUDED	EXCLUDED_1_0	N1-conformance-and-consumption	PRESERVED_NON_STABLE_BOUNDARY	Corrected G018 explicitly says general GUI is not available and marks this high-level declaration P. Internal native/seed probes do not establish a source-visible implementation. It is not reclassified as a tested public API or as live evidence. Cria janela nativa com tamanho, título e flags. Corrected G018 SHA256=0944468ee395ee0c83aa6697baf52d111053327405fafd499e3cf08d57031718
g018-declaration:canvas.circle(center, radius, paint)	canvas.circle(center, radius, paint)	builtin.canvas	EXCLUDED	EXCLUDED_1_0	N1-conformance-and-consumption	PRESERVED_NON_STABLE_BOUNDARY	Corrected G018 explicitly says general GUI is not available and marks this high-level declaration P. Internal native/seed probes do not establish a source-visible implementation. It is not reclassified as a tested public API or as live evidence. Desenha círculo. Corrected G018 SHA256=0944468ee395ee0c83aa6697baf52d111053327405fafd499e3cf08d57031718
g018-declaration:canvas.clear(color)	canvas.clear(color)	builtin.canvas	EXCLUDED	EXCLUDED_1_0	N1-conformance-and-consumption	PRESERVED_NON_STABLE_BOUNDARY	Corrected G018 explicitly says general GUI is not available and marks this high-level declaration P. Internal native/seed probes do not establish a source-visible implementation. It is not reclassified as a tested public API or as live evidence. Preenche superfície. Corrected G018 SHA256=0944468ee395ee0c83aa6697baf52d111053327405fafd499e3cf08d57031718
g018-declaration:canvas.image(image, destination)	canvas.image(image, destination)	builtin.canvas	EXCLUDED	EXCLUDED_1_0	N1-conformance-and-consumption	PRESERVED_NON_STABLE_BOUNDARY	Corrected G018 explicitly says general GUI is not available and marks this high-level declaration P. Internal native/seed probes do not establish a source-visible implementation. It is not reclassified as a tested public API or as live evidence. Compõe imagem. Corrected G018 SHA256=0944468ee395ee0c83aa6697baf52d111053327405fafd499e3cf08d57031718
g018-declaration:canvas.line(from, to, paint)	canvas.line(from, to, paint)	builtin.canvas	EXCLUDED	EXCLUDED_1_0	N1-conformance-and-consumption	PRESERVED_NON_STABLE_BOUNDARY	Corrected G018 explicitly says general GUI is not available and marks this high-level declaration P. Internal native/seed probes do not establish a source-visible implementation. It is not reclassified as a tested public API or as live evidence. Desenha segmento. Corrected G018 SHA256=0944468ee395ee0c83aa6697baf52d111053327405fafd499e3cf08d57031718
g018-declaration:canvas.rectangle(rect, paint)	canvas.rectangle(rect, paint)	builtin.canvas	EXCLUDED	EXCLUDED_1_0	N1-conformance-and-consumption	PRESERVED_NON_STABLE_BOUNDARY	Corrected G018 explicitly says general GUI is not available and marks this high-level declaration P. Internal native/seed probes do not establish a source-visible implementation. It is not reclassified as a tested public API or as live evidence. Desenha/preenche retângulo. Corrected G018 SHA256=0944468ee395ee0c83aa6697baf52d111053327405fafd499e3cf08d57031718
g018-declaration:canvas.text(text, position, font, paint)	canvas.text(text, position, font, paint)	builtin.canvas	EXCLUDED	EXCLUDED_1_0	N1-conformance-and-consumption	PRESERVED_NON_STABLE_BOUNDARY	Corrected G018 explicitly says general GUI is not available and marks this high-level declaration P. Internal native/seed probes do not establish a source-visible implementation. It is not reclassified as a tested public API or as live evidence. Renderiza texto. Corrected G018 SHA256=0944468ee395ee0c83aa6697baf52d111053327405fafd499e3cf08d57031718
g018-declaration:chart.axis(axis, options)	chart.axis(axis, options)	builtin.chart	EXCLUDED	EXCLUDED_1_0	N1-conformance-and-consumption	PRESERVED_NON_STABLE_BOUNDARY	Corrected G018 explicitly says general GUI is not available and marks this high-level declaration P. Internal native/seed probes do not establish a source-visible implementation. It is not reclassified as a tested public API or as live evidence. Configura escala, label e limites. Corrected G018 SHA256=0944468ee395ee0c83aa6697baf52d111053327405fafd499e3cf08d57031718
g018-declaration:chart.legend(options)	chart.legend(options)	builtin.chart	EXCLUDED	EXCLUDED_1_0	N1-conformance-and-consumption	PRESERVED_NON_STABLE_BOUNDARY	Corrected G018 explicitly says general GUI is not available and marks this high-level declaration P. Internal native/seed probes do not establish a source-visible implementation. It is not reclassified as a tested public API or as live evidence. Configura legenda. Corrected G018 SHA256=0944468ee395ee0c83aa6697baf52d111053327405fafd499e3cf08d57031718
g018-declaration:chart.render(canvas)	chart.render(canvas)	builtin.chart	EXCLUDED	EXCLUDED_1_0	N1-conformance-and-consumption	PRESERVED_NON_STABLE_BOUNDARY	Corrected G018 explicitly says general GUI is not available and marks this high-level declaration P. Internal native/seed probes do not establish a source-visible implementation. It is not reclassified as a tested public API or as live evidence. Renderiza numa superfície. Corrected G018 SHA256=0944468ee395ee0c83aa6697baf52d111053327405fafd499e3cf08d57031718
g018-declaration:chart.title(text)	chart.title(text)	builtin.chart	EXCLUDED	EXCLUDED_1_0	N1-conformance-and-consumption	PRESERVED_NON_STABLE_BOUNDARY	Corrected G018 explicitly says general GUI is not available and marks this high-level declaration P. Internal native/seed probes do not establish a source-visible implementation. It is not reclassified as a tested public API or as live evidence. Define título. Corrected G018 SHA256=0944468ee395ee0c83aa6697baf52d111053327405fafd499e3cf08d57031718
g018-declaration:console.append(value, style)	console.append(value, style)	builtin.Console	STDLIB	STABLE_1_0	N1-PUBLIC-7349762ecd8700a5742aef9e	NORMATIVE_STABLE_PROFILE	Current typed source proof g170-console:Console.append. Retained source values plus opt-in pointer-free document/RenderTree/software observation; 256x128 BGRA8 synthetic glyphs; linear document 4096 bytes and title 256 bytes; size is UTF-8 bytes/lines; style selects zero-based payload nodes; Position is logical software pixels; typed Color RGBA8 and native Result; structured Table<Int> 32x8, Tree<Int> 32 nodes/depth16, named products 8 fields/declarations; 4096 rendered bytes and 64 structured publications. Every effect executes once; no window/backend capability inferred. See G170 checklist for narrower method bounds; metadata joins remain in F01. Corrected G018 SHA256=0944468ee395ee0c83aa6697baf52d111053327405fafd499e3cf08d57031718
g018-declaration:console.clear()	console.clear()	builtin.Console	STDLIB	STABLE_1_0	N1-PUBLIC-105c36bfe0e4bba4642165f0	NORMATIVE_STABLE_PROFILE	Current typed source proof g170-console:Console.clear. Retained source values plus opt-in pointer-free document/RenderTree/software observation; 256x128 BGRA8 synthetic glyphs; linear document 4096 bytes and title 256 bytes; size is UTF-8 bytes/lines; style selects zero-based payload nodes; Position is logical software pixels; typed Color RGBA8 and native Result; structured Table<Int> 32x8, Tree<Int> 32 nodes/depth16, named products 8 fields/declarations; 4096 rendered bytes and 64 structured publications. Every effect executes once; no window/backend capability inferred. See G170 checklist for narrower method bounds; metadata joins remain in F01. Corrected G018 SHA256=0944468ee395ee0c83aa6697baf52d111053327405fafd499e3cf08d57031718
g018-declaration:console.close()	console.close()	builtin.Console	STDLIB	STABLE_1_0	N1-PUBLIC-fd9225c0c6ea514a4d39e92f	NORMATIVE_STABLE_PROFILE	Current typed source proof g170-console:Console.close. Retained source values plus opt-in pointer-free document/RenderTree/software observation; 256x128 BGRA8 synthetic glyphs; linear document 4096 bytes and title 256 bytes; size is UTF-8 bytes/lines; style selects zero-based payload nodes; Position is logical software pixels; typed Color RGBA8 and native Result; structured Table<Int> 32x8, Tree<Int> 32 nodes/depth16, named products 8 fields/declarations; 4096 rendered bytes and 64 structured publications. Every effect executes once; no window/backend capability inferred. See G170 checklist for narrower method bounds; metadata joins remain in F01. Corrected G018 SHA256=0944468ee395ee0c83aa6697baf52d111053327405fafd499e3cf08d57031718
g018-declaration:console.scrollToEnd()	console.scrollToEnd()	builtin.Console	STDLIB	STABLE_1_0	N1-PUBLIC-82a343f1bacc20951d619a86	NORMATIVE_STABLE_PROFILE	Current typed source proof g170-console:Console.scrollToEnd. Retained source values plus opt-in pointer-free document/RenderTree/software observation; 256x128 BGRA8 synthetic glyphs; linear document 4096 bytes and title 256 bytes; size is UTF-8 bytes/lines; style selects zero-based payload nodes; Position is logical software pixels; typed Color RGBA8 and native Result; structured Table<Int> 32x8, Tree<Int> 32 nodes/depth16, named products 8 fields/declarations; 4096 rendered bytes and 64 structured publications. Every effect executes once; no window/backend capability inferred. See G170 checklist for narrower method bounds; metadata joins remain in F01. Corrected G018 SHA256=0944468ee395ee0c83aa6697baf52d111053327405fafd499e3cf08d57031718
g018-declaration:console.size()	console.size()	builtin.Console	STDLIB	STABLE_1_0	N1-PUBLIC-08d0bc5aff1c9ced9bcdaa25	NORMATIVE_STABLE_PROFILE	Current typed source proof g170-console:Console.size. Retained source values plus opt-in pointer-free document/RenderTree/software observation; 256x128 BGRA8 synthetic glyphs; linear document 4096 bytes and title 256 bytes; size is UTF-8 bytes/lines; style selects zero-based payload nodes; Position is logical software pixels; typed Color RGBA8 and native Result; structured Table<Int> 32x8, Tree<Int> 32 nodes/depth16, named products 8 fields/declarations; 4096 rendered bytes and 64 structured publications. Every effect executes once; no window/backend capability inferred. See G170 checklist for narrower method bounds; metadata joins remain in F01. Corrected G018 SHA256=0944468ee395ee0c83aa6697baf52d111053327405fafd499e3cf08d57031718
g018-declaration:console.style(range, style)	console.style(range, style)	builtin.Console	STDLIB	STABLE_1_0	N1-PUBLIC-271b34ecaabfb5ca57e362fc	NORMATIVE_STABLE_PROFILE	Current typed source proof g170-console:Console.style. Retained source values plus opt-in pointer-free document/RenderTree/software observation; 256x128 BGRA8 synthetic glyphs; linear document 4096 bytes and title 256 bytes; size is UTF-8 bytes/lines; style selects zero-based payload nodes; Position is logical software pixels; typed Color RGBA8 and native Result; structured Table<Int> 32x8, Tree<Int> 32 nodes/depth16, named products 8 fields/declarations; 4096 rendered bytes and 64 structured publications. Every effect executes once; no window/backend capability inferred. See G170 checklist for narrower method bounds; metadata joins remain in F01. Corrected G018 SHA256=0944468ee395ee0c83aa6697baf52d111053327405fafd499e3cf08d57031718
g018-declaration:console.title(text)	console.title(text)	builtin.Console	STDLIB	STABLE_1_0	N1-PUBLIC-227e39db27e2b1e75d7b357b	NORMATIVE_STABLE_PROFILE	Current typed source proof g170-console:Console.title. Retained source values plus opt-in pointer-free document/RenderTree/software observation; 256x128 BGRA8 synthetic glyphs; linear document 4096 bytes and title 256 bytes; size is UTF-8 bytes/lines; style selects zero-based payload nodes; Position is logical software pixels; typed Color RGBA8 and native Result; structured Table<Int> 32x8, Tree<Int> 32 nodes/depth16, named products 8 fields/declarations; 4096 rendered bytes and 64 structured publications. Every effect executes once; no window/backend capability inferred. See G170 checklist for narrower method bounds; metadata joins remain in F01. Corrected G018 SHA256=0944468ee395ee0c83aa6697baf52d111053327405fafd499e3cf08d57031718
g018-declaration:event.key()	event.key()	builtin.event	EXCLUDED	EXCLUDED_1_0	N1-conformance-and-consumption	PRESERVED_NON_STABLE_BOUNDARY	Corrected G018 explicitly says general GUI is not available and marks this high-level declaration P. Internal native/seed probes do not establish a source-visible implementation. It is not reclassified as a tested public API or as live evidence. Obtém key event tipado. Corrected G018 SHA256=0944468ee395ee0c83aa6697baf52d111053327405fafd499e3cf08d57031718
g018-declaration:event.kind()	event.kind()	builtin.event	EXCLUDED	EXCLUDED_1_0	N1-conformance-and-consumption	PRESERVED_NON_STABLE_BOUNDARY	Corrected G018 explicitly says general GUI is not available and marks this high-level declaration P. Internal native/seed probes do not establish a source-visible implementation. It is not reclassified as a tested public API or as live evidence. Classifica key, pointer, resize, close, focus, etc. Corrected G018 SHA256=0944468ee395ee0c83aa6697baf52d111053327405fafd499e3cf08d57031718
g018-declaration:event.pointer()	event.pointer()	builtin.event	EXCLUDED	EXCLUDED_1_0	N1-conformance-and-consumption	PRESERVED_NON_STABLE_BOUNDARY	Corrected G018 explicitly says general GUI is not available and marks this high-level declaration P. Internal native/seed probes do not establish a source-visible implementation. It is not reclassified as a tested public API or as live evidence. Obtém posição, botão e wheel. Corrected G018 SHA256=0944468ee395ee0c83aa6697baf52d111053327405fafd499e3cf08d57031718
g018-declaration:event.preventDefault()	event.preventDefault()	builtin.event	EXCLUDED	EXCLUDED_1_0	N1-conformance-and-consumption	PRESERVED_NON_STABLE_BOUNDARY	Corrected G018 explicitly says general GUI is not available and marks this high-level declaration P. Internal native/seed probes do not establish a source-visible implementation. It is not reclassified as a tested public API or as live evidence. Controla comportamento apenas onde contrato permitir. Corrected G018 SHA256=0944468ee395ee0c83aa6697baf52d111053327405fafd499e3cf08d57031718
g018-declaration:event.resize()	event.resize()	builtin.event	EXCLUDED	EXCLUDED_1_0	N1-conformance-and-consumption	PRESERVED_NON_STABLE_BOUNDARY	Corrected G018 explicitly says general GUI is not available and marks this high-level declaration P. Internal native/seed probes do not establish a source-visible implementation. It is not reclassified as a tested public API or as live evidence. Obtém novas dimensões. Corrected G018 SHA256=0944468ee395ee0c83aa6697baf52d111053327405fafd499e3cf08d57031718
g018-declaration:event.textInput()	event.textInput()	builtin.event	EXCLUDED	EXCLUDED_1_0	N1-conformance-and-consumption	PRESERVED_NON_STABLE_BOUNDARY	Corrected G018 explicitly says general GUI is not available and marks this high-level declaration P. Internal native/seed probes do not establish a source-visible implementation. It is not reclassified as a tested public API or as live evidence. Obtém texto já processado pelo sistema de input. Corrected G018 SHA256=0944468ee395ee0c83aa6697baf52d111053327405fafd499e3cf08d57031718
g018-declaration:visual.summarize(value)	visual.summarize(value)	builtin.visual	DOMAIN_PACK	STABLE_1_0	N1-PUBLIC-fefeb82b188e22fb2c2d00fa	NORMATIVE_STABLE_PROFILE	Current typed source proof g170-console:visual.summarize. Canonical existing pure visual_summary_foundation owner, actual Int value 0..255, decimal provenance, one evaluation and independent explicit return; no document/window/rendering effect is claimed. Corrected G018 SHA256=0944468ee395ee0c83aa6697baf52d111053327405fafd499e3cf08d57031718
g018-declaration:widget.accessibility()	widget.accessibility()	builtin.widget	EXCLUDED	EXCLUDED_1_0	N1-conformance-and-consumption	PRESERVED_NON_STABLE_BOUNDARY	Corrected G018 explicitly says general GUI is not available and marks this high-level declaration P. Internal native/seed probes do not establish a source-visible implementation. It is not reclassified as a tested public API or as live evidence. Expõe role/name/state. Corrected G018 SHA256=0944468ee395ee0c83aa6697baf52d111053327405fafd499e3cf08d57031718
g018-declaration:widget.on(event, handler)	widget.on(event, handler)	builtin.widget	EXCLUDED	EXCLUDED_1_0	N1-conformance-and-consumption	PRESERVED_NON_STABLE_BOUNDARY	Corrected G018 explicitly says general GUI is not available and marks this high-level declaration P. Internal native/seed probes do not establish a source-visible implementation. It is not reclassified as a tested public API or as live evidence. Liga handler com lifetime controlado. Corrected G018 SHA256=0944468ee395ee0c83aa6697baf52d111053327405fafd499e3cf08d57031718
g018-declaration:window.close()	window.close()	builtin.window	EXCLUDED	EXCLUDED_1_0	N1-conformance-and-consumption	PRESERVED_NON_STABLE_BOUNDARY	Corrected G018 explicitly says general GUI is not available and marks this high-level declaration P. Internal native/seed probes do not establish a source-visible implementation. It is not reclassified as a tested public API or as live evidence. Encerra e emite evento de lifecycle. Corrected G018 SHA256=0944468ee395ee0c83aa6697baf52d111053327405fafd499e3cf08d57031718
g018-declaration:window.events()	window.events()	builtin.window	EXCLUDED	EXCLUDED_1_0	N1-conformance-and-consumption	PRESERVED_NON_STABLE_BOUNDARY	Corrected G018 explicitly says general GUI is not available and marks this high-level declaration P. Internal native/seed probes do not establish a source-visible implementation. It is not reclassified as a tested public API or as live evidence. Produz Stream<Event> da janela. Corrected G018 SHA256=0944468ee395ee0c83aa6697baf52d111053327405fafd499e3cf08d57031718
g018-declaration:window.hide()	window.hide()	builtin.window	EXCLUDED	EXCLUDED_1_0	N1-conformance-and-consumption	PRESERVED_NON_STABLE_BOUNDARY	Corrected G018 explicitly says general GUI is not available and marks this high-level declaration P. Internal native/seed probes do not establish a source-visible implementation. It is not reclassified as a tested public API or as live evidence. Oculta sem destruir. Corrected G018 SHA256=0944468ee395ee0c83aa6697baf52d111053327405fafd499e3cf08d57031718
g018-declaration:window.present(canvas)	window.present(canvas)	builtin.window	EXCLUDED	EXCLUDED_1_0	N1-conformance-and-consumption	PRESERVED_NON_STABLE_BOUNDARY	Corrected G018 explicitly says general GUI is not available and marks this high-level declaration P. Internal native/seed probes do not establish a source-visible implementation. It is not reclassified as a tested public API or as live evidence. Apresenta frame com sincronização definida. Corrected G018 SHA256=0944468ee395ee0c83aa6697baf52d111053327405fafd499e3cf08d57031718
g018-declaration:window.requestRedraw()	window.requestRedraw()	builtin.window	EXCLUDED	EXCLUDED_1_0	N1-conformance-and-consumption	PRESERVED_NON_STABLE_BOUNDARY	Corrected G018 explicitly says general GUI is not available and marks this high-level declaration P. Internal native/seed probes do not establish a source-visible implementation. It is not reclassified as a tested public API or as live evidence. Agenda render sem busy loop. Corrected G018 SHA256=0944468ee395ee0c83aa6697baf52d111053327405fafd499e3cf08d57031718
g018-declaration:window.resize(width, height)	window.resize(width, height)	builtin.window	EXCLUDED	EXCLUDED_1_0	N1-conformance-and-consumption	PRESERVED_NON_STABLE_BOUNDARY	Corrected G018 explicitly says general GUI is not available and marks this high-level declaration P. Internal native/seed probes do not establish a source-visible implementation. It is not reclassified as a tested public API or as live evidence. Solicita nova dimensão. Corrected G018 SHA256=0944468ee395ee0c83aa6697baf52d111053327405fafd499e3cf08d57031718
g018-declaration:window.setTitle(text)	window.setTitle(text)	builtin.window	EXCLUDED	EXCLUDED_1_0	N1-conformance-and-consumption	PRESERVED_NON_STABLE_BOUNDARY	Corrected G018 explicitly says general GUI is not available and marks this high-level declaration P. Internal native/seed probes do not establish a source-visible implementation. It is not reclassified as a tested public API or as live evidence. Atualiza título. Corrected G018 SHA256=0944468ee395ee0c83aa6697baf52d111053327405fafd499e3cf08d57031718
g018-declaration:window.show()	window.show()	builtin.window	EXCLUDED	EXCLUDED_1_0	N1-conformance-and-consumption	PRESERVED_NON_STABLE_BOUNDARY	Corrected G018 explicitly says general GUI is not available and marks this high-level declaration P. Internal native/seed probes do not establish a source-visible implementation. It is not reclassified as a tested public API or as live evidence. Torna janela visível. Corrected G018 SHA256=0944468ee395ee0c83aa6697baf52d111053327405fafd499e3cf08d57031718
"g059-format:""%s tem %d anos"".console(nome, idade)"	"""%s tem %d anos"".console(nome, idade)"	builtin.Text	EXCLUDED	EXCLUDED_1_0	N1-conformance-and-consumption	PRESERVED_NON_STABLE_BOUNDARY	Explicit rejected public syntax: REJECTED: ambíguo entre dados e opções de apresentação.
"g059-format:""%s tem %d anos"".format(nome, idade).console();"	"""%s tem %d anos"".format(nome, idade).console();"	builtin.Text	STDLIB	STABLE_1_0	N1-PUBLIC-8b215aa9dba5cf264e8674e2	NORMATIVE_STABLE_PROFILE	Actual Int64/Float/Bool/Text arguments; literal strict template or dynamic checked policy; 4096 template bytes, 128 nodes, 64 args, width 256, precision 6, output 1 MiB; native typed renderer and distinct owned result frames; named lexical values evaluated once; native registry identity and runtime profile are explicit; serialized interface metadata is verified by the separate metadata suite
g059-format:ConsoleDataArguments	ConsoleDataArguments	builtin.Text	EXCLUDED	EXCLUDED_1_0	N1-conformance-and-consumption	PRESERVED_NON_STABLE_BOUNDARY	Explicit rejected public syntax: REJECTED: argumentos de dados não são misturados com opções de Console.
g059-format:ConsoleOptions	ConsoleOptions	builtin.Text	STDLIB	STABLE_1_0	N1-PUBLIC-e16f67a1443da8bc078886d5	NORMATIVE_STABLE_PROFILE	Actual Int64/Float/Bool/Text arguments; literal strict template or dynamic checked policy; 4096 template bytes, 128 nodes, 64 args, width 256, precision 6, output 1 MiB; native typed renderer and distinct owned result frames; named lexical values evaluated once; native registry identity and runtime profile are explicit; serialized interface metadata is verified by the separate metadata suite
g059-format:EvaluationCount.EXACTLY_ONCE	EvaluationCount.EXACTLY_ONCE	builtin.Text	INTERNAL_TOOLING	EXCLUDED_1_0	N1-conformance-and-consumption	PRESERVED_NON_STABLE_BOUNDARY	Current corrected G059 identifies typed IR/ABI nodes, evaluation policy and internal named lowering; these are reached by real format/interpolation source cases but are not standalone public constructors. Native ABI probes remain internal evidence. Sizing e rendering reutilizam temporários, nunca reavaliam expressões.
g059-format:EvaluationOrder.LEFT_TO_RIGHT	EvaluationOrder.LEFT_TO_RIGHT	builtin.Text	INTERNAL_TOOLING	EXCLUDED_1_0	N1-conformance-and-consumption	PRESERVED_NON_STABLE_BOUNDARY	Current corrected G059 identifies typed IR/ABI nodes, evaluation policy and internal named lowering; these are reached by real format/interpolation source cases but are not standalone public constructors. Native ABI probes remain internal evidence. Argumentos avaliados na ordem lexical.
g059-format:FormatEffectPolicy	FormatEffectPolicy	builtin.Text	INTERNAL_TOOLING	EXCLUDED_1_0	N1-conformance-and-consumption	PRESERVED_NON_STABLE_BOUNDARY	Current corrected G059 identifies typed IR/ABI nodes, evaluation policy and internal named lowering; these are reached by real format/interpolation source cases but are not standalone public constructors. Native ABI probes remain internal evidence. Template literal é puro; effects pertencem aos argumentos antes do plano.
g059-format:FormatError.AllocationFailed	FormatError.AllocationFailed	builtin.Text	STDLIB	STABLE_1_0	N1-PUBLIC-7c70511f72da66995c73ad60	NORMATIVE_STABLE_PROFILE	Actual Int64/Float/Bool/Text arguments; literal strict template or dynamic checked policy; 4096 template bytes, 128 nodes, 64 args, width 256, precision 6, output 1 MiB; native typed renderer and distinct owned result frames; named lexical values evaluated once; native registry identity and runtime profile are explicit; serialized interface metadata is verified by the separate metadata suite
g059-format:FormatError.InvalidTemplate	FormatError.InvalidTemplate	builtin.Text	STDLIB	STABLE_1_0	N1-PUBLIC-29836787eadb9b9679c385d2	NORMATIVE_STABLE_PROFILE	Actual Int64/Float/Bool/Text arguments; literal strict template or dynamic checked policy; 4096 template bytes, 128 nodes, 64 args, width 256, precision 6, output 1 MiB; native typed renderer and distinct owned result frames; named lexical values evaluated once; native registry identity and runtime profile are explicit; serialized interface metadata is verified by the separate metadata suite
g059-format:FormatError.SizeOverflow	FormatError.SizeOverflow	builtin.Text	STDLIB	STABLE_1_0	N1-PUBLIC-bec158fb6852429a92fb29be	NORMATIVE_STABLE_PROFILE	Actual Int64/Float/Bool/Text arguments; literal strict template or dynamic checked policy; 4096 template bytes, 128 nodes, 64 args, width 256, precision 6, output 1 MiB; native typed renderer and distinct owned result frames; named lexical values evaluated once; native registry identity and runtime profile are explicit; serialized interface metadata is verified by the separate metadata suite
g059-format:FormatNode.literal(Text)	FormatNode.literal(Text)	builtin.Text	INTERNAL_TOOLING	EXCLUDED_1_0	N1-conformance-and-consumption	PRESERVED_NON_STABLE_BOUNDARY	Current corrected G059 identifies typed IR/ABI nodes, evaluation policy and internal named lowering; these are reached by real format/interpolation source cases but are not standalone public constructors. Native ABI probes remain internal evidence. Segmento literal.
g059-format:FormatNode.named(SymbolId, ValueRef, FormatProfile)	FormatNode.named(SymbolId, ValueRef, FormatProfile)	builtin.Text	INTERNAL_TOOLING	EXCLUDED_1_0	N1-conformance-and-consumption	PRESERVED_NON_STABLE_BOUNDARY	Current corrected G059 identifies typed IR/ABI nodes, evaluation policy and internal named lowering; these are reached by real format/interpolation source cases but are not standalone public constructors. Native ABI probes remain internal evidence. Argumento nomeado.
g059-format:FormatNode.position(Int, ValueRef, FormatProfile)	FormatNode.position(Int, ValueRef, FormatProfile)	builtin.Text	INTERNAL_TOOLING	EXCLUDED_1_0	N1-conformance-and-consumption	PRESERVED_NON_STABLE_BOUNDARY	Current corrected G059 identifies typed IR/ABI nodes, evaluation policy and internal named lowering; these are reached by real format/interpolation source cases but are not standalone public constructors. Native ABI probes remain internal evidence. Argumento posicional para i18n.
g059-format:FormatNode.value(ValueRef, FormatProfile)	FormatNode.value(ValueRef, FormatProfile)	builtin.Text	INTERNAL_TOOLING	EXCLUDED_1_0	N1-conformance-and-consumption	PRESERVED_NON_STABLE_BOUNDARY	Current corrected G059 identifies typed IR/ABI nodes, evaluation policy and internal named lowering; these are reached by real format/interpolation source cases but are not standalone public constructors. Native ABI probes remain internal evidence. Valor avaliado uma vez com profile tipado.
g059-format:FormatPlan	FormatPlan	builtin.Text	INTERNAL_TOOLING	EXCLUDED_1_0	N1-conformance-and-consumption	PRESERVED_NON_STABLE_BOUNDARY	Current corrected G059 identifies typed IR/ABI nodes, evaluation policy and internal named lowering; these are reached by real format/interpolation source cases but are not standalone public constructors. Native ABI probes remain internal evidence. IR tipado comum a `.format(...)`, `${...}`, diagnostics, RenderPlan e tagged templates.
g059-format:FormatPlan.byteSizeChecked()	FormatPlan.byteSizeChecked()	builtin.Text	INTERNAL_TOOLING	EXCLUDED_1_0	N1-conformance-and-consumption	PRESERVED_NON_STABLE_BOUNDARY	Current corrected G059 identifies typed IR/ABI nodes, evaluation policy and internal named lowering; these are reached by real format/interpolation source cases but are not standalone public constructors. Native ABI probes remain internal evidence. Calcula tamanho sem overflow e sem repetir efeitos.
g059-format:FormatPlan.clone/drop	FormatPlan.clone/drop	builtin.Text	INTERNAL_TOOLING	EXCLUDED_1_0	N1-conformance-and-consumption	PRESERVED_NON_STABLE_BOUNDARY	Current corrected G059 identifies typed IR/ABI nodes, evaluation policy and internal named lowering; these are reached by real format/interpolation source cases but are not standalone public constructors. Native ABI probes remain internal evidence. Ownership e cleanup definidos, sem alias mutável.
g059-format:FormatPlan.measure()	FormatPlan.measure()	builtin.Text	INTERNAL_TOOLING	EXCLUDED_1_0	N1-conformance-and-consumption	PRESERVED_NON_STABLE_BOUNDARY	Current corrected G059 identifies typed IR/ABI nodes, evaluation policy and internal named lowering; these are reached by real format/interpolation source cases but are not standalone public constructors. Native ABI probes remain internal evidence. Mede bytes/result size com checked arithmetic.
g059-format:FormatPlan.renderTo(TextBuilder)	FormatPlan.renderTo(TextBuilder)	builtin.Text	INTERNAL_TOOLING	EXCLUDED_1_0	N1-conformance-and-consumption	PRESERVED_NON_STABLE_BOUNDARY	Current corrected G059 identifies typed IR/ABI nodes, evaluation policy and internal named lowering; these are reached by real format/interpolation source cases but are not standalone public constructors. Native ABI probes remain internal evidence. Escreve deterministicamente num builder validado.
g059-format:FormatPlan.write()	FormatPlan.write()	builtin.Text	INTERNAL_TOOLING	EXCLUDED_1_0	N1-conformance-and-consumption	PRESERVED_NON_STABLE_BOUNDARY	Current corrected G059 identifies typed IR/ABI nodes, evaluation policy and internal named lowering; these are reached by real format/interpolation source cases but are not standalone public constructors. Native ABI probes remain internal evidence. Escreve uma vez após allocation/reserve bem-sucedida.
g059-format:FormatString.parseChecked(Text)	FormatString.parseChecked(Text)	builtin.Text	STDLIB	STABLE_1_0	N1-PUBLIC-a615c72d20bea4c90a94e56a	NORMATIVE_STABLE_PROFILE	Actual Int64/Float/Bool/Text arguments; literal strict template or dynamic checked policy; 4096 template bytes, 128 nodes, 64 args, width 256, precision 6, output 1 MiB; native typed renderer and distinct owned result frames; named lexical values evaluated once; native registry identity and runtime profile are explicit; serialized interface metadata is verified by the separate metadata suite
g059-format:FormatString.validate(types)	FormatString.validate(types)	builtin.Text	STDLIB	STABLE_1_0	N1-PUBLIC-d3d3d593a8a51473e8218a0d	NORMATIVE_STABLE_PROFILE	Actual Int64/Float/Bool/Text arguments; literal strict template or dynamic checked policy; 4096 template bytes, 128 nodes, 64 args, width 256, precision 6, output 1 MiB; native typed renderer and distinct owned result frames; named lexical values evaluated once; native registry identity and runtime profile are explicit; serialized interface metadata is verified by the separate metadata suite
g059-format:FormatString<TArgs>	FormatString<TArgs>	builtin.Text	STDLIB	STABLE_1_0	N1-PUBLIC-127c90b0f9720dc2bed37bf2	NORMATIVE_STABLE_PROFILE	Actual Int64/Float/Bool/Text arguments; literal strict template or dynamic checked policy; 4096 template bytes, 128 nodes, 64 args, width 256, precision 6, output 1 MiB; native typed renderer and distinct owned result frames; named lexical values evaluated once; native registry identity and runtime profile are explicit; serialized interface metadata is verified by the separate metadata suite
g059-format:FormatTemporary	FormatTemporary	builtin.Text	INTERNAL_TOOLING	EXCLUDED_1_0	N1-conformance-and-consumption	PRESERVED_NON_STABLE_BOUNDARY	Current corrected G059 identifies typed IR/ABI nodes, evaluation policy and internal named lowering; these are reached by real format/interpolation source cases but are not standalone public constructors. Native ABI probes remain internal evidence. Temporário HIR/LIR por argumento para preservar effects/ownership.
g059-format:FormattedText	FormattedText	builtin.Text	EXCLUDED	EXCLUDED_1_0	N1-conformance-and-consumption	PRESERVED_NON_STABLE_BOUNDARY	Current corrected G059 explicitly calls FormattedText a conceptual alias/result Text, without a second public type. Alias conceitual/resultado Text; não cria segundo tipo público sem necessidade.
g059-format:StaticFormatString	StaticFormatString	builtin.Text	STDLIB	STABLE_1_0	N1-PUBLIC-1f484682333393bad4fed684	NORMATIVE_STABLE_PROFILE	Actual Int64/Float/Bool/Text arguments; literal strict template or dynamic checked policy; 4096 template bytes, 128 nodes, 64 args, width 256, precision 6, output 1 MiB; native typed renderer and distinct owned result frames; named lexical values evaluated once; native registry identity and runtime profile are explicit; serialized interface metadata is verified by the separate metadata suite
g059-format:Text.console(options...)	Text.console(options...)	builtin.Text	STDLIB	STABLE_1_0	N1-PUBLIC-cad7a37030139dbffc18bf75	NORMATIVE_STABLE_PROFILE	Actual Int64/Float/Bool/Text arguments; literal strict template or dynamic checked policy; 4096 template bytes, 128 nodes, 64 args, width 256, precision 6, output 1 MiB; native typed renderer and distinct owned result frames; named lexical values evaluated once; native registry identity and runtime profile are explicit; serialized interface metadata is verified by the separate metadata suite
g059-format:Text.format(args...) -> Text	Text.format(args...) -> Text	builtin.Text	STDLIB	STABLE_1_0	N1-PUBLIC-ac13cf257e605cfb23fcc2dc	NORMATIVE_STABLE_PROFILE	Actual Int64/Float/Bool/Text arguments; literal strict template or dynamic checked policy; 4096 template bytes, 128 nodes, 64 args, width 256, precision 6, output 1 MiB; native typed renderer and distinct owned result frames; named lexical values evaluated once; native registry identity and runtime profile are explicit; serialized interface metadata is verified by the separate metadata suite
g059-format:Text.formatNamed(namedArgs) -> Text	Text.formatNamed(namedArgs) -> Text	builtin.Text	INTERNAL_TOOLING	EXCLUDED_1_0	N1-conformance-and-consumption	PRESERVED_NON_STABLE_BOUNDARY	Current corrected G059 identifies typed IR/ABI nodes, evaluation policy and internal named lowering; these are reached by real format/interpolation source cases but are not standalone public constructors. Native ABI probes remain internal evidence. Forma interna/typed para placeholders nomeados.
g059-format:Text.formatWith(policy, args...) -> Result<Text, FormatError>	Text.formatWith(policy, args...) -> Result<Text, FormatError>	builtin.Text	STDLIB	STABLE_1_0	N1-PUBLIC-526760d08dcb8b45c61362fb	NORMATIVE_STABLE_PROFILE	Actual Int64/Float/Bool/Text arguments; literal strict template or dynamic checked policy; 4096 template bytes, 128 nodes, 64 args, width 256, precision 6, output 1 MiB; native typed renderer and distinct owned result frames; named lexical values evaluated once; native registry identity and runtime profile are explicit; serialized interface metadata is verified by the separate metadata suite
g059-format:format(...).binding	format(...).binding	builtin.Text	STDLIB	STABLE_1_0	N1-PUBLIC-17c974c8cbe9b5d2c8608135	NORMATIVE_STABLE_PROFILE	Actual Int64/Float/Bool/Text arguments; literal strict template or dynamic checked policy; 4096 template bytes, 128 nodes, 64 args, width 256, precision 6, output 1 MiB; native typed renderer and distinct owned result frames; named lexical values evaluated once; native registry identity and runtime profile are explicit; serialized interface metadata is verified by the separate metadata suite
g060-format:%#	%#	builtin.Text	STDLIB	STABLE_1_0	N1-PUBLIC-76b891ea1442d287d48c9fee	NORMATIVE_STABLE_PROFILE	Actual Int64/Float/Bool/Text arguments; literal strict template or dynamic checked policy; 4096 template bytes, 128 nodes, 64 args, width 256, precision 6, output 1 MiB; native typed renderer and distinct owned result frames; named lexical values evaluated once; native registry identity and runtime profile are explicit; serialized interface metadata is verified by the separate metadata suite
g060-format:%%	%%	builtin.Text	STDLIB	STABLE_1_0	N1-PUBLIC-43b3367dd529ce4c123fd5e3	NORMATIVE_STABLE_PROFILE	Actual Int64/Float/Bool/Text arguments; literal strict template or dynamic checked policy; 4096 template bytes, 128 nodes, 64 args, width 256, precision 6, output 1 MiB; native typed renderer and distinct owned result frames; named lexical values evaluated once; native registry identity and runtime profile are explicit; serialized interface metadata is verified by the separate metadata suite
g060-format:%-8s	%-8s	builtin.Text	STDLIB	STABLE_1_0	N1-PUBLIC-97def53031acebb75f270920	NORMATIVE_STABLE_PROFILE	Actual Int64/Float/Bool/Text arguments; literal strict template or dynamic checked policy; 4096 template bytes, 128 nodes, 64 args, width 256, precision 6, output 1 MiB; native typed renderer and distinct owned result frames; named lexical values evaluated once; native registry identity and runtime profile are explicit; serialized interface metadata is verified by the separate metadata suite
g060-format:%.2f	%.2f	builtin.Text	STDLIB	STABLE_1_0	N1-PUBLIC-17b98d78b6ab3262fd5dcfce	NORMATIVE_STABLE_PROFILE	Actual Int64/Float/Bool/Text arguments; literal strict template or dynamic checked policy; 4096 template bytes, 128 nodes, 64 args, width 256, precision 6, output 1 MiB; native typed renderer and distinct owned result frames; named lexical values evaluated once; native registry identity and runtime profile are explicit; serialized interface metadata is verified by the separate metadata suite
g060-format:%04d	%04d	builtin.Text	STDLIB	STABLE_1_0	N1-PUBLIC-56c1c7457e035844e5994ec9	NORMATIVE_STABLE_PROFILE	Actual Int64/Float/Bool/Text arguments; literal strict template or dynamic checked policy; 4096 template bytes, 128 nodes, 64 args, width 256, precision 6, output 1 MiB; native typed renderer and distinct owned result frames; named lexical values evaluated once; native registry identity and runtime profile are explicit; serialized interface metadata is verified by the separate metadata suite
g060-format:%1$d	%1$d	builtin.Text	STDLIB	STABLE_1_0	N1-PUBLIC-1bd3c84c056271066e503b33	NORMATIVE_STABLE_PROFILE	Actual Int64/Float/Bool/Text arguments; literal strict template or dynamic checked policy; 4096 template bytes, 128 nodes, 64 args, width 256, precision 6, output 1 MiB; native typed renderer and distinct owned result frames; named lexical values evaluated once; native registry identity and runtime profile are explicit; serialized interface metadata is verified by the separate metadata suite
g060-format:%2$s	%2$s	builtin.Text	STDLIB	STABLE_1_0	N1-PUBLIC-afbf31d2a3812faa4a3b4288	NORMATIVE_STABLE_PROFILE	Actual Int64/Float/Bool/Text arguments; literal strict template or dynamic checked policy; 4096 template bytes, 128 nodes, 64 args, width 256, precision 6, output 1 MiB; native typed renderer and distinct owned result frames; named lexical values evaluated once; native registry identity and runtime profile are explicit; serialized interface metadata is verified by the separate metadata suite
g060-format:%8s	%8s	builtin.Text	STDLIB	STABLE_1_0	N1-PUBLIC-cf3e5395fd86d0794c85a43f	NORMATIVE_STABLE_PROFILE	Actual Int64/Float/Bool/Text arguments; literal strict template or dynamic checked policy; 4096 template bytes, 128 nodes, 64 args, width 256, precision 6, output 1 MiB; native typed renderer and distinct owned result frames; named lexical values evaluated once; native registry identity and runtime profile are explicit; serialized interface metadata is verified by the separate metadata suite
g060-format:%?	%?	builtin.Text	STDLIB	STABLE_1_0	N1-PUBLIC-8594d503b8ec5ec037e823eb	NORMATIVE_STABLE_PROFILE	Actual Int64/Float/Bool/Text arguments; literal strict template or dynamic checked policy; 4096 template bytes, 128 nodes, 64 args, width 256, precision 6, output 1 MiB; native typed renderer and distinct owned result frames; named lexical values evaluated once; native registry identity and runtime profile are explicit; serialized interface metadata is verified by the separate metadata suite
g060-format:%T	%T	builtin.Text	STDLIB	STABLE_1_0	N1-PUBLIC-ccf4f0f0b36c3ee911b33d66	NORMATIVE_STABLE_PROFILE	Actual Int64/Float/Bool/Text arguments; literal strict template or dynamic checked policy; 4096 template bytes, 128 nodes, 64 args, width 256, precision 6, output 1 MiB; native typed renderer and distinct owned result frames; named lexical values evaluated once; native registry identity and runtime profile are explicit; serialized interface metadata is verified by the separate metadata suite
g060-format:%b	%b	builtin.Text	STDLIB	STABLE_1_0	N1-PUBLIC-be6c8d01d4223e90ad906017	NORMATIVE_STABLE_PROFILE	Actual Int64/Float/Bool/Text arguments; literal strict template or dynamic checked policy; 4096 template bytes, 128 nodes, 64 args, width 256, precision 6, output 1 MiB; native typed renderer and distinct owned result frames; named lexical values evaluated once; native registry identity and runtime profile are explicit; serialized interface metadata is verified by the separate metadata suite
g060-format:%d	%d	builtin.Text	STDLIB	STABLE_1_0	N1-PUBLIC-aff25fac1e9d89264930e697	NORMATIVE_STABLE_PROFILE	Actual Int64/Float/Bool/Text arguments; literal strict template or dynamic checked policy; 4096 template bytes, 128 nodes, 64 args, width 256, precision 6, output 1 MiB; native typed renderer and distinct owned result frames; named lexical values evaluated once; native registry identity and runtime profile are explicit; serialized interface metadata is verified by the separate metadata suite
g060-format:%e	%e	builtin.Text	STDLIB	STABLE_1_0	N1-PUBLIC-30aca73b458f0feb703063bd	NORMATIVE_STABLE_PROFILE	Actual Int64/Float/Bool/Text arguments; literal strict template or dynamic checked policy; 4096 template bytes, 128 nodes, 64 args, width 256, precision 6, output 1 MiB; native typed renderer and distinct owned result frames; named lexical values evaluated once; native registry identity and runtime profile are explicit; serialized interface metadata is verified by the separate metadata suite
g060-format:%f	%f	builtin.Text	STDLIB	STABLE_1_0	N1-PUBLIC-717d70e5613a3d5d933490a2	NORMATIVE_STABLE_PROFILE	Actual Int64/Float/Bool/Text arguments; literal strict template or dynamic checked policy; 4096 template bytes, 128 nodes, 64 args, width 256, precision 6, output 1 MiB; native typed renderer and distinct owned result frames; named lexical values evaluated once; native registry identity and runtime profile are explicit; serialized interface metadata is verified by the separate metadata suite
g060-format:%j	%j	builtin.Text	STDLIB	STABLE_1_0	N1-PUBLIC-492fb8ce1627ebc022b6a1bb	NORMATIVE_STABLE_PROFILE	Actual Int64/Float/Bool/Text arguments; literal strict template or dynamic checked policy; 4096 template bytes, 128 nodes, 64 args, width 256, precision 6, output 1 MiB; native typed renderer and distinct owned result frames; named lexical values evaluated once; native registry identity and runtime profile are explicit; serialized interface metadata is verified by the separate metadata suite
g060-format:%o	%o	builtin.Text	STDLIB	STABLE_1_0	N1-PUBLIC-3f68a6780305081a3a392303	NORMATIVE_STABLE_PROFILE	Actual Int64/Float/Bool/Text arguments; literal strict template or dynamic checked policy; 4096 template bytes, 128 nodes, 64 args, width 256, precision 6, output 1 MiB; native typed renderer and distinct owned result frames; named lexical values evaluated once; native registry identity and runtime profile are explicit; serialized interface metadata is verified by the separate metadata suite
g060-format:%p	%p	builtin.Text	EXCLUDED	EXCLUDED_1_0	N1-conformance-and-consumption	PRESERVED_NON_STABLE_BOUNDARY	Explicit rejected public syntax: REJECTED in public format surface; raw addresses require explicit debug capability.
g060-format:%q	%q	builtin.Text	STDLIB	STABLE_1_0	N1-PUBLIC-43ea82f92c6d3ab2b24ba028	NORMATIVE_STABLE_PROFILE	Actual Int64/Float/Bool/Text arguments; literal strict template or dynamic checked policy; 4096 template bytes, 128 nodes, 64 args, width 256, precision 6, output 1 MiB; native typed renderer and distinct owned result frames; named lexical values evaluated once; native registry identity and runtime profile are explicit; serialized interface metadata is verified by the separate metadata suite
g060-format:%s	%s	builtin.Text	STDLIB	STABLE_1_0	N1-PUBLIC-4a990b4414293780dadf811a	NORMATIVE_STABLE_PROFILE	Actual Int64/Float/Bool/Text arguments; literal strict template or dynamic checked policy; 4096 template bytes, 128 nodes, 64 args, width 256, precision 6, output 1 MiB; native typed renderer and distinct owned result frames; named lexical values evaluated once; native registry identity and runtime profile are explicit; serialized interface metadata is verified by the separate metadata suite
g060-format:%v	%v	builtin.Text	STDLIB	STABLE_1_0	N1-PUBLIC-df98703b19385be55d410111	NORMATIVE_STABLE_PROFILE	Actual Int64/Float/Bool/Text arguments; literal strict template or dynamic checked policy; 4096 template bytes, 128 nodes, 64 args, width 256, precision 6, output 1 MiB; native typed renderer and distinct owned result frames; named lexical values evaluated once; native registry identity and runtime profile are explicit; serialized interface metadata is verified by the separate metadata suite
g060-format:%x	%x	builtin.Text	STDLIB	STABLE_1_0	N1-PUBLIC-62ba26083fdf74e8e679ab19	NORMATIVE_STABLE_PROFILE	Actual Int64/Float/Bool/Text arguments; literal strict template or dynamic checked policy; 4096 template bytes, 128 nodes, 64 args, width 256, precision 6, output 1 MiB; native typed renderer and distinct owned result frames; named lexical values evaluated once; native registry identity and runtime profile are explicit; serialized interface metadata is verified by the separate metadata suite
g060-format:%{idade:d}	%{idade:d}	builtin.Text	STDLIB	STABLE_1_0	N1-PUBLIC-30f782416663db0471c2e10d	NORMATIVE_STABLE_PROFILE	Actual Int64/Float/Bool/Text arguments; literal strict template or dynamic checked policy; 4096 template bytes, 128 nodes, 64 args, width 256, precision 6, output 1 MiB; native typed renderer and distinct owned result frames; named lexical values evaluated once; native registry identity and runtime profile are explicit; serialized interface metadata is verified by the separate metadata suite
g060-format:%{nome:s}	%{nome:s}	builtin.Text	STDLIB	STABLE_1_0	N1-PUBLIC-b81db9494f3f42a2c18be081	NORMATIVE_STABLE_PROFILE	Actual Int64/Float/Bool/Text arguments; literal strict template or dynamic checked policy; 4096 template bytes, 128 nodes, 64 args, width 256, precision 6, output 1 MiB; native typed renderer and distinct owned result frames; named lexical values evaluated once; native registry identity and runtime profile are explicit; serialized interface metadata is verified by the separate metadata suite
g060-format:.allowCoerce()	.allowCoerce()	builtin.Text	STDLIB	STABLE_1_0	N1-PUBLIC-fd5c6357997bd56c0b675ff2	NORMATIVE_STABLE_PROFILE	Actual Int64/Float/Bool/Text arguments; literal strict template or dynamic checked policy; 4096 template bytes, 128 nodes, 64 args, width 256, precision 6, output 1 MiB; native typed renderer and distinct owned result frames; named lexical values evaluated once; native registry identity and runtime profile are explicit; serialized interface metadata is verified by the separate metadata suite
g060-format:.extraArgs(policy)	.extraArgs(policy)	builtin.Text	STDLIB	STABLE_1_0	N1-PUBLIC-c380a52f744ca9f142aa8aa9	NORMATIVE_STABLE_PROFILE	Actual Int64/Float/Bool/Text arguments; literal strict template or dynamic checked policy; 4096 template bytes, 128 nodes, 64 args, width 256, precision 6, output 1 MiB; native typed renderer and distinct owned result frames; named lexical values evaluated once; native registry identity and runtime profile are explicit; serialized interface metadata is verified by the separate metadata suite
g060-format:.formatOnly()	.formatOnly()	builtin.Text	STDLIB	STABLE_1_0	N1-PUBLIC-47c3e17a138e9cca4e3b3cb5	NORMATIVE_STABLE_PROFILE	Actual Int64/Float/Bool/Text arguments; literal strict template or dynamic checked policy; 4096 template bytes, 128 nodes, 64 args, width 256, precision 6, output 1 MiB; native typed renderer and distinct owned result frames; named lexical values evaluated once; native registry identity and runtime profile are explicit; serialized interface metadata is verified by the separate metadata suite
g060-format:.loose()	.loose()	builtin.Text	STDLIB	STABLE_1_0	N1-PUBLIC-4d1f8bd51ab9262b950a1077	NORMATIVE_STABLE_PROFILE	Actual Int64/Float/Bool/Text arguments; literal strict template or dynamic checked policy; 4096 template bytes, 128 nodes, 64 args, width 256, precision 6, output 1 MiB; native typed renderer and distinct owned result frames; named lexical values evaluated once; native registry identity and runtime profile are explicit; serialized interface metadata is verified by the separate metadata suite
g060-format:.missingArgs(policy)	.missingArgs(policy)	builtin.Text	STDLIB	STABLE_1_0	N1-PUBLIC-49d6601b1566a1d182055ee6	NORMATIVE_STABLE_PROFILE	Actual Int64/Float/Bool/Text arguments; literal strict template or dynamic checked policy; 4096 template bytes, 128 nodes, 64 args, width 256, precision 6, output 1 MiB; native typed renderer and distinct owned result frames; named lexical values evaluated once; native registry identity and runtime profile are explicit; serialized interface metadata is verified by the separate metadata suite
g060-format:.noCoerce()	.noCoerce()	builtin.Text	STDLIB	STABLE_1_0	N1-PUBLIC-a88225b08d8188bd36aad029	NORMATIVE_STABLE_PROFILE	Actual Int64/Float/Bool/Text arguments; literal strict template or dynamic checked policy; 4096 template bytes, 128 nodes, 64 args, width 256, precision 6, output 1 MiB; native typed renderer and distinct owned result frames; named lexical values evaluated once; native registry identity and runtime profile are explicit; serialized interface metadata is verified by the separate metadata suite
g060-format:.placeholderMode(mode)	.placeholderMode(mode)	builtin.Text	STDLIB	STABLE_1_0	N1-PUBLIC-6df98269e9838fbc5393d151	NORMATIVE_STABLE_PROFILE	Actual Int64/Float/Bool/Text arguments; literal strict template or dynamic checked policy; 4096 template bytes, 128 nodes, 64 args, width 256, precision 6, output 1 MiB; native typed renderer and distinct owned result frames; named lexical values evaluated once; native registry identity and runtime profile are explicit; serialized interface metadata is verified by the separate metadata suite
g060-format:.strict()	.strict()	builtin.Text	STDLIB	STABLE_1_0	N1-PUBLIC-5a962b223308bcba02701958	NORMATIVE_STABLE_PROFILE	Actual Int64/Float/Bool/Text arguments; literal strict template or dynamic checked policy; 4096 template bytes, 128 nodes, 64 args, width 256, precision 6, output 1 MiB; native typed renderer and distinct owned result frames; named lexical values evaluated once; native registry identity and runtime profile are explicit; serialized interface metadata is verified by the separate metadata suite
g060-format:.unknownPlaceholder(policy)	.unknownPlaceholder(policy)	builtin.Text	STDLIB	STABLE_1_0	N1-PUBLIC-4b96602ed31273de4bfd4ad3	NORMATIVE_STABLE_PROFILE	Actual Int64/Float/Bool/Text arguments; literal strict template or dynamic checked policy; 4096 template bytes, 128 nodes, 64 args, width 256, precision 6, output 1 MiB; native typed renderer and distinct owned result frames; named lexical values evaluated once; native registry identity and runtime profile are explicit; serialized interface metadata is verified by the separate metadata suite
g060-format:.validateOnly()	.validateOnly()	builtin.Text	STDLIB	STABLE_1_0	N1-PUBLIC-588639d9ed067dd3f280b077	NORMATIVE_STABLE_PROFILE	Actual Int64/Float/Bool/Text arguments; literal strict template or dynamic checked policy; 4096 template bytes, 128 nodes, 64 args, width 256, precision 6, output 1 MiB; native typed renderer and distinct owned result frames; named lexical values evaluated once; native registry identity and runtime profile are explicit; serialized interface metadata is verified by the separate metadata suite
g060-format:NEBO-FORMAT-001	NEBO-FORMAT-001	builtin.Text	STDLIB	STABLE_1_0	N1-PUBLIC-da38fbe2f5eb2edb91122465	NORMATIVE_STABLE_PROFILE	Actual Int64/Float/Bool/Text arguments; literal strict template or dynamic checked policy; 4096 template bytes, 128 nodes, 64 args, width 256, precision 6, output 1 MiB; native typed renderer and distinct owned result frames; named lexical values evaluated once; native registry identity and runtime profile are explicit; serialized interface metadata is verified by the separate metadata suite
g060-format:NEBO-FORMAT-002	NEBO-FORMAT-002	builtin.Text	STDLIB	STABLE_1_0	N1-PUBLIC-a36906e5cb060716ab7f9c4a	NORMATIVE_STABLE_PROFILE	Actual Int64/Float/Bool/Text arguments; literal strict template or dynamic checked policy; 4096 template bytes, 128 nodes, 64 args, width 256, precision 6, output 1 MiB; native typed renderer and distinct owned result frames; named lexical values evaluated once; native registry identity and runtime profile are explicit; serialized interface metadata is verified by the separate metadata suite
g060-format:NEBO-FORMAT-003	NEBO-FORMAT-003	builtin.Text	STDLIB	STABLE_1_0	N1-PUBLIC-5c4778e568eebac49774f5aa	NORMATIVE_STABLE_PROFILE	Actual Int64/Float/Bool/Text arguments; literal strict template or dynamic checked policy; 4096 template bytes, 128 nodes, 64 args, width 256, precision 6, output 1 MiB; native typed renderer and distinct owned result frames; named lexical values evaluated once; native registry identity and runtime profile are explicit; serialized interface metadata is verified by the separate metadata suite
g060-format:NEBO-FORMAT-004	NEBO-FORMAT-004	builtin.Text	STDLIB	STABLE_1_0	N1-PUBLIC-45d326da50c8c8288c2dc4ad	NORMATIVE_STABLE_PROFILE	Actual Int64/Float/Bool/Text arguments; literal strict template or dynamic checked policy; 4096 template bytes, 128 nodes, 64 args, width 256, precision 6, output 1 MiB; native typed renderer and distinct owned result frames; named lexical values evaluated once; native registry identity and runtime profile are explicit; serialized interface metadata is verified by the separate metadata suite
g060-format:NEBO-FORMAT-005	NEBO-FORMAT-005	builtin.Text	STDLIB	STABLE_1_0	N1-PUBLIC-d30355c2cece43146c07e93c	NORMATIVE_STABLE_PROFILE	Actual Int64/Float/Bool/Text arguments; literal strict template or dynamic checked policy; 4096 template bytes, 128 nodes, 64 args, width 256, precision 6, output 1 MiB; native typed renderer and distinct owned result frames; named lexical values evaluated once; native registry identity and runtime profile are explicit; serialized interface metadata is verified by the separate metadata suite
g060-format:NEBO-FORMAT-006	NEBO-FORMAT-006	builtin.Text	STDLIB	STABLE_1_0	N1-PUBLIC-86b66c8b359c731c8cd773be	NORMATIVE_STABLE_PROFILE	Actual Int64/Float/Bool/Text arguments; literal strict template or dynamic checked policy; 4096 template bytes, 128 nodes, 64 args, width 256, precision 6, output 1 MiB; native typed renderer and distinct owned result frames; named lexical values evaluated once; native registry identity and runtime profile are explicit; serialized interface metadata is verified by the separate metadata suite
g060-format:NEBO-FORMAT-007	NEBO-FORMAT-007	builtin.Text	STDLIB	STABLE_1_0	N1-PUBLIC-d2ba4b9eaf9bddc9b87c5574	NORMATIVE_STABLE_PROFILE	Actual Int64/Float/Bool/Text arguments; literal strict template or dynamic checked policy; 4096 template bytes, 128 nodes, 64 args, width 256, precision 6, output 1 MiB; native typed renderer and distinct owned result frames; named lexical values evaluated once; native registry identity and runtime profile are explicit; serialized interface metadata is verified by the separate metadata suite
g060-format:NEBO-FORMAT-008	NEBO-FORMAT-008	builtin.Text	STDLIB	STABLE_1_0	N1-PUBLIC-37b024b85dc0fcb4626a142a	NORMATIVE_STABLE_PROFILE	Actual Int64/Float/Bool/Text arguments; literal strict template or dynamic checked policy; 4096 template bytes, 128 nodes, 64 args, width 256, precision 6, output 1 MiB; native typed renderer and distinct owned result frames; named lexical values evaluated once; native registry identity and runtime profile are explicit; serialized interface metadata is verified by the separate metadata suite
g061-format:${id:hex(width: 8)}	${id:hex(width: 8)}	builtin.Text	STDLIB	STABLE_1_0	N1-PUBLIC-e1b83788f26f154f766e3067	NORMATIVE_STABLE_PROFILE	Ordinary token/AST expression children; native pure-only effect policy with resolved callee bodies; static G059 nodes and G062 profiles; 64 segments, 16 nested quotes, 4096 source-content bytes; native named-product fields preserve declared types/offsets and source order (8 declarations/8 fields); native-token tooling preserves literals and exposes expressions; rename uses existing G162 receiver-method SymbolIds; privacy remains a separate obligation
g061-format:${nome:align(right, 20)}	${nome:align(right, 20)}	builtin.Text	STDLIB	STABLE_1_0	N1-PUBLIC-984a1ab7caa70d80d9478186	NORMATIVE_STABLE_PROFILE	Ordinary token/AST expression children; native pure-only effect policy with resolved callee bodies; static G059 nodes and G062 profiles; 64 segments, 16 nested quotes, 4096 source-content bytes; native named-product fields preserve declared types/offsets and source order (8 declarations/8 fields); native-token tooling preserves literals and exposes expressions; rename uses existing G162 receiver-method SymbolIds; privacy remains a separate obligation
g061-format:${nome}	${nome}	builtin.Text	STDLIB	STABLE_1_0	N1-PUBLIC-f9602aeea50887a02b6acb9f	NORMATIVE_STABLE_PROFILE	Ordinary token/AST expression children; native pure-only effect policy with resolved callee bodies; static G059 nodes and G062 profiles; 64 segments, 16 nested quotes, 4096 source-content bytes; native named-product fields preserve declared types/offsets and source order (8 declarations/8 fields); native-token tooling preserves literals and exposes expressions; rename uses existing G162 receiver-method SymbolIds; privacy remains a separate obligation
g061-format:${preco:fixed(2)}	${preco:fixed(2)}	builtin.Text	STDLIB	STABLE_1_0	N1-PUBLIC-a7e6c7caaab8f5758093c1bb	NORMATIVE_STABLE_PROFILE	Ordinary token/AST expression children; native pure-only effect policy with resolved callee bodies; static G059 nodes and G062 profiles; 64 segments, 16 nested quotes, 4096 source-content bytes; native named-product fields preserve declared types/offsets and source order (8 declarations/8 fields); native-token tooling preserves literals and exposes expressions; rename uses existing G162 receiver-method SymbolIds; privacy remains a separate obligation
g061-format:${texto.codepointCount()}	${texto.codepointCount()}	builtin.Text	STDLIB	STABLE_1_0	N1-PUBLIC-fe4a9c183b8f80e1cf29a182	NORMATIVE_STABLE_PROFILE	Ordinary token/AST expression children; native pure-only effect policy with resolved callee bodies; static G059 nodes and G062 profiles; 64 segments, 16 nested quotes, 4096 source-content bytes; native named-product fields preserve declared types/offsets and source order (8 declarations/8 fields); native-token tooling preserves literals and exposes expressions; rename uses existing G162 receiver-method SymbolIds; privacy remains a separate obligation
g061-format:${utilizador.nome}	${utilizador.nome}	builtin.Text	STDLIB	STABLE_1_0	N1-PUBLIC-c381297cdd85bc882a1eebda	NORMATIVE_STABLE_PROFILE	Ordinary token/AST expression children; native pure-only effect policy with resolved callee bodies; static G059 nodes and G062 profiles; 64 segments, 16 nested quotes, 4096 source-content bytes; native named-product fields preserve declared types/offsets and source order (8 declarations/8 fields); native-token tooling preserves literals and exposes expressions; rename uses existing G162 receiver-method SymbolIds; privacy remains a separate obligation
g061-format:${valor:fixed(2)}	${valor:fixed(2)}	builtin.Text	STDLIB	STABLE_1_0	N1-PUBLIC-738d802bace68632720f7a15	NORMATIVE_STABLE_PROFILE	Ordinary token/AST expression children; native pure-only effect policy with resolved callee bodies; static G059 nodes and G062 profiles; 64 segments, 16 nested quotes, 4096 source-content bytes; native named-product fields preserve declared types/offsets and source order (8 declarations/8 fields); native-token tooling preserves literals and exposes expressions; rename uses existing G162 receiver-method SymbolIds; privacy remains a separate obligation
g061-format:${x + y}	${x + y}	builtin.Text	STDLIB	STABLE_1_0	N1-PUBLIC-0c9ff39c358fd2b927713cd2	NORMATIVE_STABLE_PROFILE	Ordinary token/AST expression children; native pure-only effect policy with resolved callee bodies; static G059 nodes and G062 profiles; 64 segments, 16 nested quotes, 4096 source-content bytes; native named-product fields preserve declared types/offsets and source order (8 declarations/8 fields); native-token tooling preserves literals and exposes expressions; rename uses existing G162 receiver-method SymbolIds; privacy remains a separate obligation
g061-format:A_B_FORMAT_PLAN_EQUIVALENCE	A_B_FORMAT_PLAN_EQUIVALENCE	builtin.Text	STDLIB	STABLE_1_0	N1-PUBLIC-676f09c660c7e06e95e7a645	NORMATIVE_STABLE_PROFILE	Ordinary token/AST expression children; native pure-only effect policy with resolved callee bodies; static G059 nodes and G062 profiles; 64 segments, 16 nested quotes, 4096 source-content bytes; native named-product fields preserve declared types/offsets and source order (8 declarations/8 fields); native-token tooling preserves literals and exposes expressions; rename uses existing G162 receiver-method SymbolIds; privacy remains a separate obligation
g061-format:FormatProfileExpr	FormatProfileExpr	builtin.Text	STDLIB	STABLE_1_0	N1-PUBLIC-c77f14604299185cae3d3bc2	NORMATIVE_STABLE_PROFILE	Ordinary token/AST expression children; native pure-only effect policy with resolved callee bodies; static G059 nodes and G062 profiles; 64 segments, 16 nested quotes, 4096 source-content bytes; native named-product fields preserve declared types/offsets and source order (8 declarations/8 fields); native-token tooling preserves literals and exposes expressions; rename uses existing G162 receiver-method SymbolIds; privacy remains a separate obligation
g061-format:INTERPOLATION_EFFECT_POLICY=PURE_ONLY	INTERPOLATION_EFFECT_POLICY=PURE_ONLY	builtin.Text	STDLIB	STABLE_1_0	N1-PUBLIC-6e8cbfb0d236fba85b7fac15	NORMATIVE_STABLE_PROFILE	Ordinary token/AST expression children; native pure-only effect policy with resolved callee bodies; static G059 nodes and G062 profiles; 64 segments, 16 nested quotes, 4096 source-content bytes; native named-product fields preserve declared types/offsets and source order (8 declarations/8 fields); native-token tooling preserves literals and exposes expressions; rename uses existing G162 receiver-method SymbolIds; privacy remains a separate obligation
g061-format:INTERPOLATION_EVALUATION=EXACTLY_ONCE	INTERPOLATION_EVALUATION=EXACTLY_ONCE	builtin.Text	STDLIB	STABLE_1_0	N1-PUBLIC-2fa33969b0c5aee2d74588af	NORMATIVE_STABLE_PROFILE	Ordinary token/AST expression children; native pure-only effect policy with resolved callee bodies; static G059 nodes and G062 profiles; 64 segments, 16 nested quotes, 4096 source-content bytes; native named-product fields preserve declared types/offsets and source order (8 declarations/8 fields); native-token tooling preserves literals and exposes expressions; rename uses existing G162 receiver-method SymbolIds; privacy remains a separate obligation
g061-format:INTERPOLATION_ORDER=LEFT_TO_RIGHT	INTERPOLATION_ORDER=LEFT_TO_RIGHT	builtin.Text	STDLIB	STABLE_1_0	N1-PUBLIC-a4374b03774d28f0d1661362	NORMATIVE_STABLE_PROFILE	Ordinary token/AST expression children; native pure-only effect policy with resolved callee bodies; static G059 nodes and G062 profiles; 64 segments, 16 nested quotes, 4096 source-content bytes; native named-product fields preserve declared types/offsets and source order (8 declarations/8 fields); native-token tooling preserves literals and exposes expressions; rename uses existing G162 receiver-method SymbolIds; privacy remains a separate obligation
g061-format:InterpolatedTextExpr	InterpolatedTextExpr	builtin.Text	STDLIB	STABLE_1_0	N1-PUBLIC-6c4e924ad91c85612cf36c90	NORMATIVE_STABLE_PROFILE	Ordinary token/AST expression children; native pure-only effect policy with resolved callee bodies; static G059 nodes and G062 profiles; 64 segments, 16 nested quotes, 4096 source-content bytes; native named-product fields preserve declared types/offsets and source order (8 declarations/8 fields); native-token tooling preserves literals and exposes expressions; rename uses existing G162 receiver-method SymbolIds; privacy remains a separate obligation
g061-format:InterpolatedTextExpr.lowerToFormatPlan()	InterpolatedTextExpr.lowerToFormatPlan()	builtin.Text	STDLIB	STABLE_1_0	N1-PUBLIC-aeb0464e94d9f4992cc3edc5	NORMATIVE_STABLE_PROFILE	Ordinary token/AST expression children; native pure-only effect policy with resolved callee bodies; static G059 nodes and G062 profiles; 64 segments, 16 nested quotes, 4096 source-content bytes; native named-product fields preserve declared types/offsets and source order (8 declarations/8 fields); native-token tooling preserves literals and exposes expressions; rename uses existing G162 receiver-method SymbolIds; privacy remains a separate obligation
g061-format:InterpolationEndToken	InterpolationEndToken	builtin.Text	STDLIB	STABLE_1_0	N1-PUBLIC-a136f2fa47db86337d2ef813	NORMATIVE_STABLE_PROFILE	Ordinary token/AST expression children; native pure-only effect policy with resolved callee bodies; static G059 nodes and G062 profiles; 64 segments, 16 nested quotes, 4096 source-content bytes; native named-product fields preserve declared types/offsets and source order (8 declarations/8 fields); native-token tooling preserves literals and exposes expressions; rename uses existing G162 receiver-method SymbolIds; privacy remains a separate obligation
g061-format:InterpolationPrivacyJoin	InterpolationPrivacyJoin	builtin.Text	EXCLUDED	EXCLUDED_1_0	N1-conformance-and-consumption	PRESERVED_NON_STABLE_BOUNDARY	Current tests/rf204/G058/API-REGISTRY.tsv explicitly marks FormatPlan.privacy() DEFERRED; label metadata/Privacy.join are IMPLEMENTED_INTERNAL and source wrappers carry no value. Preserve that prior maturity; no public constructor or propagation positive is invented; registry SHA256=d84e711fa98c6e3d9ea4e2b030a4218b61e1a7bc487d5995058ea1d7b7ac0602
g061-format:InterpolationPurityCheck	InterpolationPurityCheck	builtin.Text	STDLIB	STABLE_1_0	N1-PUBLIC-15b6e96165bb019526eb17ed	NORMATIVE_STABLE_PROFILE	Ordinary token/AST expression children; native pure-only effect policy with resolved callee bodies; static G059 nodes and G062 profiles; 64 segments, 16 nested quotes, 4096 source-content bytes; native named-product fields preserve declared types/offsets and source order (8 declarations/8 fields); native-token tooling preserves literals and exposes expressions; rename uses existing G162 receiver-method SymbolIds; privacy remains a separate obligation
g061-format:InterpolationRecovery	InterpolationRecovery	builtin.Text	STDLIB	STABLE_1_0	N1-PUBLIC-19a4e52e6758b9ded9923207	NORMATIVE_STABLE_PROFILE	Ordinary token/AST expression children; native pure-only effect policy with resolved callee bodies; static G059 nodes and G062 profiles; 64 segments, 16 nested quotes, 4096 source-content bytes; native named-product fields preserve declared types/offsets and source order (8 declarations/8 fields); native-token tooling preserves literals and exposes expressions; rename uses existing G162 receiver-method SymbolIds; privacy remains a separate obligation
g061-format:InterpolationSegment.expression	InterpolationSegment.expression	builtin.Text	STDLIB	STABLE_1_0	N1-PUBLIC-cc84444e00a3c9f3fde58169	NORMATIVE_STABLE_PROFILE	Ordinary token/AST expression children; native pure-only effect policy with resolved callee bodies; static G059 nodes and G062 profiles; 64 segments, 16 nested quotes, 4096 source-content bytes; native named-product fields preserve declared types/offsets and source order (8 declarations/8 fields); native-token tooling preserves literals and exposes expressions; rename uses existing G162 receiver-method SymbolIds; privacy remains a separate obligation
g061-format:InterpolationSegment.literal	InterpolationSegment.literal	builtin.Text	STDLIB	STABLE_1_0	N1-PUBLIC-22853da32d0302b76ac61952	NORMATIVE_STABLE_PROFILE	Ordinary token/AST expression children; native pure-only effect policy with resolved callee bodies; static G059 nodes and G062 profiles; 64 segments, 16 nested quotes, 4096 source-content bytes; native named-product fields preserve declared types/offsets and source order (8 declarations/8 fields); native-token tooling preserves literals and exposes expressions; rename uses existing G162 receiver-method SymbolIds; privacy remains a separate obligation
g061-format:InterpolationStartToken	InterpolationStartToken	builtin.Text	STDLIB	STABLE_1_0	N1-PUBLIC-300f283ff0a03712be4e7d3f	NORMATIVE_STABLE_PROFILE	Ordinary token/AST expression children; native pure-only effect policy with resolved callee bodies; static G059 nodes and G062 profiles; 64 segments, 16 nested quotes, 4096 source-content bytes; native named-product fields preserve declared types/offsets and source order (8 declarations/8 fields); native-token tooling preserves literals and exposes expressions; rename uses existing G162 receiver-method SymbolIds; privacy remains a separate obligation
g061-format:InterpolationTemporary	InterpolationTemporary	builtin.Text	STDLIB	STABLE_1_0	N1-PUBLIC-8916d4340fc2f4846ad8d4c7	NORMATIVE_STABLE_PROFILE	Ordinary token/AST expression children; native pure-only effect policy with resolved callee bodies; static G059 nodes and G062 profiles; 64 segments, 16 nested quotes, 4096 source-content bytes; native named-product fields preserve declared types/offsets and source order (8 declarations/8 fields); native-token tooling preserves literals and exposes expressions; rename uses existing G162 receiver-method SymbolIds; privacy remains a separate obligation
g061-format:LSP interpolation tokens	LSP interpolation tokens	builtin.Text	STDLIB	STABLE_1_0	N1-PUBLIC-5b7b1b964c6f72143d9a1087	NORMATIVE_STABLE_PROFILE	Ordinary token/AST expression children; native pure-only effect policy with resolved callee bodies; static G059 nodes and G062 profiles; 64 segments, 16 nested quotes, 4096 source-content bytes; native named-product fields preserve declared types/offsets and source order (8 declarations/8 fields); native-token tooling preserves literals and exposes expressions; rename uses existing G162 receiver-method SymbolIds; privacy remains a separate obligation
g061-format:RUNTIME_TEMPLATE_PARSE=NO	RUNTIME_TEMPLATE_PARSE=NO	builtin.Text	STDLIB	STABLE_1_0	N1-PUBLIC-0f299eb500d6ca0b5583c976	NORMATIVE_STABLE_PROFILE	Ordinary token/AST expression children; native pure-only effect policy with resolved callee bodies; static G059 nodes and G062 profiles; 64 segments, 16 nested quotes, 4096 source-content bytes; native named-product fields preserve declared types/offsets and source order (8 declarations/8 fields); native-token tooling preserves literals and exposes expressions; rename uses existing G162 receiver-method SymbolIds; privacy remains a separate obligation
g061-format:\${	\${	builtin.Text	STDLIB	STABLE_1_0	N1-PUBLIC-f44e6e09f3fd5df76357b985	NORMATIVE_STABLE_PROFILE	Ordinary token/AST expression children; native pure-only effect policy with resolved callee bodies; static G059 nodes and G062 profiles; 64 segments, 16 nested quotes, 4096 source-content bytes; native named-product fields preserve declared types/offsets and source order (8 declarations/8 fields); native-token tooling preserves literals and exposes expressions; rename uses existing G162 receiver-method SymbolIds; privacy remains a separate obligation
g061-format:formatter interpolation	formatter interpolation	builtin.Text	STDLIB	STABLE_1_0	N1-PUBLIC-cc63f5b0475b22b837ff14ff	NORMATIVE_STABLE_PROFILE	Ordinary token/AST expression children; native pure-only effect policy with resolved callee bodies; static G059 nodes and G062 profiles; 64 segments, 16 nested quotes, 4096 source-content bytes; native named-product fields preserve declared types/offsets and source order (8 declarations/8 fields); native-token tooling preserves literals and exposes expressions; rename uses existing G162 receiver-method SymbolIds; privacy remains a separate obligation
g061-format:rename inside interpolation	rename inside interpolation	builtin.Text	STDLIB	STABLE_1_0	N1-PUBLIC-7836359f369b3e30d6c88311	NORMATIVE_STABLE_PROFILE	Ordinary token/AST expression children; native pure-only effect policy with resolved callee bodies; static G059 nodes and G062 profiles; 64 segments, 16 nested quotes, 4096 source-content bytes; native named-product fields preserve declared types/offsets and source order (8 declarations/8 fields); native-token tooling preserves literals and exposes expressions; rename uses existing G162 receiver-method SymbolIds; privacy remains a separate obligation
g170-console:Bool.console	Bool.console	builtin.Console	STDLIB	STABLE_1_0	N1-PUBLIC-9717365fda11bc569ec5218f	NORMATIVE_STABLE_PROFILE	Retained source values plus opt-in pointer-free document/RenderTree/software observation; 256x128 BGRA8 synthetic glyphs; linear document 4096 bytes and title 256 bytes; size is UTF-8 bytes/lines; style selects zero-based payload nodes; Position is logical software pixels; typed Color RGBA8 and native Result; structured Table<Int> 32x8, Tree<Int> 32 nodes/depth16, named products 8 fields/declarations; 4096 rendered bytes and 64 structured publications. Every effect executes once; no window/backend capability inferred. See G170 checklist for narrower method bounds; metadata joins remain in F01.
g170-console:Color(Int,Int,Int)	Color(Int,Int,Int)	builtin.Console	STDLIB	STABLE_1_0	N1-PUBLIC-e5aef262423aa23b1dbed96b	NORMATIVE_STABLE_PROFILE	Retained source values plus opt-in pointer-free document/RenderTree/software observation; 256x128 BGRA8 synthetic glyphs; linear document 4096 bytes and title 256 bytes; size is UTF-8 bytes/lines; style selects zero-based payload nodes; Position is logical software pixels; typed Color RGBA8 and native Result; structured Table<Int> 32x8, Tree<Int> 32 nodes/depth16, named products 8 fields/declarations; 4096 rendered bytes and 64 structured publications. Every effect executes once; no window/backend capability inferred. See G170 checklist for narrower method bounds; metadata joins remain in F01.
g170-console:Color(Int,Int,Int,Int)	Color(Int,Int,Int,Int)	builtin.Console	STDLIB	STABLE_1_0	N1-PUBLIC-1545603bf6b67e0650054d3d	NORMATIVE_STABLE_PROFILE	Retained source values plus opt-in pointer-free document/RenderTree/software observation; 256x128 BGRA8 synthetic glyphs; linear document 4096 bytes and title 256 bytes; size is UTF-8 bytes/lines; style selects zero-based payload nodes; Position is logical software pixels; typed Color RGBA8 and native Result; structured Table<Int> 32x8, Tree<Int> 32 nodes/depth16, named products 8 fields/declarations; 4096 rendered bytes and 64 structured publications. Every effect executes once; no window/backend capability inferred. See G170 checklist for narrower method bounds; metadata joins remain in F01.
g170-console:Color(TextLiteral)	Color(TextLiteral)	builtin.Console	STDLIB	STABLE_1_0	N1-PUBLIC-4fcc39a0e660120cf35d6203	NORMATIVE_STABLE_PROFILE	Retained source values plus opt-in pointer-free document/RenderTree/software observation; 256x128 BGRA8 synthetic glyphs; linear document 4096 bytes and title 256 bytes; size is UTF-8 bytes/lines; style selects zero-based payload nodes; Position is logical software pixels; typed Color RGBA8 and native Result; structured Table<Int> 32x8, Tree<Int> 32 nodes/depth16, named products 8 fields/declarations; 4096 rendered bytes and 64 structured publications. Every effect executes once; no window/backend capability inferred. See G170 checklist for narrower method bounds; metadata joins remain in F01.
g170-console:Color.alpha	Color.alpha	builtin.Console	STDLIB	STABLE_1_0	N1-PUBLIC-28047b920803d1f18459ea31	NORMATIVE_STABLE_PROFILE	Retained source values plus opt-in pointer-free document/RenderTree/software observation; 256x128 BGRA8 synthetic glyphs; linear document 4096 bytes and title 256 bytes; size is UTF-8 bytes/lines; style selects zero-based payload nodes; Position is logical software pixels; typed Color RGBA8 and native Result; structured Table<Int> 32x8, Tree<Int> 32 nodes/depth16, named products 8 fields/declarations; 4096 rendered bytes and 64 structured publications. Every effect executes once; no window/backend capability inferred. See G170 checklist for narrower method bounds; metadata joins remain in F01.
g170-console:Color.blue	Color.blue	builtin.Console	STDLIB	STABLE_1_0	N1-PUBLIC-c71cb2602cb83caa49ca5f40	NORMATIVE_STABLE_PROFILE	Retained source values plus opt-in pointer-free document/RenderTree/software observation; 256x128 BGRA8 synthetic glyphs; linear document 4096 bytes and title 256 bytes; size is UTF-8 bytes/lines; style selects zero-based payload nodes; Position is logical software pixels; typed Color RGBA8 and native Result; structured Table<Int> 32x8, Tree<Int> 32 nodes/depth16, named products 8 fields/declarations; 4096 rendered bytes and 64 structured publications. Every effect executes once; no window/backend capability inferred. See G170 checklist for narrower method bounds; metadata joins remain in F01.
g170-console:Color.copy	Color.copy	builtin.Console	STDLIB	STABLE_1_0	N1-PUBLIC-08609bddec5408c08be0046b	NORMATIVE_STABLE_PROFILE	Retained source values plus opt-in pointer-free document/RenderTree/software observation; 256x128 BGRA8 synthetic glyphs; linear document 4096 bytes and title 256 bytes; size is UTF-8 bytes/lines; style selects zero-based payload nodes; Position is logical software pixels; typed Color RGBA8 and native Result; structured Table<Int> 32x8, Tree<Int> 32 nodes/depth16, named products 8 fields/declarations; 4096 rendered bytes and 64 structured publications. Every effect executes once; no window/backend capability inferred. See G170 checklist for narrower method bounds; metadata joins remain in F01.
g170-console:Color.equals	Color.equals	builtin.Console	STDLIB	STABLE_1_0	N1-PUBLIC-5e96015b74b7fecd127e454d	NORMATIVE_STABLE_PROFILE	Retained source values plus opt-in pointer-free document/RenderTree/software observation; 256x128 BGRA8 synthetic glyphs; linear document 4096 bytes and title 256 bytes; size is UTF-8 bytes/lines; style selects zero-based payload nodes; Position is logical software pixels; typed Color RGBA8 and native Result; structured Table<Int> 32x8, Tree<Int> 32 nodes/depth16, named products 8 fields/declarations; 4096 rendered bytes and 64 structured publications. Every effect executes once; no window/backend capability inferred. See G170 checklist for narrower method bounds; metadata joins remain in F01.
g170-console:Color.green	Color.green	builtin.Console	STDLIB	STABLE_1_0	N1-PUBLIC-dfd159c85046568c624558c7	NORMATIVE_STABLE_PROFILE	Retained source values plus opt-in pointer-free document/RenderTree/software observation; 256x128 BGRA8 synthetic glyphs; linear document 4096 bytes and title 256 bytes; size is UTF-8 bytes/lines; style selects zero-based payload nodes; Position is logical software pixels; typed Color RGBA8 and native Result; structured Table<Int> 32x8, Tree<Int> 32 nodes/depth16, named products 8 fields/declarations; 4096 rendered bytes and 64 structured publications. Every effect executes once; no window/backend capability inferred. See G170 checklist for narrower method bounds; metadata joins remain in F01.
g170-console:Color.hash	Color.hash	builtin.Console	STDLIB	STABLE_1_0	N1-PUBLIC-e08a99c842c6d0762bf60681	NORMATIVE_STABLE_PROFILE	Retained source values plus opt-in pointer-free document/RenderTree/software observation; 256x128 BGRA8 synthetic glyphs; linear document 4096 bytes and title 256 bytes; size is UTF-8 bytes/lines; style selects zero-based payload nodes; Position is logical software pixels; typed Color RGBA8 and native Result; structured Table<Int> 32x8, Tree<Int> 32 nodes/depth16, named products 8 fields/declarations; 4096 rendered bytes and 64 structured publications. Every effect executes once; no window/backend capability inferred. See G170 checklist for narrower method bounds; metadata joins remain in F01.
g170-console:Color.hex	Color.hex	builtin.Console	STDLIB	STABLE_1_0	N1-PUBLIC-51c143323d02459e64410f51	NORMATIVE_STABLE_PROFILE	Retained source values plus opt-in pointer-free document/RenderTree/software observation; 256x128 BGRA8 synthetic glyphs; linear document 4096 bytes and title 256 bytes; size is UTF-8 bytes/lines; style selects zero-based payload nodes; Position is logical software pixels; typed Color RGBA8 and native Result; structured Table<Int> 32x8, Tree<Int> 32 nodes/depth16, named products 8 fields/declarations; 4096 rendered bytes and 64 structured publications. Every effect executes once; no window/backend capability inferred. See G170 checklist for narrower method bounds; metadata joins remain in F01.
g170-console:Color.isOpaque	Color.isOpaque	builtin.Console	STDLIB	STABLE_1_0	N1-PUBLIC-fd34f906aec051e567e5a474	NORMATIVE_STABLE_PROFILE	Retained source values plus opt-in pointer-free document/RenderTree/software observation; 256x128 BGRA8 synthetic glyphs; linear document 4096 bytes and title 256 bytes; size is UTF-8 bytes/lines; style selects zero-based payload nodes; Position is logical software pixels; typed Color RGBA8 and native Result; structured Table<Int> 32x8, Tree<Int> 32 nodes/depth16, named products 8 fields/declarations; 4096 rendered bytes and 64 structured publications. Every effect executes once; no window/backend capability inferred. See G170 checklist for narrower method bounds; metadata joins remain in F01.
g170-console:Color.parseHex	Color.parseHex	builtin.Console	STDLIB	STABLE_1_0	N1-PUBLIC-cb3768b59cca5d57f891afdc	NORMATIVE_STABLE_PROFILE	Retained source values plus opt-in pointer-free document/RenderTree/software observation; 256x128 BGRA8 synthetic glyphs; linear document 4096 bytes and title 256 bytes; size is UTF-8 bytes/lines; style selects zero-based payload nodes; Position is logical software pixels; typed Color RGBA8 and native Result; structured Table<Int> 32x8, Tree<Int> 32 nodes/depth16, named products 8 fields/declarations; 4096 rendered bytes and 64 structured publications. Every effect executes once; no window/backend capability inferred. See G170 checklist for narrower method bounds; metadata joins remain in F01.
g170-console:Color.red	Color.red	builtin.Console	STDLIB	STABLE_1_0	N1-PUBLIC-4392e835a939fa998c614474	NORMATIVE_STABLE_PROFILE	Retained source values plus opt-in pointer-free document/RenderTree/software observation; 256x128 BGRA8 synthetic glyphs; linear document 4096 bytes and title 256 bytes; size is UTF-8 bytes/lines; style selects zero-based payload nodes; Position is logical software pixels; typed Color RGBA8 and native Result; structured Table<Int> 32x8, Tree<Int> 32 nodes/depth16, named products 8 fields/declarations; 4096 rendered bytes and 64 structured publications. Every effect executes once; no window/backend capability inferred. See G170 checklist for narrower method bounds; metadata joins remain in F01.
g170-console:Color.rgb	Color.rgb	builtin.Console	STDLIB	STABLE_1_0	N1-PUBLIC-6331d9978654a910c2bf7489	NORMATIVE_STABLE_PROFILE	Retained source values plus opt-in pointer-free document/RenderTree/software observation; 256x128 BGRA8 synthetic glyphs; linear document 4096 bytes and title 256 bytes; size is UTF-8 bytes/lines; style selects zero-based payload nodes; Position is logical software pixels; typed Color RGBA8 and native Result; structured Table<Int> 32x8, Tree<Int> 32 nodes/depth16, named products 8 fields/declarations; 4096 rendered bytes and 64 structured publications. Every effect executes once; no window/backend capability inferred. See G170 checklist for narrower method bounds; metadata joins remain in F01.
g170-console:Color.rgba	Color.rgba	builtin.Console	STDLIB	STABLE_1_0	N1-PUBLIC-240814ee5817b1274e835647	NORMATIVE_STABLE_PROFILE	Retained source values plus opt-in pointer-free document/RenderTree/software observation; 256x128 BGRA8 synthetic glyphs; linear document 4096 bytes and title 256 bytes; size is UTF-8 bytes/lines; style selects zero-based payload nodes; Position is logical software pixels; typed Color RGBA8 and native Result; structured Table<Int> 32x8, Tree<Int> 32 nodes/depth16, named products 8 fields/declarations; 4096 rendered bytes and 64 structured publications. Every effect executes once; no window/backend capability inferred. See G170 checklist for narrower method bounds; metadata joins remain in F01.
g170-console:Color.toHex	Color.toHex	builtin.Console	STDLIB	STABLE_1_0	N1-PUBLIC-9949081c2bacb048483a7421	NORMATIVE_STABLE_PROFILE	Retained source values plus opt-in pointer-free document/RenderTree/software observation; 256x128 BGRA8 synthetic glyphs; linear document 4096 bytes and title 256 bytes; size is UTF-8 bytes/lines; style selects zero-based payload nodes; Position is logical software pixels; typed Color RGBA8 and native Result; structured Table<Int> 32x8, Tree<Int> 32 nodes/depth16, named products 8 fields/declarations; 4096 rendered bytes and 64 structured publications. Every effect executes once; no window/backend capability inferred. See G170 checklist for narrower method bounds; metadata joins remain in F01.
g170-console:Color.toHexWithAlpha	Color.toHexWithAlpha	builtin.Console	STDLIB	STABLE_1_0	N1-PUBLIC-619bd964d8a50be7e2f3aec8	NORMATIVE_STABLE_PROFILE	Retained source values plus opt-in pointer-free document/RenderTree/software observation; 256x128 BGRA8 synthetic glyphs; linear document 4096 bytes and title 256 bytes; size is UTF-8 bytes/lines; style selects zero-based payload nodes; Position is logical software pixels; typed Color RGBA8 and native Result; structured Table<Int> 32x8, Tree<Int> 32 nodes/depth16, named products 8 fields/declarations; 4096 rendered bytes and 64 structured publications. Every effect executes once; no window/backend capability inferred. See G170 checklist for narrower method bounds; metadata joins remain in F01.
g170-console:Color.withAlpha	Color.withAlpha	builtin.Console	STDLIB	STABLE_1_0	N1-PUBLIC-6608fe8b549fd9baea7103b9	NORMATIVE_STABLE_PROFILE	Retained source values plus opt-in pointer-free document/RenderTree/software observation; 256x128 BGRA8 synthetic glyphs; linear document 4096 bytes and title 256 bytes; size is UTF-8 bytes/lines; style selects zero-based payload nodes; Position is logical software pixels; typed Color RGBA8 and native Result; structured Table<Int> 32x8, Tree<Int> 32 nodes/depth16, named products 8 fields/declarations; 4096 rendered bytes and 64 structured publications. Every effect executes once; no window/backend capability inferred. See G170 checklist for narrower method bounds; metadata joins remain in F01.
g170-console:Console.append	Console.append	builtin.Console	STDLIB	STABLE_1_0	N1-PUBLIC-1881a7d0afb7d9abd42300b4	NORMATIVE_STABLE_PROFILE	Retained source values plus opt-in pointer-free document/RenderTree/software observation; 256x128 BGRA8 synthetic glyphs; linear document 4096 bytes and title 256 bytes; size is UTF-8 bytes/lines; style selects zero-based payload nodes; Position is logical software pixels; typed Color RGBA8 and native Result; structured Table<Int> 32x8, Tree<Int> 32 nodes/depth16, named products 8 fields/declarations; 4096 rendered bytes and 64 structured publications. Every effect executes once; no window/backend capability inferred. See G170 checklist for narrower method bounds; metadata joins remain in F01.
g170-console:Console.bg	Console.bg	builtin.Console	STDLIB	STABLE_1_0	N1-PUBLIC-293e7a2703e4ece6f741c0f2	NORMATIVE_STABLE_PROFILE	Retained source values plus opt-in pointer-free document/RenderTree/software observation; 256x128 BGRA8 synthetic glyphs; linear document 4096 bytes and title 256 bytes; size is UTF-8 bytes/lines; style selects zero-based payload nodes; Position is logical software pixels; typed Color RGBA8 and native Result; structured Table<Int> 32x8, Tree<Int> 32 nodes/depth16, named products 8 fields/declarations; 4096 rendered bytes and 64 structured publications. Every effect executes once; no window/backend capability inferred. See G170 checklist for narrower method bounds; metadata joins remain in F01.
g170-console:Console.clear	Console.clear	builtin.Console	STDLIB	STABLE_1_0	N1-PUBLIC-3658b6079ebba17bea7aad3a	NORMATIVE_STABLE_PROFILE	Retained source values plus opt-in pointer-free document/RenderTree/software observation; 256x128 BGRA8 synthetic glyphs; linear document 4096 bytes and title 256 bytes; size is UTF-8 bytes/lines; style selects zero-based payload nodes; Position is logical software pixels; typed Color RGBA8 and native Result; structured Table<Int> 32x8, Tree<Int> 32 nodes/depth16, named products 8 fields/declarations; 4096 rendered bytes and 64 structured publications. Every effect executes once; no window/backend capability inferred. See G170 checklist for narrower method bounds; metadata joins remain in F01.
g170-console:Console.close	Console.close	builtin.Console	STDLIB	STABLE_1_0	N1-PUBLIC-6005e22d19843a549adb202b	NORMATIVE_STABLE_PROFILE	Retained source values plus opt-in pointer-free document/RenderTree/software observation; 256x128 BGRA8 synthetic glyphs; linear document 4096 bytes and title 256 bytes; size is UTF-8 bytes/lines; style selects zero-based payload nodes; Position is logical software pixels; typed Color RGBA8 and native Result; structured Table<Int> 32x8, Tree<Int> 32 nodes/depth16, named products 8 fields/declarations; 4096 rendered bytes and 64 structured publications. Every effect executes once; no window/backend capability inferred. See G170 checklist for narrower method bounds; metadata joins remain in F01.
g170-console:Console.fg	Console.fg	builtin.Console	STDLIB	STABLE_1_0	N1-PUBLIC-b3964b050df69a147b1daf37	NORMATIVE_STABLE_PROFILE	Retained source values plus opt-in pointer-free document/RenderTree/software observation; 256x128 BGRA8 synthetic glyphs; linear document 4096 bytes and title 256 bytes; size is UTF-8 bytes/lines; style selects zero-based payload nodes; Position is logical software pixels; typed Color RGBA8 and native Result; structured Table<Int> 32x8, Tree<Int> 32 nodes/depth16, named products 8 fields/declarations; 4096 rendered bytes and 64 structured publications. Every effect executes once; no window/backend capability inferred. See G170 checklist for narrower method bounds; metadata joins remain in F01.
g170-console:Console.scrollToEnd	Console.scrollToEnd	builtin.Console	STDLIB	STABLE_1_0	N1-PUBLIC-a3ba536c09a0d07e70d2b264	NORMATIVE_STABLE_PROFILE	Retained source values plus opt-in pointer-free document/RenderTree/software observation; 256x128 BGRA8 synthetic glyphs; linear document 4096 bytes and title 256 bytes; size is UTF-8 bytes/lines; style selects zero-based payload nodes; Position is logical software pixels; typed Color RGBA8 and native Result; structured Table<Int> 32x8, Tree<Int> 32 nodes/depth16, named products 8 fields/declarations; 4096 rendered bytes and 64 structured publications. Every effect executes once; no window/backend capability inferred. See G170 checklist for narrower method bounds; metadata joins remain in F01.
g170-console:Console.size	Console.size	builtin.Console	STDLIB	STABLE_1_0	N1-PUBLIC-1628c3d621964492d9683890	NORMATIVE_STABLE_PROFILE	Retained source values plus opt-in pointer-free document/RenderTree/software observation; 256x128 BGRA8 synthetic glyphs; linear document 4096 bytes and title 256 bytes; size is UTF-8 bytes/lines; style selects zero-based payload nodes; Position is logical software pixels; typed Color RGBA8 and native Result; structured Table<Int> 32x8, Tree<Int> 32 nodes/depth16, named products 8 fields/declarations; 4096 rendered bytes and 64 structured publications. Every effect executes once; no window/backend capability inferred. See G170 checklist for narrower method bounds; metadata joins remain in F01.
g170-console:Console.style	Console.style	builtin.Console	STDLIB	STABLE_1_0	N1-PUBLIC-e2bb5667cddd587ebda7c1bf	NORMATIVE_STABLE_PROFILE	Retained source values plus opt-in pointer-free document/RenderTree/software observation; 256x128 BGRA8 synthetic glyphs; linear document 4096 bytes and title 256 bytes; size is UTF-8 bytes/lines; style selects zero-based payload nodes; Position is logical software pixels; typed Color RGBA8 and native Result; structured Table<Int> 32x8, Tree<Int> 32 nodes/depth16, named products 8 fields/declarations; 4096 rendered bytes and 64 structured publications. Every effect executes once; no window/backend capability inferred. See G170 checklist for narrower method bounds; metadata joins remain in F01.
g170-console:Console.title	Console.title	builtin.Console	STDLIB	STABLE_1_0	N1-PUBLIC-c4dc35b003e7b6cdf66de395	NORMATIVE_STABLE_PROFILE	Retained source values plus opt-in pointer-free document/RenderTree/software observation; 256x128 BGRA8 synthetic glyphs; linear document 4096 bytes and title 256 bytes; size is UTF-8 bytes/lines; style selects zero-based payload nodes; Position is logical software pixels; typed Color RGBA8 and native Result; structured Table<Int> 32x8, Tree<Int> 32 nodes/depth16, named products 8 fields/declarations; 4096 rendered bytes and 64 structured publications. Every effect executes once; no window/backend capability inferred. See G170 checklist for narrower method bounds; metadata joins remain in F01.
g170-console:Int.console	Int.console	builtin.Console	STDLIB	STABLE_1_0	N1-PUBLIC-3481deba26433a842c786b25	NORMATIVE_STABLE_PROFILE	Retained source values plus opt-in pointer-free document/RenderTree/software observation; 256x128 BGRA8 synthetic glyphs; linear document 4096 bytes and title 256 bytes; size is UTF-8 bytes/lines; style selects zero-based payload nodes; Position is logical software pixels; typed Color RGBA8 and native Result; structured Table<Int> 32x8, Tree<Int> 32 nodes/depth16, named products 8 fields/declarations; 4096 rendered bytes and 64 structured publications. Every effect executes once; no window/backend capability inferred. See G170 checklist for narrower method bounds; metadata joins remain in F01.
g170-console:Object.console	Object.console	builtin.Console	STDLIB	STABLE_1_0	N1-PUBLIC-8750610cff4ad0274ff48823	NORMATIVE_STABLE_PROFILE	Retained source values plus opt-in pointer-free document/RenderTree/software observation; 256x128 BGRA8 synthetic glyphs; linear document 4096 bytes and title 256 bytes; size is UTF-8 bytes/lines; style selects zero-based payload nodes; Position is logical software pixels; typed Color RGBA8 and native Result; structured Table<Int> 32x8, Tree<Int> 32 nodes/depth16, named products 8 fields/declarations; 4096 rendered bytes and 64 structured publications. Every effect executes once; no window/backend capability inferred. See G170 checklist for narrower method bounds; metadata joins remain in F01.
g170-console:Position.at	Position.at	builtin.Console	STDLIB	STABLE_1_0	N1-PUBLIC-e95aa1f3100135d76cdb4f9d	NORMATIVE_STABLE_PROFILE	Retained source values plus opt-in pointer-free document/RenderTree/software observation; 256x128 BGRA8 synthetic glyphs; linear document 4096 bytes and title 256 bytes; size is UTF-8 bytes/lines; style selects zero-based payload nodes; Position is logical software pixels; typed Color RGBA8 and native Result; structured Table<Int> 32x8, Tree<Int> 32 nodes/depth16, named products 8 fields/declarations; 4096 rendered bytes and 64 structured publications. Every effect executes once; no window/backend capability inferred. See G170 checklist for narrower method bounds; metadata joins remain in F01.
g170-console:Result<Color,ColorParseError>.expect	Result<Color,ColorParseError>.expect	builtin.Console	STDLIB	STABLE_1_0	N1-PUBLIC-fe090def5166e382dcd2b679	NORMATIVE_STABLE_PROFILE	Retained source values plus opt-in pointer-free document/RenderTree/software observation; 256x128 BGRA8 synthetic glyphs; linear document 4096 bytes and title 256 bytes; size is UTF-8 bytes/lines; style selects zero-based payload nodes; Position is logical software pixels; typed Color RGBA8 and native Result; structured Table<Int> 32x8, Tree<Int> 32 nodes/depth16, named products 8 fields/declarations; 4096 rendered bytes and 64 structured publications. Every effect executes once; no window/backend capability inferred. See G170 checklist for narrower method bounds; metadata joins remain in F01.
g170-console:Result<Color,ColorParseError>.isErr	Result<Color,ColorParseError>.isErr	builtin.Console	STDLIB	STABLE_1_0	N1-PUBLIC-29dd808963854f5e041d9282	NORMATIVE_STABLE_PROFILE	Retained source values plus opt-in pointer-free document/RenderTree/software observation; 256x128 BGRA8 synthetic glyphs; linear document 4096 bytes and title 256 bytes; size is UTF-8 bytes/lines; style selects zero-based payload nodes; Position is logical software pixels; typed Color RGBA8 and native Result; structured Table<Int> 32x8, Tree<Int> 32 nodes/depth16, named products 8 fields/declarations; 4096 rendered bytes and 64 structured publications. Every effect executes once; no window/backend capability inferred. See G170 checklist for narrower method bounds; metadata joins remain in F01.
g170-console:Result<Color,ColorParseError>.isOk	Result<Color,ColorParseError>.isOk	builtin.Console	STDLIB	STABLE_1_0	N1-PUBLIC-d58a433b1f28ed1c4d1fd692	NORMATIVE_STABLE_PROFILE	Retained source values plus opt-in pointer-free document/RenderTree/software observation; 256x128 BGRA8 synthetic glyphs; linear document 4096 bytes and title 256 bytes; size is UTF-8 bytes/lines; style selects zero-based payload nodes; Position is logical software pixels; typed Color RGBA8 and native Result; structured Table<Int> 32x8, Tree<Int> 32 nodes/depth16, named products 8 fields/declarations; 4096 rendered bytes and 64 structured publications. Every effect executes once; no window/backend capability inferred. See G170 checklist for narrower method bounds; metadata joins remain in F01.
g170-console:Result<Color,ColorParseError>.unwrapOr	Result<Color,ColorParseError>.unwrapOr	builtin.Console	STDLIB	STABLE_1_0	N1-PUBLIC-36da89477b44b38d7ff9ee52	NORMATIVE_STABLE_PROFILE	Retained source values plus opt-in pointer-free document/RenderTree/software observation; 256x128 BGRA8 synthetic glyphs; linear document 4096 bytes and title 256 bytes; size is UTF-8 bytes/lines; style selects zero-based payload nodes; Position is logical software pixels; typed Color RGBA8 and native Result; structured Table<Int> 32x8, Tree<Int> 32 nodes/depth16, named products 8 fields/declarations; 4096 rendered bytes and 64 structured publications. Every effect executes once; no window/backend capability inferred. See G170 checklist for narrower method bounds; metadata joins remain in F01.
g170-console:Table.console	Table.console	builtin.Console	STDLIB	STABLE_1_0	N1-PUBLIC-655a02bd12fe6af1e3e3c31e	NORMATIVE_STABLE_PROFILE	Retained source values plus opt-in pointer-free document/RenderTree/software observation; 256x128 BGRA8 synthetic glyphs; linear document 4096 bytes and title 256 bytes; size is UTF-8 bytes/lines; style selects zero-based payload nodes; Position is logical software pixels; typed Color RGBA8 and native Result; structured Table<Int> 32x8, Tree<Int> 32 nodes/depth16, named products 8 fields/declarations; 4096 rendered bytes and 64 structured publications. Every effect executes once; no window/backend capability inferred. See G170 checklist for narrower method bounds; metadata joins remain in F01.
g170-console:Text.console	Text.console	builtin.Console	STDLIB	STABLE_1_0	N1-PUBLIC-5f5fc6d461fddf2436f09c17	NORMATIVE_STABLE_PROFILE	Retained source values plus opt-in pointer-free document/RenderTree/software observation; 256x128 BGRA8 synthetic glyphs; linear document 4096 bytes and title 256 bytes; size is UTF-8 bytes/lines; style selects zero-based payload nodes; Position is logical software pixels; typed Color RGBA8 and native Result; structured Table<Int> 32x8, Tree<Int> 32 nodes/depth16, named products 8 fields/declarations; 4096 rendered bytes and 64 structured publications. Every effect executes once; no window/backend capability inferred. See G170 checklist for narrower method bounds; metadata joins remain in F01.
g170-console:Text.hash	Text.hash	builtin.Console	STDLIB	STABLE_1_0	N1-PUBLIC-0a4b05e4865f886b5f9d5ec0	NORMATIVE_STABLE_PROFILE	Retained source values plus opt-in pointer-free document/RenderTree/software observation; 256x128 BGRA8 synthetic glyphs; linear document 4096 bytes and title 256 bytes; size is UTF-8 bytes/lines; style selects zero-based payload nodes; Position is logical software pixels; typed Color RGBA8 and native Result; structured Table<Int> 32x8, Tree<Int> 32 nodes/depth16, named products 8 fields/declarations; 4096 rendered bytes and 64 structured publications. Every effect executes once; no window/backend capability inferred. See G170 checklist for narrower method bounds; metadata joins remain in F01.
g170-console:Tree.console	Tree.console	builtin.Console	STDLIB	STABLE_1_0	N1-PUBLIC-edd70a69897f39d9045601f8	NORMATIVE_STABLE_PROFILE	Retained source values plus opt-in pointer-free document/RenderTree/software observation; 256x128 BGRA8 synthetic glyphs; linear document 4096 bytes and title 256 bytes; size is UTF-8 bytes/lines; style selects zero-based payload nodes; Position is logical software pixels; typed Color RGBA8 and native Result; structured Table<Int> 32x8, Tree<Int> 32 nodes/depth16, named products 8 fields/declarations; 4096 rendered bytes and 64 structured publications. Every effect executes once; no window/backend capability inferred. See G170 checklist for narrower method bounds; metadata joins remain in F01.
g170-console:visual.summarize	visual.summarize	builtin.Console	STDLIB	STABLE_1_0	N1-PUBLIC-a522d475eb1b0290542ef136	NORMATIVE_STABLE_PROFILE	Canonical existing pure visual_summary_foundation owner, actual Int value 0..255, decimal provenance, one evaluation and independent explicit return; no document/window/rendering effect is claimed.
g170-scan:allowEmpty	ScanPlan.allowEmpty	builtin.ScanPlan	STDLIB	STABLE_1_0	N1-PUBLIC-d280a7afaf138a03c91196b5	NORMATIVE_STABLE_PROFILE	Real contextual option AST children, lexical operands and native ScanPlan owners. Text UTF-8 <=4096 bytes; Int64; Bool true/false; Char one-byte profile; 1..32 choices; finite retries <=8; readonly relative replay file <=4096 bytes/path<=256; typed Option<Int>/Result<T,ScanError>; headless Console metadata and pointer-free native events. Public secret events hide input bytes/length/digest. No live backend claim. Multiline/paragraph/block/Markdown/code/JSON/raw modes use native G078/G080 owners with at most 256 lines; finite Console enum choices are not nominal enum reflection; multiSelect exposes the native unique 32-bit mask; confirmSecret consumes a second input; forgetAfterUse zeroizes consumed private bytes and preserves the owned result. At most 32 total options. SymbolId/DocRecord reconciliation stays in F01.
g170-scan:autocomplete	ScanPlan.autocomplete	builtin.ScanPlan	STDLIB	STABLE_1_0	N1-PUBLIC-4eed5f7b6e2e3f40dbbecd12	NORMATIVE_STABLE_PROFILE	Real contextual option AST children, lexical operands and native ScanPlan owners. Text UTF-8 <=4096 bytes; Int64; Bool true/false; Char one-byte profile; 1..32 choices; finite retries <=8; readonly relative replay file <=4096 bytes/path<=256; typed Option<Int>/Result<T,ScanError>; headless Console metadata and pointer-free native events. Public secret events hide input bytes/length/digest. No live backend claim. Multiline/paragraph/block/Markdown/code/JSON/raw modes use native G078/G080 owners with at most 256 lines; finite Console enum choices are not nominal enum reflection; multiSelect exposes the native unique 32-bit mask; confirmSecret consumes a second input; forgetAfterUse zeroizes consumed private bytes and preserves the owned result. At most 32 total options. SymbolId/DocRecord reconciliation stays in F01.
g170-scan:block	ScanPlan.block	builtin.ScanPlan	STDLIB	STABLE_1_0	N1-PUBLIC-a59b9b781698924a97c2b63d	NORMATIVE_STABLE_PROFILE	Real contextual option AST children, lexical operands and native ScanPlan owners. Text UTF-8 <=4096 bytes; Int64; Bool true/false; Char one-byte profile; 1..32 choices; finite retries <=8; readonly relative replay file <=4096 bytes/path<=256; typed Option<Int>/Result<T,ScanError>; headless Console metadata and pointer-free native events. Public secret events hide input bytes/length/digest. No live backend claim. Multiline/paragraph/block/Markdown/code/JSON/raw modes use native G078/G080 owners with at most 256 lines; finite Console enum choices are not nominal enum reflection; multiSelect exposes the native unique 32-bit mask; confirmSecret consumes a second input; forgetAfterUse zeroizes consumed private bytes and preserves the owned result. At most 32 total options. SymbolId/DocRecord reconciliation stays in F01.
g170-scan:bool	ScanPlan.bool	builtin.ScanPlan	STDLIB	STABLE_1_0	N1-PUBLIC-661156a5c3f607ff8479067f	NORMATIVE_STABLE_PROFILE	Real contextual option AST children, lexical operands and native ScanPlan owners. Text UTF-8 <=4096 bytes; Int64; Bool true/false; Char one-byte profile; 1..32 choices; finite retries <=8; readonly relative replay file <=4096 bytes/path<=256; typed Option<Int>/Result<T,ScanError>; headless Console metadata and pointer-free native events. Public secret events hide input bytes/length/digest. No live backend claim. Multiline/paragraph/block/Markdown/code/JSON/raw modes use native G078/G080 owners with at most 256 lines; finite Console enum choices are not nominal enum reflection; multiSelect exposes the native unique 32-bit mask; confirmSecret consumes a second input; forgetAfterUse zeroizes consumed private bytes and preserves the owned result. At most 32 total options. SymbolId/DocRecord reconciliation stays in F01.
g170-scan:cancelOn	ScanPlan.cancelOn	builtin.ScanPlan	STDLIB	STABLE_1_0	N1-PUBLIC-18cf1afc6b2430617b19fa6e	NORMATIVE_STABLE_PROFILE	Real contextual option AST children, lexical operands and native ScanPlan owners. Text UTF-8 <=4096 bytes; Int64; Bool true/false; Char one-byte profile; 1..32 choices; finite retries <=8; readonly relative replay file <=4096 bytes/path<=256; typed Option<Int>/Result<T,ScanError>; headless Console metadata and pointer-free native events. Public secret events hide input bytes/length/digest. No live backend claim. Multiline/paragraph/block/Markdown/code/JSON/raw modes use native G078/G080 owners with at most 256 lines; finite Console enum choices are not nominal enum reflection; multiSelect exposes the native unique 32-bit mask; confirmSecret consumes a second input; forgetAfterUse zeroizes consumed private bytes and preserves the owned result. At most 32 total options. SymbolId/DocRecord reconciliation stays in F01.
g170-scan:char	ScanPlan.char	builtin.ScanPlan	STDLIB	STABLE_1_0	N1-PUBLIC-baa4c7e795571f7dc06da886	NORMATIVE_STABLE_PROFILE	Real contextual option AST children, lexical operands and native ScanPlan owners. Text UTF-8 <=4096 bytes; Int64; Bool true/false; Char one-byte profile; 1..32 choices; finite retries <=8; readonly relative replay file <=4096 bytes/path<=256; typed Option<Int>/Result<T,ScanError>; headless Console metadata and pointer-free native events. Public secret events hide input bytes/length/digest. No live backend claim. Multiline/paragraph/block/Markdown/code/JSON/raw modes use native G078/G080 owners with at most 256 lines; finite Console enum choices are not nominal enum reflection; multiSelect exposes the native unique 32-bit mask; confirmSecret consumes a second input; forgetAfterUse zeroizes consumed private bytes and preserves the owned result. At most 32 total options. SymbolId/DocRecord reconciliation stays in F01.
g170-scan:choice	ScanPlan.choice	builtin.ScanPlan	STDLIB	STABLE_1_0	N1-PUBLIC-f46e5c699e113f52a726c8bf	NORMATIVE_STABLE_PROFILE	Real contextual option AST children, lexical operands and native ScanPlan owners. Text UTF-8 <=4096 bytes; Int64; Bool true/false; Char one-byte profile; 1..32 choices; finite retries <=8; readonly relative replay file <=4096 bytes/path<=256; typed Option<Int>/Result<T,ScanError>; headless Console metadata and pointer-free native events. Public secret events hide input bytes/length/digest. No live backend claim. Multiline/paragraph/block/Markdown/code/JSON/raw modes use native G078/G080 owners with at most 256 lines; finite Console enum choices are not nominal enum reflection; multiSelect exposes the native unique 32-bit mask; confirmSecret consumes a second input; forgetAfterUse zeroizes consumed private bytes and preserves the owned result. At most 32 total options. SymbolId/DocRecord reconciliation stays in F01.
g170-scan:chomp	ScanPlan.chomp	builtin.ScanPlan	STDLIB	STABLE_1_0	N1-PUBLIC-6458f0a11163acce02e5ebb4	NORMATIVE_STABLE_PROFILE	Real contextual option AST children, lexical operands and native ScanPlan owners. Text UTF-8 <=4096 bytes; Int64; Bool true/false; Char one-byte profile; 1..32 choices; finite retries <=8; readonly relative replay file <=4096 bytes/path<=256; typed Option<Int>/Result<T,ScanError>; headless Console metadata and pointer-free native events. Public secret events hide input bytes/length/digest. No live backend claim. Multiline/paragraph/block/Markdown/code/JSON/raw modes use native G078/G080 owners with at most 256 lines; finite Console enum choices are not nominal enum reflection; multiSelect exposes the native unique 32-bit mask; confirmSecret consumes a second input; forgetAfterUse zeroizes consumed private bytes and preserves the owned result. At most 32 total options. SymbolId/DocRecord reconciliation stays in F01.
g170-scan:code	ScanPlan.code	builtin.ScanPlan	STDLIB	STABLE_1_0	N1-PUBLIC-5fe63297e9b9f31dac4ec7ca	NORMATIVE_STABLE_PROFILE	Real contextual option AST children, lexical operands and native ScanPlan owners. Text UTF-8 <=4096 bytes; Int64; Bool true/false; Char one-byte profile; 1..32 choices; finite retries <=8; readonly relative replay file <=4096 bytes/path<=256; typed Option<Int>/Result<T,ScanError>; headless Console metadata and pointer-free native events. Public secret events hide input bytes/length/digest. No live backend claim. Multiline/paragraph/block/Markdown/code/JSON/raw modes use native G078/G080 owners with at most 256 lines; finite Console enum choices are not nominal enum reflection; multiSelect exposes the native unique 32-bit mask; confirmSecret consumes a second input; forgetAfterUse zeroizes consumed private bytes and preserves the owned result. At most 32 total options. SymbolId/DocRecord reconciliation stays in F01.
g170-scan:confirm	ScanPlan.confirm	builtin.ScanPlan	STDLIB	STABLE_1_0	N1-PUBLIC-ba17dbb89c91e0268d1c32c3	NORMATIVE_STABLE_PROFILE	Real contextual option AST children, lexical operands and native ScanPlan owners. Text UTF-8 <=4096 bytes; Int64; Bool true/false; Char one-byte profile; 1..32 choices; finite retries <=8; readonly relative replay file <=4096 bytes/path<=256; typed Option<Int>/Result<T,ScanError>; headless Console metadata and pointer-free native events. Public secret events hide input bytes/length/digest. No live backend claim. Multiline/paragraph/block/Markdown/code/JSON/raw modes use native G078/G080 owners with at most 256 lines; finite Console enum choices are not nominal enum reflection; multiSelect exposes the native unique 32-bit mask; confirmSecret consumes a second input; forgetAfterUse zeroizes consumed private bytes and preserves the owned result. At most 32 total options. SymbolId/DocRecord reconciliation stays in F01.
g170-scan:confirmSecret	ScanPlan.confirmSecret	builtin.ScanPlan	STDLIB	STABLE_1_0	N1-PUBLIC-bf3cbb036ad14be75a9267cc	NORMATIVE_STABLE_PROFILE	Real contextual option AST children, lexical operands and native ScanPlan owners. Text UTF-8 <=4096 bytes; Int64; Bool true/false; Char one-byte profile; 1..32 choices; finite retries <=8; readonly relative replay file <=4096 bytes/path<=256; typed Option<Int>/Result<T,ScanError>; headless Console metadata and pointer-free native events. Public secret events hide input bytes/length/digest. No live backend claim. Multiline/paragraph/block/Markdown/code/JSON/raw modes use native G078/G080 owners with at most 256 lines; finite Console enum choices are not nominal enum reflection; multiSelect exposes the native unique 32-bit mask; confirmSecret consumes a second input; forgetAfterUse zeroizes consumed private bytes and preserves the owned result. At most 32 total options. SymbolId/DocRecord reconciliation stays in F01.
g170-scan:console	ScanPlan.console	builtin.ScanPlan	STDLIB	STABLE_1_0	N1-PUBLIC-67ee345c0dbb50298fa298a1	NORMATIVE_STABLE_PROFILE	Real contextual option AST children, lexical operands and native ScanPlan owners. Text UTF-8 <=4096 bytes; Int64; Bool true/false; Char one-byte profile; 1..32 choices; finite retries <=8; readonly relative replay file <=4096 bytes/path<=256; typed Option<Int>/Result<T,ScanError>; headless Console metadata and pointer-free native events. Public secret events hide input bytes/length/digest. No live backend claim. Multiline/paragraph/block/Markdown/code/JSON/raw modes use native G078/G080 owners with at most 256 lines; finite Console enum choices are not nominal enum reflection; multiSelect exposes the native unique 32-bit mask; confirmSecret consumes a second input; forgetAfterUse zeroizes consumed private bytes and preserves the owned result. At most 32 total options. SymbolId/DocRecord reconciliation stays in F01.
g170-scan:enum	ScanPlan.enum	builtin.ScanPlan	STDLIB	STABLE_1_0	N1-PUBLIC-26359e25e58903e29480db1f	NORMATIVE_STABLE_PROFILE	Real contextual option AST children, lexical operands and native ScanPlan owners. Text UTF-8 <=4096 bytes; Int64; Bool true/false; Char one-byte profile; 1..32 choices; finite retries <=8; readonly relative replay file <=4096 bytes/path<=256; typed Option<Int>/Result<T,ScanError>; headless Console metadata and pointer-free native events. Public secret events hide input bytes/length/digest. No live backend claim. Multiline/paragraph/block/Markdown/code/JSON/raw modes use native G078/G080 owners with at most 256 lines; finite Console enum choices are not nominal enum reflection; multiSelect exposes the native unique 32-bit mask; confirmSecret consumes a second input; forgetAfterUse zeroizes consumed private bytes and preserves the owned result. At most 32 total options. SymbolId/DocRecord reconciliation stays in F01.
g170-scan:eofAs	ScanPlan.eofAs	builtin.ScanPlan	STDLIB	STABLE_1_0	N1-PUBLIC-38ec76fb539b885063554914	NORMATIVE_STABLE_PROFILE	Real contextual option AST children, lexical operands and native ScanPlan owners. Text UTF-8 <=4096 bytes; Int64; Bool true/false; Char one-byte profile; 1..32 choices; finite retries <=8; readonly relative replay file <=4096 bytes/path<=256; typed Option<Int>/Result<T,ScanError>; headless Console metadata and pointer-free native events. Public secret events hide input bytes/length/digest. No live backend claim. Multiline/paragraph/block/Markdown/code/JSON/raw modes use native G078/G080 owners with at most 256 lines; finite Console enum choices are not nominal enum reflection; multiSelect exposes the native unique 32-bit mask; confirmSecret consumes a second input; forgetAfterUse zeroizes consumed private bytes and preserves the owned result. At most 32 total options. SymbolId/DocRecord reconciliation stays in F01.
g170-scan:eofAsNone	ScanPlan.eofAsNone	builtin.ScanPlan	STDLIB	STABLE_1_0	N1-PUBLIC-bbe29e14b9f4bce9c1d99141	NORMATIVE_STABLE_PROFILE	Real contextual option AST children, lexical operands and native ScanPlan owners. Text UTF-8 <=4096 bytes; Int64; Bool true/false; Char one-byte profile; 1..32 choices; finite retries <=8; readonly relative replay file <=4096 bytes/path<=256; typed Option<Int>/Result<T,ScanError>; headless Console metadata and pointer-free native events. Public secret events hide input bytes/length/digest. No live backend claim. Multiline/paragraph/block/Markdown/code/JSON/raw modes use native G078/G080 owners with at most 256 lines; finite Console enum choices are not nominal enum reflection; multiSelect exposes the native unique 32-bit mask; confirmSecret consumes a second input; forgetAfterUse zeroizes consumed private bytes and preserves the owned result. At most 32 total options. SymbolId/DocRecord reconciliation stays in F01.
g170-scan:feedback	ScanPlan.feedback	builtin.ScanPlan	STDLIB	STABLE_1_0	N1-PUBLIC-b3d4d0c5717bcba03862b9d0	NORMATIVE_STABLE_PROFILE	Real contextual option AST children, lexical operands and native ScanPlan owners. Text UTF-8 <=4096 bytes; Int64; Bool true/false; Char one-byte profile; 1..32 choices; finite retries <=8; readonly relative replay file <=4096 bytes/path<=256; typed Option<Int>/Result<T,ScanError>; headless Console metadata and pointer-free native events. Public secret events hide input bytes/length/digest. No live backend claim. Multiline/paragraph/block/Markdown/code/JSON/raw modes use native G078/G080 owners with at most 256 lines; finite Console enum choices are not nominal enum reflection; multiSelect exposes the native unique 32-bit mask; confirmSecret consumes a second input; forgetAfterUse zeroizes consumed private bytes and preserves the owned result. At most 32 total options. SymbolId/DocRecord reconciliation stays in F01.
g170-scan:field	ScanPlan.field	builtin.ScanPlan	STDLIB	STABLE_1_0	N1-PUBLIC-49c1da140cb91a2150219324	NORMATIVE_STABLE_PROFILE	Real contextual option AST children, lexical operands and native ScanPlan owners. Text UTF-8 <=4096 bytes; Int64; Bool true/false; Char one-byte profile; 1..32 choices; finite retries <=8; readonly relative replay file <=4096 bytes/path<=256; typed Option<Int>/Result<T,ScanError>; headless Console metadata and pointer-free native events. Public secret events hide input bytes/length/digest. No live backend claim. Multiline/paragraph/block/Markdown/code/JSON/raw modes use native G078/G080 owners with at most 256 lines; finite Console enum choices are not nominal enum reflection; multiSelect exposes the native unique 32-bit mask; confirmSecret consumes a second input; forgetAfterUse zeroizes consumed private bytes and preserves the owned result. At most 32 total options. SymbolId/DocRecord reconciliation stays in F01.
g170-scan:forgetAfterUse	ScanPlan.forgetAfterUse	builtin.ScanPlan	STDLIB	STABLE_1_0	N1-PUBLIC-fcfb6580743cbc9de40dde48	NORMATIVE_STABLE_PROFILE	Real contextual option AST children, lexical operands and native ScanPlan owners. Text UTF-8 <=4096 bytes; Int64; Bool true/false; Char one-byte profile; 1..32 choices; finite retries <=8; readonly relative replay file <=4096 bytes/path<=256; typed Option<Int>/Result<T,ScanError>; headless Console metadata and pointer-free native events. Public secret events hide input bytes/length/digest. No live backend claim. Multiline/paragraph/block/Markdown/code/JSON/raw modes use native G078/G080 owners with at most 256 lines; finite Console enum choices are not nominal enum reflection; multiSelect exposes the native unique 32-bit mask; confirmSecret consumes a second input; forgetAfterUse zeroizes consumed private bytes and preserves the owned result. At most 32 total options. SymbolId/DocRecord reconciliation stays in F01.
g170-scan:form	ScanPlan.form	builtin.ScanPlan	STDLIB	STABLE_1_0	N1-PUBLIC-fc6a1eae11c6deae1278b277	NORMATIVE_STABLE_PROFILE	Real contextual option AST children, lexical operands and native ScanPlan owners. Text UTF-8 <=4096 bytes; Int64; Bool true/false; Char one-byte profile; 1..32 choices; finite retries <=8; readonly relative replay file <=4096 bytes/path<=256; typed Option<Int>/Result<T,ScanError>; headless Console metadata and pointer-free native events. Public secret events hide input bytes/length/digest. No live backend claim. Multiline/paragraph/block/Markdown/code/JSON/raw modes use native G078/G080 owners with at most 256 lines; finite Console enum choices are not nominal enum reflection; multiSelect exposes the native unique 32-bit mask; confirmSecret consumes a second input; forgetAfterUse zeroizes consumed private bytes and preserves the owned result. At most 32 total options. SymbolId/DocRecord reconciliation stays in F01.
g170-scan:indexChoice	ScanPlan.indexChoice	builtin.ScanPlan	STDLIB	STABLE_1_0	N1-PUBLIC-b77957b906ae1b4d62eb740d	NORMATIVE_STABLE_PROFILE	Real contextual option AST children, lexical operands and native ScanPlan owners. Text UTF-8 <=4096 bytes; Int64; Bool true/false; Char one-byte profile; 1..32 choices; finite retries <=8; readonly relative replay file <=4096 bytes/path<=256; typed Option<Int>/Result<T,ScanError>; headless Console metadata and pointer-free native events. Public secret events hide input bytes/length/digest. No live backend claim. Multiline/paragraph/block/Markdown/code/JSON/raw modes use native G078/G080 owners with at most 256 lines; finite Console enum choices are not nominal enum reflection; multiSelect exposes the native unique 32-bit mask; confirmSecret consumes a second input; forgetAfterUse zeroizes consumed private bytes and preserves the owned result. At most 32 total options. SymbolId/DocRecord reconciliation stays in F01.
g170-scan:int	ScanPlan.int	builtin.ScanPlan	STDLIB	STABLE_1_0	N1-PUBLIC-34ac76f13e52fd72d0dbcafd	NORMATIVE_STABLE_PROFILE	Real contextual option AST children, lexical operands and native ScanPlan owners. Text UTF-8 <=4096 bytes; Int64; Bool true/false; Char one-byte profile; 1..32 choices; finite retries <=8; readonly relative replay file <=4096 bytes/path<=256; typed Option<Int>/Result<T,ScanError>; headless Console metadata and pointer-free native events. Public secret events hide input bytes/length/digest. No live backend claim. Multiline/paragraph/block/Markdown/code/JSON/raw modes use native G078/G080 owners with at most 256 lines; finite Console enum choices are not nominal enum reflection; multiSelect exposes the native unique 32-bit mask; confirmSecret consumes a second input; forgetAfterUse zeroizes consumed private bytes and preserves the owned result. At most 32 total options. SymbolId/DocRecord reconciliation stays in F01.
g170-scan:jsonBlock	ScanPlan.jsonBlock	builtin.ScanPlan	STDLIB	STABLE_1_0	N1-PUBLIC-0438d14b7f41bc36a893417e	NORMATIVE_STABLE_PROFILE	Real contextual option AST children, lexical operands and native ScanPlan owners. Text UTF-8 <=4096 bytes; Int64; Bool true/false; Char one-byte profile; 1..32 choices; finite retries <=8; readonly relative replay file <=4096 bytes/path<=256; typed Option<Int>/Result<T,ScanError>; headless Console metadata and pointer-free native events. Public secret events hide input bytes/length/digest. No live backend claim. Multiline/paragraph/block/Markdown/code/JSON/raw modes use native G078/G080 owners with at most 256 lines; finite Console enum choices are not nominal enum reflection; multiSelect exposes the native unique 32-bit mask; confirmSecret consumes a second input; forgetAfterUse zeroizes consumed private bytes and preserves the owned result. At most 32 total options. SymbolId/DocRecord reconciliation stays in F01.
g170-scan:lower	ScanPlan.lower	builtin.ScanPlan	STDLIB	STABLE_1_0	N1-PUBLIC-8933c17ec4ad13e937f395f3	NORMATIVE_STABLE_PROFILE	Real contextual option AST children, lexical operands and native ScanPlan owners. Text UTF-8 <=4096 bytes; Int64; Bool true/false; Char one-byte profile; 1..32 choices; finite retries <=8; readonly relative replay file <=4096 bytes/path<=256; typed Option<Int>/Result<T,ScanError>; headless Console metadata and pointer-free native events. Public secret events hide input bytes/length/digest. No live backend claim. Multiline/paragraph/block/Markdown/code/JSON/raw modes use native G078/G080 owners with at most 256 lines; finite Console enum choices are not nominal enum reflection; multiSelect exposes the native unique 32-bit mask; confirmSecret consumes a second input; forgetAfterUse zeroizes consumed private bytes and preserves the owned result. At most 32 total options. SymbolId/DocRecord reconciliation stays in F01.
g170-scan:markdown	ScanPlan.markdown	builtin.ScanPlan	STDLIB	STABLE_1_0	N1-PUBLIC-d241e8045d64984fefc5ba0d	NORMATIVE_STABLE_PROFILE	Real contextual option AST children, lexical operands and native ScanPlan owners. Text UTF-8 <=4096 bytes; Int64; Bool true/false; Char one-byte profile; 1..32 choices; finite retries <=8; readonly relative replay file <=4096 bytes/path<=256; typed Option<Int>/Result<T,ScanError>; headless Console metadata and pointer-free native events. Public secret events hide input bytes/length/digest. No live backend claim. Multiline/paragraph/block/Markdown/code/JSON/raw modes use native G078/G080 owners with at most 256 lines; finite Console enum choices are not nominal enum reflection; multiSelect exposes the native unique 32-bit mask; confirmSecret consumes a second input; forgetAfterUse zeroizes consumed private bytes and preserves the owned result. At most 32 total options. SymbolId/DocRecord reconciliation stays in F01.
g170-scan:mask	ScanPlan.mask	builtin.ScanPlan	STDLIB	STABLE_1_0	N1-PUBLIC-0eb9b543cf7f05fd003162e3	NORMATIVE_STABLE_PROFILE	Real contextual option AST children, lexical operands and native ScanPlan owners. Text UTF-8 <=4096 bytes; Int64; Bool true/false; Char one-byte profile; 1..32 choices; finite retries <=8; readonly relative replay file <=4096 bytes/path<=256; typed Option<Int>/Result<T,ScanError>; headless Console metadata and pointer-free native events. Public secret events hide input bytes/length/digest. No live backend claim. Multiline/paragraph/block/Markdown/code/JSON/raw modes use native G078/G080 owners with at most 256 lines; finite Console enum choices are not nominal enum reflection; multiSelect exposes the native unique 32-bit mask; confirmSecret consumes a second input; forgetAfterUse zeroizes consumed private bytes and preserves the owned result. At most 32 total options. SymbolId/DocRecord reconciliation stays in F01.
g170-scan:max	ScanPlan.max	builtin.ScanPlan	STDLIB	STABLE_1_0	N1-PUBLIC-f67cc22c07e59891b8aa72ca	NORMATIVE_STABLE_PROFILE	Real contextual option AST children, lexical operands and native ScanPlan owners. Text UTF-8 <=4096 bytes; Int64; Bool true/false; Char one-byte profile; 1..32 choices; finite retries <=8; readonly relative replay file <=4096 bytes/path<=256; typed Option<Int>/Result<T,ScanError>; headless Console metadata and pointer-free native events. Public secret events hide input bytes/length/digest. No live backend claim. Multiline/paragraph/block/Markdown/code/JSON/raw modes use native G078/G080 owners with at most 256 lines; finite Console enum choices are not nominal enum reflection; multiSelect exposes the native unique 32-bit mask; confirmSecret consumes a second input; forgetAfterUse zeroizes consumed private bytes and preserves the owned result. At most 32 total options. SymbolId/DocRecord reconciliation stays in F01.
g170-scan:maxAttempts	ScanPlan.maxAttempts	builtin.ScanPlan	STDLIB	STABLE_1_0	N1-PUBLIC-e0c3c38fdf7f72cb2a7c3e3e	NORMATIVE_STABLE_PROFILE	Real contextual option AST children, lexical operands and native ScanPlan owners. Text UTF-8 <=4096 bytes; Int64; Bool true/false; Char one-byte profile; 1..32 choices; finite retries <=8; readonly relative replay file <=4096 bytes/path<=256; typed Option<Int>/Result<T,ScanError>; headless Console metadata and pointer-free native events. Public secret events hide input bytes/length/digest. No live backend claim. Multiline/paragraph/block/Markdown/code/JSON/raw modes use native G078/G080 owners with at most 256 lines; finite Console enum choices are not nominal enum reflection; multiSelect exposes the native unique 32-bit mask; confirmSecret consumes a second input; forgetAfterUse zeroizes consumed private bytes and preserves the owned result. At most 32 total options. SymbolId/DocRecord reconciliation stays in F01.
g170-scan:maxLen	ScanPlan.maxLen	builtin.ScanPlan	STDLIB	STABLE_1_0	N1-PUBLIC-2986e2863b1495d689869149	NORMATIVE_STABLE_PROFILE	Real contextual option AST children, lexical operands and native ScanPlan owners. Text UTF-8 <=4096 bytes; Int64; Bool true/false; Char one-byte profile; 1..32 choices; finite retries <=8; readonly relative replay file <=4096 bytes/path<=256; typed Option<Int>/Result<T,ScanError>; headless Console metadata and pointer-free native events. Public secret events hide input bytes/length/digest. No live backend claim. Multiline/paragraph/block/Markdown/code/JSON/raw modes use native G078/G080 owners with at most 256 lines; finite Console enum choices are not nominal enum reflection; multiSelect exposes the native unique 32-bit mask; confirmSecret consumes a second input; forgetAfterUse zeroizes consumed private bytes and preserves the owned result. At most 32 total options. SymbolId/DocRecord reconciliation stays in F01.
g170-scan:maxLines	ScanPlan.maxLines	builtin.ScanPlan	STDLIB	STABLE_1_0	N1-PUBLIC-8eeca3eaf21b9b50f5f19332	NORMATIVE_STABLE_PROFILE	Real contextual option AST children, lexical operands and native ScanPlan owners. Text UTF-8 <=4096 bytes; Int64; Bool true/false; Char one-byte profile; 1..32 choices; finite retries <=8; readonly relative replay file <=4096 bytes/path<=256; typed Option<Int>/Result<T,ScanError>; headless Console metadata and pointer-free native events. Public secret events hide input bytes/length/digest. No live backend claim. Multiline/paragraph/block/Markdown/code/JSON/raw modes use native G078/G080 owners with at most 256 lines; finite Console enum choices are not nominal enum reflection; multiSelect exposes the native unique 32-bit mask; confirmSecret consumes a second input; forgetAfterUse zeroizes consumed private bytes and preserves the owned result. At most 32 total options. SymbolId/DocRecord reconciliation stays in F01.
g170-scan:menu	ScanPlan.menu	builtin.ScanPlan	STDLIB	STABLE_1_0	N1-PUBLIC-ce50bfe174380d915f79bbd1	NORMATIVE_STABLE_PROFILE	Real contextual option AST children, lexical operands and native ScanPlan owners. Text UTF-8 <=4096 bytes; Int64; Bool true/false; Char one-byte profile; 1..32 choices; finite retries <=8; readonly relative replay file <=4096 bytes/path<=256; typed Option<Int>/Result<T,ScanError>; headless Console metadata and pointer-free native events. Public secret events hide input bytes/length/digest. No live backend claim. Multiline/paragraph/block/Markdown/code/JSON/raw modes use native G078/G080 owners with at most 256 lines; finite Console enum choices are not nominal enum reflection; multiSelect exposes the native unique 32-bit mask; confirmSecret consumes a second input; forgetAfterUse zeroizes consumed private bytes and preserves the owned result. At most 32 total options. SymbolId/DocRecord reconciliation stays in F01.
g170-scan:min	ScanPlan.min	builtin.ScanPlan	STDLIB	STABLE_1_0	N1-PUBLIC-13f6ccc8f95395711472a8ac	NORMATIVE_STABLE_PROFILE	Real contextual option AST children, lexical operands and native ScanPlan owners. Text UTF-8 <=4096 bytes; Int64; Bool true/false; Char one-byte profile; 1..32 choices; finite retries <=8; readonly relative replay file <=4096 bytes/path<=256; typed Option<Int>/Result<T,ScanError>; headless Console metadata and pointer-free native events. Public secret events hide input bytes/length/digest. No live backend claim. Multiline/paragraph/block/Markdown/code/JSON/raw modes use native G078/G080 owners with at most 256 lines; finite Console enum choices are not nominal enum reflection; multiSelect exposes the native unique 32-bit mask; confirmSecret consumes a second input; forgetAfterUse zeroizes consumed private bytes and preserves the owned result. At most 32 total options. SymbolId/DocRecord reconciliation stays in F01.
g170-scan:minLen	ScanPlan.minLen	builtin.ScanPlan	STDLIB	STABLE_1_0	N1-PUBLIC-1306f9455e3785bc45727df3	NORMATIVE_STABLE_PROFILE	Real contextual option AST children, lexical operands and native ScanPlan owners. Text UTF-8 <=4096 bytes; Int64; Bool true/false; Char one-byte profile; 1..32 choices; finite retries <=8; readonly relative replay file <=4096 bytes/path<=256; typed Option<Int>/Result<T,ScanError>; headless Console metadata and pointer-free native events. Public secret events hide input bytes/length/digest. No live backend claim. Multiline/paragraph/block/Markdown/code/JSON/raw modes use native G078/G080 owners with at most 256 lines; finite Console enum choices are not nominal enum reflection; multiSelect exposes the native unique 32-bit mask; confirmSecret consumes a second input; forgetAfterUse zeroizes consumed private bytes and preserves the owned result. At most 32 total options. SymbolId/DocRecord reconciliation stays in F01.
g170-scan:minStrength	ScanPlan.minStrength	builtin.ScanPlan	STDLIB	STABLE_1_0	N1-PUBLIC-56d13cf12b46bb5100c9b006	NORMATIVE_STABLE_PROFILE	Real contextual option AST children, lexical operands and native ScanPlan owners. Text UTF-8 <=4096 bytes; Int64; Bool true/false; Char one-byte profile; 1..32 choices; finite retries <=8; readonly relative replay file <=4096 bytes/path<=256; typed Option<Int>/Result<T,ScanError>; headless Console metadata and pointer-free native events. Public secret events hide input bytes/length/digest. No live backend claim. Multiline/paragraph/block/Markdown/code/JSON/raw modes use native G078/G080 owners with at most 256 lines; finite Console enum choices are not nominal enum reflection; multiSelect exposes the native unique 32-bit mask; confirmSecret consumes a second input; forgetAfterUse zeroizes consumed private bytes and preserves the owned result. At most 32 total options. SymbolId/DocRecord reconciliation stays in F01.
g170-scan:mock	ScanPlan.mock	builtin.ScanPlan	STDLIB	STABLE_1_0	N1-PUBLIC-ebf1713b5b1d7d5dd48ab14f	NORMATIVE_STABLE_PROFILE	Real contextual option AST children, lexical operands and native ScanPlan owners. Text UTF-8 <=4096 bytes; Int64; Bool true/false; Char one-byte profile; 1..32 choices; finite retries <=8; readonly relative replay file <=4096 bytes/path<=256; typed Option<Int>/Result<T,ScanError>; headless Console metadata and pointer-free native events. Public secret events hide input bytes/length/digest. No live backend claim. Multiline/paragraph/block/Markdown/code/JSON/raw modes use native G078/G080 owners with at most 256 lines; finite Console enum choices are not nominal enum reflection; multiSelect exposes the native unique 32-bit mask; confirmSecret consumes a second input; forgetAfterUse zeroizes consumed private bytes and preserves the owned result. At most 32 total options. SymbolId/DocRecord reconciliation stays in F01.
g170-scan:multiSelect	ScanPlan.multiSelect	builtin.ScanPlan	STDLIB	STABLE_1_0	N1-PUBLIC-e8837ff73fccf630942ae24c	NORMATIVE_STABLE_PROFILE	Real contextual option AST children, lexical operands and native ScanPlan owners. Text UTF-8 <=4096 bytes; Int64; Bool true/false; Char one-byte profile; 1..32 choices; finite retries <=8; readonly relative replay file <=4096 bytes/path<=256; typed Option<Int>/Result<T,ScanError>; headless Console metadata and pointer-free native events. Public secret events hide input bytes/length/digest. No live backend claim. Multiline/paragraph/block/Markdown/code/JSON/raw modes use native G078/G080 owners with at most 256 lines; finite Console enum choices are not nominal enum reflection; multiSelect exposes the native unique 32-bit mask; confirmSecret consumes a second input; forgetAfterUse zeroizes consumed private bytes and preserves the owned result. At most 32 total options. SymbolId/DocRecord reconciliation stays in F01.
g170-scan:multiline	ScanPlan.multiline	builtin.ScanPlan	STDLIB	STABLE_1_0	N1-PUBLIC-196f060009b30f0ecbdad71a	NORMATIVE_STABLE_PROFILE	Real contextual option AST children, lexical operands and native ScanPlan owners. Text UTF-8 <=4096 bytes; Int64; Bool true/false; Char one-byte profile; 1..32 choices; finite retries <=8; readonly relative replay file <=4096 bytes/path<=256; typed Option<Int>/Result<T,ScanError>; headless Console metadata and pointer-free native events. Public secret events hide input bytes/length/digest. No live backend claim. Multiline/paragraph/block/Markdown/code/JSON/raw modes use native G078/G080 owners with at most 256 lines; finite Console enum choices are not nominal enum reflection; multiSelect exposes the native unique 32-bit mask; confirmSecret consumes a second input; forgetAfterUse zeroizes consumed private bytes and preserves the owned result. At most 32 total options. SymbolId/DocRecord reconciliation stays in F01.
g170-scan:noEcho	ScanPlan.noEcho	builtin.ScanPlan	STDLIB	STABLE_1_0	N1-PUBLIC-0ff2e1ff410ac27808cca427	NORMATIVE_STABLE_PROFILE	Real contextual option AST children, lexical operands and native ScanPlan owners. Text UTF-8 <=4096 bytes; Int64; Bool true/false; Char one-byte profile; 1..32 choices; finite retries <=8; readonly relative replay file <=4096 bytes/path<=256; typed Option<Int>/Result<T,ScanError>; headless Console metadata and pointer-free native events. Public secret events hide input bytes/length/digest. No live backend claim. Multiline/paragraph/block/Markdown/code/JSON/raw modes use native G078/G080 owners with at most 256 lines; finite Console enum choices are not nominal enum reflection; multiSelect exposes the native unique 32-bit mask; confirmSecret consumes a second input; forgetAfterUse zeroizes consumed private bytes and preserves the owned result. At most 32 total options. SymbolId/DocRecord reconciliation stays in F01.
g170-scan:noHistory	ScanPlan.noHistory	builtin.ScanPlan	STDLIB	STABLE_1_0	N1-PUBLIC-2f2c95f2e35db1300a209fe5	NORMATIVE_STABLE_PROFILE	Real contextual option AST children, lexical operands and native ScanPlan owners. Text UTF-8 <=4096 bytes; Int64; Bool true/false; Char one-byte profile; 1..32 choices; finite retries <=8; readonly relative replay file <=4096 bytes/path<=256; typed Option<Int>/Result<T,ScanError>; headless Console metadata and pointer-free native events. Public secret events hide input bytes/length/digest. No live backend claim. Multiline/paragraph/block/Markdown/code/JSON/raw modes use native G078/G080 owners with at most 256 lines; finite Console enum choices are not nominal enum reflection; multiSelect exposes the native unique 32-bit mask; confirmSecret consumes a second input; forgetAfterUse zeroizes consumed private bytes and preserves the owned result. At most 32 total options. SymbolId/DocRecord reconciliation stays in F01.
g170-scan:onCancel	ScanPlan.onCancel	builtin.ScanPlan	STDLIB	STABLE_1_0	N1-PUBLIC-2c761ad0c956c49a68b49f52	NORMATIVE_STABLE_PROFILE	Real contextual option AST children, lexical operands and native ScanPlan owners. Text UTF-8 <=4096 bytes; Int64; Bool true/false; Char one-byte profile; 1..32 choices; finite retries <=8; readonly relative replay file <=4096 bytes/path<=256; typed Option<Int>/Result<T,ScanError>; headless Console metadata and pointer-free native events. Public secret events hide input bytes/length/digest. No live backend claim. Multiline/paragraph/block/Markdown/code/JSON/raw modes use native G078/G080 owners with at most 256 lines; finite Console enum choices are not nominal enum reflection; multiSelect exposes the native unique 32-bit mask; confirmSecret consumes a second input; forgetAfterUse zeroizes consumed private bytes and preserves the owned result. At most 32 total options. SymbolId/DocRecord reconciliation stays in F01.
g170-scan:oneOf	ScanPlan.oneOf	builtin.ScanPlan	STDLIB	STABLE_1_0	N1-PUBLIC-c17cc55b9d90e5858a37d01d	NORMATIVE_STABLE_PROFILE	Real contextual option AST children, lexical operands and native ScanPlan owners. Text UTF-8 <=4096 bytes; Int64; Bool true/false; Char one-byte profile; 1..32 choices; finite retries <=8; readonly relative replay file <=4096 bytes/path<=256; typed Option<Int>/Result<T,ScanError>; headless Console metadata and pointer-free native events. Public secret events hide input bytes/length/digest. No live backend claim. Multiline/paragraph/block/Markdown/code/JSON/raw modes use native G078/G080 owners with at most 256 lines; finite Console enum choices are not nominal enum reflection; multiSelect exposes the native unique 32-bit mask; confirmSecret consumes a second input; forgetAfterUse zeroizes consumed private bytes and preserves the owned result. At most 32 total options. SymbolId/DocRecord reconciliation stays in F01.
g170-scan:optional	ScanPlan.optional	builtin.ScanPlan	STDLIB	STABLE_1_0	N1-PUBLIC-b7ed416f3664b7024cebe3a7	NORMATIVE_STABLE_PROFILE	Real contextual option AST children, lexical operands and native ScanPlan owners. Text UTF-8 <=4096 bytes; Int64; Bool true/false; Char one-byte profile; 1..32 choices; finite retries <=8; readonly relative replay file <=4096 bytes/path<=256; typed Option<Int>/Result<T,ScanError>; headless Console metadata and pointer-free native events. Public secret events hide input bytes/length/digest. No live backend claim. Multiline/paragraph/block/Markdown/code/JSON/raw modes use native G078/G080 owners with at most 256 lines; finite Console enum choices are not nominal enum reflection; multiSelect exposes the native unique 32-bit mask; confirmSecret consumes a second input; forgetAfterUse zeroizes consumed private bytes and preserves the owned result. At most 32 total options. SymbolId/DocRecord reconciliation stays in F01.
g170-scan:panel	ScanPlan.panel	builtin.ScanPlan	STDLIB	STABLE_1_0	N1-PUBLIC-413208289d7b69120a9ccee6	NORMATIVE_STABLE_PROFILE	Real contextual option AST children, lexical operands and native ScanPlan owners. Text UTF-8 <=4096 bytes; Int64; Bool true/false; Char one-byte profile; 1..32 choices; finite retries <=8; readonly relative replay file <=4096 bytes/path<=256; typed Option<Int>/Result<T,ScanError>; headless Console metadata and pointer-free native events. Public secret events hide input bytes/length/digest. No live backend claim. Multiline/paragraph/block/Markdown/code/JSON/raw modes use native G078/G080 owners with at most 256 lines; finite Console enum choices are not nominal enum reflection; multiSelect exposes the native unique 32-bit mask; confirmSecret consumes a second input; forgetAfterUse zeroizes consumed private bytes and preserves the owned result. At most 32 total options. SymbolId/DocRecord reconciliation stays in F01.
g170-scan:paragraph	ScanPlan.paragraph	builtin.ScanPlan	STDLIB	STABLE_1_0	N1-PUBLIC-587bf53150af0870e5e70f87	NORMATIVE_STABLE_PROFILE	Real contextual option AST children, lexical operands and native ScanPlan owners. Text UTF-8 <=4096 bytes; Int64; Bool true/false; Char one-byte profile; 1..32 choices; finite retries <=8; readonly relative replay file <=4096 bytes/path<=256; typed Option<Int>/Result<T,ScanError>; headless Console metadata and pointer-free native events. Public secret events hide input bytes/length/digest. No live backend claim. Multiline/paragraph/block/Markdown/code/JSON/raw modes use native G078/G080 owners with at most 256 lines; finite Console enum choices are not nominal enum reflection; multiSelect exposes the native unique 32-bit mask; confirmSecret consumes a second input; forgetAfterUse zeroizes consumed private bytes and preserves the owned result. At most 32 total options. SymbolId/DocRecord reconciliation stays in F01.
g170-scan:password	ScanPlan.password	builtin.ScanPlan	STDLIB	STABLE_1_0	N1-PUBLIC-dedb259d2078ecef47e2960a	NORMATIVE_STABLE_PROFILE	Real contextual option AST children, lexical operands and native ScanPlan owners. Text UTF-8 <=4096 bytes; Int64; Bool true/false; Char one-byte profile; 1..32 choices; finite retries <=8; readonly relative replay file <=4096 bytes/path<=256; typed Option<Int>/Result<T,ScanError>; headless Console metadata and pointer-free native events. Public secret events hide input bytes/length/digest. No live backend claim. Multiline/paragraph/block/Markdown/code/JSON/raw modes use native G078/G080 owners with at most 256 lines; finite Console enum choices are not nominal enum reflection; multiSelect exposes the native unique 32-bit mask; confirmSecret consumes a second input; forgetAfterUse zeroizes consumed private bytes and preserves the owned result. At most 32 total options. SymbolId/DocRecord reconciliation stays in F01.
g170-scan:rawBlock	ScanPlan.rawBlock	builtin.ScanPlan	STDLIB	STABLE_1_0	N1-PUBLIC-f4f519f39f6dda1ed23187cf	NORMATIVE_STABLE_PROFILE	Real contextual option AST children, lexical operands and native ScanPlan owners. Text UTF-8 <=4096 bytes; Int64; Bool true/false; Char one-byte profile; 1..32 choices; finite retries <=8; readonly relative replay file <=4096 bytes/path<=256; typed Option<Int>/Result<T,ScanError>; headless Console metadata and pointer-free native events. Public secret events hide input bytes/length/digest. No live backend claim. Multiline/paragraph/block/Markdown/code/JSON/raw modes use native G078/G080 owners with at most 256 lines; finite Console enum choices are not nominal enum reflection; multiSelect exposes the native unique 32-bit mask; confirmSecret consumes a second input; forgetAfterUse zeroizes consumed private bytes and preserves the owned result. At most 32 total options. SymbolId/DocRecord reconciliation stays in F01.
g170-scan:redact	ScanPlan.redact	builtin.ScanPlan	STDLIB	STABLE_1_0	N1-PUBLIC-e4c76481540868cd3f68a13e	NORMATIVE_STABLE_PROFILE	Real contextual option AST children, lexical operands and native ScanPlan owners. Text UTF-8 <=4096 bytes; Int64; Bool true/false; Char one-byte profile; 1..32 choices; finite retries <=8; readonly relative replay file <=4096 bytes/path<=256; typed Option<Int>/Result<T,ScanError>; headless Console metadata and pointer-free native events. Public secret events hide input bytes/length/digest. No live backend claim. Multiline/paragraph/block/Markdown/code/JSON/raw modes use native G078/G080 owners with at most 256 lines; finite Console enum choices are not nominal enum reflection; multiSelect exposes the native unique 32-bit mask; confirmSecret consumes a second input; forgetAfterUse zeroizes consumed private bytes and preserves the owned result. At most 32 total options. SymbolId/DocRecord reconciliation stays in F01.
g170-scan:replay	ScanPlan.replay	builtin.ScanPlan	STDLIB	STABLE_1_0	N1-PUBLIC-f3430da48791727b211312c4	NORMATIVE_STABLE_PROFILE	Real contextual option AST children, lexical operands and native ScanPlan owners. Text UTF-8 <=4096 bytes; Int64; Bool true/false; Char one-byte profile; 1..32 choices; finite retries <=8; readonly relative replay file <=4096 bytes/path<=256; typed Option<Int>/Result<T,ScanError>; headless Console metadata and pointer-free native events. Public secret events hide input bytes/length/digest. No live backend claim. Multiline/paragraph/block/Markdown/code/JSON/raw modes use native G078/G080 owners with at most 256 lines; finite Console enum choices are not nominal enum reflection; multiSelect exposes the native unique 32-bit mask; confirmSecret consumes a second input; forgetAfterUse zeroizes consumed private bytes and preserves the owned result. At most 32 total options. SymbolId/DocRecord reconciliation stays in F01.
g170-scan:required	ScanPlan.required	builtin.ScanPlan	STDLIB	STABLE_1_0	N1-PUBLIC-d7837459f16a50943d90090f	NORMATIVE_STABLE_PROFILE	Real contextual option AST children, lexical operands and native ScanPlan owners. Text UTF-8 <=4096 bytes; Int64; Bool true/false; Char one-byte profile; 1..32 choices; finite retries <=8; readonly relative replay file <=4096 bytes/path<=256; typed Option<Int>/Result<T,ScanError>; headless Console metadata and pointer-free native events. Public secret events hide input bytes/length/digest. No live backend claim. Multiline/paragraph/block/Markdown/code/JSON/raw modes use native G078/G080 owners with at most 256 lines; finite Console enum choices are not nominal enum reflection; multiSelect exposes the native unique 32-bit mask; confirmSecret consumes a second input; forgetAfterUse zeroizes consumed private bytes and preserves the owned result. At most 32 total options. SymbolId/DocRecord reconciliation stays in F01.
g170-scan:result	ScanPlan.result	builtin.ScanPlan	STDLIB	STABLE_1_0	N1-PUBLIC-8b7c741c34b57e3a5aa98e58	NORMATIVE_STABLE_PROFILE	Real contextual option AST children, lexical operands and native ScanPlan owners. Text UTF-8 <=4096 bytes; Int64; Bool true/false; Char one-byte profile; 1..32 choices; finite retries <=8; readonly relative replay file <=4096 bytes/path<=256; typed Option<Int>/Result<T,ScanError>; headless Console metadata and pointer-free native events. Public secret events hide input bytes/length/digest. No live backend claim. Multiline/paragraph/block/Markdown/code/JSON/raw modes use native G078/G080 owners with at most 256 lines; finite Console enum choices are not nominal enum reflection; multiSelect exposes the native unique 32-bit mask; confirmSecret consumes a second input; forgetAfterUse zeroizes consumed private bytes and preserves the owned result. At most 32 total options. SymbolId/DocRecord reconciliation stays in F01.
g170-scan:retry	ScanPlan.retry	builtin.ScanPlan	STDLIB	STABLE_1_0	N1-PUBLIC-48a275d59fa0eb21dd269411	NORMATIVE_STABLE_PROFILE	Real contextual option AST children, lexical operands and native ScanPlan owners. Text UTF-8 <=4096 bytes; Int64; Bool true/false; Char one-byte profile; 1..32 choices; finite retries <=8; readonly relative replay file <=4096 bytes/path<=256; typed Option<Int>/Result<T,ScanError>; headless Console metadata and pointer-free native events. Public secret events hide input bytes/length/digest. No live backend claim. Multiline/paragraph/block/Markdown/code/JSON/raw modes use native G078/G080 owners with at most 256 lines; finite Console enum choices are not nominal enum reflection; multiSelect exposes the native unique 32-bit mask; confirmSecret consumes a second input; forgetAfterUse zeroizes consumed private bytes and preserves the owned result. At most 32 total options. SymbolId/DocRecord reconciliation stays in F01.
g170-scan:scan	ScanPlan.scan	builtin.ScanPlan	STDLIB	STABLE_1_0	N1-PUBLIC-3feee0daa1b011f41ff0457c	NORMATIVE_STABLE_PROFILE	Real contextual option AST children, lexical operands and native ScanPlan owners. Text UTF-8 <=4096 bytes; Int64; Bool true/false; Char one-byte profile; 1..32 choices; finite retries <=8; readonly relative replay file <=4096 bytes/path<=256; typed Option<Int>/Result<T,ScanError>; headless Console metadata and pointer-free native events. Public secret events hide input bytes/length/digest. No live backend claim. Multiline/paragraph/block/Markdown/code/JSON/raw modes use native G078/G080 owners with at most 256 lines; finite Console enum choices are not nominal enum reflection; multiSelect exposes the native unique 32-bit mask; confirmSecret consumes a second input; forgetAfterUse zeroizes consumed private bytes and preserves the owned result. At most 32 total options. SymbolId/DocRecord reconciliation stays in F01.
g170-scan:secret	ScanPlan.secret	builtin.ScanPlan	STDLIB	STABLE_1_0	N1-PUBLIC-f2ef32623c1bdd59d4cc6b6b	NORMATIVE_STABLE_PROFILE	Real contextual option AST children, lexical operands and native ScanPlan owners. Text UTF-8 <=4096 bytes; Int64; Bool true/false; Char one-byte profile; 1..32 choices; finite retries <=8; readonly relative replay file <=4096 bytes/path<=256; typed Option<Int>/Result<T,ScanError>; headless Console metadata and pointer-free native events. Public secret events hide input bytes/length/digest. No live backend claim. Multiline/paragraph/block/Markdown/code/JSON/raw modes use native G078/G080 owners with at most 256 lines; finite Console enum choices are not nominal enum reflection; multiSelect exposes the native unique 32-bit mask; confirmSecret consumes a second input; forgetAfterUse zeroizes consumed private bytes and preserves the owned result. At most 32 total options. SymbolId/DocRecord reconciliation stays in F01.
g170-scan:select	ScanPlan.select	builtin.ScanPlan	STDLIB	STABLE_1_0	N1-PUBLIC-07dac9fd8a9c2ed823fda59c	NORMATIVE_STABLE_PROFILE	Real contextual option AST children, lexical operands and native ScanPlan owners. Text UTF-8 <=4096 bytes; Int64; Bool true/false; Char one-byte profile; 1..32 choices; finite retries <=8; readonly relative replay file <=4096 bytes/path<=256; typed Option<Int>/Result<T,ScanError>; headless Console metadata and pointer-free native events. Public secret events hide input bytes/length/digest. No live backend claim. Multiline/paragraph/block/Markdown/code/JSON/raw modes use native G078/G080 owners with at most 256 lines; finite Console enum choices are not nominal enum reflection; multiSelect exposes the native unique 32-bit mask; confirmSecret consumes a second input; forgetAfterUse zeroizes consumed private bytes and preserves the owned result. At most 32 total options. SymbolId/DocRecord reconciliation stays in F01.
g170-scan:sensitive	ScanPlan.sensitive	builtin.ScanPlan	STDLIB	STABLE_1_0	N1-PUBLIC-a6a26f6da1ae56f703191257	NORMATIVE_STABLE_PROFILE	Real contextual option AST children, lexical operands and native ScanPlan owners. Text UTF-8 <=4096 bytes; Int64; Bool true/false; Char one-byte profile; 1..32 choices; finite retries <=8; readonly relative replay file <=4096 bytes/path<=256; typed Option<Int>/Result<T,ScanError>; headless Console metadata and pointer-free native events. Public secret events hide input bytes/length/digest. No live backend claim. Multiline/paragraph/block/Markdown/code/JSON/raw modes use native G078/G080 owners with at most 256 lines; finite Console enum choices are not nominal enum reflection; multiSelect exposes the native unique 32-bit mask; confirmSecret consumes a second input; forgetAfterUse zeroizes consumed private bytes and preserves the owned result. At most 32 total options. SymbolId/DocRecord reconciliation stays in F01.
g170-scan:style	ScanPlan.style	builtin.ScanPlan	STDLIB	STABLE_1_0	N1-PUBLIC-d528208992d9ee835bf600b2	NORMATIVE_STABLE_PROFILE	Real contextual option AST children, lexical operands and native ScanPlan owners. Text UTF-8 <=4096 bytes; Int64; Bool true/false; Char one-byte profile; 1..32 choices; finite retries <=8; readonly relative replay file <=4096 bytes/path<=256; typed Option<Int>/Result<T,ScanError>; headless Console metadata and pointer-free native events. Public secret events hide input bytes/length/digest. No live backend claim. Multiline/paragraph/block/Markdown/code/JSON/raw modes use native G078/G080 owners with at most 256 lines; finite Console enum choices are not nominal enum reflection; multiSelect exposes the native unique 32-bit mask; confirmSecret consumes a second input; forgetAfterUse zeroizes consumed private bytes and preserves the owned result. At most 32 total options. SymbolId/DocRecord reconciliation stays in F01.
g170-scan:text	ScanPlan.text	builtin.ScanPlan	STDLIB	STABLE_1_0	N1-PUBLIC-92a414058eb8de86aadcdb0c	NORMATIVE_STABLE_PROFILE	Real contextual option AST children, lexical operands and native ScanPlan owners. Text UTF-8 <=4096 bytes; Int64; Bool true/false; Char one-byte profile; 1..32 choices; finite retries <=8; readonly relative replay file <=4096 bytes/path<=256; typed Option<Int>/Result<T,ScanError>; headless Console metadata and pointer-free native events. Public secret events hide input bytes/length/digest. No live backend claim. Multiline/paragraph/block/Markdown/code/JSON/raw modes use native G078/G080 owners with at most 256 lines; finite Console enum choices are not nominal enum reflection; multiSelect exposes the native unique 32-bit mask; confirmSecret consumes a second input; forgetAfterUse zeroizes consumed private bytes and preserves the owned result. At most 32 total options. SymbolId/DocRecord reconciliation stays in F01.
g170-scan:trim	ScanPlan.trim	builtin.ScanPlan	STDLIB	STABLE_1_0	N1-PUBLIC-f11ee74df293ec330cbcfe51	NORMATIVE_STABLE_PROFILE	Real contextual option AST children, lexical operands and native ScanPlan owners. Text UTF-8 <=4096 bytes; Int64; Bool true/false; Char one-byte profile; 1..32 choices; finite retries <=8; readonly relative replay file <=4096 bytes/path<=256; typed Option<Int>/Result<T,ScanError>; headless Console metadata and pointer-free native events. Public secret events hide input bytes/length/digest. No live backend claim. Multiline/paragraph/block/Markdown/code/JSON/raw modes use native G078/G080 owners with at most 256 lines; finite Console enum choices are not nominal enum reflection; multiSelect exposes the native unique 32-bit mask; confirmSecret consumes a second input; forgetAfterUse zeroizes consumed private bytes and preserves the owned result. At most 32 total options. SymbolId/DocRecord reconciliation stays in F01.
g170-scan:until	ScanPlan.until	builtin.ScanPlan	STDLIB	STABLE_1_0	N1-PUBLIC-f78507e58cfa3370ce7595e7	NORMATIVE_STABLE_PROFILE	Real contextual option AST children, lexical operands and native ScanPlan owners. Text UTF-8 <=4096 bytes; Int64; Bool true/false; Char one-byte profile; 1..32 choices; finite retries <=8; readonly relative replay file <=4096 bytes/path<=256; typed Option<Int>/Result<T,ScanError>; headless Console metadata and pointer-free native events. Public secret events hide input bytes/length/digest. No live backend claim. Multiline/paragraph/block/Markdown/code/JSON/raw modes use native G078/G080 owners with at most 256 lines; finite Console enum choices are not nominal enum reflection; multiSelect exposes the native unique 32-bit mask; confirmSecret consumes a second input; forgetAfterUse zeroizes consumed private bytes and preserves the owned result. At most 32 total options. SymbolId/DocRecord reconciliation stays in F01.
g170-scan:untrusted	ScanPlan.untrusted	builtin.ScanPlan	STDLIB	STABLE_1_0	N1-PUBLIC-1a512e62b3ee18ff2f65167a	NORMATIVE_STABLE_PROFILE	Real contextual option AST children, lexical operands and native ScanPlan owners. Text UTF-8 <=4096 bytes; Int64; Bool true/false; Char one-byte profile; 1..32 choices; finite retries <=8; readonly relative replay file <=4096 bytes/path<=256; typed Option<Int>/Result<T,ScanError>; headless Console metadata and pointer-free native events. Public secret events hide input bytes/length/digest. No live backend claim. Multiline/paragraph/block/Markdown/code/JSON/raw modes use native G078/G080 owners with at most 256 lines; finite Console enum choices are not nominal enum reflection; multiSelect exposes the native unique 32-bit mask; confirmSecret consumes a second input; forgetAfterUse zeroizes consumed private bytes and preserves the owned result. At most 32 total options. SymbolId/DocRecord reconciliation stays in F01.
g170-scan:upper	ScanPlan.upper	builtin.ScanPlan	STDLIB	STABLE_1_0	N1-PUBLIC-f0681f4bdffe68b3c40c0069	NORMATIVE_STABLE_PROFILE	Real contextual option AST children, lexical operands and native ScanPlan owners. Text UTF-8 <=4096 bytes; Int64; Bool true/false; Char one-byte profile; 1..32 choices; finite retries <=8; readonly relative replay file <=4096 bytes/path<=256; typed Option<Int>/Result<T,ScanError>; headless Console metadata and pointer-free native events. Public secret events hide input bytes/length/digest. No live backend claim. Multiline/paragraph/block/Markdown/code/JSON/raw modes use native G078/G080 owners with at most 256 lines; finite Console enum choices are not nominal enum reflection; multiSelect exposes the native unique 32-bit mask; confirmSecret consumes a second input; forgetAfterUse zeroizes consumed private bytes and preserves the owned result. At most 32 total options. SymbolId/DocRecord reconciliation stays in F01.
g170-scan:view	ScanPlan.view	builtin.ScanPlan	STDLIB	STABLE_1_0	N1-PUBLIC-e29018ff5393bb2bc83b965c	NORMATIVE_STABLE_PROFILE	Real contextual option AST children, lexical operands and native ScanPlan owners. Text UTF-8 <=4096 bytes; Int64; Bool true/false; Char one-byte profile; 1..32 choices; finite retries <=8; readonly relative replay file <=4096 bytes/path<=256; typed Option<Int>/Result<T,ScanError>; headless Console metadata and pointer-free native events. Public secret events hide input bytes/length/digest. No live backend claim. Multiline/paragraph/block/Markdown/code/JSON/raw modes use native G078/G080 owners with at most 256 lines; finite Console enum choices are not nominal enum reflection; multiSelect exposes the native unique 32-bit mask; confirmSecret consumes a second input; forgetAfterUse zeroizes consumed private bytes and preserves the owned result. At most 32 total options. SymbolId/DocRecord reconciliation stays in F01.
g170-scan:yesNo	ScanPlan.yesNo	builtin.ScanPlan	STDLIB	STABLE_1_0	N1-PUBLIC-6c95ad57ed04726111deb244	NORMATIVE_STABLE_PROFILE	Real contextual option AST children, lexical operands and native ScanPlan owners. Text UTF-8 <=4096 bytes; Int64; Bool true/false; Char one-byte profile; 1..32 choices; finite retries <=8; readonly relative replay file <=4096 bytes/path<=256; typed Option<Int>/Result<T,ScanError>; headless Console metadata and pointer-free native events. Public secret events hide input bytes/length/digest. No live backend claim. Multiline/paragraph/block/Markdown/code/JSON/raw modes use native G078/G080 owners with at most 256 lines; finite Console enum choices are not nominal enum reflection; multiSelect exposes the native unique 32-bit mask; confirmSecret consumes a second input; forgetAfterUse zeroizes consumed private bytes and preserves the owned result. At most 32 total options. SymbolId/DocRecord reconciliation stays in F01.
sdk:compiler:CheckedModule	CheckedModule	sdk.compiler	INTERNAL_TOOLING	EXCLUDED_1_0	N1-conformance-and-consumption	PRESERVED_NON_STABLE_BOUNDARY	CheckedModule
sdk:compiler:Compiler	Compiler	sdk.compiler	INTERNAL_TOOLING	EXCLUDED_1_0	N1-conformance-and-consumption	PRESERVED_NON_STABLE_BOUNDARY	Compiler
sdk:compiler:Compiler.ABI	ABI	sdk.compiler	INTERNAL_TOOLING	EXCLUDED_1_0	N1-conformance-and-consumption	PRESERVED_NON_STABLE_BOUNDARY	'nebo-internal-v1'
sdk:compiler:Compiler.FEATURES	FEATURES	sdk.compiler	INTERNAL_TOOLING	EXCLUDED_1_0	N1-conformance-and-consumption	PRESERVED_NON_STABLE_BOUNDARY	'baseline'
sdk:compiler:Compiler.MAX_SOURCES	MAX_SOURCES	sdk.compiler	INTERNAL_TOOLING	EXCLUDED_1_0	N1-conformance-and-consumption	PRESERVED_NON_STABLE_BOUNDARY	256
sdk:compiler:Compiler.MAX_SOURCE_BYTES	MAX_SOURCE_BYTES	sdk.compiler	INTERNAL_TOOLING	EXCLUDED_1_0	N1-conformance-and-consumption	PRESERVED_NON_STABLE_BOUNDARY	1048576
sdk:compiler:Compiler.RUNTIME	RUNTIME	sdk.compiler	INTERNAL_TOOLING	EXCLUDED_1_0	N1-conformance-and-consumption	PRESERVED_NON_STABLE_BOUNDARY	'runtime-v1'
sdk:compiler:Compiler.TARGET	TARGET	sdk.compiler	INTERNAL_TOOLING	EXCLUDED_1_0	N1-conformance-and-consumption	PRESERVED_NON_STABLE_BOUNDARY	'x86_64-systemv-elf-linux'
sdk:compiler:Compiler.__enter__	__enter__	sdk.compiler	INTERNAL_TOOLING	EXCLUDED_1_0	N1-conformance-and-consumption	PRESERVED_NON_STABLE_BOUNDARY	self -> 'Compiler'
sdk:compiler:Compiler.__exit__	__exit__	sdk.compiler	INTERNAL_TOOLING	EXCLUDED_1_0	N1-conformance-and-consumption	PRESERVED_NON_STABLE_BOUNDARY	self, *_: object -> None
sdk:compiler:Compiler.__init__	__init__	sdk.compiler	INTERNAL_TOOLING	EXCLUDED_1_0	N1-conformance-and-consumption	PRESERVED_NON_STABLE_BOUNDARY	self, neboc: Path, *, target: str=TARGET -> DYNAMIC_PYTHON_RESULT
sdk:compiler:Compiler.addSource	addSource	sdk.compiler	INTERNAL_TOOLING	EXCLUDED_1_0	N1-conformance-and-consumption	PRESERVED_NON_STABLE_BOUNDARY	add_source
sdk:compiler:Compiler.add_source	add_source	sdk.compiler	INTERNAL_TOOLING	EXCLUDED_1_0	N1-conformance-and-consumption	PRESERVED_NON_STABLE_BOUNDARY	self, path: str, text: str -> Module
sdk:compiler:Compiler.cancel	cancel	sdk.compiler	INTERNAL_TOOLING	EXCLUDED_1_0	N1-conformance-and-consumption	PRESERVED_NON_STABLE_BOUNDARY	self -> None
sdk:compiler:Compiler.check	check	sdk.compiler	INTERNAL_TOOLING	EXCLUDED_1_0	N1-conformance-and-consumption	PRESERVED_NON_STABLE_BOUNDARY	self, module: Module -> CheckedModule
sdk:compiler:Compiler.close	close	sdk.compiler	INTERNAL_TOOLING	EXCLUDED_1_0	N1-conformance-and-consumption	PRESERVED_NON_STABLE_BOUNDARY	self -> None
sdk:compiler:Compiler.emitAssembly	emitAssembly	sdk.compiler	INTERNAL_TOOLING	EXCLUDED_1_0	N1-conformance-and-consumption	PRESERVED_NON_STABLE_BOUNDARY	emit_assembly
sdk:compiler:Compiler.emitObject	emitObject	sdk.compiler	INTERNAL_TOOLING	EXCLUDED_1_0	N1-conformance-and-consumption	PRESERVED_NON_STABLE_BOUNDARY	emit_object
sdk:compiler:Compiler.emit_assembly	emit_assembly	sdk.compiler	INTERNAL_TOOLING	EXCLUDED_1_0	N1-conformance-and-consumption	PRESERVED_NON_STABLE_BOUNDARY	self, module: Module, target: str=TARGET -> bytes
sdk:compiler:Compiler.emit_object	emit_object	sdk.compiler	INTERNAL_TOOLING	EXCLUDED_1_0	N1-conformance-and-consumption	PRESERVED_NON_STABLE_BOUNDARY	self, module: Module, target: str=TARGET -> bytes
sdk:compiler:Compiler.link	link	sdk.compiler	INTERNAL_TOOLING	EXCLUDED_1_0	N1-conformance-and-consumption	PRESERVED_NON_STABLE_BOUNDARY	self, objects: list[bytes], options: dict[str, object] | None=None -> bytes
sdk:compiler:Compiler.lower	lower	sdk.compiler	INTERNAL_TOOLING	EXCLUDED_1_0	N1-conformance-and-consumption	PRESERVED_NON_STABLE_BOUNDARY	self, module: Module -> LoweredModule
sdk:compiler:Compiler.new	new	sdk.compiler	INTERNAL_TOOLING	EXCLUDED_1_0	N1-conformance-and-consumption	PRESERVED_NON_STABLE_BOUNDARY	cls, options: dict[str, object], capabilities: frozenset[str] -> 'Compiler'
sdk:compiler:Compiler.optimizeWith	optimizeWith	sdk.compiler	INTERNAL_TOOLING	EXCLUDED_1_0	N1-conformance-and-consumption	PRESERVED_NON_STABLE_BOUNDARY	optimize_with
sdk:compiler:Compiler.optimize_with	optimize_with	sdk.compiler	INTERNAL_TOOLING	EXCLUDED_1_0	N1-conformance-and-consumption	PRESERVED_NON_STABLE_BOUNDARY	self, profile: object -> object
sdk:compiler:Compiler.parse	parse	sdk.compiler	INTERNAL_TOOLING	EXCLUDED_1_0	N1-conformance-and-consumption	PRESERVED_NON_STABLE_BOUNDARY	self, module: Module -> ParsedModule
sdk:compiler:Compiler.report	report	sdk.compiler	INTERNAL_TOOLING	EXCLUDED_1_0	N1-conformance-and-consumption	PRESERVED_NON_STABLE_BOUNDARY	self -> str
sdk:compiler:Compiler.selfCheck	selfCheck	sdk.compiler	INTERNAL_TOOLING	EXCLUDED_1_0	N1-conformance-and-consumption	PRESERVED_NON_STABLE_BOUNDARY	self_check
sdk:compiler:Compiler.self_check	self_check	sdk.compiler	INTERNAL_TOOLING	EXCLUDED_1_0	N1-conformance-and-consumption	PRESERVED_NON_STABLE_BOUNDARY	self, source_tree: Path -> tuple[str, ...]
sdk:compiler:CompilerApiError	CompilerApiError	sdk.compiler	INTERNAL_TOOLING	EXCLUDED_1_0	N1-conformance-and-consumption	PRESERVED_NON_STABLE_BOUNDARY	CompilerApiError
sdk:compiler:CompilerApiError.__init__	__init__	sdk.compiler	INTERNAL_TOOLING	EXCLUDED_1_0	N1-conformance-and-consumption	PRESERVED_NON_STABLE_BOUNDARY	self, diagnostic: str, message: str -> DYNAMIC_PYTHON_RESULT
sdk:compiler:LoweredModule	LoweredModule	sdk.compiler	INTERNAL_TOOLING	EXCLUDED_1_0	N1-conformance-and-consumption	PRESERVED_NON_STABLE_BOUNDARY	LoweredModule
sdk:compiler:Module	Module	sdk.compiler	INTERNAL_TOOLING	EXCLUDED_1_0	N1-conformance-and-consumption	PRESERVED_NON_STABLE_BOUNDARY	Module
sdk:compiler:ParsedModule	ParsedModule	sdk.compiler	INTERNAL_TOOLING	EXCLUDED_1_0	N1-conformance-and-consumption	PRESERVED_NON_STABLE_BOUNDARY	ParsedModule
